<?xml version="1.0" encoding="UTF-8"?>
<!DOCTYPE X3D PUBLIC "ISO//Web3D//DTD X3D 3.0//EN" "http://www.web3d.org/specifications/x3d-3.0.dtd">
<X3D version="3.0" profile="Immersive" xmlns:xsd="http://www.w3.org/2001/XMLSchema-instance" xsd:noNamespaceSchemaLocation="http://www.web3d.org/specifications/x3d-3.0.xsd">
	<head>
		<meta name="filename" content="BarramundiFish.x3d" />
		<meta name="generator" content="Blender 4.0.2" />
	</head>
	<Scene>
		<NavigationInfo headlight="true"
		                visibilityLimit="0.0"
		                type='"EXAMINE", "ANY"'
		                avatarSize="0.25, 1.75, 0.75"
		                />
		<Transform DEF="BarramundiFish_TRANSFORM"
		           translation="0.000000 0.000000 0.000000"
		           scale="1.000000 1.000000 1.000000"
		           rotation="0.000000 0.707107 0.707107 3.141593"
		           >
			<Transform DEF="BarramundiFish_ifs_TRANSFORM"
			           translation="0.000000 0.000000 0.000000"
			           scale="1.000000 1.000000 1.000000"
			           rotation="0.000000 1.000000 0.000000 0.000000"
			           >
				<Group DEF="group_ME_barramundi_fish_Hero">
					<Shape>
						<Appearance>
							<Material DEF="MA_7288_barramundi_fish_col"
							          diffuseColor="1 1 1"
							          specularColor="0.401 0.401 0.401"
							          emissiveColor="0.000 0.000 0.000"
							          ambientIntensity="0.000"
							          shininess="0.500"
							          transparency="0.0"
							          />
						<ImageTexture url='"assets/BarramundiFish-basecolor.png"'/></Appearance>
						<IndexedTriangleSet solid="true"
						                    normalPerVertex="true"
						                    index="0 1 2 3 2 1 2 3 4 5 4 3 1 0 6 7 6 0 6 7 8 8 9 6 8 10 9 10 11 9 10 12 11 12 13 11 14 11 13 11 14 9 13 15 14 14 15 16 17 16 15 16 17 18 19 18 17 18 19 20 20 21 18 22 21 20 23 22 20 22 23 24 25 24 23 26 24 25 27 24 26 20 19 28 17 28 19 28 29 20 30 29 28 31 23 20 20 29 31 32 25 23 23 31 32 26 25 32 27 26 33 33 34 27 34 33 35 35 36 34 36 35 37 37 38 36 39 38 37 40 39 37 41 39 40 42 41 40 43 41 42 42 44 43 45 43 44 43 45 46 46 47 43 41 43 47 47 39 41 39 47 38 47 46 48 47 48 38 38 48 36 49 48 46 49 50 48 48 50 36 51 50 49 52 51 49 52 49 53 53 54 52 55 54 53 56 55 53 55 56 57 57 58 55 58 57 59 60 59 57 59 60 61 61 60 62 62 63 61 62 60 64 57 64 60 64 57 56 64 65 62 66 63 62 62 67 66 67 62 65 68 67 65 61 69 59 70 59 69 59 70 58 69 71 70 66 72 63 73 63 72 63 73 61 73 74 61 69 61 74 74 75 69 71 69 75 75 76 71 64 77 65 56 77 64 78 77 56 56 53 78 78 53 49 49 46 78 45 78 46 79 78 45 79 80 78 77 78 80 80 65 77 79 45 81 44 81 45 81 82 79 80 79 82 82 68 80 68 65 80 76 75 6 6 9 76 9 14 76 71 76 14 14 16 71 70 71 16 16 18 70 70 18 21 21 58 70 58 21 55 22 55 21 55 22 54 24 54 22 54 24 27 27 52 54 52 27 34 34 51 52 50 51 34 34 36 50 83 84 85 85 86 83 83 86 87 88 87 86 87 88 89 90 89 88 89 90 91 92 91 90 91 92 93 94 93 92 93 94 95 96 95 94 95 96 97 98 97 96 97 98 99 100 99 98 99 100 101 102 101 100 99 101 103 103 104 99 103 105 104 103 106 105 106 103 107 107 108 106 108 107 109 109 110 108 110 109 111 111 112 110 112 111 113 113 114 112 115 101 102 103 101 115 107 103 115 116 115 102 117 116 102 117 102 118 117 118 119 120 119 118 119 120 121 121 122 119 122 121 123 123 124 122 124 123 125 125 126 124 126 125 127 127 128 126 129 121 120 120 130 129 130 131 129 129 131 132 129 132 133 133 134 129 134 123 121 121 129 134 134 133 135 135 136 134 123 134 136 136 125 123 136 135 137 137 138 136 125 136 138 138 127 125 131 139 132 132 139 140 133 132 140 140 139 141 141 142 140 143 140 142 140 143 133 142 144 143 145 143 144 133 143 145 145 135 133 144 146 145 145 146 147 147 148 145 135 145 148 148 137 135 141 149 142 142 149 150 144 142 150 151 150 149 149 152 151 151 152 153 152 154 153 151 153 155 156 151 155 151 156 157 157 150 151 150 157 144 144 157 146 158 156 155 155 159 158 156 158 160 160 157 156 146 157 160 160 158 161 161 158 159 162 160 161 159 163 161 146 160 162 162 147 146 154 152 164 165 164 152 152 149 165 149 166 165 141 166 149 167 166 141 141 139 167 139 168 167 131 168 139 169 168 131 131 130 169 130 170 169 120 170 130 118 170 120 86 164 165 171 164 86 86 85 171 166 167 92 92 90 166 166 90 88 165 88 86 88 165 166 168 169 96 96 94 168 94 92 167 167 168 94 170 118 100 100 98 170 96 169 98 170 98 169 171 85 5 4 5 85 85 84 4 72 5 3 3 73 72 74 73 3 3 1 74 75 74 1 1 6 75 171 5 72 171 72 66 66 154 171 164 171 154 154 66 67 67 153 154 153 67 68 155 153 68 155 68 159 159 68 82 159 82 163 163 82 81 163 81 172 163 172 173 173 161 163 161 173 174 174 162 161 162 174 175 175 147 162 147 175 176 176 148 147 148 176 177 177 137 148 138 137 177 177 178 138 127 138 178 178 179 127 128 127 179 179 180 128 181 128 180 128 181 182 182 126 128 126 182 183 183 124 126 124 183 184 184 122 124 184 185 122 185 119 122 185 117 119 186 185 184 184 187 186 187 184 183 183 188 187 188 183 182 180 189 181 190 185 186 186 191 190 185 190 192 192 117 185 192 116 117 190 191 193 193 194 190 194 116 192 192 190 194 194 193 195 195 196 194 116 194 196 196 115 116 196 197 115 115 197 198 198 107 115 198 109 107 199 109 198 199 198 200 199 200 201 200 202 201 203 201 202 201 203 204 204 205 201 205 204 206 207 205 206 208 202 200 200 209 208 198 209 200 209 198 197 210 208 209 210 209 197 208 210 211 211 210 212 212 213 211 213 212 214 214 215 213 215 214 216 216 217 215 217 216 218 218 219 217 219 218 220 221 220 218 113 207 206 207 113 111 111 222 207 205 207 222 222 201 205 201 222 199 199 222 111 111 109 199 223 216 214 216 223 224 224 218 216 224 223 225 224 225 226 226 227 224 228 227 226 227 228 229 229 230 227 230 229 231 232 231 229 231 232 233 233 234 231 226 235 228 235 226 236 237 236 226 236 237 238 239 238 237 238 239 240 240 241 238 241 240 242 242 243 241 243 242 244 244 245 243 244 246 245 247 245 246 247 246 248 246 249 248 244 242 249 242 240 249 244 249 246 248 249 250 250 239 237 250 249 240 240 239 250 248 250 251 251 250 252 252 250 237 251 252 253 254 253 252 253 254 255 256 255 254 254 257 256 258 256 257 257 259 258 226 254 252 237 226 252 226 225 254 257 254 225 260 257 225 257 260 259 259 260 261 261 262 259 258 259 262 262 261 263 225 264 260 223 264 225 264 223 265 265 266 264 266 265 196 196 265 197 196 195 266 266 195 267 267 260 264 264 266 267 210 197 265 212 210 265 265 214 212 214 265 223 267 195 268 268 269 267 269 268 270 270 268 271 271 272 270 272 271 273 273 274 272 274 273 275 275 276 274 276 275 277 277 278 276 278 277 279 279 280 278 280 279 281 282 281 279 279 188 282 188 279 277 281 282 283 283 284 281 281 285 280 285 281 284 284 286 285 284 283 287 287 288 284 286 284 288 288 289 286 288 287 290 290 291 288 289 288 291 291 292 289 291 290 293 293 294 291 292 291 294 294 293 295 295 296 294 297 294 296 294 297 292 296 298 297 299 296 295 298 296 299 295 300 299 299 301 298 301 299 302 302 299 300 302 303 301 303 302 304 304 305 303 304 306 305 306 304 307 308 292 297 297 309 308 309 297 298 310 308 309 308 310 311 312 311 310 311 312 313 313 314 311 314 313 315 315 316 314 316 315 317 317 318 316 318 317 319 319 320 318 320 319 321 321 322 320 323 321 319 319 324 323 324 319 317 317 325 324 325 317 315 315 326 325 326 315 313 313 327 326 327 313 312 312 328 327 322 321 329 329 330 322 331 329 321 321 323 331 330 329 332 332 333 330 334 333 332 332 335 334 336 335 332 332 337 336 337 332 329 331 337 329 328 312 338 310 338 312 338 339 328 338 310 340 340 341 338 339 338 341 341 340 342 342 343 341 344 341 343 341 344 339 343 345 344 346 343 342 347 343 346 348 345 343 343 347 348 347 346 349 349 350 347 348 347 350 350 351 348 350 349 352 353 350 352 350 353 351 354 348 351 354 355 348 345 348 355 356 355 354 356 357 355 356 358 357 359 357 358 358 360 359 355 361 345 361 355 357 357 362 361 362 363 361 361 363 344 361 344 345 344 363 364 364 339 344 339 364 365 365 328 339 328 365 366 366 327 328 327 366 367 367 326 327 326 367 368 368 325 326 325 368 369 369 324 325 324 369 370 370 323 324 323 370 371 371 331 323 331 371 372 372 337 331 336 337 372 336 372 373 373 374 336 374 375 336 336 375 376 377 376 375 376 377 378 378 379 376 375 380 377 379 378 381 382 381 378 383 381 382 384 383 382 383 384 385 385 386 383 386 385 387 388 387 385 387 388 389 389 390 387 390 389 391 391 392 390 392 391 393 393 394 392 394 393 395 390 392 395 392 394 395 395 393 396 397 395 396 390 395 397 396 398 397 397 398 399 400 399 398 399 400 401 402 401 400 401 402 403 404 403 402 403 404 405 406 405 404 405 406 407 408 407 406 407 408 409 410 407 409 405 407 410 410 409 263 403 405 263 410 263 405 411 263 409 412 397 399 399 413 412 413 399 401 412 413 414 414 415 412 415 414 416 387 412 415 415 417 387 417 415 416 386 387 417 417 334 386 334 417 333 416 333 417 386 334 383 334 381 383 335 381 334 381 335 379 376 379 335 336 376 335 333 416 418 418 330 333 418 419 330 322 330 419 322 419 420 420 320 322 320 420 421 421 318 320 318 421 422 422 316 318 316 422 423 423 314 316 314 423 424 424 311 314 311 424 308 276 419 418 418 274 276 274 418 416 416 272 274 416 414 272 425 272 414 426 425 414 414 413 426 286 423 422 423 286 289 289 424 423 424 289 292 292 308 424 425 426 427 427 270 425 425 270 272 270 427 269 401 426 413 426 401 403 403 427 426 427 403 261 261 269 427 269 261 260 260 267 269 263 261 403 422 285 286 285 422 421 421 280 285 280 421 420 420 278 280 278 420 419 419 276 278 263 411 428 428 262 263 262 428 258 429 430 431 431 432 429 433 432 431 431 434 433 435 433 434 436 435 434 436 434 431 435 436 437 437 436 234 430 234 431 234 436 431 437 234 233 234 430 438 438 231 234 439 430 429 439 438 430 221 438 439 438 221 231 439 220 221 221 230 231 221 227 230 227 221 218 218 224 227 17 440 28 30 28 440 440 441 30 441 440 442 442 440 17 442 443 441 443 442 444 444 445 443 445 444 446 446 447 445 448 447 446 447 448 449 450 447 449 445 447 450 449 451 450 452 450 451 451 453 452 452 453 454 454 455 452 455 454 456 456 457 455 457 456 458 458 459 457 459 458 460 460 461 459 462 461 460 460 463 462 464 462 463 463 465 464 464 465 466 466 467 464 467 466 468 468 469 467 469 468 470 470 471 469 471 470 472 472 473 471 473 472 474 474 475 473 475 474 476 476 477 475 477 476 478 478 479 477 478 480 479 480 481 479 480 478 482 482 478 476 482 483 480 484 481 480 480 483 484 485 481 484 484 486 485 487 485 486 486 488 487 489 487 488 488 490 489 489 490 491 491 492 489 490 488 493 493 488 486 493 494 490 495 491 490 490 494 495 494 493 496 496 497 494 495 494 497 497 498 495 498 499 495 499 300 495 491 495 300 497 496 500 500 501 497 501 498 497 502 498 501 503 499 498 498 502 503 501 500 504 504 505 501 501 505 506 501 506 502 507 503 502 507 502 508 506 508 502 504 509 505 510 505 509 506 505 510 510 509 511 511 512 510 511 513 512 514 512 513 513 515 514 516 513 511 515 513 516 511 517 516 517 511 509 517 518 516 518 519 516 516 519 520 520 521 516 516 521 515 509 522 517 522 509 504 504 523 522 523 504 500 500 524 523 524 500 496 496 525 524 526 525 496 483 525 526 526 484 483 526 486 484 486 526 493 496 493 526 525 483 527 524 525 527 483 482 527 527 482 528 476 528 482 528 529 527 530 527 529 527 530 524 523 524 530 529 531 530 476 474 528 528 474 532 528 532 529 529 532 533 529 533 531 534 531 533 474 472 532 532 472 535 532 535 533 533 535 536 533 536 534 537 534 536 472 470 535 535 470 538 535 538 536 536 538 539 536 539 537 470 468 538 538 468 540 538 540 539 541 539 540 468 466 540 540 466 542 540 542 541 466 465 542 543 531 534 531 543 544 544 530 531 530 544 523 545 523 544 523 545 546 546 522 523 522 546 547 547 548 522 522 548 517 518 517 548 549 518 548 548 547 549 518 549 550 550 519 518 520 519 550 551 520 550 552 520 551 520 552 521 552 553 521 554 553 552 552 555 554 551 555 552 556 553 554 556 557 553 553 557 521 558 557 556 557 558 521 556 559 558 560 558 559 558 560 561 521 558 561 562 561 560 562 563 561 564 563 562 562 565 564 566 564 565 566 567 564 568 567 566 566 569 568 506 568 569 569 570 506 512 567 568 568 510 512 510 568 506 563 564 514 567 512 514 514 564 567 563 514 515 515 561 563 561 515 521 506 570 508 102 100 118 172 81 44 571 172 44 172 571 572 572 173 172 173 572 573 573 174 173 174 573 574 574 175 174 175 574 575 575 176 175 176 575 576 576 177 176 576 178 177 577 178 576 179 178 577 577 578 179 578 180 179 579 180 578 189 180 579 579 580 189 574 573 477 477 573 475 573 572 475 475 572 473 572 571 473 473 571 471 571 581 471 44 581 571 581 44 42 42 582 581 582 42 40 40 583 582 583 40 584 40 37 584 584 37 35 35 585 584 585 35 33 585 33 586 33 26 586 587 586 26 26 32 587 588 587 32 31 588 32 589 588 31 29 589 31 589 29 590 30 590 29 591 590 30 441 591 30 591 441 443 590 591 450 452 590 450 589 590 452 455 589 452 589 455 457 457 588 589 457 459 588 459 587 588 459 461 587 591 443 445 450 591 445 461 586 587 585 586 461 462 585 461 584 585 462 464 584 462 583 584 464 467 583 464 582 583 467 469 582 467 581 582 469 471 581 469 305 592 593 594 593 592 593 595 305 595 593 349 595 349 346 346 596 595 346 342 596 596 342 597 597 342 340 340 309 597 309 340 310 352 349 593 352 593 594 298 597 309 597 298 301 301 596 597 596 301 303 303 595 596 305 595 303 305 306 592 594 598 352 352 598 599 352 599 353 600 353 599 600 601 353 601 602 353 602 601 603 603 604 602 605 602 604 604 606 605 607 606 604 604 608 607 608 604 603 609 607 608 608 610 609 611 609 610 610 612 611 613 611 612 612 614 613 615 613 614 614 616 615 617 615 616 616 618 617 619 617 618 618 620 619 621 619 620 620 622 621 623 621 622 622 624 623 625 623 624 624 626 625 625 626 627 625 627 628 628 627 629 628 629 630 630 629 631 631 632 630 632 631 633 633 634 632 633 635 634 636 634 635 636 635 637 637 638 636 639 638 637 639 640 638 640 639 641 642 640 641 643 642 641 641 644 643 643 644 645 645 646 643 647 645 644 644 648 647 648 644 649 641 649 644 649 650 648 640 642 651 651 652 640 640 652 638 652 651 653 651 654 653 654 643 646 654 651 642 642 643 654 654 655 653 653 655 359 656 359 655 357 359 656 656 362 357 656 657 362 362 657 363 363 657 658 658 364 363 364 658 659 659 365 364 365 659 660 660 366 365 366 660 661 661 367 366 367 661 662 662 368 367 368 662 663 663 369 368 369 663 664 664 370 369 370 664 665 665 371 370 666 371 665 666 665 667 373 666 667 372 666 373 372 371 666 667 665 668 669 664 663 663 670 669 670 663 662 662 671 670 671 662 661 661 672 671 672 661 660 660 673 672 673 660 659 659 674 673 674 659 658 658 675 674 675 658 657 657 676 675 656 676 657 670 677 669 677 670 671 672 678 671 678 672 673 671 678 677 673 679 678 674 679 673 679 674 675 675 680 679 656 680 676 676 680 675 655 680 656 681 678 679 679 682 681 679 680 683 683 682 679 684 680 655 684 683 680 655 654 684 685 677 678 678 681 685 677 685 686 677 686 687 687 686 688 689 688 686 677 687 690 690 687 691 692 691 687 687 688 692 691 692 693 694 693 692 694 692 688 695 693 694 694 696 695 688 689 697 697 694 688 698 697 689 699 697 698 700 697 699 694 697 700 700 696 694 701 699 698 698 702 701 701 702 703 703 704 701 704 703 705 703 706 705 705 706 707 708 707 706 706 709 708 709 706 703 703 702 709 709 702 698 707 708 710 710 711 707 712 705 707 707 711 712 712 713 705 714 713 712 714 715 713 716 712 711 714 712 716 716 717 714 711 710 718 718 719 711 716 711 719 719 718 720 720 721 719 722 721 720 723 719 721 719 723 716 717 716 723 721 724 723 724 721 722 722 725 724 726 723 724 723 726 717 724 727 726 727 724 725 725 728 727 645 728 725 647 728 645 646 725 722 645 725 646 729 717 726 717 729 730 731 730 729 730 731 732 733 732 731 731 734 733 732 735 730 736 731 729 734 731 736 736 737 734 738 733 734 734 739 738 738 739 740 738 740 741 742 740 739 739 743 742 734 737 743 743 739 734 744 741 740 740 745 744 746 744 745 745 747 746 747 745 748 740 742 748 748 745 740 748 749 747 750 746 747 747 751 750 751 747 749 752 750 751 752 753 750 752 751 754 749 754 751 754 755 752 752 755 756 753 752 756 757 742 743 743 758 757 759 757 758 758 760 759 761 759 760 760 762 761 760 758 763 763 764 760 762 760 764 765 764 763 763 766 765 767 764 765 764 767 762 765 768 767 769 765 766 766 770 769 765 769 771 771 768 765 757 759 772 772 773 757 773 772 774 775 774 772 775 772 776 774 777 773 776 772 759 776 759 761 777 774 778 778 774 775 778 779 777 780 779 778 778 781 780 781 778 782 775 782 778 782 783 781 784 780 781 781 785 784 785 781 783 783 786 785 773 777 749 749 777 779 749 748 773 773 748 742 742 757 773 779 754 749 755 754 779 780 755 779 756 780 784 756 755 780 786 783 787 787 788 786 788 787 789 790 789 787 790 791 789 791 790 792 787 793 790 789 794 788 794 789 795 791 795 789 792 796 791 795 791 797 790 793 798 798 799 790 799 792 790 799 798 800 800 801 799 802 799 801 792 799 802 796 792 802 802 801 803 804 802 803 802 804 796 803 805 804 806 804 805 805 807 806 801 800 808 808 809 801 803 801 809 810 809 808 811 809 810 803 809 811 805 803 811 811 810 812 808 813 810 811 812 814 814 815 811 811 815 805 807 805 815 816 815 814 816 807 815 814 817 816 810 813 818 818 819 810 820 819 818 819 820 821 821 822 819 810 819 822 822 812 810 818 823 820 824 820 823 821 820 824 823 825 824 821 824 826 827 821 826 822 821 827 827 826 828 827 828 829 829 830 827 827 830 831 831 832 827 827 832 822 817 832 831 812 822 832 832 814 812 817 814 832 825 823 768 767 768 823 823 818 767 813 767 818 813 762 767 808 762 813 808 761 762 800 761 808 800 776 761 775 776 800 800 798 775 782 775 798 798 793 782 783 782 793 793 787 783 768 771 825 647 825 771 771 728 647 728 771 769 769 727 728 769 770 727 727 770 726 726 770 729 736 729 770 770 766 736 737 736 766 766 763 737 737 763 758 758 743 737 825 647 648 648 824 825 648 650 824 826 824 650 650 833 826 834 833 650 650 649 834 833 834 835 836 833 835 828 826 833 833 836 828 829 828 836 834 649 641 639 834 641 834 639 837 837 835 834 837 639 637 637 838 837 838 637 635 635 839 838 839 635 633 633 840 839 841 840 633 631 841 633 841 631 842 631 629 842 842 629 627 627 843 842 843 627 626 626 844 843 844 626 624 624 845 844 845 624 622 622 846 845 846 622 847 622 620 847 847 620 848 620 618 848 848 618 849 616 849 618 849 616 850 616 614 850 850 614 851 612 851 614 851 612 852 610 852 612 853 852 610 610 608 853 853 608 603 854 855 856 857 856 855 854 856 858 858 859 854 860 854 859 861 860 859 858 856 862 856 857 862 862 863 858 863 864 858 865 858 864 865 864 866 867 866 864 864 868 867 868 864 863 869 867 868 869 868 870 871 869 870 870 872 871 871 872 873 873 874 871 874 873 875 875 876 874 877 876 875 875 878 877 879 877 878 878 880 879 879 881 877 881 882 877 876 877 882 883 882 881 881 884 883 882 885 876 883 885 882 883 886 885 887 874 876 876 885 887 885 886 887 886 888 887 874 887 889 888 889 887 889 871 874 890 889 888 871 889 891 889 892 891 892 889 890 890 893 892 894 879 880 880 895 894 896 894 895 896 895 897 898 896 897 898 899 896 900 899 898 901 900 898 901 898 902 897 902 898 902 903 901 904 901 903 903 905 904 906 904 905 905 907 906 908 906 907 907 909 908 909 907 910 910 911 909 912 911 910 910 913 912 914 913 910 910 915 914 915 910 907 907 905 915 916 914 915 915 917 916 905 903 917 917 915 905 918 916 917 917 919 918 920 912 913 913 921 920 921 913 914 922 920 921 921 923 922 923 921 924 914 924 921 924 925 923 925 924 926 914 916 926 926 924 914 926 927 925 927 926 928 916 918 928 928 926 916 928 929 927 922 923 930 930 923 925 930 931 922 931 930 932 932 933 931 934 933 932 933 934 935 932 930 936 925 936 930 936 925 927 936 937 932 932 938 934 932 937 938 938 937 939 939 940 938 941 939 937 937 936 941 927 941 936 941 927 929 942 939 941 940 939 942 941 943 942 929 943 941 942 944 940 945 931 933 922 931 945 945 946 922 920 922 946 946 947 920 948 920 947 948 912 920 912 948 949 949 911 912 950 911 949 950 909 911 909 950 951 951 908 909 951 952 908 952 953 908 906 908 953 953 954 906 906 954 904 954 955 904 904 955 901 955 900 901 954 953 956 956 957 954 954 957 955 957 958 955 955 958 900 958 959 900 900 959 899 959 960 899 899 960 961 899 961 896 960 962 961 956 953 963 963 964 956 965 963 953 953 952 965 952 966 965 966 952 967 967 968 966 968 967 969 969 967 970 969 970 971 971 970 972 972 973 971 974 969 971 969 974 968 971 975 974 974 975 976 976 977 974 973 972 978 978 979 973 980 979 978 978 981 980 982 980 981 981 983 982 982 983 984 985 984 983 986 984 985 985 987 986 986 987 988 989 988 987 988 989 990 991 990 989 991 989 992 987 992 989 992 993 991 992 935 993 992 933 935 945 933 992 987 945 992 985 945 987 985 946 945 983 946 985 983 947 946 947 983 981 981 948 947 948 981 978 978 949 948 950 949 978 978 972 950 950 972 970 970 951 950 970 967 951 967 952 951 935 994 995 995 994 996 996 994 997 997 998 996 999 996 998 998 1000 999 1001 1000 998 998 1002 1001 1002 998 997 997 1003 1002 999 1000 1004 1004 1005 999 1000 1001 1006 1006 1004 1000 1005 1004 1007 1007 1008 1005 1004 1006 1009 1009 1007 1004 996 999 1010 995 996 1010 1010 999 1011 1005 1011 999 1011 1005 1012 1005 1008 1012 1013 1012 1008 1009 1006 1014 1015 1014 1006 1006 1001 1015 1014 1015 1016 1014 1016 1017 1018 1017 1016 1016 1019 1018 1020 1018 1019 1021 1020 1019 1021 1019 1022 1022 1019 1023 1023 1024 1022 1025 1016 1015 1019 1025 1023 1016 1025 1019 1015 1026 1025 1015 1001 1026 1027 1024 1023 1023 1028 1027 1025 1028 1023 1029 1027 1028 1028 1030 1029 1025 1031 1028 1030 1028 1031 1032 1031 1025 1025 1026 1032 1002 1032 1026 1026 1001 1002 1031 1033 1030 1033 1031 1032 1032 1003 1033 1002 1003 1032 1027 1029 1034 1034 1035 1027 1024 1027 1035 1036 1035 1034 1036 1037 1035 1037 1036 1038 1038 1039 1037 1040 1039 1038 1038 1041 1040 1042 1040 1041 1041 1043 1042 1044 1042 1043 1043 1045 1044 1046 1044 1045 1045 1047 1046 1048 1046 1047 1046 1048 1049 1050 1049 1048 1049 1050 1051 1052 1051 1050 1050 1053 1052 1054 1052 1053 1052 1054 1055 1056 1055 1054 1055 1056 1057 1053 1050 1058 1054 1053 1058 1058 1050 1059 1059 1060 1058 1050 1048 1061 1061 1059 1050 1048 1047 1062 1062 1061 1048 1062 1047 1045 1051 1014 1049 1014 1051 1009 1051 1052 1007 1007 1009 1051 1007 1055 1008 1057 1008 1055 1055 1007 1052 1013 1008 1057 1063 1058 1060 1058 1063 1054 1060 1064 1063 1064 1065 1063 1063 1065 1054 1066 1065 1064 1067 1065 1066 1066 1068 1067 1069 1067 1068 1070 1069 1068 1071 1069 1070 1072 1071 1070 1072 1070 1073 1070 1068 1073 1073 1074 1072 1073 1075 1074 1075 1076 1074 1075 1077 1076 1078 1077 1075 1078 1079 1077 1080 1079 1078 1080 1081 1079 1081 1080 1082 1083 1081 1082 1082 1084 1083 1083 1084 1085 1085 1086 1083 1086 1085 1087 1087 1088 1086 1087 1089 1088 1087 1090 1089 1091 1089 1090 1090 1092 1091 1093 1091 1092 1092 1094 1093 1095 1093 1094 1094 1096 1095 1097 1095 1096 1096 1098 1097 1099 1097 1098 1098 1100 1099 1101 1099 1100 1100 1102 1101 1103 1101 1102 1102 1104 1103 1101 1103 1105 1099 1101 1105 1103 1106 1105 1104 1107 1103 1103 1107 1106 1107 1104 1108 1108 1109 1107 1108 880 1109 880 878 1109 1109 1110 1107 1110 1106 1107 875 1110 1109 1109 878 875 1105 1111 1099 1111 1105 1112 1112 1105 1106 1112 1113 1111 1106 1114 1112 1114 1106 1110 873 1114 1110 1110 875 873 1114 873 872 872 1115 1114 1112 1114 1115 1113 1112 1116 1115 1116 1112 1116 1117 1113 1118 1111 1113 1111 1118 1097 1097 1099 1111 1113 1119 1118 1119 1113 1117 1119 1117 1120 1095 1097 1118 1118 1121 1095 1121 1118 1119 1119 1122 1121 1122 1119 1120 1120 1123 1122 1093 1095 1121 1121 1124 1093 1124 1121 1122 1124 1122 1125 1125 1122 1123 1091 1093 1124 1124 1126 1091 1126 1124 1125 1125 1127 1126 1089 1091 1126 1089 1126 1128 1128 1126 1127 1088 1089 1128 1117 1129 1120 1130 1129 1117 1117 1116 1130 1131 1130 1116 1131 1132 1130 1133 1132 1131 1131 1134 1133 1134 1131 870 872 870 1131 1115 872 1131 1116 1115 1131 870 868 1134 863 1134 868 863 1135 1134 863 862 1135 1134 1135 1136 1136 1133 1134 1137 1136 1135 1135 862 1137 857 1137 862 574 477 479 479 575 574 576 575 479 479 481 576 481 577 576 485 577 481 578 577 485 485 487 578 579 578 487 487 489 579 579 489 492 492 580 579 290 580 492 580 290 287 287 189 580 189 287 283 283 181 189 181 283 282 282 182 181 182 282 188 492 293 290 295 293 492 491 295 492 300 295 491 277 187 188 187 277 275 275 186 187 186 275 273 273 191 186 191 273 271 271 193 191 193 271 268 268 195 193 499 302 300 302 499 503 503 304 302 307 304 503 503 507 307 380 375 1138 374 1138 375 1138 374 1139 1140 1139 374 1141 1139 1140 1140 1142 1141 1140 1143 1142 1142 1143 1144 1145 1142 1144 1141 1142 1146 1145 1146 1142 373 1143 1140 1140 374 373 667 1143 373 1143 667 1147 1143 1147 1144 1147 667 668 668 1148 1147 1149 1147 1148 1144 1147 1149 1145 1144 1149 1148 1150 1149 1151 1149 1150 1149 1151 1145 1150 1152 1151 1152 1153 1151 1154 1151 1153 1145 1151 1154 1154 1146 1145 1153 1152 1155 1155 1156 1153 1157 1156 1155 1158 1157 1155 1155 1159 1158 1159 1155 1152 1150 1159 1152 1157 1158 1160 1160 1161 1157 1162 1161 1160 1160 1163 1162 1163 1160 1158 1164 1158 1159 1158 1164 1163 1165 1164 1159 1165 1159 1150 1157 1166 1156 1166 1157 1167 1161 1167 1157 1167 1161 1168 1162 1168 1161 1164 1165 1169 1169 1170 1164 1170 1169 1171 1172 1171 1169 669 1171 1172 669 1172 664 1171 690 1170 669 690 1171 669 677 690 691 1170 690 1170 691 1173 1173 1164 1170 1163 1164 1173 693 1173 691 1173 693 695 695 1174 1173 695 1175 1174 1175 695 1176 695 696 1176 1176 696 1177 700 1177 696 1178 1177 700 700 699 1178 1178 699 1179 699 701 1179 1179 701 1180 701 704 1180 705 1180 704 1175 1181 1174 1162 1174 1181 1173 1174 1162 1162 1163 1173 1181 1168 1162 653 360 1182 653 359 360 653 1182 652 652 1182 1183 1183 638 652 636 638 1183 634 636 1183 1184 1183 1182 1182 360 1184 1185 1184 360 360 358 1185 358 1186 1185 1187 1186 358 358 356 1187 356 1188 1187 611 1187 1188 1188 609 611 607 609 1188 1188 1189 607 606 607 1189 605 606 1189 354 1189 1188 354 1188 356 605 1189 354 354 351 605 602 605 351 602 351 353 1187 613 1186 611 613 1187 615 1186 613 1186 615 617 1186 617 619 1186 619 621 1185 1186 621 621 623 1185 1185 623 625 625 628 1185 1184 1185 628 628 630 1184 1184 630 632 1183 1184 632 1183 632 634 1190 796 804 804 806 1190 796 1190 1191 791 796 1191 1191 797 791 735 715 714 714 730 735 730 714 717 206 114 113 397 412 390 390 412 387 698 689 709 689 708 709 686 708 689 708 686 685 685 710 708 710 685 681 681 718 710 718 681 682 682 720 718 720 682 683 683 722 720 722 683 684 684 646 722 646 684 654 1148 1165 1150 1169 1165 1148 1148 668 1169 668 1172 1169 665 1172 668 664 1172 665 1192 1193 1194 1194 1195 1192 1196 1195 1194 1196 1197 1195 1193 1192 1198 1193 1198 1199 1200 1199 1198 1198 1201 1200 1202 1200 1201 1201 1203 1202 1204 1202 1203 1204 1203 1205 1205 1203 1057 1057 1203 1201 1057 1056 1205 1201 1013 1057 1013 1201 1198 1198 1012 1013 1012 1198 1192 1192 1011 1012 1011 1192 1195 1195 1010 1011 1197 1010 1195 1197 995 1010 993 995 1197 1197 991 993 990 991 1197 1197 1196 990 995 993 935 1067 1205 1056 1067 1056 1065 1065 1056 1054 994 935 934 934 997 994 1003 997 934 934 938 1003 1003 938 940 940 1033 1003 1033 940 944 944 1030 1033 1030 944 1206 1207 1206 944 944 942 1207 1208 1207 942 942 943 1208 1209 1208 943 943 929 1209 1210 1209 929 929 928 1210 1211 1210 928 928 918 1211 1211 918 919 919 1212 1211 919 902 1212 903 902 919 919 917 903 902 897 1212 1210 1211 1213 1212 1213 1211 1213 1214 1210 1209 1210 1214 1214 1215 1209 1212 1216 1213 1212 897 1216 897 895 1216 1215 1214 1102 1214 1213 1102 1102 1100 1215 1217 1215 1100 1215 1217 1208 1208 1209 1215 1207 1208 1217 1217 1218 1207 1206 1207 1218 1218 1219 1206 1029 1206 1219 1206 1029 1030 1219 1220 1029 1034 1029 1220 1220 1221 1034 1036 1034 1221 1221 1222 1036 1036 1222 1223 1036 1223 1038 1041 1038 1223 1223 1224 1041 1041 1224 1043 1225 1043 1224 1045 1043 1225 1045 1225 1226 1226 1062 1045 1062 1226 1227 1227 1061 1062 1061 1227 1228 1228 1059 1061 1059 1228 1229 1229 1060 1059 1060 1229 1230 1230 1064 1060 1066 1064 1230 1068 1066 1230 1068 1230 1073 1073 1230 1229 1229 1075 1073 1075 1229 1228 1228 1078 1075 1080 1078 1228 1228 1227 1080 1082 1080 1227 1227 1226 1082 1084 1082 1226 1226 1225 1084 1225 1224 1084 1224 1085 1084 1224 1223 1085 1087 1085 1223 1223 1222 1087 1090 1087 1222 1222 1221 1090 1092 1090 1221 1221 1220 1092 1094 1092 1220 1220 1219 1094 1096 1094 1219 1219 1218 1096 1098 1096 1218 1218 1217 1098 1100 1098 1217 977 1231 1232 1232 974 977 1233 1232 1231 1231 1234 1233 1235 1233 1234 1234 1236 1235 1237 1235 1236 1236 1238 1237 974 1232 968 1237 1238 1239 1239 1240 1237 1235 1237 1240 1241 1240 1239 1239 1242 1241 1243 1241 1242 1242 1244 1243 1245 1243 1244 1245 1246 1243 1246 1245 1247 1247 1248 1246 1249 1248 1247 1247 1250 1249 1251 1249 1250 1250 1252 1251 1253 1251 1252 1252 1254 1253 1255 1253 1254 1254 1256 1255 1257 1255 1256 1256 1258 1257 1257 1258 1259 1257 1259 1260 1261 1246 1248 1261 1262 1246 1233 1262 1261 1262 1233 1235 1235 1263 1262 1262 1263 1243 1241 1243 1263 1263 1240 1241 1240 1263 1235 1243 1246 1262 1233 1261 1232 1232 1261 968 1261 1264 968 1264 1265 968 966 968 1265 1265 1266 966 1267 1266 1265 1267 1268 1266 1268 963 1266 1268 964 963 1266 963 965 965 966 1266 1269 1265 1264 1270 1267 1265 1265 1269 1270 1267 1270 1271 1272 1270 1269 1271 1270 1272 1269 1273 1272 1273 1274 1272 1274 1273 1275 1276 1274 1275 1275 1277 1276 1276 1277 1278 1279 1278 1277 1277 1280 1279 1281 1279 1280 1281 1282 1279 1283 1282 1281 1281 1284 1283 1278 1285 1276 1286 1276 1285 1286 1287 1276 1288 1287 1286 1288 1289 1287 1290 1289 1288 1288 1291 1290 1292 1290 1291 1291 1293 1292 1294 1292 1293 1293 1295 1294 1295 1296 1294 1296 1295 1297 1298 1296 1297 1299 1296 1298 1299 1292 1294 1290 1292 1299 1296 1299 1294 1299 1298 1300 1287 1289 1300 1300 1290 1299 1289 1290 1300 1298 1301 1300 1302 1300 1301 1300 1302 1287 1303 1302 1301 1302 1303 1304 1303 1305 1304 1304 1305 1306 1306 1307 1304 1276 1302 1304 1276 1287 1302 1274 1276 1304 1304 1307 1274 1274 1307 1308 1309 1308 1307 1308 1309 1310 1311 1310 1309 1308 1272 1274 1308 1271 1272 1310 1312 1308 1312 1271 1308 1312 1313 1271 1314 1313 1312 1314 1315 1313 1314 1316 1315 1316 1317 1315 1318 1317 1316 1317 1318 1319 1318 1320 1319 1321 1319 1320 1320 1322 1321 1321 1322 1323 1322 1324 1323 1323 1324 1325 1324 1326 1325 1325 1326 1327 1326 1328 1327 1327 1328 1329 1328 1330 1329 1329 1330 1331 1330 1332 1331 1331 1332 1333 1332 1334 1333 1333 1334 1335 1335 1336 1333 1337 1336 1335 1335 1338 1337 1337 1338 1339 1338 1340 1339 1339 1340 1341 1340 1342 1341 1341 1342 1343 1343 1344 1341 1332 1330 1345 1346 1345 1330 1345 1346 1347 1348 1347 1346 1347 1348 1349 1350 1349 1348 1350 1351 1349 1351 1350 1352 1353 1352 1350 1354 1352 1353 1353 1355 1354 1352 1354 1356 1356 1357 1352 1357 1351 1352 1351 1358 1349 1349 1358 1359 1349 1359 1347 1358 1360 1359 1361 1351 1357 1351 1361 1358 1362 1358 1361 1358 1362 1360 1362 1363 1360 1359 1360 1364 1360 1365 1364 1360 1363 1365 1363 1366 1365 1367 1354 1355 1355 1368 1367 1369 1354 1367 1356 1354 1369 1370 1367 1368 1370 1368 1371 1370 1371 1372 1372 1371 1373 1374 1370 1372 1375 1370 1374 1375 1367 1370 1375 1369 1367 1365 1366 1376 1366 1377 1376 1376 1377 1378 1377 1379 1378 1378 1379 1380 1378 1380 1381 1382 1378 1381 1376 1378 1382 1379 1383 1380 1380 1384 1381 1380 1385 1384 1386 1385 1380 1380 1383 1386 1384 1385 1387 1385 1386 1387 1387 1388 1384 1389 1387 1386 1390 1387 1389 1382 1381 1391 1391 1392 1382 1393 1382 1392 1392 1394 1393 1364 1393 1394 1395 1364 1394 1359 1364 1395 1395 1347 1359 1384 1388 1396 1396 1397 1384 1397 1391 1381 1381 1384 1397 1390 1389 1398 1399 1398 1389 1398 1399 1400 1399 1401 1400 1400 1401 1402 1402 1403 1400 1403 1402 1404 1404 1405 1403 1405 1404 1406 1406 1407 1405 1407 1406 1408 1408 1409 1407 1409 1408 1410 1410 1411 1409 1411 1410 1412 1412 1413 1411 1413 1412 1414 1414 1415 1413 1415 1414 1416 1416 1417 1415 1417 1416 1418 1418 1419 1417 1419 1418 1420 1420 1421 1419 1421 1420 1422 1422 1420 1423 1422 1423 1424 1424 1423 1425 1424 1425 1426 1427 1426 1425 1426 1427 1428 1429 1428 1427 1428 1429 1430 1431 1430 1429 1432 1430 1431 1431 1433 1432 1432 1433 1434 1435 1434 1433 1436 1434 1435 1436 1435 1437 1436 1437 1438 1438 1439 1436 1440 1439 1438 1438 1441 1440 1440 1442 1439 1442 1443 1439 1444 1439 1443 1444 1436 1439 1443 1445 1444 1446 1437 1435 1435 1447 1446 1447 1435 1433 1448 1446 1447 1449 1446 1448 1441 1438 1449 1446 1449 1437 1438 1437 1449 1449 1448 1450 1450 1448 1451 1450 1451 1452 1452 1451 1453 1453 1451 1454 1454 1455 1453 1453 1455 1456 1457 1456 1455 1456 1457 1386 1386 1457 1389 1458 1454 1451 1451 1448 1458 1456 1386 1383 1383 1459 1456 1453 1456 1459 1379 1459 1383 1460 1459 1379 1461 1460 1379 1379 1377 1461 1462 1461 1377 1377 1366 1462 1463 1462 1366 1366 1363 1463 1464 1463 1363 1363 1362 1464 1465 1464 1362 1362 1361 1465 1465 1361 1466 1466 1361 1357 1467 1466 1357 1357 1356 1467 1468 1467 1356 1356 1369 1468 1469 1468 1369 1369 1375 1469 1469 1375 1374 1470 1469 1374 1471 1470 1374 1374 1472 1471 1472 1374 1473 1472 1473 1474 1475 1474 1473 1473 1476 1475 1474 1477 1472 1475 1476 1478 1475 1478 1479 1480 1479 1478 1479 1480 1481 1482 1481 1480 1480 1483 1482 1482 1483 1484 1482 1484 1485 1486 1485 1484 1484 1487 1486 1488 1486 1487 1487 1489 1488 1490 1488 1489 1489 1491 1490 1490 1491 1492 1492 1489 1487 1491 1489 1492 1490 1492 1493 1492 1494 1493 1494 1492 1487 1493 1494 1495 1495 1494 1496 1495 1496 1497 1498 1497 1496 1497 1498 1499 1500 1499 1498 1499 1500 1501 1502 1501 1500 1502 1503 1501 1504 1503 1502 1503 1504 1505 1506 1505 1504 1504 1507 1506 1502 1507 1504 1506 1507 1508 1508 1502 1500 1508 1507 1502 1506 1508 1509 1510 1509 1508 1508 1311 1510 1498 1496 1511 1512 1511 1496 1513 1511 1512 1512 1514 1513 1514 1515 1513 1514 1512 1484 1484 1516 1514 1516 1484 1483 1483 1373 1516 1517 1516 1373 1517 1515 1514 1514 1516 1517 1373 1371 1517 1518 1517 1371 1371 1368 1518 1519 1518 1368 1368 1355 1519 1520 1519 1355 1355 1353 1520 1520 1353 1521 1350 1521 1353 1348 1521 1350 1373 1483 1480 1373 1480 1478 1373 1478 1372 1372 1478 1476 1476 1473 1372 1473 1374 1372 1522 1518 1519 1518 1522 1523 1517 1518 1523 1523 1515 1517 1520 1521 1524 1524 1525 1520 1525 1522 1519 1519 1520 1525 1515 1523 1318 1318 1316 1515 1513 1515 1316 1316 1526 1513 1527 1513 1526 1511 1513 1527 1523 1522 1320 1320 1318 1523 1322 1320 1522 1522 1525 1322 1525 1524 1324 1324 1322 1525 1326 1324 1524 1524 1528 1326 1528 1524 1521 1521 1348 1528 1346 1528 1348 1528 1346 1328 1328 1326 1528 1330 1328 1346 1526 1529 1527 1526 1314 1529 1312 1529 1314 1314 1526 1316 1529 1312 1310 1500 1529 1310 1527 1529 1500 1498 1527 1500 1511 1527 1498 1500 1310 1508 1508 1310 1311 1530 1510 1311 1311 1309 1530 1530 1309 1307 1307 1306 1530 1531 1532 1533 1533 1534 1531 1533 1532 1535 1535 1536 1533 1535 1537 1536 1536 1537 1538 1536 1538 1533 1538 1537 1539 1538 1539 1284 1284 1533 1538 1284 1534 1533 1283 1284 1539 1284 1540 1534 1281 1540 1284 1531 1534 1541 1540 1541 1534 1541 1540 1260 1281 1260 1540 1260 1259 1541 1260 1281 1280 1277 1260 1280 1257 1260 1277 1277 1275 1257 1255 1257 1275 1275 1273 1255 1253 1255 1273 1273 1269 1253 1253 1269 1251 1249 1251 1269 1264 1249 1269 1264 1248 1249 1264 1261 1248 1035 1037 1024 1024 1037 1039 1039 1022 1024 1040 1022 1039 1022 1040 1021 1021 1040 1042 1020 1021 1042 1018 1020 1042 1042 1044 1018 1017 1018 1044 1044 1046 1017 1017 1046 1049 1017 1049 1014 896 961 894 961 1542 894 961 962 1542 962 1543 1542 894 1542 879 1542 881 879 1542 1543 881 1543 884 881 1543 962 1329 1327 1329 962 962 960 1327 1325 1327 960 960 959 1325 1323 1325 959 959 958 1323 1321 1323 958 958 957 1321 1319 1321 957 957 956 1319 1317 1319 956 956 964 1317 1315 1317 964 964 1268 1315 1313 1315 1268 1268 1267 1313 1267 1271 1313 1390 1544 1545 1545 1544 1546 1546 1547 1545 1390 1548 1544 1549 1548 1390 1398 1549 1390 1550 1549 1398 1398 1400 1550 1403 1550 1400 1403 1551 1550 1405 1551 1403 1405 1552 1551 1552 1405 1407 1552 1407 1553 1409 1553 1407 1409 1554 1553 1411 1554 1409 1411 1555 1554 1413 1555 1411 1413 1556 1555 1415 1556 1413 1415 1557 1556 1417 1557 1415 1417 1558 1557 1559 1558 1417 1417 1419 1559 1560 1559 1419 1419 1421 1560 1561 1560 1421 1421 1422 1561 1562 1561 1422 1422 1424 1562 1426 1562 1424 1562 1426 1563 1428 1563 1426 1428 1564 1563 1565 1564 1428 1428 1430 1565 1566 1565 1430 1430 1432 1566 1567 1566 1432 1432 1434 1567 1567 1434 1568 1568 1434 1436 1436 1444 1568 1444 1445 1568 1445 1569 1568 1569 1570 1568 1568 1570 1567 1569 1571 1570 1572 1569 1445 1572 1445 1443 1443 1573 1572 1572 1573 1574 1575 1574 1573 1574 1575 1576 1576 1577 1574 1578 1575 1573 1579 1578 1573 1579 1573 1443 1578 1580 1575 1580 1576 1575 1574 1581 1572 1577 1581 1574 1582 1572 1581 1572 1582 1569 1582 1571 1569 1583 1582 1581 1571 1582 1583 1581 1584 1583 1585 1584 1581 1581 1586 1585 1586 1581 1577 1587 1576 1580 1577 1576 1587 1580 1588 1587 1588 1589 1587 1590 1587 1589 1590 1591 1587 1591 1592 1587 1587 1592 1577 1586 1577 1592 1591 1593 1592 1592 1593 1586 1594 1593 1591 1593 1594 1595 1595 1596 1593 1596 1585 1586 1586 1593 1596 1597 1590 1589 1589 1598 1597 1599 1597 1598 1599 1600 1597 1600 1601 1597 1597 1601 1590 1601 1591 1590 1598 1602 1599 1601 1600 1603 1603 1604 1601 1591 1601 1604 1604 1594 1591 1604 1603 1605 1605 1606 1604 1606 1595 1594 1604 1606 1594 1602 1607 1599 1608 1599 1607 1607 1609 1608 1610 1608 1609 1610 1611 1608 1611 1612 1608 1608 1612 1599 1612 1600 1599 1609 1613 1610 1614 1610 1613 1615 1610 1614 1615 1611 1610 1611 1615 1616 1617 1612 1611 1612 1617 1600 1617 1603 1600 1617 1618 1603 1618 1605 1603 1619 1613 1609 1609 1620 1619 1620 1609 1607 1621 1619 1620 1620 1622 1621 1622 1620 1623 1623 1624 1622 1625 1622 1624 1624 1626 1625 1622 1625 1627 1627 1621 1622 1626 1624 1628 1628 1624 1629 1628 1629 1630 1630 1629 1631 1629 1632 1631 1624 1623 1632 1632 1629 1624 1631 1632 1633 1630 1631 1634 1634 1631 1635 1631 1633 1635 1634 1635 1636 1636 1635 1637 1635 1638 1637 1635 1633 1638 1637 1638 1639 1636 1637 1640 1640 1637 1641 1637 1639 1641 1640 1641 1642 1642 1643 1640 1644 1642 1641 1641 1645 1644 1641 1639 1645 1643 1642 1646 1646 1647 1643 1642 1644 1648 1648 1646 1642 1649 1643 1647 1647 1650 1649 1651 1649 1650 1652 1651 1650 1651 1652 1653 1651 1653 1654 1654 1655 1651 1649 1651 1655 1653 1652 1656 1655 1657 1649 1643 1649 1657 1655 1654 1658 1658 1659 1655 1659 1658 1660 1661 1660 1658 1660 1662 1659 1663 1659 1662 1657 1655 1663 1659 1663 1655 1660 1661 1664 1661 1665 1664 1664 1665 1666 1666 1667 1664 1668 1664 1667 1662 1660 1668 1660 1664 1668 1667 1669 1668 1667 1666 1670 1669 1667 1670 1671 1670 1666 1670 1671 1672 1673 1672 1671 1674 1670 1672 1670 1674 1669 1672 1675 1674 1672 1676 1675 1676 1672 1673 1663 1662 1634 1634 1636 1663 1657 1663 1636 1636 1640 1657 1657 1640 1643 1668 1669 1628 1628 1630 1668 1630 1634 1662 1662 1668 1630 1674 1675 1626 1669 1674 1626 1626 1628 1669 1675 1625 1626 1625 1675 1676 1676 1627 1625 1677 1678 1679 1679 1342 1677 1678 1677 1547 1547 1546 1678 1679 1343 1342 1680 1677 1342 1342 1340 1680 1681 1680 1340 1680 1681 1397 1391 1397 1681 1391 1681 1682 1392 1391 1682 1682 1683 1392 1394 1392 1683 1683 1684 1394 1395 1394 1684 1684 1345 1395 1347 1395 1345 1397 1396 1680 1345 1684 1332 1684 1683 1334 1334 1332 1684 1683 1682 1335 1335 1334 1683 1682 1681 1338 1338 1335 1682 1340 1338 1681 1396 1547 1677 1677 1680 1396 1547 1396 1388 1388 1545 1547 1388 1387 1545 1387 1390 1545 1685 865 1686 866 1686 865 858 865 1685 1685 859 858 1685 1686 1687 1688 1687 1686 1687 1689 1685 859 1685 1689 1686 866 1690 1690 1688 1686 1691 1690 866 866 867 1691 1691 867 891 891 867 869 1689 1692 859 1692 1693 859 1693 861 859 861 1693 1694 1694 1695 861 860 861 1695 1696 860 1695 854 860 1696 1696 855 854 1697 1694 1693 1693 1692 1697 1689 1697 1692 1697 1689 1698 1687 1698 1689 1698 1687 1699 1700 1699 1687 1687 1688 1700 1700 1688 1690 1690 1701 1700 1702 1701 1690 1691 1702 1690 1702 1691 1703 1691 891 1703 1703 891 892 891 869 871 1213 1104 1102 1216 1104 1213 1216 1108 1104 1216 895 1108 895 880 1108 1704 1472 1477 1704 1471 1472 1705 1471 1704 1471 1705 1706 1706 1705 1707 1707 1708 1706 1709 1706 1708 1709 1708 1710 1708 1711 1710 1712 1708 1707 1708 1712 1711 1706 1709 1470 1470 1471 1706 1713 1470 1709 1714 1470 1713 1714 1469 1470 1715 1714 1713 1715 1713 1716 1468 1469 1714 1468 1714 1715 1467 1468 1715 1715 1717 1467 1466 1467 1717 1717 1718 1466 1718 1465 1466 1719 1465 1718 1464 1465 1719 1719 1720 1464 1463 1464 1720 1720 1721 1463 1462 1463 1721 1721 1722 1462 1461 1462 1722 1722 1723 1461 1460 1461 1723 1723 1724 1460 1724 1725 1460 1460 1725 1459 1459 1725 1453 1719 1718 1726 1727 1726 1718 1718 1717 1727 1721 1720 1728 1729 1728 1720 1726 1729 1719 1720 1719 1729 1727 1717 1730 1731 1727 1730 1731 1730 1732 1732 1733 1731 1452 1725 1724 1453 1725 1452 1734 1726 1727 1726 1734 1729 1735 1728 1729 1735 1729 1734 1736 1728 1735 1728 1736 1721 1722 1721 1736 1736 1737 1722 1723 1722 1737 1737 1738 1723 1724 1723 1738 1724 1739 1452 1738 1739 1724 1735 1740 1736 1740 1737 1736 1738 1737 1740 1740 1741 1738 1741 1452 1739 1741 1739 1738 1452 1741 1450 1740 1735 1742 1742 1743 1740 1744 1741 1740 1740 1743 1744 1741 1745 1450 1744 1745 1741 1745 1449 1450 1743 1742 1746 1747 1746 1742 1747 1748 1746 1749 1748 1747 1747 1750 1749 1751 1749 1750 1750 1752 1751 1753 1748 1749 1749 1754 1753 1751 1754 1749 1755 1753 1754 1756 1753 1755 1755 1757 1756 1748 1753 1758 1758 1753 1756 1756 1759 1758 1754 1751 1760 1760 1751 1752 1754 1760 1761 1761 1760 1762 1763 1762 1760 1752 1763 1760 1764 1748 1758 1758 1765 1764 1765 1758 1759 1766 1764 1765 1764 1766 1767 1767 1746 1764 1766 1768 1767 1765 1769 1766 1768 1766 1769 1769 1770 1768 1769 1765 1771 1759 1771 1765 1771 1772 1769 1770 1769 1772 1772 1773 1770 1748 1764 1746 1773 1440 1770 1773 1442 1440 1770 1441 1768 1770 1440 1441 1647 1772 1771 1650 1647 1771 1771 1759 1650 1652 1650 1759 1759 1756 1652 1656 1652 1756 1756 1757 1656 1647 1646 1772 1773 1772 1646 1646 1648 1773 1442 1773 1648 1648 1579 1442 1648 1644 1579 1644 1578 1579 1578 1644 1645 1645 1580 1578 1645 1588 1580 1639 1588 1645 1639 1589 1588 1638 1589 1639 1638 1598 1589 1633 1598 1638 1598 1633 1632 1632 1602 1598 1602 1632 1623 1623 1607 1602 1607 1623 1620 1443 1442 1579 1774 1775 1776 1776 1777 1774 1775 1774 1778 1778 1779 1775 1780 1779 1778 1778 1781 1780 1776 1734 1777 1734 1782 1777 1777 1782 1783 1783 1784 1777 1774 1777 1784 1734 1727 1782 1784 1783 1785 1785 1786 1784 1781 1778 1786 1786 1778 1774 1774 1784 1786 1786 1785 1787 1787 1788 1786 1786 1788 1781 1780 1762 1779 1763 1779 1762 1779 1763 1752 1752 1775 1779 1775 1752 1750 1750 1776 1775 1789 1734 1776 1789 1776 1750 1735 1734 1789 1789 1742 1735 1750 1747 1789 1742 1789 1747 1790 1788 1787 1787 1791 1790 1788 1790 1792 1788 1792 1781 1781 1792 1793 1793 1780 1781 1780 1794 1762 1780 1793 1794 1762 1794 1795 1762 1795 1761 1795 1754 1761 1796 1791 1787 1796 1797 1791 1798 1796 1787 1787 1785 1798 1798 1785 1783 1783 1733 1798 1733 1783 1782 1782 1731 1733 1782 1727 1731 1799 1798 1733 1733 1732 1799 1799 1732 1800 1801 1799 1800 1799 1801 1802 1802 1801 1803 1803 1804 1802 1805 1802 1804 1804 1806 1805 1805 1806 1807 1807 1808 1805 1808 1799 1802 1802 1805 1808 1803 1809 1804 1810 1804 1809 1811 1804 1810 1804 1811 1806 1812 1806 1811 1812 1807 1806 1799 1808 1798 1798 1808 1807 1807 1796 1798 1797 1796 1807 1807 1812 1797 1813 1809 1803 1803 1814 1813 1813 1814 1815 1815 1814 1816 1816 1817 1815 1817 1816 1818 1818 1819 1817 1813 1815 1820 1818 1716 1819 1716 1713 1819 1819 1713 1709 1819 1710 1817 1710 1819 1709 1817 1710 1711 1711 1815 1817 1820 1815 1711 1711 1712 1820 1801 1816 1814 1803 1801 1814 1800 1816 1801 1816 1800 1818 1716 1818 1732 1818 1800 1732 1730 1716 1732 1730 1715 1716 1730 1717 1715 1458 1448 1821 1447 1821 1448 1822 1821 1447 1447 1433 1822 1822 1433 1431 1431 1429 1822 1821 1822 1823 1823 1458 1821 1458 1823 1824 1824 1454 1458 1825 1454 1824 1454 1825 1826 1455 1454 1826 1826 1827 1455 1826 1406 1827 1406 1404 1827 1404 1402 1827 1827 1402 1828 1402 1401 1828 1828 1401 1399 1455 1827 1457 1827 1828 1457 1457 1828 1399 1399 1389 1457 1408 1826 1825 1408 1406 1826 1410 1408 1825 1825 1412 1410 1414 1412 1825 1825 1416 1414 1416 1825 1824 1824 1418 1416 1824 1420 1418 1824 1423 1420 1423 1824 1823 1823 1425 1423 1823 1427 1425 1427 1823 1822 1427 1822 1429 1487 1512 1494 1512 1487 1484 1496 1494 1512 1329 1331 1543 884 1543 1331 1331 1333 884 884 1333 1336 1336 883 884 1336 886 883 1336 1337 886 888 886 1337 1337 1339 888 890 888 1339 1339 1341 890 893 890 1341 1341 1344 893 1746 1767 1743 1744 1743 1767 1767 1768 1744 1768 1441 1744 1745 1744 1441 1449 1745 1441 17 15 442 15 444 442 13 444 15 444 13 446 12 446 13 12 448 446 1071 1204 1069 1204 1205 1069 1069 1205 1067 1829 1618 1617 1829 1617 1611 1611 1616 1829 1830 1831 1832 1832 1833 1830 1834 1833 1832 1834 1835 1833 1835 1834 1836 1836 1837 1835 1837 1836 1838 1838 1839 1837 1839 1838 1840 1840 1841 1839 1842 1841 1840 1843 1842 1840 1844 1842 1843 1844 1843 1845 1846 1844 1845 1846 1845 1847 1848 1846 1847 1847 1849 1848 1849 1850 1848 1850 1849 1851 1851 1852 1850 1851 1853 1852 1854 1840 1838 1840 1854 1855 1855 1843 1840 1843 1855 1856 1856 1845 1843 1847 1845 1856 1857 1847 1856 1847 1857 1849 1858 1853 1851 1859 1848 1850 1850 1860 1859 1860 1850 1852 1848 1859 1861 1861 1846 1848 1846 1861 1844 1862 1844 1861 1844 1862 1842 1863 1842 1862 1842 1863 1841 1864 1841 1863 1841 1864 1839 1865 1839 1864 1839 1865 1837 1866 1837 1865 1835 1837 1866 1867 1835 1866 1835 1867 1833 1868 1833 1867 1833 1868 1830 1869 1830 1868 1831 1830 1869 1869 1870 1831 1871 1831 1870 1870 1872 1871 1831 1871 1873 1873 1832 1831 1832 1873 1874 1874 1834 1832 1834 1874 1875 1875 1836 1834 1836 1875 1876 1876 1838 1836 1838 1876 1854 1871 1872 1877 1877 1878 1871 1879 1878 1877 1879 1880 1878 1881 1880 1879 1882 1880 1881 1881 1883 1882 1884 1882 1883 1885 1884 1883 1886 1884 1885 1885 1887 1886 1888 1886 1887 1889 1888 1887 1888 1889 1890 1890 1891 1888 1891 1890 1892 1892 1893 1891 1894 1893 1892 1895 1894 1892 1894 1895 1896 1897 1896 1895 1897 1898 1896 1898 1897 1899 1899 1897 1900 1895 1901 1897 1900 1897 1901 1902 1901 1895 1903 1902 1895 1895 1892 1903 1903 1892 1890 1902 1903 1904 1904 1903 1905 1890 1905 1903 1905 1906 1904 1907 1906 1905 1905 1908 1907 1909 1907 1908 1908 1910 1909 1911 1909 1910 1910 1912 1911 1911 1912 1913 1914 1913 1912 1915 1913 1914 1916 1915 1914 1917 1915 1916 1913 1915 1917 1916 1918 1917 1919 1913 1917 1913 1919 1911 1920 1904 1906 1906 1921 1920 1921 1906 1907 1922 1911 1919 1909 1911 1922 1923 1909 1922 1907 1909 1923 1924 1907 1923 1907 1924 1921 1910 1887 1912 1889 1887 1910 1910 1908 1889 1889 1908 1905 1905 1890 1889 1925 1918 1916 1918 1926 1917 1925 1926 1918 1925 1927 1926 1927 1925 1879 1925 1881 1879 1916 1881 1925 1883 1881 1916 1916 1914 1883 1883 1914 1885 1912 1887 1885 1912 1885 1914 1879 1928 1927 1929 1928 1879 1929 1879 1877 1930 1929 1877 1877 1872 1930 1930 1872 1870 1930 1870 1931 1869 1931 1870 1931 1869 1868 1868 1932 1931 1932 1868 1867 1867 1933 1932 1934 1933 1867 1867 1866 1934 1935 1934 1866 1866 1865 1935 1936 1935 1865 1865 1864 1936 1936 1864 1863 1863 1937 1936 1938 1937 1863 1863 1862 1938 1939 1938 1862 1862 1861 1939 1940 1939 1861 1861 1859 1940 1940 1859 1860 1860 1941 1940 1941 1860 1942 1852 1942 1860 1942 1852 1853 1853 1943 1942 1943 1853 1858 1858 1944 1943 1944 1858 1945 1851 1945 1858 1851 1946 1945 1947 1945 1946 1945 1947 1944 1946 1948 1947 1948 1946 1949 1949 1950 1948 1950 1949 1898 1898 1899 1950 1898 1949 1951 1951 1896 1898 1896 1951 1952 1896 1952 1894 1894 1952 1953 1953 1893 1894 1893 1953 1891 1953 1954 1891 1891 1954 1955 1955 1888 1891 1888 1955 1886 1955 1956 1886 1884 1886 1956 1956 1957 1884 1884 1957 1882 1958 1882 1957 1880 1882 1958 1958 1878 1880 1871 1878 1958 1958 1873 1871 1873 1958 1957 1957 1874 1873 1956 1874 1957 1875 1874 1956 1955 1875 1956 1876 1875 1955 1954 1876 1955 1854 1876 1954 1855 1854 1954 1954 1953 1855 1856 1855 1953 1953 1952 1856 1857 1856 1952 1952 1951 1857 1849 1857 1951 1949 1849 1951 1849 1949 1946 1851 1849 1946 1904 1920 1959 1959 1902 1904 1902 1959 1960 1960 1901 1902 1900 1901 1960 1961 1900 1960 1900 1961 1962 1962 1899 1900 1899 1962 1963 1963 1950 1899 1948 1950 1963 1963 1964 1948 1948 1964 1947 1965 1947 1964 1965 1944 1947 1944 1965 1966 1966 1943 1944 1943 1966 1967 1967 1942 1943 1942 1967 1941 1960 1968 1961 1968 1960 1959 1959 1969 1968 1969 1959 1970 1920 1970 1959 1970 1920 1971 1921 1971 1920 1972 1971 1921 1921 1924 1972 1972 1924 1923 1923 1973 1972 1973 1923 1922 1922 1974 1973 1974 1922 1975 1922 1919 1975 1975 1919 1976 1919 1917 1976 1917 1926 1976 1977 1978 1979 1980 1978 1977 1980 1977 1981 1980 1981 1982 1983 1982 1981 1981 1984 1983 1985 1984 1981 1981 1986 1985 1986 1981 1987 1987 1981 1988 1988 1989 1987 1989 1988 1990 1990 1991 1989 1990 1992 1991 1992 1990 1993 1994 1992 1993 1993 1995 1994 1996 1994 1995 1996 1995 1997 1997 1995 1998 1998 1999 1997 1999 1998 2000 2001 2000 1998 2001 1998 2002 2003 2001 2002 2004 2003 2002 2004 2005 2003 2006 2003 2005 2005 2007 2006 2007 2008 2006 2009 2010 2011 2011 2012 2009 2009 2012 2013 2014 2013 2012 2015 2013 2014 2014 2016 2015 2017 2015 2016 2016 2018 2017 2019 2017 2018 2018 2020 2019 2021 2019 2020 2021 2022 2019 2021 2023 2022 2022 2023 2024 2023 2025 2024 2024 2025 2026 2026 2025 2027 2028 2026 2027 2027 2029 2028 2029 2030 2028 2029 2031 2030 2030 2031 2032 2017 2019 2033 2033 2034 2017 2015 2017 2034 2034 2035 2015 2013 2015 2035 2035 2036 2013 2009 2013 2036 2036 2037 2009 2010 2009 2037 2037 2038 2010 2039 2010 2038 2010 2039 2040 2040 2011 2010 2038 2041 2039 2011 2040 2042 2042 2012 2011 2012 2042 2043 2043 2014 2012 2014 2043 2044 2044 2016 2014 2016 2044 2045 2045 2018 2016 2018 2045 2046 2046 2020 2018 2020 2046 2047 2047 2021 2020 2021 2047 2048 2048 2023 2021 2023 2048 2049 2049 2025 2023 2027 2025 2049 2049 2050 2027 2029 2027 2050 2050 2051 2029 2031 2029 2051 2051 2052 2031 2032 2031 2052 2052 2053 2032 2054 2032 2053 2032 2054 2030 2053 2055 2054 2030 2054 2056 2054 2055 2056 2057 2030 2056 2057 2056 2058 2055 2058 2056 2058 2059 2057 2060 2057 2059 2059 2061 2060 2060 2061 2062 2061 2063 2062 2064 2062 2063 2062 2064 2065 2063 2066 2064 2067 2065 2064 2067 2068 2065 2068 2067 2069 2069 2070 2068 2071 2070 2069 2069 2072 2071 2073 2071 2072 2072 2074 2073 2073 2074 2075 2073 2075 2076 2076 2075 2077 2078 2076 2077 2078 2077 2079 2078 2079 2080 2079 2081 2080 2082 2080 2081 2081 2083 2082 2083 2081 2084 2072 2069 2085 2069 2067 2085 2086 2085 2067 2087 2086 2067 2088 2085 2086 2089 2085 2088 2088 2090 2089 2089 2090 2091 2091 2092 2089 2092 2091 2093 2094 2092 2093 2094 2093 2095 2095 2096 2094 2096 2095 2097 2096 2097 2098 2097 2099 2098 2098 2099 2100 2100 2099 2101 2101 2099 2097 2101 2102 2100 2097 2103 2101 2103 2097 2095 2090 2088 2104 2104 2105 2090 2095 2106 2103 2106 2095 2093 2093 2107 2106 2107 2093 2091 2091 2108 2107 2105 2108 2091 2091 2090 2105 2109 2104 2088 2088 2086 2109 2110 2109 2086 2086 2087 2110 2066 2110 2087 2087 2064 2066 2064 2087 2067 2110 2066 2111 2112 2111 2066 2066 2063 2112 2113 2112 2063 2063 2061 2113 2059 2113 2061 2113 2059 2114 2058 2114 2059 2114 2058 2115 2055 2115 2058 2116 2115 2055 2055 2053 2116 2117 2116 2053 2053 2052 2117 2118 2117 2052 2052 2051 2118 2119 2118 2051 2051 2050 2119 2050 2049 2119 2119 2049 2120 2049 2048 2120 2120 2048 2121 2048 2047 2121 2121 2047 2122 2123 2122 2047 2047 2046 2123 2046 2045 2123 2123 2045 2124 2045 2044 2124 2124 2044 2125 2043 2125 2044 2125 2043 2126 2127 2126 2043 2043 2042 2127 2128 2127 2042 2042 2040 2128 2039 2128 2040 2039 2129 2128 2041 2129 2039 2129 2041 2130 2130 2041 2038 2038 2131 2130 2083 2130 2131 2131 2082 2083 2082 2131 2132 2132 2131 2038 2132 2080 2082 2133 2080 2132 2133 2078 2080 2134 2078 2133 2134 2076 2078 2135 2076 2134 2135 2073 2076 2073 2135 2071 2136 2071 2135 2071 2136 2137 2137 2070 2071 2070 2137 2068 2138 2068 2137 2138 2065 2068 2139 2065 2138 2062 2065 2139 2139 2060 2062 2134 2133 2036 2037 2036 2133 2133 2132 2037 2038 2037 2132 2140 2137 2136 2136 2033 2140 2140 2033 2019 2019 2022 2140 2141 2140 2022 2022 2024 2141 2026 2141 2024 2026 2142 2141 2142 2026 2028 2137 2140 2141 2141 2138 2137 2138 2141 2142 2142 2139 2138 2139 2142 2028 2028 2060 2139 2028 2057 2060 2028 2030 2057 2034 2033 2136 2136 2135 2034 2035 2034 2135 2135 2134 2035 2036 2035 2134 2085 2089 2072 2072 2089 2074 2092 2074 2089 2074 2092 2094 2094 2075 2074 2075 2094 2096 2075 2096 2077 2077 2096 2098 2077 2098 2079 2079 2098 2100 2100 2081 2079 2084 2081 2100 2100 2102 2084 2143 2084 2102 2143 2102 2101 2143 2101 2144 2145 2084 2143 2083 2084 2145 2145 2146 2083 2146 2147 2083 2083 2147 2130 2130 2147 2129 2103 2144 2101 2144 2103 2148 2106 2148 2103 2148 2106 2149 2150 2149 2106 2106 2107 2150 2151 2150 2107 2107 2108 2151 2105 2151 2108 2151 2105 2152 2152 2105 2104 2104 2153 2152 2109 2153 2104 2153 2109 2154 2155 2154 2109 2109 2110 2155 2111 2155 2110 2156 2157 2158 2157 2156 2159 2160 2157 2159 2160 2159 2161 2160 2161 2162 2162 2163 2160 2160 2163 2164 2164 2165 2160 2160 2165 2166 2167 2160 2166 2166 2168 2167 2169 2167 2168 2168 2170 2169 2169 2170 2171 2171 2172 2169 2172 2171 2173 2173 2174 2172 2173 2175 2174 2174 2175 2176 2174 2176 2177 2177 2176 2178 2177 2178 2179 2179 2180 2177 2180 2181 2177 2181 2180 2182 2182 2183 2181 2184 2183 2182 2182 2185 2184 2186 2184 2185 2185 2187 2186 1364 1365 1393 1365 1376 1393 1393 1376 1382 "
						                    >
							<Coordinate point="-0.001526 0.296619 0.127621 -0.007721 0.295793 0.126515 0.000095 0.277848 0.137999 -0.005983 0.277230 0.137395 0.001061 0.258242 0.147931 -0.004390 0.257857 0.147969 -0.008657 0.310341 0.116421 -0.002369 0.311132 0.117360 -0.002390 0.313738 0.114431 -0.007896 0.312651 0.113678 -0.002390 0.312615 0.112743 -0.007745 0.311116 0.111778 -0.002390 0.311495 0.111743 -0.007644 0.309928 0.110672 -0.012322 0.309118 0.110956 -0.011778 0.307781 0.109780 -0.016647 0.304567 0.108421 -0.015299 0.302969 0.107324 -0.020815 0.299391 0.104985 -0.019142 0.298424 0.103910 -0.024292 0.292965 0.098462 -0.025394 0.293140 0.098980 -0.027572 0.286359 0.091810 -0.026953 0.286255 0.091208 -0.028597 0.279415 0.085009 -0.028019 0.279743 0.084827 -0.027358 0.274782 0.081578 -0.028938 0.274034 0.081570 -0.020103 0.299946 0.102884 -0.025693 0.297640 0.095135 -0.021626 0.303396 0.100234 -0.028118 0.288452 0.088567 -0.027583 0.280919 0.084332 -0.026694 0.270493 0.079604 -0.028699 0.270344 0.079657 -0.026834 0.265669 0.078132 -0.029477 0.266242 0.077900 -0.028785 0.260652 0.078989 -0.031162 0.261897 0.078127 -0.033693 0.255695 0.080960 -0.031338 0.254632 0.081158 -0.036397 0.249046 0.085887 -0.034968 0.246470 0.085706 -0.037319 0.248792 0.086665 -0.039652 0.234118 0.092005 -0.037634 0.251048 0.095527 -0.037713 0.260719 0.089172 -0.035272 0.257065 0.081588 -0.032758 0.263091 0.078737 -0.034253 0.268455 0.084260 -0.031028 0.266645 0.078335 -0.030786 0.270564 0.079373 -0.030566 0.273842 0.081251 -0.034007 0.274314 0.091022 -0.029432 0.279180 0.085051 -0.028380 0.286787 0.092340 -0.031246 0.280332 0.098417 -0.028417 0.286966 0.105259 -0.026852 0.293339 0.099700 -0.025531 0.294837 0.110906 -0.026914 0.285189 0.117450 -0.020590 0.290144 0.122015 -0.028098 0.273021 0.124811 -0.019987 0.274551 0.131279 -0.032054 0.279021 0.112095 -0.034097 0.266913 0.119290 -0.021038 0.257353 0.141883 -0.030502 0.254087 0.135407 -0.036980 0.250178 0.124935 -0.019383 0.302278 0.113816 -0.023039 0.300883 0.106161 -0.018448 0.306619 0.109999 -0.011061 0.258071 0.146089 -0.012335 0.276338 0.135708 -0.013973 0.293140 0.125246 -0.013430 0.307710 0.115607 -0.012949 0.310572 0.112950 -0.034486 0.272531 0.105306 -0.036378 0.266134 0.097614 -0.039313 0.256157 0.104996 -0.037385 0.262447 0.113496 -0.041847 0.238038 0.102994 -0.041411 0.242530 0.114069 -0.000043 0.219873 0.169547 0.001015 0.239298 0.157785 -0.004310 0.239919 0.157189 -0.006573 0.219179 0.168962 -0.001086 0.199312 0.180712 -0.007160 0.196985 0.180857 -0.001822 0.181089 0.191393 -0.007456 0.179654 0.190856 -0.002131 0.164277 0.198635 -0.007631 0.164274 0.197661 -0.002349 0.146936 0.204931 -0.007840 0.146718 0.203781 -0.002390 0.129201 0.209435 -0.007574 0.129281 0.208563 -0.002390 0.114341 0.212567 -0.006844 0.113790 0.211967 -0.002390 0.098268 0.215081 -0.007622 0.099154 0.214086 -0.004767 0.091968 0.216172 -0.008253 0.089589 0.214843 -0.003656 0.094411 0.224415 -0.002390 0.099674 0.225643 -0.002390 0.099494 0.226447 -0.002390 0.094330 0.226571 -0.003795 0.092104 0.229598 -0.002390 0.093440 0.229748 -0.003791 0.092132 0.234169 -0.002390 0.093629 0.234254 -0.003774 0.092566 0.238824 -0.002390 0.093959 0.238900 -0.003322 0.093093 0.241754 -0.002390 0.093872 0.242570 -0.006099 0.085253 0.220027 -0.007532 0.080940 0.215645 -0.012603 0.085595 0.213420 -0.013083 0.097630 0.211963 -0.022090 0.094333 0.205662 -0.022325 0.110299 0.202618 -0.032971 0.106955 0.191137 -0.032795 0.090086 0.194567 -0.041679 0.102914 0.177677 -0.041953 0.085357 0.180382 -0.048717 0.098465 0.162299 -0.049002 0.081067 0.164366 -0.053922 0.093582 0.144697 -0.053888 0.076810 0.146686 -0.033412 0.123617 0.186746 -0.023666 0.126514 0.198082 -0.024470 0.143701 0.192480 -0.033656 0.140701 0.181536 -0.041319 0.137070 0.169230 -0.041398 0.119805 0.173941 -0.047273 0.132843 0.155960 -0.047925 0.115271 0.159828 -0.051379 0.128339 0.141892 -0.052920 0.110064 0.143054 -0.024498 0.161017 0.186030 -0.033249 0.158117 0.175288 -0.024523 0.178653 0.178573 -0.033015 0.175938 0.168278 -0.040538 0.154653 0.163548 -0.040028 0.172504 0.157163 -0.046376 0.150858 0.150955 -0.045904 0.168866 0.144946 -0.049700 0.164523 0.132724 -0.050499 0.147091 0.138212 -0.025226 0.197752 0.169027 -0.033473 0.194435 0.160620 -0.033757 0.212856 0.152594 -0.026470 0.219151 0.158077 -0.032022 0.238247 0.142208 -0.022510 0.239822 0.150025 -0.038763 0.227966 0.135349 -0.040142 0.210407 0.142139 -0.040309 0.191246 0.149877 -0.044673 0.206050 0.130571 -0.041978 0.224754 0.122785 -0.045329 0.187199 0.138036 -0.046559 0.201480 0.118952 -0.048186 0.182568 0.126144 -0.043186 0.221064 0.111161 -0.015271 0.219581 0.165374 -0.015139 0.198378 0.176591 -0.014265 0.180129 0.187417 -0.013969 0.163116 0.194743 -0.014046 0.146008 0.201030 -0.013154 0.129022 0.206035 -0.012077 0.112734 0.210095 -0.012401 0.240247 0.154839 -0.042607 0.218839 0.099688 -0.045877 0.198882 0.106534 -0.048866 0.178440 0.112315 -0.051468 0.161843 0.118947 -0.052690 0.144702 0.123207 -0.053843 0.126515 0.126155 -0.055170 0.108321 0.127791 -0.055885 0.089997 0.128023 -0.056247 0.073127 0.128204 -0.053749 0.057798 0.148215 -0.048712 0.061756 0.165822 -0.041538 0.066434 0.182044 -0.032131 0.071597 0.196723 -0.021474 0.076137 0.207595 -0.022594 0.053091 0.206650 -0.032269 0.049196 0.195649 -0.041197 0.045912 0.181713 -0.056300 0.054638 0.130949 -0.013440 0.070160 0.213330 -0.014465 0.056215 0.212788 -0.011205 0.078927 0.214390 -0.007587 0.057268 0.216032 -0.007319 0.069964 0.216088 -0.004395 0.056934 0.223832 -0.004298 0.071405 0.223185 -0.005141 0.081207 0.232428 -0.004622 0.086905 0.233838 -0.004305 0.090215 0.235721 -0.003777 0.087771 0.237652 -0.003504 0.089804 0.239459 -0.002390 0.087653 0.237707 -0.002390 0.089846 0.239635 -0.002390 0.092036 0.241873 -0.003362 0.092212 0.241436 -0.002390 0.092864 0.242534 -0.003369 0.092701 0.241632 -0.002390 0.086645 0.237912 -0.003628 0.086154 0.237081 -0.003548 0.084745 0.239756 -0.002390 0.084628 0.241881 -0.003517 0.081788 0.245990 -0.002390 0.082487 0.246184 -0.003356 0.076690 0.254635 -0.002390 0.076792 0.255621 -0.003213 0.072562 0.262212 -0.002390 0.072519 0.263138 -0.003069 0.067460 0.270951 -0.002390 0.067936 0.270806 -0.002390 0.062010 0.280166 -0.002901 0.061688 0.280214 -0.003987 0.091328 0.239169 -0.004007 0.069329 0.256481 -0.004166 0.064049 0.269789 -0.004654 0.050741 0.253840 -0.002869 0.047406 0.261767 -0.003313 0.058826 0.275635 -0.002390 0.057317 0.274155 -0.002390 0.058511 0.277562 -0.002908 0.058663 0.277339 -0.003038 0.058269 0.280016 -0.002390 0.058208 0.279834 -0.002390 0.056936 0.282516 -0.002960 0.057027 0.282633 -0.002390 0.047909 0.261982 -0.002390 0.044446 0.262803 -0.002797 0.044312 0.262978 -0.002390 0.042099 0.264860 -0.002856 0.042062 0.264774 -0.002834 0.039808 0.267439 -0.002390 0.039709 0.267505 -0.002688 0.037865 0.269457 -0.002390 0.037811 0.269648 -0.002543 0.037279 0.269803 -0.002390 0.036974 0.270285 -0.002437 0.037030 0.269859 -0.002390 0.036744 0.270265 -0.002390 0.038524 0.266552 -0.002853 0.038570 0.266706 -0.002917 0.039983 0.263536 -0.002390 0.039870 0.263591 -0.002871 0.041508 0.259955 -0.002390 0.041704 0.259381 -0.003086 0.041840 0.257287 -0.002390 0.041546 0.257117 -0.002390 0.040045 0.251856 -0.003400 0.040222 0.251668 -0.002390 0.037308 0.247370 -0.002990 0.038816 0.246342 -0.004601 0.042864 0.243582 -0.004487 0.033984 0.239728 -0.003132 0.032509 0.242222 -0.003312 0.029972 0.243309 -0.004775 0.054982 0.246483 -0.003944 0.072972 0.240325 -0.005806 0.058820 0.234841 -0.004582 0.050100 0.231279 -0.005243 0.045330 0.220047 -0.004901 0.040734 0.228185 -0.004300 0.035701 0.216930 -0.008721 0.045812 0.215272 -0.009736 0.030820 0.214115 -0.014929 0.044287 0.212144 -0.015688 0.028738 0.210397 -0.023114 0.040591 0.205206 -0.023989 0.024981 0.202927 -0.032383 0.036698 0.194529 -0.032065 0.021317 0.192626 -0.040642 0.032856 0.181027 -0.039424 0.017695 0.179661 -0.047260 0.028273 0.165453 -0.048100 0.042797 0.165840 -0.053194 0.039914 0.148947 -0.052004 0.024843 0.148935 -0.045784 0.013607 0.164740 -0.050549 0.009959 0.148641 -0.055843 0.037504 0.132082 -0.054779 0.021737 0.132366 -0.053190 0.007142 0.132399 -0.056174 0.035792 0.117476 -0.055145 0.020294 0.117659 -0.053540 0.005802 0.117700 -0.054602 0.034605 0.104279 -0.053664 0.019245 0.104136 -0.049633 0.033540 0.086403 -0.048902 0.018233 0.087257 -0.051911 0.004586 0.103848 -0.047410 0.003372 0.087736 -0.039759 0.018346 0.069412 -0.040610 0.033333 0.069230 -0.037693 0.002366 0.069607 -0.027665 0.018478 0.055276 -0.025058 0.001802 0.055203 -0.012059 0.018113 0.044165 -0.011593 0.001092 0.046206 -0.002342 0.007186 0.042617 -0.001489 0.018294 0.041567 -0.051517 -0.009937 0.117403 -0.049928 -0.010861 0.103550 -0.049097 -0.027850 0.117123 -0.048696 -0.026948 0.131712 -0.045586 -0.048134 0.131309 -0.043185 -0.045993 0.145926 -0.046213 -0.024360 0.147198 -0.038866 -0.042708 0.160222 -0.041648 -0.021616 0.162439 -0.033304 -0.040010 0.172948 -0.035791 -0.018082 0.176245 -0.026824 -0.036492 0.184306 -0.028863 -0.014613 0.188167 -0.020495 -0.033118 0.194210 -0.021434 -0.012221 0.197931 -0.019616 -0.052394 0.190379 -0.024691 -0.055965 0.180772 -0.030568 -0.059214 0.169875 -0.035862 -0.062180 0.157849 -0.040196 -0.065066 0.144591 -0.042340 -0.067042 0.130771 -0.014820 -0.029285 0.202574 -0.014512 -0.009506 0.205264 -0.015145 -0.049850 0.198126 -0.010614 -0.028547 0.207095 -0.009895 -0.009308 0.208478 -0.004878 -0.013431 0.211194 -0.005130 -0.026341 0.210518 -0.009606 -0.045904 0.213897 -0.010605 -0.046881 0.205399 -0.045759 -0.048851 0.117004 -0.042545 -0.068196 0.116777 -0.046896 -0.029061 0.102784 -0.043299 -0.050393 0.102537 -0.041519 -0.030109 0.086764 -0.037299 -0.050834 0.086393 -0.039863 -0.068781 0.102352 -0.033355 -0.068555 0.086636 -0.031665 -0.031495 0.069982 -0.027121 -0.050876 0.070189 -0.023299 -0.067403 0.070595 -0.018066 -0.033501 0.055820 -0.013756 -0.050782 0.055977 -0.007585 -0.057335 0.051548 -0.009202 -0.035769 0.052156 -0.007353 -0.053754 0.051980 -0.009937 -0.081140 0.056835 -0.021005 -0.085607 0.072564 -0.010625 -0.106852 0.060425 -0.018605 -0.106815 0.076271 -0.009856 -0.126187 0.064141 -0.016463 -0.129744 0.080924 -0.009535 -0.139229 0.069508 -0.029840 -0.086675 0.087980 -0.026798 -0.105151 0.090849 -0.036052 -0.086837 0.102541 -0.039065 -0.086613 0.116350 -0.039003 -0.085822 0.129804 -0.036707 -0.083819 0.142850 -0.032903 -0.080760 0.155250 -0.028584 -0.075842 0.166130 -0.023189 -0.071672 0.176687 -0.018806 -0.069204 0.185820 -0.015161 -0.066444 0.194270 -0.010667 -0.061004 0.203216 -0.009385 -0.067706 0.215283 -0.003810 -0.055245 0.228158 -0.003996 -0.046825 0.223002 -0.004129 -0.028035 0.211722 -0.002390 -0.028988 0.212067 -0.002390 -0.025818 0.211480 -0.003676 -0.025818 0.211036 -0.002390 -0.046306 0.223039 -0.003122 -0.017576 0.215505 -0.002390 -0.017400 0.216185 -0.004111 -0.015149 0.217984 -0.002390 -0.015912 0.218856 -0.002390 -0.011249 0.217846 -0.003910 -0.011624 0.217443 -0.003561 -0.003943 0.219052 -0.002390 -0.003766 0.219491 -0.002390 0.002271 0.222817 -0.003278 0.002642 0.222345 -0.002390 0.002920 0.226000 -0.003120 0.002730 0.226530 -0.002390 0.002834 0.228396 -0.003543 0.002719 0.228118 -0.003450 0.004148 0.228424 -0.002390 0.004200 0.228476 -0.003241 0.009183 0.226398 -0.002390 0.009714 0.226423 -0.003265 0.014288 0.227679 -0.002390 0.015015 0.227884 -0.003522 0.021121 0.231458 -0.002390 0.021283 0.232207 -0.004125 0.026863 0.236112 -0.002390 0.025825 0.237731 -0.003461 0.026247 0.241642 -0.002390 0.026113 0.241864 -0.003350 0.024334 0.246803 -0.002390 0.023960 0.247191 -0.002390 0.025175 0.247306 -0.003413 0.025101 0.247120 -0.002390 0.030288 0.243417 -0.004967 0.008643 0.221642 -0.004563 0.017005 0.222293 -0.005750 0.017586 0.215006 -0.005826 0.009443 0.213117 -0.010417 0.011665 0.211764 -0.005839 -0.003412 0.211160 -0.016014 0.009743 0.207811 -0.023375 0.007232 0.200423 -0.030863 0.004573 0.190559 -0.037893 0.001176 0.178078 -0.044101 -0.001845 0.163873 -0.048548 -0.005659 0.148105 -0.051124 -0.008664 0.131747 -0.004670 0.027090 0.215367 -0.004626 0.025156 0.223741 -0.004391 0.032418 0.225823 -0.002390 0.031700 0.243589 -0.002390 0.059321 0.284082 -0.002850 0.059181 0.283783 -0.002819 0.057630 0.285991 -0.002390 0.057934 0.286101 -0.002390 0.057222 0.286628 -0.002834 0.056527 0.286265 -0.002390 0.056124 0.286091 -0.002766 0.056186 0.285423 -0.002390 0.055998 0.285366 -0.002869 0.060133 0.282428 -0.002390 0.060453 0.282433 -0.017007 0.305189 0.106273 -0.018103 0.308789 0.104034 -0.015019 0.308183 0.108175 -0.015478 0.311605 0.106799 -0.011461 0.311550 0.110201 -0.011162 0.315066 0.109175 -0.007002 0.313411 0.111405 -0.007476 0.316734 0.110631 -0.002390 0.314882 0.112396 -0.002390 0.317738 0.111270 -0.009614 0.312048 0.098011 -0.002390 0.312032 0.095434 -0.011977 0.307930 0.092697 -0.002390 0.308175 0.090512 -0.002390 0.302390 0.084819 -0.014391 0.301189 0.086231 -0.002390 0.293258 0.078200 -0.014993 0.291966 0.079744 -0.002390 0.287242 0.074940 -0.014328 0.285634 0.076138 -0.002390 0.274196 0.069995 -0.015216 0.273690 0.072107 -0.017357 0.261134 0.069396 -0.002390 0.257309 0.065008 -0.019856 0.250238 0.067945 -0.002390 0.245435 0.062050 -0.016828 0.238373 0.063741 -0.025961 0.240886 0.070938 -0.024984 0.227012 0.067177 -0.031777 0.229138 0.075625 -0.031633 0.212550 0.071529 -0.036548 0.214910 0.081863 -0.036661 0.194345 0.077756 -0.041805 0.195164 0.088834 -0.042182 0.174841 0.084417 -0.045694 0.176767 0.095348 -0.045234 0.158788 0.089028 -0.048806 0.159927 0.099039 -0.050318 0.142779 0.090050 -0.052967 0.142777 0.100945 -0.054630 0.126613 0.091605 -0.054131 0.124042 0.100718 -0.042216 0.141747 0.078044 -0.044343 0.122952 0.080786 -0.050589 0.119387 0.091373 -0.053049 0.106390 0.102283 -0.049114 0.105984 0.089503 -0.053621 0.088634 0.101683 -0.049080 0.088833 0.087211 -0.054031 0.070480 0.101469 -0.049332 0.070339 0.085877 -0.049582 0.051356 0.085847 -0.054723 0.051887 0.103034 -0.041438 0.090402 0.072624 -0.040930 0.070970 0.070153 -0.040776 0.051784 0.069264 -0.031609 0.093306 0.059833 -0.029656 0.072182 0.055931 -0.028468 0.052108 0.054291 -0.028263 0.033868 0.054764 -0.017545 0.093864 0.048091 -0.013037 0.072764 0.045637 -0.010455 0.053060 0.044083 -0.011360 0.032584 0.042847 -0.004118 0.091272 0.041928 -0.001884 0.072452 0.040796 0.002559 0.058250 0.040532 0.000284 0.030553 0.040690 0.002872 0.057297 0.040527 -0.002428 0.086639 0.035179 -0.001089 0.070896 0.035915 -0.001807 0.080785 0.027739 -0.000365 0.069308 0.028917 -0.001998 0.074372 0.021835 -0.000858 0.065790 0.022637 -0.001635 0.066867 0.016368 -0.001665 0.078791 0.015673 -0.002474 0.089687 0.022877 -0.003278 0.091489 0.014734 -0.003561 0.082612 0.008035 -0.002857 0.076575 0.004943 -0.001406 0.067703 0.008002 -0.003792 0.111044 0.032841 -0.005379 0.119070 0.041499 -0.019312 0.117894 0.050952 -0.034568 0.116731 0.065701 -0.042522 0.109402 0.076596 -0.031120 0.139831 0.064054 -0.038301 0.158768 0.076156 -0.027342 0.158841 0.062352 -0.017213 0.141676 0.052679 -0.013668 0.160029 0.052807 -0.034908 0.175840 0.071272 -0.022766 0.176808 0.058799 -0.002390 0.177238 0.051807 -0.028955 0.194787 0.066305 -0.016511 0.194580 0.057007 -0.002390 0.196877 0.054698 -0.021751 0.211543 0.062676 -0.001993 0.212386 0.056575 -0.015014 0.226269 0.060784 -0.002390 0.227445 0.059245 -0.002433 0.234836 0.059778 -0.002390 0.159345 0.050001 -0.002390 0.147393 0.048619 -0.002390 0.120464 0.041034 -0.002390 0.115016 0.034176 -0.002228 0.101211 0.021267 -0.003362 0.101027 0.021838 -0.001844 0.091592 0.014459 -0.001623 0.082747 0.008207 -0.002323 0.076409 0.005030 -0.002674 0.069260 0.000771 -0.002726 0.062311 -0.000697 -0.002636 0.062431 -0.000873 -0.002106 0.069018 0.000735 -0.002169 0.059168 0.000179 -0.002345 0.059266 0.000091 -0.001549 0.056996 0.002299 -0.001360 0.056927 0.002355 0.000455 0.053711 0.013889 0.000364 0.053616 0.014213 0.000495 0.053868 0.015643 0.000340 0.053862 0.015551 0.000928 0.053663 0.019508 0.001079 0.053679 0.019383 0.001869 0.054205 0.024014 0.001567 0.054255 0.024182 0.002289 0.055307 0.031748 0.002546 0.055154 0.031981 0.002702 0.058277 0.040533 -0.039950 0.217133 0.090021 -0.044050 0.197212 0.096966 -0.047346 0.177991 0.103196 -0.051081 0.160856 0.108196 -0.053531 0.143511 0.111968 -0.055621 0.125438 0.113857 -0.055099 0.107292 0.115173 -0.055711 0.089237 0.115075 -0.056008 0.071375 0.115206 -0.056502 0.052787 0.116554 -0.036320 0.231867 0.083820 -0.031708 0.243726 0.079154 -0.027213 0.252299 0.075141 -0.024134 0.259563 0.073802 -0.022834 0.264761 0.074177 -0.023200 0.273381 0.076994 -0.023424 0.282526 0.080536 -0.023125 0.290838 0.084225 -0.021195 0.299490 0.090182 -0.018106 0.305764 0.096228 -0.015001 0.310676 0.101593 -0.002390 -0.003589 0.043839 -0.010395 -0.018642 0.050045 -0.002390 -0.020979 0.046543 -0.021213 -0.015483 0.054779 -0.034882 -0.014070 0.069788 -0.044667 -0.012302 0.087212 -0.002390 -0.033704 0.048670 -0.002390 -0.041318 0.050002 -0.002390 -0.052708 0.049973 -0.002390 -0.061871 0.045872 -0.004686 -0.063081 0.046995 -0.002390 -0.071489 0.039083 -0.004718 -0.071557 0.039111 -0.006354 -0.064605 0.047456 -0.006042 -0.072089 0.041919 -0.005817 -0.084055 0.035230 -0.004636 -0.084255 0.032105 -0.005708 -0.094206 0.029487 -0.004066 -0.093669 0.025601 -0.005432 -0.107338 0.022521 -0.004629 -0.107524 0.019284 -0.006365 -0.121399 0.014450 -0.004146 -0.122988 0.010125 -0.007378 -0.133221 0.012081 -0.004330 -0.136471 0.006116 -0.007512 -0.140211 0.011866 -0.004874 -0.146542 0.006695 -0.008007 -0.151638 0.016193 -0.006713 -0.158276 0.010958 -0.008477 -0.164489 0.021535 -0.006371 -0.170143 0.017920 -0.007977 -0.169782 0.026506 -0.006285 -0.175630 0.022809 -0.007695 -0.173516 0.031407 -0.006034 -0.179385 0.027687 -0.004955 -0.184581 0.035002 -0.006809 -0.178517 0.039613 -0.004757 -0.188396 0.043437 -0.006557 -0.182534 0.047105 -0.003008 -0.193496 0.060120 -0.007151 -0.186441 0.061981 -0.003049 -0.193921 0.073439 -0.006338 -0.186271 0.075601 -0.002822 -0.188160 0.081497 -0.005762 -0.181342 0.082175 -0.003577 -0.176230 0.086210 -0.005738 -0.174654 0.085100 -0.004347 -0.170219 0.089389 -0.005770 -0.165064 0.086942 -0.010323 -0.172778 0.093229 -0.011123 -0.164546 0.092390 -0.016423 -0.164777 0.099483 -0.015058 -0.175662 0.100439 -0.018458 -0.174526 0.109132 -0.020507 -0.163294 0.108260 -0.016329 -0.185758 0.109395 -0.013662 -0.186650 0.100802 -0.009931 -0.179996 0.093689 -0.009488 -0.186790 0.094187 -0.012636 -0.155321 0.089206 -0.008437 -0.157554 0.082659 -0.014692 -0.143786 0.085034 -0.017775 -0.152811 0.097223 -0.019250 -0.140061 0.093046 -0.025104 -0.122398 0.096284 -0.032543 -0.104344 0.103345 -0.035631 -0.103485 0.115543 -0.035865 -0.102122 0.128603 -0.034009 -0.100342 0.140632 -0.030111 -0.097336 0.152431 -0.025425 -0.094853 0.162996 -0.020187 -0.092593 0.173757 -0.015676 -0.092135 0.183485 -0.011296 -0.086751 0.196086 -0.010930 -0.072902 0.201122 -0.008657 -0.083131 0.213977 -0.009576 -0.095169 0.212843 -0.014309 -0.107050 0.179280 -0.017986 -0.108033 0.170802 -0.023298 -0.110425 0.158897 -0.027372 -0.111834 0.150499 -0.031569 -0.114383 0.138138 -0.033052 -0.116719 0.128298 -0.032187 -0.119133 0.114230 -0.029442 -0.120690 0.105152 -0.014564 -0.121717 0.170359 -0.023304 -0.122256 0.152468 -0.030327 -0.126501 0.132676 -0.027684 -0.133038 0.108875 -0.020319 -0.139695 0.149073 -0.026434 -0.143229 0.133518 -0.026200 -0.147944 0.116911 -0.022683 -0.150823 0.106786 -0.014756 -0.135024 0.162442 -0.009869 -0.133054 0.174105 -0.008937 -0.123149 0.181485 -0.005993 -0.138761 0.185811 -0.009615 -0.143214 0.180840 -0.010020 -0.116323 0.183796 -0.007542 -0.129040 0.195288 -0.010364 -0.134224 0.191538 -0.006576 -0.143730 0.206702 -0.009353 -0.147566 0.200495 -0.003371 -0.157892 0.216350 -0.004498 -0.163002 0.208333 -0.005691 -0.152008 0.193293 -0.007846 -0.155269 0.187099 -0.004214 -0.168153 0.191450 -0.004075 -0.165176 0.200584 -0.004321 -0.168088 0.182983 -0.007579 -0.157281 0.182173 -0.006565 -0.159644 0.176230 -0.004602 -0.166303 0.173695 -0.002390 -0.154816 0.166407 -0.006602 -0.153426 0.170584 -0.007593 -0.152331 0.164448 -0.009183 -0.143459 0.169654 -0.006899 -0.147536 0.176917 -0.012653 -0.145809 0.160020 -0.011483 -0.153952 0.157206 -0.005739 -0.163519 0.160280 -0.002390 -0.164170 0.161352 -0.004219 -0.176931 0.158921 -0.002390 -0.176414 0.159704 -0.009173 -0.166346 0.155395 -0.008829 -0.177652 0.154198 -0.018179 -0.149142 0.147755 -0.017191 -0.155005 0.146695 -0.023545 -0.153224 0.133755 -0.022266 -0.157953 0.133743 -0.023195 -0.161480 0.119504 -0.014403 -0.167915 0.145826 -0.018664 -0.170378 0.133990 -0.020209 -0.172877 0.120530 -0.012264 -0.179662 0.146293 -0.015751 -0.181881 0.134540 -0.017344 -0.184044 0.120759 -0.007875 -0.190861 0.155861 -0.003667 -0.189277 0.160515 -0.004028 -0.201306 0.163687 -0.002390 -0.201243 0.164652 -0.002390 -0.215789 0.170612 -0.004196 -0.216248 0.169768 -0.002390 -0.189094 0.161203 -0.007860 -0.203568 0.158169 -0.008000 -0.218527 0.162713 -0.002390 -0.231102 0.178990 -0.003646 -0.231227 0.178545 -0.003327 -0.243940 0.186873 -0.002390 -0.244270 0.187948 -0.007226 -0.248914 0.175410 -0.007696 -0.234688 0.168767 -0.002390 -0.254402 0.193033 -0.003190 -0.254963 0.192824 -0.002390 -0.267430 0.199736 -0.003323 -0.267831 0.198838 -0.006507 -0.261205 0.181904 -0.006373 -0.276202 0.186420 -0.002390 -0.280173 0.206192 -0.003323 -0.280095 0.205433 -0.002956 -0.293304 0.205073 -0.002390 -0.293327 0.205776 -0.005537 -0.288341 0.191297 -0.003920 -0.300700 0.192732 -0.002390 -0.301785 0.193414 -0.010329 -0.251852 0.160562 -0.009771 -0.236806 0.155545 -0.009506 -0.253778 0.142655 -0.010277 -0.238758 0.139857 -0.009211 -0.253846 0.124211 -0.010574 -0.239341 0.123021 -0.009853 -0.221309 0.151525 -0.010626 -0.223449 0.137439 -0.011837 -0.208316 0.135826 -0.010335 -0.206177 0.148695 -0.011120 -0.224722 0.121505 -0.012730 -0.210065 0.120177 -0.013359 -0.195056 0.135166 -0.010956 -0.192992 0.147415 -0.014797 -0.197099 0.120451 -0.008367 -0.268917 0.145420 -0.009708 -0.266795 0.166247 -0.006960 -0.284140 0.147140 -0.008206 -0.285028 0.124209 -0.008548 -0.268923 0.124696 -0.007568 -0.281390 0.169910 -0.005085 -0.300314 0.148046 -0.005692 -0.295108 0.176083 -0.003499 -0.306606 0.181166 -0.004493 -0.317001 0.148913 -0.006688 -0.301446 0.121991 -0.004591 -0.322052 0.113654 -0.002390 -0.308284 0.181642 -0.002390 -0.320004 0.149234 -0.002390 -0.325373 0.111853 -0.004460 -0.318544 0.095824 -0.002390 -0.321134 0.095294 -0.005966 -0.313063 0.079376 -0.007280 -0.296766 0.083220 -0.005919 -0.307099 0.069712 -0.007566 -0.291898 0.073227 -0.006897 -0.299492 0.101092 -0.002390 -0.315995 0.077774 -0.002390 -0.310466 0.067954 -0.006943 -0.287418 0.064995 -0.002390 -0.303764 0.060457 -0.009244 -0.283161 0.103636 -0.008567 -0.278758 0.087455 -0.010039 -0.267384 0.105933 -0.009758 -0.263998 0.089863 -0.008420 -0.275066 0.077336 -0.008631 -0.261051 0.081384 -0.007588 -0.271844 0.068572 -0.008166 -0.258339 0.073437 -0.002390 -0.268352 0.063411 -0.002390 -0.255976 0.068594 -0.010677 -0.253099 0.106813 -0.010209 -0.251010 0.092227 -0.009784 -0.238197 0.094750 -0.009089 -0.248642 0.084782 -0.009603 -0.236700 0.087588 -0.009922 -0.239127 0.107464 -0.008022 -0.235675 0.082108 -0.008362 -0.246466 0.077894 -0.002390 -0.244906 0.073844 -0.002390 -0.234664 0.078554 -0.011319 -0.224717 0.107778 -0.011076 -0.223334 0.096397 -0.011640 -0.210932 0.098054 -0.009631 -0.209895 0.093309 -0.009909 -0.223044 0.090900 -0.012621 -0.210832 0.108325 -0.012332 -0.198842 0.099538 -0.014384 -0.198380 0.108854 -0.009324 -0.198403 0.093916 -0.006356 -0.209449 0.089628 -0.006076 -0.198303 0.091176 -0.002390 -0.199573 0.089544 -0.002390 -0.209111 0.087634 -0.002390 -0.222327 0.083041 -0.007824 -0.222496 0.086851 -0.005033 -0.188419 0.091228 -0.004347 -0.180369 0.090711 -0.002390 -0.180817 0.090244 -0.002390 -0.189800 0.090699 -0.002390 -0.171314 0.089143 -0.002390 -0.176612 0.086842 -0.002390 -0.188480 0.081450 -0.002390 -0.194063 0.073371 -0.002390 -0.193837 0.061751 -0.002390 -0.189200 0.043643 -0.002390 -0.185099 0.034428 -0.002390 -0.180593 0.027393 -0.002390 -0.176691 0.022763 -0.002390 -0.171940 0.017368 -0.002390 -0.160212 0.010218 -0.002390 -0.147894 0.006383 -0.002390 -0.138632 0.006918 -0.002390 -0.123799 0.009293 -0.002390 -0.109700 0.018666 -0.002390 -0.093312 0.024881 -0.002390 -0.085104 0.031526 -0.001664 0.075906 0.005293 -0.002323 0.076409 0.005030 -0.001101 0.081597 0.007978 -0.001623 0.082747 0.008207 -0.000344 0.077526 0.014837 0.000036 0.066908 0.007038 -0.001625 0.068242 0.000620 -0.002440 0.062435 -0.000878 -0.000503 0.091365 0.015678 -0.000555 0.089401 0.021988 0.000874 0.079213 0.026236 0.000963 0.072062 0.020257 0.001222 0.069308 0.028917 0.000781 0.070896 0.035915 0.001469 0.086334 0.034672 0.001727 0.072452 0.040796 0.000842 0.091272 0.041928 0.015652 0.073338 0.046629 0.015800 0.094089 0.048083 0.029416 0.093572 0.060178 0.028483 0.072749 0.057510 0.039237 0.090770 0.073358 0.038899 0.071547 0.071020 0.046656 0.070538 0.085658 0.046470 0.089022 0.087173 0.051372 0.070544 0.100879 0.050892 0.088911 0.101198 0.051689 0.052857 0.100807 0.046675 0.052341 0.085038 0.046523 0.035393 0.084691 0.051649 0.034989 0.101582 0.038468 0.052460 0.069615 0.037835 0.034625 0.068939 0.027711 0.053249 0.056253 0.026427 0.034779 0.055432 0.015315 0.054286 0.045857 0.011824 0.033762 0.044300 0.002928 0.058279 0.040533 0.002872 0.057297 0.040527 0.000284 0.030553 0.040690 0.053380 0.071349 0.114729 0.053075 0.089714 0.115056 0.053508 0.073519 0.130578 0.053245 0.091589 0.129891 0.051162 0.076652 0.147629 0.051061 0.057853 0.148855 0.046050 0.061793 0.166303 0.046300 0.080878 0.165090 0.051150 0.094251 0.145773 0.046015 0.098554 0.162841 0.039158 0.085175 0.181069 0.038871 0.102909 0.178351 0.030455 0.089386 0.194501 0.030270 0.106795 0.191451 0.019976 0.093328 0.205466 0.020138 0.110224 0.202480 0.030298 0.123834 0.187495 0.020723 0.126916 0.198357 0.021224 0.144113 0.193265 0.030400 0.141066 0.182524 0.038467 0.137411 0.169923 0.038580 0.120017 0.174466 0.042493 0.132843 0.155960 0.045259 0.115762 0.160251 0.048810 0.129245 0.141888 0.050034 0.111874 0.144009 0.021083 0.161428 0.186857 0.029880 0.158531 0.176396 0.019744 0.178653 0.178573 0.029800 0.176458 0.169118 0.037752 0.155126 0.164102 0.037318 0.173145 0.157473 0.043770 0.151224 0.151521 0.043076 0.169373 0.145259 0.048118 0.147678 0.137662 0.047131 0.165313 0.132548 0.030230 0.194882 0.161390 0.020330 0.197641 0.169095 0.030422 0.212977 0.153311 0.022355 0.218837 0.158030 0.030415 0.239005 0.141269 0.022352 0.240653 0.149007 0.037180 0.191506 0.150341 0.036885 0.210048 0.142900 0.035115 0.227966 0.135349 0.040623 0.206180 0.130807 0.037293 0.224754 0.122785 0.042856 0.187718 0.138549 0.041780 0.201480 0.118952 0.043407 0.182568 0.126144 0.038407 0.221064 0.111161 0.012669 0.199542 0.176936 0.012012 0.180944 0.186889 0.011376 0.163558 0.194756 0.010973 0.146262 0.201378 0.010302 0.129140 0.206194 0.008173 0.112897 0.210738 0.008304 0.097630 0.211963 0.007823 0.085595 0.213420 0.017931 0.075453 0.208321 0.029967 0.071158 0.196367 0.038762 0.066330 0.182617 0.020175 0.056458 0.206627 0.030066 0.052967 0.195781 0.038244 0.047148 0.182439 0.045394 0.042272 0.166605 0.050344 0.039616 0.149568 0.053627 0.055149 0.132071 0.053208 0.038011 0.133033 0.008660 0.070160 0.213330 0.009685 0.056215 0.212788 0.006425 0.078927 0.214390 0.002752 0.080940 0.215645 0.003473 0.089589 0.214843 0.001319 0.085253 0.220027 -0.000012 0.091968 0.216172 0.002843 0.099154 0.214086 -0.002390 0.098268 0.215081 0.002065 0.113790 0.211967 -0.002390 0.114341 0.212567 -0.001124 0.094411 0.224415 -0.002390 0.099674 0.225643 -0.002390 0.099494 0.226447 -0.002390 0.094330 0.226571 0.002794 0.129281 0.208563 -0.002390 0.129201 0.209435 -0.002349 0.146936 0.204931 0.003689 0.146911 0.204294 -0.002131 0.164277 0.198635 0.004204 0.164387 0.198108 -0.001822 0.181089 0.191393 0.004905 0.181691 0.190286 -0.001086 0.199312 0.180712 0.005565 0.200106 0.179551 -0.000043 0.219873 0.169547 0.006402 0.219973 0.168327 0.001015 0.239298 0.157785 0.007002 0.239745 0.156546 0.013327 0.219755 0.165528 0.013871 0.240401 0.153776 0.023204 0.256527 0.140871 0.014066 0.257246 0.145539 0.020527 0.274551 0.131279 0.030183 0.253152 0.134687 0.026598 0.273021 0.124811 0.016765 0.290144 0.122015 0.022903 0.285189 0.117450 0.027729 0.279021 0.112095 0.031336 0.266913 0.119290 0.034844 0.250178 0.124935 0.020751 0.294837 0.110906 0.014603 0.302278 0.113816 0.023643 0.286966 0.105259 0.018259 0.300883 0.106161 0.013668 0.306619 0.109999 0.022073 0.293339 0.099700 0.013083 0.275984 0.135043 0.010204 0.293140 0.125246 0.008650 0.307710 0.115607 0.008170 0.310572 0.112950 0.023600 0.286787 0.092340 0.026467 0.280332 0.098417 0.029227 0.274314 0.091022 0.024652 0.279180 0.085051 0.025786 0.273842 0.081251 0.029474 0.268455 0.084260 0.026007 0.270564 0.079373 0.026248 0.266645 0.078335 0.027978 0.263091 0.078737 0.032933 0.260719 0.089172 0.030492 0.257065 0.081588 0.031598 0.266134 0.097614 0.029847 0.272531 0.105306 0.032539 0.248792 0.086665 0.032854 0.251048 0.095527 0.034872 0.234118 0.092005 0.037067 0.238038 0.102994 0.034665 0.256157 0.104996 0.033545 0.262447 0.113496 0.037026 0.242530 0.114069 0.030189 0.246470 0.085706 0.031618 0.249046 0.085887 0.026559 0.254632 0.081158 0.028914 0.255695 0.080960 0.024006 0.260652 0.078989 0.026382 0.261897 0.078127 0.024697 0.266242 0.077900 0.022055 0.265669 0.078132 0.023919 0.270344 0.079657 0.021914 0.270493 0.079604 0.024158 0.274034 0.081570 0.022579 0.274782 0.081578 0.023817 0.279415 0.085009 0.023239 0.279743 0.084827 0.022173 0.286255 0.091208 0.022793 0.286359 0.091810 0.019513 0.292965 0.098462 0.020614 0.293140 0.098980 0.016035 0.299391 0.104985 0.014363 0.298424 0.103910 0.010520 0.302969 0.107324 0.011867 0.304567 0.108421 0.006999 0.307781 0.109780 0.007543 0.309118 0.110956 0.015323 0.299946 0.102884 0.020913 0.297640 0.095135 0.016847 0.303396 0.100234 0.023338 0.288452 0.088567 0.022804 0.280919 0.084332 0.012228 0.305189 0.106273 0.013324 0.308789 0.104034 0.010239 0.308183 0.108175 0.010698 0.311605 0.106799 0.006681 0.311550 0.110201 0.006382 0.315066 0.109175 0.002222 0.313411 0.111405 0.002697 0.316734 0.110631 -0.002390 0.314882 0.112396 -0.002390 0.317738 0.111270 0.004835 0.312048 0.098011 -0.002390 0.312032 0.095434 0.007197 0.307930 0.092697 -0.002390 0.308175 0.090512 -0.002390 0.302390 0.084819 0.009612 0.301189 0.086231 -0.002390 0.293258 0.078200 0.010214 0.291966 0.079744 -0.002390 0.287242 0.074940 0.009549 0.285634 0.076138 -0.002390 0.274196 0.069995 0.010437 0.273690 0.072107 0.012577 0.261134 0.069396 -0.002390 0.257309 0.065008 0.015076 0.250238 0.067945 -0.002390 0.245435 0.062050 0.012086 0.238357 0.062477 0.021181 0.240886 0.070938 0.020409 0.226845 0.065846 0.026998 0.229138 0.075625 0.026762 0.212190 0.070702 0.031768 0.214910 0.081863 0.032335 0.194368 0.076994 0.037025 0.195164 0.088834 0.038596 0.176074 0.082778 0.041113 0.176652 0.096247 0.041779 0.159396 0.087531 0.044912 0.160369 0.101387 0.046011 0.142915 0.089137 0.048221 0.142804 0.103101 0.049971 0.126369 0.090300 0.050346 0.124194 0.101352 0.037757 0.141123 0.076065 0.041285 0.122439 0.080028 0.047762 0.119101 0.090891 0.050421 0.106650 0.101930 0.046344 0.105919 0.089218 0.040107 0.108962 0.076710 0.033907 0.159033 0.073476 0.027180 0.139799 0.062714 0.023286 0.159027 0.060837 0.031509 0.116679 0.065199 0.015833 0.118105 0.050369 0.013043 0.141804 0.051742 0.008888 0.160029 0.052807 0.030168 0.176355 0.070050 0.018808 0.176714 0.058622 -0.002390 0.177238 0.051807 0.024270 0.194217 0.065920 0.013886 0.194243 0.058169 -0.002390 0.196877 0.054698 0.016230 0.211667 0.061440 -0.001993 0.212386 0.056575 0.009480 0.225938 0.059723 -0.002390 0.227445 0.059245 -0.002433 0.234836 0.059778 -0.002390 0.159345 0.050001 -0.002390 0.147393 0.048619 0.000599 0.119070 0.041499 -0.002390 0.120464 0.041034 -0.002390 0.115016 0.034176 -0.000547 0.108986 0.032195 -0.000182 0.101027 0.021838 -0.002228 0.101211 0.021267 -0.001844 0.091592 0.014459 -0.002390 -0.055225 0.228357 -0.002390 -0.062471 0.232721 -0.003933 -0.063212 0.232640 -0.002390 -0.069296 0.236278 -0.003753 -0.070626 0.236429 -0.008714 -0.073758 0.221013 -0.006899 -0.085971 0.232990 -0.003221 -0.087571 0.241609 -0.002390 -0.086852 0.242113 -0.007693 -0.087503 0.219947 -0.009577 -0.101471 0.219401 -0.005121 -0.096749 0.232076 -0.007902 -0.107619 0.231865 -0.004083 -0.104202 0.244163 -0.003491 -0.114632 0.244531 -0.002390 -0.114776 0.244843 -0.002390 -0.103109 0.245566 -0.003845 -0.122195 0.242909 -0.002390 -0.122788 0.243463 -0.003889 -0.129642 0.240451 -0.005693 -0.125932 0.231962 -0.007785 -0.115422 0.231892 -0.006730 -0.134416 0.230689 -0.003846 -0.142264 0.234583 -0.004067 -0.147411 0.229978 -0.007057 -0.136000 0.220427 -0.007368 -0.122689 0.217797 -0.008263 -0.110948 0.218167 -0.002390 -0.129318 0.241469 -0.002390 -0.141023 0.235711 -0.002390 -0.147004 0.230826 -0.009996 -0.107985 0.209556 -0.009836 -0.120522 0.201980 -0.009502 -0.107893 0.189264 -0.009998 -0.099282 0.192161 -0.008488 -0.139214 0.214908 -0.004411 -0.153103 0.225004 -0.002390 -0.157192 0.218187 -0.002390 -0.163238 0.209501 -0.002390 -0.165278 0.201981 -0.002390 -0.167720 0.193017 -0.002390 -0.169452 0.184507 -0.002390 -0.166871 0.174500 -0.002390 -0.153444 0.225277 -0.009122 -0.148111 0.074177 -0.006856 -0.165242 0.074463 -0.009065 -0.160896 0.063012 -0.008265 -0.150771 0.050498 -0.008098 -0.137875 0.039278 -0.009678 -0.119672 0.037861 -0.010254 -0.099005 0.043924 -0.008173 -0.082607 0.046823 -0.002390 -0.283923 0.060005 -0.002390 -0.298480 0.059408 0.004488 0.297413 0.127847 -0.001526 0.296619 0.127621 0.000095 0.277848 0.137999 0.006239 0.277826 0.137374 0.001061 0.258242 0.147931 0.007307 0.257208 0.147473 0.003878 0.310341 0.116421 -0.002369 0.311132 0.117360 -0.002390 0.313738 0.114431 0.003116 0.312651 0.113678 -0.002390 0.312615 0.112743 0.002965 0.311116 0.111778 -0.002390 0.311495 0.111743 0.002864 0.309928 0.110672 0.037828 0.218839 0.099688 0.041098 0.198882 0.106534 0.044087 0.178440 0.112315 0.048714 0.161672 0.118461 0.049857 0.144980 0.123645 0.050961 0.127182 0.127113 0.052385 0.109361 0.128967 0.052321 0.125731 0.114611 0.049964 0.143866 0.112692 0.046246 0.160756 0.108391 0.052428 0.107843 0.115194 0.042567 0.177991 0.103196 0.039271 0.197212 0.096966 0.035170 0.217133 0.090021 0.031541 0.231867 0.083820 0.026928 0.243726 0.079154 0.022434 0.252299 0.075141 0.019354 0.259563 0.073802 0.018054 0.264761 0.074177 0.018421 0.273381 0.076994 0.018644 0.282526 0.080536 0.018346 0.290838 0.084225 0.016415 0.299490 0.090182 0.013326 0.305764 0.096228 0.010221 0.310676 0.101593 -0.002390 0.093440 0.229748 -0.000985 0.092104 0.229598 -0.000988 0.092132 0.234169 -0.002390 0.093629 0.234254 -0.001005 0.092566 0.238824 -0.002390 0.093959 0.238900 -0.001458 0.093093 0.241754 -0.002390 0.093872 0.242570 -0.002390 0.092864 0.242534 -0.001411 0.092701 0.241632 -0.001418 0.092212 0.241436 -0.002390 0.092036 0.241873 -0.001275 0.089804 0.239459 -0.002390 0.089846 0.239635 -0.002390 0.087653 0.237707 -0.001003 0.087771 0.237652 -0.002390 0.086645 0.237912 -0.001152 0.086154 0.237081 -0.001232 0.084745 0.239756 -0.002390 0.084628 0.241881 -0.001263 0.081788 0.245990 -0.002390 0.082487 0.246184 -0.001424 0.076690 0.254635 -0.002390 0.076792 0.255621 -0.001567 0.072562 0.262212 -0.002390 0.072519 0.263138 -0.001711 0.067460 0.270951 -0.002390 0.067936 0.270806 -0.002390 0.062010 0.280166 -0.001879 0.061688 0.280214 -0.000157 0.086905 0.233838 -0.000475 0.090215 0.235721 -0.000793 0.091328 0.239169 0.000361 0.081207 0.232428 -0.000482 0.071405 0.223185 0.002539 0.069964 0.216088 -0.000385 0.056934 0.223832 0.002807 0.057268 0.216032 -0.000835 0.072972 0.240325 0.001027 0.058820 0.234841 -0.000197 0.050100 0.231279 -0.000005 0.054982 0.246483 -0.000773 0.069329 0.256481 -0.000125 0.050741 0.253840 -0.000614 0.064049 0.269789 -0.001911 0.047406 0.261767 -0.001467 0.058826 0.275635 -0.002390 0.057317 0.274155 -0.002390 0.058511 0.277562 -0.001872 0.058663 0.277339 -0.001742 0.058269 0.280016 -0.002390 0.058208 0.279834 -0.002390 0.056936 0.282516 -0.001820 0.057027 0.282633 -0.002390 0.047909 0.261982 -0.002390 0.044446 0.262803 -0.001983 0.044312 0.262978 -0.002390 0.042099 0.264860 -0.001924 0.042062 0.264774 -0.001946 0.039808 0.267439 -0.002390 0.039709 0.267505 -0.002091 0.037865 0.269457 -0.002390 0.037811 0.269648 -0.002236 0.037279 0.269803 -0.002390 0.036974 0.270285 -0.002342 0.037030 0.269859 -0.002390 0.036744 0.270265 -0.002390 0.038524 0.266552 -0.001927 0.038570 0.266706 -0.001862 0.039983 0.263536 -0.002390 0.039870 0.263591 -0.001908 0.041508 0.259955 -0.002390 0.041704 0.259381 -0.001693 0.041840 0.257287 -0.002390 0.041546 0.257117 -0.002390 0.040045 0.251856 -0.001379 0.040222 0.251668 -0.000179 0.042864 0.243582 -0.001554 0.039408 0.245938 -0.000293 0.033984 0.239728 -0.001606 0.032554 0.242146 0.000121 0.040734 0.228185 0.000463 0.045330 0.220047 -0.000480 0.035701 0.216930 0.003942 0.045812 0.215272 0.004957 0.030820 0.214115 0.010149 0.044287 0.212144 0.012112 0.028570 0.211192 0.020828 0.042165 0.205327 0.021024 0.025361 0.203353 0.029793 0.038429 0.194645 0.029300 0.021771 0.193053 0.037999 0.033855 0.181501 0.036753 0.017896 0.180075 0.044496 0.028732 0.166299 0.043021 0.013549 0.165473 0.049506 0.026022 0.149709 0.047875 0.010317 0.149352 0.052250 0.024028 0.133283 0.050588 0.007472 0.132954 0.052788 0.022144 0.117491 0.050902 0.005412 0.117527 0.050780 0.020899 0.101791 0.049089 0.004800 0.102376 0.044035 0.003773 0.085690 0.045662 0.020621 0.084886 0.036656 0.019947 0.068811 0.034494 0.003083 0.068702 0.024667 0.019562 0.054798 0.021383 0.002031 0.054209 0.008728 0.018113 0.043834 0.006707 0.001033 0.045676 -0.002342 0.007186 0.042617 -0.001489 0.018294 0.041567 0.048501 -0.009224 0.132602 0.045881 -0.006201 0.148746 0.044094 -0.020509 0.148006 0.039459 -0.017791 0.163348 0.038114 -0.028451 0.162138 0.032243 -0.026571 0.175249 0.030274 -0.042138 0.172744 0.024102 -0.039133 0.183791 0.025627 -0.024119 0.186420 0.017845 -0.035995 0.193302 0.018695 -0.021195 0.195885 0.016787 -0.053207 0.190281 0.022194 -0.056297 0.180554 0.035989 -0.044533 0.160381 0.042701 -0.030728 0.147379 0.040318 -0.047185 0.146302 0.027965 -0.059486 0.170002 0.033131 -0.062588 0.158168 0.037611 -0.065177 0.144847 0.045275 -0.033349 0.131970 0.042864 -0.049305 0.131514 0.039840 -0.067052 0.130695 0.012192 -0.032307 0.201919 0.011670 -0.017291 0.204093 0.011919 -0.049921 0.198808 0.005835 -0.028547 0.207095 0.004803 -0.014639 0.207763 0.000351 -0.026341 0.210518 0.000098 -0.013431 0.211194 0.004827 -0.045904 0.213897 0.005825 -0.046881 0.205399 0.042915 -0.049836 0.116822 0.039913 -0.068263 0.116298 0.040180 -0.051706 0.101373 0.036952 -0.069074 0.101128 0.033993 -0.052066 0.085444 0.036844 -0.037878 0.085276 0.042854 -0.036438 0.101513 0.030206 -0.068841 0.085664 0.026635 -0.039754 0.069179 0.023601 -0.052295 0.069271 0.019761 -0.066725 0.068884 0.010251 -0.050991 0.055267 0.013321 -0.040163 0.055542 0.002805 -0.057335 0.051548 0.002573 -0.053754 0.051980 0.038849 -0.027093 0.085199 0.044733 -0.025545 0.101762 0.045409 -0.035111 0.116944 0.047070 -0.024228 0.117065 0.046582 -0.022868 0.132170 0.015019 -0.030783 0.054759 0.028798 -0.029017 0.068880 -0.000094 -0.063081 0.046995 0.001574 -0.064605 0.047456 -0.000062 -0.071557 0.039111 0.001262 -0.072089 0.041919 0.001037 -0.084055 0.035230 -0.000144 -0.084255 0.032105 0.000928 -0.094206 0.029487 -0.000714 -0.093669 0.025601 0.000652 -0.107338 0.022521 -0.000150 -0.107524 0.019284 0.001586 -0.121399 0.014450 -0.000634 -0.122988 0.010125 0.002599 -0.133221 0.012081 -0.000449 -0.136471 0.006116 0.002732 -0.140211 0.011866 0.000095 -0.146542 0.006695 0.003227 -0.151638 0.016193 0.001933 -0.158276 0.010958 0.003698 -0.164489 0.021535 0.001592 -0.170143 0.017920 0.003198 -0.169782 0.026506 0.001506 -0.175630 0.022809 0.002915 -0.173516 0.031407 0.001254 -0.179385 0.027687 0.000175 -0.184581 0.035002 0.002029 -0.178517 0.039613 -0.000023 -0.188396 0.043437 0.001777 -0.182534 0.047105 -0.001771 -0.193496 0.060120 0.002371 -0.186441 0.061981 -0.001731 -0.193921 0.073439 0.001559 -0.186271 0.075601 -0.001958 -0.188160 0.081497 0.000982 -0.181342 0.082175 -0.001202 -0.176230 0.086210 0.000958 -0.174654 0.085100 -0.000433 -0.170219 0.089389 0.000990 -0.165064 0.086942 0.005543 -0.172778 0.093229 0.006343 -0.164546 0.092390 0.013349 -0.164859 0.098464 0.011680 -0.176062 0.098834 0.015831 -0.174835 0.109188 0.018540 -0.162551 0.109055 0.013614 -0.186413 0.109341 0.010831 -0.187102 0.099657 0.005151 -0.179996 0.093689 0.004708 -0.186790 0.094187 0.007856 -0.155321 0.089206 0.003657 -0.157554 0.082659 0.009913 -0.143786 0.085034 0.014769 -0.153025 0.096386 0.016095 -0.140319 0.092243 0.013147 -0.130064 0.080026 0.022337 -0.122163 0.095804 0.015320 -0.107012 0.075327 0.005077 -0.126187 0.064141 0.005846 -0.106852 0.060425 0.017573 -0.085702 0.071425 0.005158 -0.081140 0.056835 0.004755 -0.139229 0.069508 0.026695 -0.086820 0.087106 0.033226 -0.086718 0.101533 0.036546 -0.086094 0.115780 0.036735 -0.084720 0.129705 0.034410 -0.082781 0.143060 0.030316 -0.080483 0.155779 0.025266 -0.077019 0.166913 0.019878 -0.074050 0.177299 0.014873 -0.071359 0.187295 0.011533 -0.066943 0.195547 0.005888 -0.061004 0.203216 0.004605 -0.067706 0.215283 -0.000970 -0.055245 0.228158 -0.000784 -0.046825 0.223002 -0.000651 -0.028035 0.211722 -0.002390 -0.028988 0.212067 -0.002390 -0.025818 0.211480 -0.001104 -0.025818 0.211036 -0.002390 -0.046306 0.223039 -0.001657 -0.017576 0.215505 -0.002390 -0.017400 0.216185 -0.000668 -0.015149 0.217984 -0.002390 -0.015912 0.218856 -0.002390 -0.011249 0.217846 -0.000870 -0.011624 0.217443 -0.001218 -0.003943 0.219052 -0.002390 -0.003766 0.219491 -0.002390 0.002271 0.222817 -0.001502 0.002642 0.222345 -0.002390 0.002920 0.226000 -0.001660 0.002730 0.226530 -0.002390 0.002834 0.228396 -0.001237 0.002719 0.228118 -0.001330 0.004148 0.228424 -0.002390 0.004200 0.228476 -0.001539 0.009183 0.226398 -0.002390 0.009714 0.226423 -0.001515 0.014288 0.227679 -0.002390 0.015015 0.227884 -0.001258 0.021121 0.231458 -0.002390 0.021283 0.232207 -0.000654 0.026863 0.236112 -0.002390 0.025825 0.237731 -0.001319 0.026247 0.241642 -0.002390 0.026113 0.241864 -0.001430 0.024334 0.246803 -0.002390 0.023960 0.247191 -0.002390 0.025175 0.247306 -0.001367 0.025101 0.247120 -0.001468 0.029972 0.243309 -0.002390 0.030288 0.243417 -0.002390 0.031700 0.243589 -0.000217 0.017005 0.222293 0.000187 0.008643 0.221642 0.000970 0.017586 0.215006 0.001046 0.009443 0.213117 0.005637 0.011665 0.211764 0.001059 -0.003412 0.211160 0.005428 -0.003977 0.209193 0.012189 -0.006267 0.205832 0.019591 -0.009151 0.198013 0.026735 -0.012156 0.188140 0.033493 -0.014614 0.177013 0.020478 0.006298 0.200763 0.012553 0.009174 0.208480 0.035096 0.000102 0.178333 0.028154 0.003053 0.190465 -0.000110 0.027090 0.215367 -0.000154 0.025156 0.223741 0.041225 -0.002757 0.164485 -0.000388 0.032418 0.225823 -0.002390 0.037308 0.247370 -0.002390 0.059321 0.284082 -0.002390 0.057934 0.286101 -0.001961 0.057630 0.285991 -0.001930 0.059181 0.283783 -0.002390 0.057222 0.286628 -0.001945 0.056527 0.286265 -0.002390 0.056124 0.286091 -0.002014 0.056186 0.285423 -0.002390 0.055998 0.285366 -0.001910 0.060133 0.282428 -0.002390 0.060453 0.282433 0.053842 0.053440 0.116295 0.053667 0.036531 0.117163 -0.002390 -0.041318 0.050002 0.003623 -0.040876 0.052122 -0.002390 -0.033704 0.048670 0.004239 -0.032592 0.050989 -0.002390 -0.052708 0.049973 -0.002390 -0.061871 0.045872 -0.002390 -0.071489 0.039083 -0.002390 -0.085104 0.031526 -0.002390 -0.093312 0.024881 -0.002390 -0.109700 0.018666 -0.002390 -0.123799 0.009293 -0.002390 -0.138632 0.006918 -0.002390 -0.147894 0.006383 -0.002390 -0.160212 0.010218 -0.002390 -0.171940 0.017368 -0.002390 -0.176691 0.022763 -0.002390 -0.180593 0.027393 -0.002390 -0.185099 0.034428 -0.002390 -0.189200 0.043643 -0.002390 -0.193837 0.061751 -0.002390 -0.194063 0.073371 -0.002390 -0.188480 0.081450 -0.002390 -0.176612 0.086842 -0.002390 -0.171314 0.089143 -0.000433 -0.180369 0.090711 0.000254 -0.188419 0.091228 -0.002390 -0.180817 0.090244 -0.002390 -0.189800 0.090699 0.004545 -0.198403 0.093916 0.009777 -0.198956 0.099257 0.004851 -0.209895 0.093309 0.009062 -0.211077 0.097976 0.006296 -0.223334 0.096397 0.005129 -0.223044 0.090900 0.010101 -0.211293 0.108677 0.011778 -0.198743 0.109053 0.006539 -0.224717 0.107778 0.001576 -0.209449 0.089628 0.001297 -0.198303 0.091176 -0.002390 -0.199573 0.089544 -0.002390 -0.209111 0.087634 -0.002390 -0.222327 0.083041 0.003044 -0.222496 0.086851 0.005004 -0.238197 0.094750 0.006535 -0.239148 0.107528 0.007701 -0.253032 0.107174 0.005430 -0.251010 0.092227 0.004309 -0.248642 0.084782 0.004823 -0.236700 0.087588 0.003242 -0.235675 0.082108 0.003582 -0.246466 0.077894 -0.002390 -0.244906 0.073844 -0.002390 -0.234664 0.078554 0.004978 -0.263998 0.089863 0.007285 -0.267364 0.106419 0.003788 -0.278758 0.087455 0.003641 -0.275066 0.077336 0.003851 -0.261051 0.081384 0.006611 -0.282961 0.104548 0.002808 -0.271844 0.068572 0.003386 -0.258339 0.073437 -0.002390 -0.268352 0.063411 -0.002390 -0.255976 0.068594 0.004389 -0.299984 0.101168 0.002501 -0.296766 0.083220 -0.000319 -0.318544 0.095824 0.001186 -0.313063 0.079376 0.001139 -0.307099 0.069712 0.002787 -0.291898 0.073227 -0.002390 -0.321134 0.095294 -0.002390 -0.315995 0.077774 -0.002390 -0.310466 0.067954 -0.002390 -0.303764 0.060457 0.002163 -0.287418 0.064995 -0.002390 -0.283923 0.060005 -0.002390 -0.325373 0.111853 -0.000189 -0.322052 0.113654 -0.002390 -0.320004 0.149234 -0.000287 -0.317001 0.148913 0.003899 -0.301833 0.122038 0.002673 -0.299977 0.148371 -0.001281 -0.306606 0.181166 0.000912 -0.295108 0.176083 -0.002390 -0.308284 0.181642 0.004555 -0.281002 0.169195 0.004618 -0.283564 0.146882 0.006502 -0.266219 0.164513 0.005536 -0.267938 0.144791 0.005667 -0.284238 0.124652 0.006434 -0.268451 0.125096 0.006728 -0.251347 0.159779 0.006004 -0.253076 0.142319 0.006657 -0.236571 0.155116 0.006285 -0.238325 0.139700 0.006914 -0.253580 0.124497 0.007136 -0.239163 0.123329 0.007322 -0.221495 0.151367 0.008081 -0.223496 0.137462 0.009150 -0.209063 0.135826 0.007784 -0.206663 0.148636 0.010051 -0.210656 0.122082 0.008586 -0.224730 0.122288 0.010685 -0.195518 0.135121 0.008434 -0.193389 0.147147 0.012162 -0.197541 0.121815 0.005300 -0.204058 0.158852 0.005198 -0.191099 0.156534 -0.000752 -0.201306 0.163687 -0.001112 -0.189277 0.160515 -0.002390 -0.201243 0.164652 -0.002390 -0.215789 0.170612 -0.000584 -0.216248 0.169768 -0.002390 -0.189094 0.161203 0.005343 -0.218668 0.162935 -0.002390 -0.231102 0.178990 -0.001723 -0.231227 0.178545 -0.001905 -0.243940 0.186873 -0.002390 -0.244270 0.187948 0.004940 -0.247720 0.175094 0.005150 -0.233600 0.168738 -0.001590 -0.254963 0.192824 -0.002390 -0.254402 0.193033 -0.002390 -0.267430 0.199736 -0.001456 -0.267831 0.198838 0.004657 -0.260905 0.180803 0.003611 -0.275842 0.186356 -0.001877 -0.280095 0.205433 -0.002390 -0.280173 0.206192 -0.001823 -0.293304 0.205073 -0.002390 -0.293327 0.205776 0.000757 -0.288341 0.191297 -0.000860 -0.300700 0.192732 -0.002390 -0.301785 0.193414 0.005265 -0.018943 0.049331 -0.002390 -0.020979 0.046543 -0.002390 -0.003589 0.043839 0.017404 -0.015713 0.053754 0.031344 -0.014871 0.068614 0.041221 -0.013403 0.085553 0.046966 -0.011781 0.102365 0.048861 -0.010413 0.117386 0.001416 0.065175 0.016522 0.001458 0.065790 0.022637 0.000691 0.053868 0.015647 0.001241 0.053682 0.019355 0.000613 0.053877 0.013327 0.002129 0.054161 0.023870 0.002637 0.055370 0.032064 -0.001195 0.056947 0.002472 -0.001996 0.059160 0.000186 -0.002169 0.059168 0.000179 -0.002636 0.062431 -0.000873 -0.002106 0.069018 0.000735 -0.001360 0.056927 0.002355 0.000455 0.053711 0.013889 0.000495 0.053868 0.015643 0.001079 0.053679 0.019383 0.001869 0.054205 0.024014 0.002546 0.055154 0.031981 0.002702 0.058277 0.040533 -0.002390 -0.055225 0.228357 -0.002390 -0.062471 0.232721 -0.000846 -0.063212 0.232640 -0.002390 -0.069296 0.236278 -0.001027 -0.070626 0.236429 0.003935 -0.073758 0.221013 0.002120 -0.085971 0.232990 -0.001558 -0.087571 0.241609 -0.002390 -0.086852 0.242113 0.003877 -0.083131 0.213977 0.006151 -0.072902 0.201122 0.006516 -0.086751 0.196086 0.004796 -0.095169 0.212843 0.011701 -0.091584 0.186113 0.017252 -0.091791 0.174525 0.022656 -0.094129 0.163707 0.027283 -0.097398 0.153227 0.031573 -0.099330 0.141167 0.033422 -0.101219 0.128727 0.033184 -0.102812 0.115332 0.029835 -0.104018 0.102868 0.023757 -0.105249 0.090139 0.015211 -0.107319 0.171264 0.009530 -0.107050 0.179280 0.024526 -0.111790 0.151327 0.020721 -0.109076 0.159888 0.005218 -0.099282 0.192161 0.004723 -0.107893 0.189264 0.005216 -0.107985 0.209556 0.005056 -0.120522 0.201980 0.012268 -0.119859 0.170304 0.020870 -0.121315 0.153143 0.028980 -0.114007 0.138800 0.030576 -0.115639 0.128651 0.029783 -0.118134 0.114348 0.026964 -0.119929 0.105054 0.027838 -0.125791 0.133250 0.025230 -0.132322 0.108915 0.017850 -0.137360 0.150008 0.024002 -0.141595 0.134305 0.024117 -0.146624 0.118021 0.020768 -0.149379 0.107380 0.015299 -0.148975 0.148682 0.007873 -0.145809 0.160020 0.006704 -0.153952 0.157206 0.002814 -0.152331 0.164448 0.004403 -0.143459 0.169654 0.001823 -0.153426 0.170584 0.002119 -0.147536 0.176917 0.000959 -0.163519 0.160280 -0.002390 -0.154816 0.166407 -0.002390 -0.164170 0.161352 -0.000561 -0.176931 0.158921 -0.002390 -0.176414 0.159704 0.006133 -0.166577 0.156090 0.005709 -0.178498 0.155228 0.001785 -0.159644 0.176230 -0.000178 -0.166303 0.173695 -0.000459 -0.168088 0.182983 0.002800 -0.157281 0.182173 0.013905 -0.156505 0.147554 0.011505 -0.168610 0.146372 0.019104 -0.159249 0.134793 0.020667 -0.153211 0.135097 0.021091 -0.159475 0.123608 0.015739 -0.171084 0.134615 0.017598 -0.172910 0.122072 0.009740 -0.180571 0.146455 0.013005 -0.182466 0.134955 0.014658 -0.184973 0.121743 0.001213 -0.138761 0.185811 0.004836 -0.143214 0.180840 0.005089 -0.133054 0.174105 0.004157 -0.123149 0.181485 0.000911 -0.152008 0.193293 0.003066 -0.155269 0.187099 -0.000566 -0.168153 0.191450 -0.000705 -0.165176 0.200584 0.005241 -0.116323 0.183796 0.002762 -0.129040 0.195288 0.005585 -0.134224 0.191538 0.001796 -0.143730 0.206702 0.004573 -0.147566 0.200495 -0.001409 -0.157892 0.216350 -0.000282 -0.163002 0.208333 0.011483 -0.135153 0.163449 -0.002390 -0.163238 0.209501 -0.002390 -0.157192 0.218187 -0.002390 -0.165278 0.201981 -0.002390 -0.167720 0.193017 -0.002390 -0.169452 0.184507 -0.002390 -0.166871 0.174500 -0.000368 -0.153103 0.225004 -0.002390 -0.153444 0.225277 0.003708 -0.139214 0.214908 0.002589 -0.122689 0.217797 0.003484 -0.110948 0.218167 0.003005 -0.115422 0.231892 0.000914 -0.125932 0.231962 -0.000935 -0.122195 0.242909 -0.000890 -0.129642 0.240451 0.001950 -0.134416 0.230689 -0.000933 -0.142264 0.234583 -0.000712 -0.147411 0.229978 0.002277 -0.136000 0.220427 -0.002390 -0.122788 0.243463 -0.002390 -0.129318 0.241469 -0.002390 -0.141023 0.235711 -0.002390 -0.147004 0.230826 -0.002390 -0.114776 0.244843 -0.001289 -0.114632 0.244531 -0.000697 -0.104202 0.244163 0.003122 -0.107619 0.231865 0.000342 -0.096749 0.232076 0.004798 -0.101471 0.219401 0.002913 -0.087503 0.219947 -0.002390 -0.103109 0.245566 0.004342 -0.148111 0.074177 0.002076 -0.165242 0.074463 0.004286 -0.160896 0.063012 0.003485 -0.150771 0.050498 0.003319 -0.137875 0.039278 0.004898 -0.119672 0.037861 0.005475 -0.099005 0.043924 0.003393 -0.082607 0.046823 -0.002390 -0.298480 0.059408 -0.049327 0.142299 0.103352 -0.048564 0.142921 0.100188 -0.053608 0.136677 0.100732 -0.053307 0.136278 0.106500 -0.057624 0.129291 0.103358 -0.056469 0.129855 0.109342 -0.060556 0.120025 0.106188 -0.059769 0.120526 0.113057 -0.062945 0.112135 0.108421 -0.062627 0.113126 0.114721 -0.064790 0.105417 0.110334 -0.064156 0.107348 0.116525 -0.067044 0.097330 0.118650 -0.067430 0.095739 0.112574 -0.068525 0.091375 0.120030 -0.069446 0.088549 0.114024 -0.069602 0.087079 0.120716 -0.070676 0.083458 0.115114 -0.070988 0.079546 0.121954 -0.073290 0.076202 0.112811 -0.071801 0.075289 0.121799 -0.073682 0.073035 0.114384 -0.072699 0.071916 0.121100 -0.072739 0.069388 0.118623 -0.065256 0.104274 0.106480 -0.068176 0.095288 0.108271 -0.070647 0.087481 0.110053 -0.071873 0.082791 0.110946 -0.073397 0.068858 0.116784 -0.070175 0.079331 0.122043 -0.071103 0.075115 0.121734 -0.068647 0.086832 0.121405 -0.067504 0.091184 0.120655 -0.065783 0.097103 0.119497 -0.063181 0.107158 0.117409 -0.061278 0.112954 0.115808 -0.059029 0.120219 0.113392 -0.055448 0.129687 0.109813 -0.052304 0.135969 0.107170 -0.048367 0.142017 0.103784 -0.046758 0.142763 0.099101 -0.048165 0.142918 0.097266 -0.046472 0.142657 0.097333 -0.052221 0.136810 0.098387 -0.057150 0.128675 0.100223 -0.060291 0.119575 0.102647 -0.062955 0.111519 0.104737 -0.046216 0.142551 0.095676 -0.047208 0.142951 0.095074 -0.045605 0.142261 0.091683 -0.047093 0.142417 0.091371 -0.046486 0.141975 0.087933 -0.052295 0.135728 0.091762 -0.051236 0.134138 0.086230 -0.056129 0.127201 0.093152 -0.055977 0.125832 0.085486 -0.059893 0.118171 0.094060 -0.059971 0.116850 0.086425 -0.062909 0.109830 0.096007 -0.063222 0.108150 0.087623 -0.066006 0.100074 0.089877 -0.065829 0.102001 0.097733 -0.068590 0.090892 0.093902 -0.069104 0.092765 0.100383 -0.071201 0.086063 0.101991 -0.071037 0.083654 0.097791 -0.072159 0.082518 0.102531 -0.072583 0.073563 0.099198 -0.073314 0.072234 0.102271 -0.072276 0.072130 0.101998 -0.071727 0.073524 0.099234 -0.072996 0.076993 0.093927 -0.071606 0.080675 0.088533 -0.069919 0.088675 0.087742 -0.070216 0.087019 0.081568 -0.066914 0.097163 0.081676 -0.066738 0.094930 0.075456 -0.062569 0.104394 0.072880 -0.063098 0.106761 0.079201 -0.058722 0.113354 0.072962 -0.058985 0.115899 0.079560 -0.053757 0.124073 0.073970 -0.054538 0.125132 0.081122 -0.050689 0.131922 0.077097 -0.050812 0.133048 0.082043 -0.048564 0.137100 0.080008 -0.046605 0.140491 0.083687 -0.046579 0.137117 0.080584 -0.045467 0.139500 0.083095 -0.049528 0.130458 0.076804 -0.069106 0.086490 0.081326 -0.064722 0.094482 0.075550 -0.052428 0.123034 0.074381 -0.057229 0.112064 0.072656 -0.060991 0.103490 0.073098 -0.045096 0.141309 0.085969 -0.045968 0.136864 0.084888 -0.045602 0.138091 0.088040 -0.046665 0.138927 0.091697 -0.047114 0.138814 0.095318 -0.047297 0.139520 0.098221 -0.048244 0.139688 0.102635 -0.051493 0.134701 0.105942 -0.054311 0.128458 0.107775 -0.057444 0.119892 0.111044 -0.059919 0.111779 0.112976 -0.061602 0.106610 0.114932 -0.064624 0.096379 0.116176 -0.066323 0.090578 0.117612 -0.067514 0.086382 0.118829 -0.069294 0.079786 0.120462 -0.070285 0.074961 0.119665 -0.071992 0.071417 0.120820 -0.071931 0.069228 0.118384 -0.072249 0.068692 0.116328 -0.073703 0.068368 0.115039 -0.073231 0.069290 0.111292 -0.072713 0.068708 0.114552 -0.072100 0.069350 0.110138 -0.073842 0.070773 0.106422 -0.072735 0.071329 0.103987 -0.071120 0.081631 0.106812 -0.069900 0.086031 0.106339 -0.067367 0.094503 0.104381 -0.064677 0.102957 0.102254 -0.062287 0.110860 0.100091 -0.059538 0.119254 0.097422 -0.056571 0.127991 0.095919 -0.051652 0.136438 0.094469 -0.070355 0.080549 0.088357 -0.071764 0.077004 0.093456 -0.070541 0.074692 0.099870 -0.070971 0.073563 0.102172 -0.071666 0.072335 0.104376 -0.071391 0.069978 0.110362 -0.071568 0.069788 0.115583 -0.070903 0.070473 0.117132 -0.070454 0.072414 0.118430 -0.070261 0.078064 0.093957 -0.069081 0.081651 0.089354 -0.067257 0.086761 0.083101 -0.063965 0.094933 0.076956 -0.060105 0.103767 0.075074 -0.056085 0.112579 0.075052 -0.052317 0.121613 0.076761 -0.049135 0.128970 0.078680 -0.046536 0.134414 0.081966 -0.051493 0.134701 0.105942 -0.047297 0.139520 0.098221 -0.048244 0.139688 0.102635 -0.047114 0.138814 0.095318 -0.054311 0.128458 0.107775 -0.046665 0.138927 0.091697 -0.045602 0.138091 0.088040 -0.045968 0.136864 0.084888 -0.046536 0.134414 0.081966 -0.049135 0.128970 0.078680 -0.052317 0.121613 0.076761 -0.057444 0.119892 0.111044 -0.056085 0.112579 0.075052 -0.059919 0.111779 0.112976 -0.060105 0.103767 0.075074 -0.063965 0.094933 0.076956 -0.061602 0.106610 0.114932 -0.067257 0.086761 0.083101 -0.064624 0.096379 0.116176 -0.069081 0.081651 0.089354 -0.070261 0.078064 0.093957 -0.066323 0.090578 0.117612 -0.070541 0.074692 0.099870 -0.070971 0.073563 0.102172 -0.071666 0.072335 0.104376 -0.067514 0.086382 0.118829 -0.071391 0.069978 0.110362 -0.069294 0.079786 0.120462 -0.070285 0.074961 0.119665 -0.071568 0.069788 0.115583 -0.070454 0.072414 0.118430 -0.070903 0.070473 0.117132 0.048828 0.136677 0.100732 0.043785 0.142921 0.100188 0.044547 0.142299 0.103352 0.048527 0.136278 0.106500 0.052845 0.129291 0.103358 0.051689 0.129855 0.109342 0.055776 0.120025 0.106188 0.054989 0.120526 0.113057 0.058165 0.112135 0.108421 0.057847 0.113126 0.114721 0.060010 0.105417 0.110334 0.059376 0.107348 0.116525 0.062264 0.097330 0.118650 0.062651 0.095739 0.112574 0.063745 0.091375 0.120030 0.064666 0.088549 0.114024 0.064822 0.087079 0.120716 0.065897 0.083458 0.115114 0.066208 0.079546 0.121954 0.068510 0.076202 0.112811 0.067022 0.075289 0.121799 0.068902 0.073035 0.114384 0.067919 0.071916 0.121100 0.067959 0.069388 0.118623 0.060476 0.104274 0.106480 0.058175 0.111519 0.104737 0.055511 0.119575 0.102647 0.052371 0.128675 0.100223 0.047442 0.136810 0.098387 0.043385 0.142918 0.097266 0.041978 0.142763 0.099101 0.043587 0.142017 0.103784 0.041693 0.142657 0.097333 0.047524 0.135969 0.107170 0.050668 0.129687 0.109813 0.054249 0.120219 0.113392 0.056498 0.112954 0.115808 0.058401 0.107158 0.117409 0.061003 0.097103 0.119497 0.062724 0.091184 0.120655 0.063868 0.086832 0.121405 0.065395 0.079331 0.122043 0.066324 0.075115 0.121734 0.067213 0.071417 0.120820 0.067152 0.069228 0.118384 0.068617 0.068858 0.116784 0.067470 0.068692 0.116328 0.068923 0.068368 0.115039 0.068451 0.069290 0.111292 0.067933 0.068708 0.114552 0.067321 0.069350 0.110138 0.069062 0.070773 0.106422 0.067955 0.071329 0.103987 0.068535 0.072234 0.102271 0.067496 0.072130 0.101998 0.067804 0.073563 0.099198 0.067379 0.082518 0.102531 0.066947 0.073524 0.099234 0.066257 0.083654 0.097791 0.066421 0.086063 0.101991 0.063811 0.090892 0.093902 0.064324 0.092765 0.100383 0.061050 0.102001 0.097733 0.061227 0.100074 0.089877 0.058129 0.109830 0.096007 0.058443 0.108150 0.087623 0.055191 0.116850 0.086425 0.055114 0.118171 0.094060 0.051198 0.125832 0.085486 0.051350 0.127201 0.093152 0.046456 0.134138 0.086230 0.047516 0.135728 0.091762 0.041706 0.141975 0.087933 0.042313 0.142417 0.091371 0.040825 0.142261 0.091683 0.040317 0.141309 0.085969 0.065139 0.088675 0.087742 0.066826 0.080675 0.088533 0.068217 0.076993 0.093927 0.065436 0.087019 0.081568 0.062134 0.097163 0.081676 0.061958 0.094930 0.075456 0.057790 0.104394 0.072880 0.058319 0.106761 0.079201 0.053942 0.113354 0.072962 0.054205 0.115899 0.079560 0.048977 0.124073 0.073970 0.049758 0.125132 0.081122 0.045910 0.131922 0.077097 0.046032 0.133048 0.082043 0.043784 0.137100 0.080008 0.041825 0.140491 0.083687 0.041799 0.137117 0.080584 0.040687 0.139500 0.083095 0.044748 0.130458 0.076804 0.064327 0.086490 0.081326 0.059942 0.094482 0.075550 0.047649 0.123034 0.074381 0.052449 0.112064 0.072656 0.056212 0.103490 0.073098 0.065575 0.080549 0.088357 0.066985 0.077004 0.093456 0.065761 0.074692 0.099870 0.066191 0.073563 0.102172 0.066886 0.072335 0.104376 0.066611 0.069978 0.110362 0.066788 0.069788 0.115583 0.066123 0.070473 0.117132 0.065675 0.072414 0.118430 0.065506 0.074961 0.119665 0.064514 0.079786 0.120462 0.062734 0.086382 0.118829 0.061543 0.090578 0.117612 0.059844 0.096379 0.116176 0.056822 0.106610 0.114932 0.055140 0.111779 0.112976 0.052664 0.119892 0.111044 0.049531 0.128458 0.107775 0.046713 0.134701 0.105942 0.043465 0.139688 0.102635 0.042518 0.139520 0.098221 0.041437 0.142551 0.095676 0.042428 0.142951 0.095074 0.046872 0.136438 0.094469 0.051792 0.127991 0.095919 0.054759 0.119254 0.097422 0.057508 0.110860 0.100091 0.059897 0.102957 0.102254 0.062588 0.094503 0.104381 0.065120 0.086031 0.106339 0.066340 0.081631 0.106812 0.063396 0.095288 0.108271 0.065867 0.087481 0.110053 0.067093 0.082791 0.110946 0.041188 0.136864 0.084888 0.041756 0.134414 0.081966 0.040822 0.138091 0.088040 0.041885 0.138927 0.091697 0.042334 0.138814 0.095318 0.044355 0.128970 0.078680 0.047538 0.121613 0.076761 0.051305 0.112579 0.075052 0.055325 0.103767 0.075074 0.059185 0.094933 0.076956 0.062477 0.086761 0.083101 0.064301 0.081651 0.089354 0.065481 0.078064 0.093957 0.042518 0.139520 0.098221 0.046713 0.134701 0.105942 0.043465 0.139688 0.102635 0.042334 0.138814 0.095318 0.049531 0.128458 0.107775 0.041885 0.138927 0.091697 0.040822 0.138091 0.088040 0.041188 0.136864 0.084888 0.041756 0.134414 0.081966 0.044355 0.128970 0.078680 0.047538 0.121613 0.076761 0.052664 0.119892 0.111044 0.051305 0.112579 0.075052 0.055140 0.111779 0.112976 0.055325 0.103767 0.075074 0.059185 0.094933 0.076956 0.056822 0.106610 0.114932 0.062477 0.086761 0.083101 0.059844 0.096379 0.116176 0.064301 0.081651 0.089354 0.065481 0.078064 0.093957 0.061543 0.090578 0.117612 0.065761 0.074692 0.099870 0.066191 0.073563 0.102172 0.066886 0.072335 0.104376 0.062734 0.086382 0.118829 0.066611 0.069978 0.110362 0.064514 0.079786 0.120462 0.065506 0.074961 0.119665 0.066788 0.069788 0.115583 0.065675 0.072414 0.118430 0.066123 0.070473 0.117132 " />
							<Normal vector="-0.213629 0.503453 0.837196 -0.291462 0.498931 0.816161 -0.141699 0.464091 0.874380 -0.207956 0.470428 0.857585 -0.037807 0.464882 0.884565 -0.126709 0.459519 0.879083 -0.319529 0.651839 0.687755 -0.191480 0.648734 0.736532 -0.186730 0.977284 0.100244 -0.278464 0.959904 -0.032268 -0.076178 0.760486 -0.644870 -0.133926 0.719854 -0.681083 -0.348735 0.857047 0.379281 -0.451828 0.799700 0.395388 -0.186318 0.685722 -0.703612 -0.705661 0.691906 0.152673 -0.068628 0.554292 -0.829488 -0.809182 0.581860 -0.081624 -0.026786 0.653035 -0.756854 -0.723616 0.689009 -0.040576 -0.768284 0.618130 -0.166296 -0.190002 0.734664 -0.651282 -0.250853 0.722302 -0.644479 -0.904641 0.386627 -0.179288 -0.358003 0.589333 -0.724238 -0.759764 0.399154 -0.513260 -0.488373 0.368227 -0.791139 -0.043391 0.493914 -0.868427 -0.762002 0.051258 0.645543 -0.919818 0.389338 0.048495 -0.874333 0.435778 0.213635 -0.971050 0.180190 -0.156822 -0.864402 0.253259 -0.434361 -0.418872 0.302557 -0.856158 0.045146 0.385443 -0.921627 -0.386836 0.171732 -0.906017 -0.028648 0.153075 -0.987799 -0.360679 -0.109199 -0.926275 -0.114067 -0.195732 -0.974001 -0.328516 -0.363296 -0.871833 -0.540623 -0.144730 -0.828722 -0.536644 -0.294845 -0.790620 -0.736279 -0.051260 -0.674734 -0.871835 -0.104308 -0.478564 -0.945339 0.094570 -0.312075 -0.985934 0.102289 -0.132181 -0.979319 0.150781 -0.134907 -0.779294 -0.066577 -0.623112 -0.662162 0.083403 -0.744705 -0.901011 0.278524 -0.332571 -0.478958 0.249022 -0.841776 -0.386918 0.371937 -0.843776 -0.445769 0.526129 -0.724209 -0.930779 0.341784 -0.129745 -0.555560 0.567016 -0.608149 -0.599946 0.657139 -0.456326 -0.922932 0.384961 -0.001489 -0.934627 0.350497 0.060206 -0.729988 0.590207 -0.344634 -0.873185 0.403057 0.274032 -0.813487 0.409270 0.413203 -0.635464 0.440730 0.633990 -0.728341 0.397783 0.557932 -0.559188 0.421348 0.713985 -0.902610 0.384261 0.194007 -0.873288 0.341631 0.347357 -0.493385 0.443885 0.748022 -0.741345 0.355424 0.569281 -0.910071 0.236763 0.340167 -0.716794 0.493551 0.492559 -0.602938 0.717999 -0.347769 -0.588231 0.772583 -0.238954 -0.311688 0.451524 0.836048 -0.410591 0.441923 0.797571 -0.463740 0.469446 0.751376 -0.542332 0.551130 0.634139 -0.488390 0.872601 0.006498 -0.946801 0.321070 0.021939 -0.968324 0.247267 -0.034762 -0.978756 0.190816 -0.075010 -0.943068 0.289385 0.163947 -0.985336 0.114798 -0.126235 -0.981344 0.145887 0.125227 -0.122513 0.491427 0.862259 -0.039883 0.492770 0.869245 -0.135398 0.482535 0.865348 -0.227111 0.473930 0.850771 -0.161731 0.483404 0.860328 -0.265953 0.476197 0.838156 -0.194028 0.450093 0.871647 -0.290283 0.428414 0.855685 -0.164810 0.367985 0.915109 -0.304113 0.352395 0.885061 -0.203532 0.283912 0.937000 -0.313134 0.280897 0.907218 -0.162739 0.228849 0.959763 -0.288085 0.221156 0.931717 -0.153577 0.180414 0.971527 -0.259093 0.177913 0.949325 -0.545036 0.291808 0.785992 -0.290244 0.145591 0.945813 -0.760006 0.312904 0.569633 -0.525029 0.169552 0.834024 -0.948591 0.275853 0.155180 -0.972909 0.230756 0.014135 -0.970397 0.175284 0.166150 -0.732445 0.536652 0.418962 -0.884207 0.459269 0.085144 -0.696739 0.711209 0.093471 -0.892043 0.450286 -0.038752 -0.725281 0.687025 -0.044316 -0.888613 0.458256 0.019176 -0.700847 0.712738 -0.028601 -0.858378 0.321974 0.399399 -0.770897 0.437617 0.462828 -0.967916 0.084148 0.236767 -0.711243 0.006846 0.702913 -0.481843 0.058560 0.874298 -0.499630 0.113965 0.858710 -0.668306 0.095095 0.737783 -0.678899 0.139636 0.720832 -0.799857 0.122669 0.587521 -0.792508 0.076419 0.605054 -0.883991 0.100019 0.456679 -0.884634 0.051315 0.463454 -0.941150 0.075447 0.329461 -0.942953 0.030147 0.331558 -0.980554 0.046849 0.190574 -0.980787 0.014617 0.194531 -0.813954 0.137924 0.564318 -0.696869 0.164002 0.698195 -0.711630 0.214236 0.669093 -0.820259 0.181905 0.542296 -0.890037 0.148337 0.431080 -0.887554 0.118465 0.445212 -0.941653 0.114555 0.316492 -0.940515 0.099823 0.324756 -0.975447 0.089333 0.201303 -0.976436 0.085473 0.198158 -0.716050 0.258544 0.648404 -0.821822 0.214568 0.527797 -0.714171 0.280958 0.641110 -0.815792 0.218195 0.535607 -0.886604 0.178238 0.426808 -0.883231 0.168395 0.437660 -0.935619 0.140090 0.324025 -0.939552 0.139283 0.312797 -0.975326 0.124351 0.182418 -0.973773 0.102134 0.203307 -0.667956 0.308856 0.677084 -0.799600 0.220347 0.558648 -0.795428 0.254227 0.550148 -0.627026 0.347765 0.697063 -0.758874 0.316219 0.569313 -0.521184 0.404264 0.751623 -0.912519 0.226136 0.340841 -0.899466 0.197733 0.389696 -0.891464 0.169123 0.420343 -0.968284 0.155154 0.195839 -0.976542 0.162645 0.141114 -0.956950 0.135030 0.256932 -0.990630 0.134296 0.024832 -0.985039 0.129157 0.114094 -0.993440 0.113988 -0.009146 -0.414557 0.431529 0.801202 -0.461951 0.421834 0.780165 -0.512802 0.377806 0.770906 -0.545649 0.305348 0.780403 -0.536622 0.252591 0.805130 -0.520220 0.196336 0.831158 -0.485864 0.163905 0.858528 -0.318001 0.455418 0.831547 -0.980093 0.085410 -0.179227 -0.983893 0.113203 -0.138348 -0.988314 0.130231 -0.079214 -0.992188 0.120677 0.031630 -0.990411 0.092528 0.102587 -0.986919 0.084010 0.137597 -0.995878 0.048747 0.076490 -0.998337 0.028136 0.050317 -0.998560 0.013356 0.051949 -0.977258 -0.005446 0.211983 -0.939908 -0.007565 0.341345 -0.879940 -0.000469 0.475084 -0.784979 0.014494 0.619353 -0.648658 0.030182 0.760482 -0.673759 -0.025080 0.738525 -0.793078 -0.035639 0.608076 -0.878637 -0.040871 0.475738 -0.996786 -0.001606 0.080091 -0.502942 0.008031 0.864283 -0.519127 -0.006830 0.854670 -0.443269 0.029332 0.895909 -0.719101 -0.007217 0.694869 -0.717163 0.008506 0.696854 -0.991187 -0.008944 0.132170 -0.983642 -0.011711 0.179756 -0.994000 -0.013824 0.108506 -0.986908 0.065992 0.147163 -0.994927 0.092237 0.040155 -0.741967 -0.273437 0.612141 -0.630000 -0.516621 0.579831 -0.059361 -0.235410 0.970082 -0.087838 -0.687628 0.720730 -0.388438 -0.583071 0.713544 -0.735689 -0.361989 0.572474 -0.603583 -0.221340 0.765961 -0.865790 -0.107091 0.488815 -0.490731 0.378004 0.785045 -0.912805 0.091899 0.397922 -0.860697 0.436113 0.262690 -0.575085 0.735872 0.357447 -0.860603 0.443279 0.250730 -0.531068 0.743962 0.405570 -0.851788 0.453785 0.261794 -0.511362 0.746081 0.426464 -0.806558 0.516210 0.288082 -0.463754 0.764020 0.448561 -0.763646 0.533878 0.363069 -0.437397 0.767654 0.468392 -0.429860 0.755750 0.494027 -0.829381 0.458321 0.319482 -0.982743 -0.038674 0.180889 -0.996403 0.079190 0.030180 -0.984450 0.089581 0.151104 -0.995055 -0.061450 0.078038 -0.870013 -0.105404 0.481629 -0.927752 -0.323127 0.186720 -0.335895 -0.758446 0.558511 -0.329769 -0.942650 -0.051603 -0.730659 -0.681932 0.033256 -0.816905 -0.547476 -0.181484 -0.162109 -0.952597 -0.257449 -0.217507 -0.905502 -0.364359 -0.782255 -0.587558 -0.207010 0.239566 -0.565074 0.789493 0.168217 0.467320 0.867938 -0.675698 0.411172 0.611858 -0.160535 0.692358 0.703469 -0.783251 0.436723 0.442483 -0.678515 0.525782 0.513002 0.048565 0.730849 0.680809 -0.828321 0.290068 0.479316 -0.458337 0.503397 0.732475 -0.965751 -0.052897 0.254021 -0.984952 -0.010481 0.172510 -0.908155 -0.407518 -0.095835 -0.994977 -0.079781 0.060469 -0.224263 -0.889526 -0.398057 -0.789148 -0.570418 -0.227746 -0.771980 -0.582261 -0.254988 -0.150091 -0.903918 -0.400505 -0.741889 -0.640279 -0.199106 0.093075 -0.979773 -0.177148 -0.806060 -0.572982 0.148186 -0.344406 -0.921325 0.180402 -0.233627 -0.891168 0.388894 -0.759062 -0.596764 0.260187 -0.931608 -0.300105 0.205045 -0.948302 -0.266367 0.172543 -0.993071 -0.089596 0.076043 -0.982363 -0.081330 0.168369 -0.868996 0.043584 0.492896 -0.803899 0.207988 0.557215 -0.999533 0.006142 0.029942 -0.997868 0.042015 0.049941 -0.999929 -0.011868 0.001222 -0.999769 -0.021426 -0.001407 -0.953785 -0.069701 0.292294 -0.999558 -0.027751 0.010646 -0.859373 -0.075999 0.505670 -0.610974 -0.056778 0.789612 -0.432788 -0.080158 0.897925 -0.538640 -0.044796 0.841345 -0.579557 -0.080156 0.810980 -0.690265 -0.057609 0.721259 -0.708549 -0.092178 0.699615 -0.797147 -0.064651 0.600314 -0.808204 -0.110510 0.578441 -0.877998 -0.083052 0.471403 -0.876697 -0.118729 0.466160 -0.930965 -0.088947 0.354108 -0.935894 -0.044668 0.349440 -0.972748 -0.046604 0.227134 -0.967738 -0.087527 0.236267 -0.925728 -0.114742 0.360363 -0.963392 -0.114844 0.242253 -0.994368 -0.043844 0.096483 -0.990642 -0.085768 0.106170 -0.986821 -0.120450 0.108056 -0.998112 -0.043127 -0.043726 -0.995567 -0.087165 -0.035349 -0.992224 -0.119769 -0.033881 -0.981452 -0.040744 -0.187328 -0.979152 -0.085448 -0.184282 -0.928759 -0.037890 -0.368742 -0.928862 -0.085524 -0.360417 -0.976027 -0.116873 -0.183609 -0.923353 -0.123421 -0.363575 -0.826471 -0.083019 -0.556825 -0.827495 -0.030950 -0.560619 -0.817910 -0.128526 -0.560807 -0.675240 -0.074797 -0.733796 -0.661168 -0.116665 -0.741112 -0.421469 -0.080633 -0.903251 -0.425479 -0.136801 -0.894569 -0.278109 -0.104605 -0.954837 -0.225566 -0.067194 -0.971908 -0.991000 -0.129601 -0.033508 -0.970694 -0.137715 -0.196947 -0.987930 -0.146966 -0.048945 -0.984243 -0.139479 0.108677 -0.981820 -0.159800 0.102441 -0.953832 -0.160465 0.253882 -0.959184 -0.141220 0.244994 -0.911574 -0.172406 0.373242 -0.919276 -0.149736 0.364021 -0.860978 -0.180490 0.475543 -0.865491 -0.155148 0.476293 -0.820949 -0.172340 0.544373 -0.805753 -0.156100 0.571310 -0.799364 -0.144731 0.583155 -0.741562 -0.137954 0.656548 -0.841503 -0.155721 0.517323 -0.838667 -0.194047 0.508904 -0.857208 -0.202369 0.473542 -0.902269 -0.189947 0.387080 -0.948056 -0.183523 0.259824 -0.978650 -0.176947 0.104563 -0.758792 -0.100164 0.643586 -0.638820 -0.112066 0.761151 -0.833257 -0.114594 0.540879 -0.686323 0.026953 0.726797 -0.522274 -0.082142 0.848812 -0.818436 -0.073522 0.569875 -0.523965 0.073021 0.848604 -0.928620 0.122173 0.350342 -0.934831 -0.054144 0.350941 -0.984847 -0.161822 -0.062378 -0.982088 -0.174598 -0.070841 -0.962505 -0.155944 -0.221957 -0.955122 -0.168531 -0.243599 -0.902100 -0.161055 -0.400347 -0.881029 -0.188003 -0.434101 -0.942003 -0.190087 -0.276582 -0.869586 -0.195852 -0.453280 -0.793576 -0.169481 -0.584391 -0.776814 -0.192628 -0.599545 -0.788342 -0.162423 -0.593410 -0.581245 -0.153210 -0.799175 -0.636735 -0.131408 -0.759803 -0.743398 0.039239 -0.667697 -0.409941 -0.115061 -0.904826 -0.482813 0.118365 -0.867688 -0.912261 -0.003286 -0.409596 -0.830317 -0.155574 -0.535135 -0.964162 -0.070572 -0.255758 -0.877639 -0.177954 -0.445065 -0.971562 -0.103684 -0.212876 -0.897855 -0.195356 -0.394578 -0.971735 -0.119871 -0.203377 -0.875754 -0.200902 -0.438969 -0.877641 -0.214678 -0.428555 -0.932255 -0.199359 -0.301922 -0.977180 -0.191147 -0.092636 -0.976604 -0.186627 0.106836 -0.943571 -0.195648 0.267200 -0.897238 -0.208665 0.389132 -0.858841 -0.206331 0.468848 -0.852535 -0.195280 0.484819 -0.877079 -0.167603 0.450158 -0.879907 -0.123143 0.458911 -0.948702 -0.048815 0.312382 -0.982646 0.021450 0.184248 -0.606551 0.372708 0.702271 -0.523447 0.438515 0.730553 -0.338911 0.319469 0.884918 0.036139 0.409656 0.911524 -0.286981 -0.097892 0.952921 -0.297997 -0.103921 0.948893 -0.186181 0.516378 0.835877 -0.770650 -0.394794 0.500236 -0.469788 -0.644886 0.602845 -0.791070 -0.217372 0.571802 -0.546580 -0.380720 0.745857 -0.264642 -0.036389 0.963660 -0.764256 0.007602 0.644868 -0.739144 -0.202036 0.642533 -0.279568 -0.359928 0.890109 -0.529221 -0.693407 0.488991 -0.821903 -0.363651 0.438444 0.192289 -0.981273 0.011350 -0.498137 -0.866819 -0.022008 -0.030517 -0.686427 0.726558 -0.706645 -0.617928 0.344701 -0.703934 0.092735 0.704185 -0.065965 0.165995 0.983918 -0.709781 0.022263 0.704071 -0.005382 -0.051351 0.998666 -0.615412 -0.250764 0.747252 0.102807 -0.424028 0.899795 -0.797404 -0.376362 0.471697 -0.435475 -0.572620 0.694599 -0.939188 -0.302002 0.163463 -0.582102 -0.797905 0.156543 -0.780046 -0.625183 -0.025969 -0.097083 -0.980277 -0.172140 -0.695466 -0.669615 0.260657 -0.480800 -0.726974 0.490245 -0.269891 0.217119 0.938093 -0.689035 0.069004 0.721436 -0.177274 0.187087 0.966215 -0.968243 -0.096813 0.230508 -0.984666 -0.018530 0.173461 -0.824734 -0.043151 0.563872 -0.774062 -0.131915 0.619214 -0.467138 -0.138007 0.873348 -0.744702 -0.097295 0.660267 -0.611471 -0.128716 0.780727 -0.725615 -0.139882 0.673732 -0.809451 -0.141951 0.569772 -0.872812 -0.134562 0.469140 -0.923104 -0.131594 0.361333 -0.961451 -0.133225 0.240546 -0.985465 -0.131660 0.107354 -0.786192 0.007094 0.617942 -0.997978 0.003039 0.063483 -0.999883 -0.014994 0.003145 -0.804945 0.018747 0.593053 -0.531697 0.693589 0.486037 -0.860955 0.412951 0.297033 -0.861049 0.319358 0.395735 -0.570491 0.604602 0.555875 -0.624016 0.139323 0.768890 -0.745328 -0.351820 0.566312 -0.440761 -0.768546 0.463753 -0.797775 -0.602917 0.006793 -0.437161 -0.897680 -0.055318 -0.847330 0.428126 0.314228 -0.481892 0.715180 0.506258 -0.719241 0.007367 0.694721 -0.847306 0.503136 0.170081 -0.626667 0.040122 0.778254 -0.753696 0.575847 0.316769 -0.417767 0.098878 0.903157 -0.549246 0.749915 0.368722 -0.256156 0.015367 0.966513 -0.376464 0.804667 0.459115 -0.193322 0.102096 0.975809 -0.220942 0.881949 0.416353 -0.292848 0.865568 -0.406242 -0.151890 0.858661 -0.489520 -0.343692 0.761348 -0.549750 -0.169304 0.731000 -0.661040 -0.159099 0.642634 -0.749472 -0.344574 0.633077 -0.693169 -0.154949 0.525965 -0.836272 -0.331274 0.501979 -0.798921 -0.147528 0.415953 -0.897340 -0.318045 0.385389 -0.866212 -0.170970 0.298424 -0.938995 -0.337872 0.283893 -0.897356 -0.384248 0.234561 -0.892936 -0.229603 0.240874 -0.943007 -0.473651 0.202757 -0.857055 -0.235199 0.231871 -0.943884 -0.397444 0.194267 -0.896827 -0.695939 0.152535 -0.701714 -0.645912 0.133403 -0.751665 -0.816778 0.118541 -0.564643 -0.792995 0.099060 -0.601121 -0.898153 0.087107 -0.430968 -0.870697 0.089486 -0.483610 -0.929711 0.097863 -0.355049 -0.910097 0.072451 -0.408012 -0.955986 0.100840 -0.275539 -0.896453 0.147115 -0.418005 -0.942709 0.170499 -0.286758 -0.885939 0.210635 -0.413214 -0.978112 0.154507 -0.139372 -0.936736 -0.134090 -0.323336 -0.990939 -0.065558 -0.117225 -0.796043 0.094041 -0.597890 -0.807832 -0.007895 -0.589360 -0.895717 -0.203829 -0.395152 -0.974118 -0.017253 -0.225381 -0.925651 0.002189 -0.378373 -0.973529 0.029971 -0.226591 -0.923661 0.043181 -0.380771 -0.975218 0.022688 -0.220080 -0.923914 0.025248 -0.381766 -0.924975 0.002030 -0.380022 -0.978570 -0.001728 -0.205908 -0.844635 0.057092 -0.532290 -0.836756 0.030424 -0.546730 -0.831129 0.001269 -0.556078 -0.729924 0.064510 -0.680477 -0.673104 0.030759 -0.738907 -0.653014 0.006702 -0.757316 -0.676073 -0.035883 -0.735960 -0.537190 0.023466 -0.843135 -0.446540 -0.001621 -0.894762 -0.371407 0.036357 -0.927758 -0.377622 -0.000567 -0.925960 -0.777582 -0.046738 -0.627042 -0.787447 -0.131759 -0.602135 -0.490908 -0.429803 -0.757812 -0.197274 0.001925 -0.980347 -0.235735 -0.030644 -0.971334 -0.991787 -0.083952 -0.096493 -0.981706 -0.181883 -0.056326 -0.997060 -0.076533 0.003872 -0.987314 -0.152028 0.045804 -0.997990 -0.043665 0.045917 -0.979021 -0.151716 0.136016 -0.995211 -0.096123 0.017747 -0.995930 -0.070161 0.056576 -0.996389 -0.080046 0.028315 -0.810158 0.332385 -0.482871 -0.760842 0.315194 -0.567249 -0.674295 0.293339 -0.677701 -0.992562 -0.080282 0.091522 -0.926447 0.205723 -0.315238 -0.571388 0.269118 -0.775300 -0.622897 0.078550 -0.778350 -0.770628 0.066257 -0.633831 -0.852841 0.040654 -0.520586 -0.726015 0.073831 -0.683704 -0.833471 0.067910 -0.548374 -0.686720 0.048183 -0.725324 -0.509666 0.130339 -0.850443 -0.394136 0.090741 -0.914562 -0.807749 0.049421 -0.587452 -0.552565 0.061720 -0.831182 -0.277546 0.104802 -0.954979 -0.718289 0.087423 -0.690230 -0.390655 0.120508 -0.912615 -0.180829 0.132026 -0.974613 -0.510174 0.112294 -0.852709 -0.234901 0.131878 -0.963032 -0.341599 0.123171 -0.931740 -0.130973 0.118288 -0.984304 -0.186395 0.162318 -0.968974 -0.234056 0.105016 -0.966535 -0.298105 0.155778 -0.941736 -0.346366 0.472023 -0.810694 -0.700961 0.473326 -0.533494 -0.458202 0.567745 -0.683898 -0.849357 0.338233 -0.405205 -0.202740 0.571436 -0.795210 0.033562 0.537206 -0.842783 0.274413 0.448421 -0.850657 -0.687351 0.300410 -0.661289 -0.961910 -0.129057 -0.240984 -0.871321 -0.020456 -0.490287 0.085364 0.339228 -0.936823 0.056137 -0.597918 -0.799589 -0.612258 -0.402018 -0.680825 -0.689140 -0.654183 -0.311657 -0.213782 -0.900534 -0.378597 0.139579 -0.960102 -0.242324 -0.252433 -0.966575 0.044836 0.058949 -0.998202 0.010840 -0.696036 -0.709741 0.108636 -0.561792 -0.818088 0.122973 0.092403 -0.995656 -0.011472 -0.091000 -0.985995 0.139761 -0.657940 -0.731445 0.179175 -0.836047 -0.528758 0.146427 -0.637426 -0.737129 0.224340 0.152380 -0.781789 -0.604638 -0.936873 0.076417 -0.341216 -0.964259 0.096942 -0.246592 -0.972372 0.119863 -0.200314 -0.978907 0.148149 -0.140691 -0.993435 0.114250 -0.005805 -0.998946 0.045808 -0.002880 -0.997133 -0.003913 -0.075572 -0.995896 0.026181 -0.086633 -0.996647 0.017529 -0.079923 -0.998381 -0.001506 -0.056864 -0.886623 0.099442 -0.451676 -0.827230 0.135817 -0.545200 -0.738457 0.169444 -0.652664 -0.656819 0.185743 -0.730814 -0.596358 0.229075 -0.769338 -0.600369 0.250182 -0.759583 -0.605495 0.311998 -0.732142 -0.596261 0.452080 -0.663398 -0.601433 0.609724 -0.516251 -0.606872 0.715668 -0.345725 -0.542893 0.783524 -0.302253 -0.339140 -0.155780 -0.927748 -0.422647 -0.154415 -0.893043 -0.428391 -0.140783 -0.892559 -0.605925 -0.151723 -0.780920 -0.808014 -0.148753 -0.570075 -0.911264 -0.148991 -0.383927 -0.413001 -0.152833 -0.897815 -0.355235 -0.060958 -0.932787 -0.400970 0.178310 -0.898570 -0.538803 0.380191 -0.751762 -0.563582 0.401214 -0.722082 -0.070553 0.579273 -0.812075 -0.515361 0.482666 -0.708122 -0.839064 0.257760 -0.479094 -0.940213 0.167650 -0.296469 -0.941505 0.163381 -0.294747 -0.568680 0.413502 -0.711070 -0.937490 0.156078 -0.311049 -0.696054 0.366569 -0.617362 -0.962986 0.139594 -0.230591 -0.553552 0.373733 -0.744247 -0.931564 0.168120 -0.322371 -0.536718 0.368356 -0.759110 -0.956014 0.092738 -0.278275 -0.274331 0.109611 -0.955368 -0.965269 0.004956 -0.261212 -0.582752 -0.070030 -0.809627 -0.988627 0.006209 -0.150260 -0.733203 -0.233855 -0.638533 -0.987332 -0.108346 -0.115917 -0.710398 -0.442257 -0.547488 -0.988658 -0.137208 -0.061070 -0.686081 -0.536079 -0.491845 -0.988671 -0.148823 -0.019524 -0.734107 -0.579431 -0.354044 -0.693790 -0.647722 -0.314819 -0.986135 -0.162509 -0.033600 -0.707611 -0.671619 -0.219578 -0.977932 -0.202725 -0.050516 -0.467087 -0.866030 -0.178385 -0.958023 -0.285338 -0.027831 -0.553358 -0.793024 0.254769 -0.945504 -0.267651 0.185432 -0.556961 -0.500370 0.662891 -0.867721 -0.226158 0.442620 -0.556153 -0.358811 0.749632 -0.886823 -0.218992 0.406924 -0.801065 -0.441543 -0.404146 -0.950312 -0.270061 -0.154836 -0.678072 -0.150958 -0.719326 -0.758231 -0.215584 -0.615313 -0.856855 -0.174273 -0.485210 -0.881648 -0.140372 -0.450548 -0.954914 -0.191381 -0.226964 -0.936914 -0.202161 -0.285172 -0.971578 -0.163638 -0.171052 -0.910472 -0.100922 -0.401067 -0.670565 -0.096937 -0.735490 -0.712308 -0.041759 -0.700623 -0.825998 -0.333242 -0.454618 -0.936167 -0.288369 -0.201086 -0.884220 -0.262486 -0.386338 -0.867948 -0.238791 -0.435482 -0.891358 -0.225623 -0.393159 -0.889639 -0.215941 -0.402382 -0.926277 -0.202828 -0.317603 -0.973702 -0.197886 -0.112892 -0.976359 -0.195553 0.092100 -0.940865 -0.203846 0.270593 -0.892057 -0.218206 0.395753 -0.865587 -0.222684 0.448521 -0.872363 -0.202470 0.444960 -0.890214 -0.190908 0.413609 -0.959388 -0.112845 0.258537 -0.956350 -0.066886 0.284465 -0.991139 -0.015844 0.131881 -0.994888 0.047706 0.089006 -0.888002 -0.210443 0.408860 -0.876246 -0.224388 0.426430 -0.865961 -0.233891 0.442048 -0.882891 -0.243156 0.401720 -0.932740 -0.223114 0.283224 -0.973186 -0.217340 0.075309 -0.963496 -0.237236 -0.124077 -0.919470 -0.219368 -0.326270 -0.877370 -0.235929 0.417803 -0.879515 -0.244282 0.408386 -0.956070 -0.229451 0.182436 -0.945854 -0.218940 -0.239635 -0.875879 -0.239679 0.418795 -0.943076 -0.236839 0.233485 -0.969917 -0.221115 -0.101830 -0.917971 -0.221411 -0.329098 -0.872400 -0.245181 0.422853 -0.938607 -0.134425 0.317721 -0.960465 -0.177835 0.214198 -0.997958 -0.058423 0.025808 -0.987719 -0.033468 0.152612 -0.958014 -0.172484 0.229037 -0.996270 0.009539 0.085761 -0.999030 -0.012153 -0.042333 -0.989838 -0.060234 0.128811 -0.994097 -0.100604 0.040612 -0.754052 -0.546033 0.365040 -0.709323 -0.643242 0.288272 -0.990208 -0.139527 -0.004466 -0.980042 -0.114342 0.162615 -0.614603 -0.764266 0.195346 -0.723483 -0.675561 0.142088 -0.764257 -0.638701 -0.089286 -0.988990 -0.140587 -0.046199 -0.962467 -0.181596 -0.201694 -0.545537 -0.645540 -0.534478 -0.704453 -0.689561 0.168080 -0.904315 -0.403669 -0.138804 -0.793898 -0.451229 0.407577 -0.939048 -0.260667 0.224145 -0.960826 -0.268859 -0.067298 -0.851044 -0.290494 0.437421 -0.822954 -0.270316 0.499676 -0.588263 -0.270839 0.761967 -0.343479 -0.284614 0.894995 -0.575145 -0.014193 0.817928 -0.387188 -0.027247 0.921598 -0.802981 -0.165008 0.572708 -0.825643 -0.047960 0.562150 -0.865630 -0.245845 0.436170 -0.868190 -0.224527 0.442531 -0.934963 -0.247972 0.253679 -0.930976 -0.254090 0.262148 -0.969851 -0.240912 -0.036745 -0.886376 -0.179109 0.426916 -0.938920 -0.234268 0.252087 -0.970613 -0.240334 0.012217 -0.925824 -0.107723 0.362278 -0.958298 -0.186092 0.216875 -0.977249 -0.209320 0.034195 -0.865410 0.052337 0.498323 -0.628769 0.139056 0.765057 -0.685030 0.227283 0.692153 -0.493819 0.287340 0.820718 -0.469829 0.380264 0.796656 -0.722643 0.277482 0.633080 -0.482449 0.164652 0.860310 -0.918404 0.095520 0.383939 -0.949175 0.087565 0.302322 -0.345936 0.488126 0.801287 -0.704856 0.348392 0.617901 -0.818854 0.289449 0.495678 -0.639086 0.373355 0.672440 -0.967294 0.081495 0.240212 -0.962143 0.099051 0.253909 -0.492089 0.404467 0.770879 -0.787584 0.282316 0.547731 -0.720890 0.306999 0.621345 -0.883942 0.202865 0.421298 -0.974805 0.069861 0.211834 -0.989636 -0.004517 0.143526 -0.625794 0.148340 0.765753 -0.829763 0.134214 0.541738 -0.846555 -0.309006 0.433429 -0.754213 -0.269090 0.598960 -0.992182 -0.064007 0.107132 -0.869168 -0.425847 0.251398 -0.652229 -0.656330 0.379248 -0.997789 0.010496 0.065625 -0.996688 0.026884 0.076755 -0.998557 -0.051881 -0.013853 -0.999066 -0.035706 0.024355 -0.997418 -0.062134 0.036011 -0.998907 -0.045783 0.009465 -0.993737 -0.003740 0.111681 -0.997858 -0.046622 0.045895 -0.991530 -0.091253 0.092417 -0.982799 -0.012541 0.184253 -0.997158 -0.072850 0.019196 -0.991093 -0.129399 0.031484 -0.979207 -0.129714 0.155976 -0.959786 -0.044793 0.277137 -0.985845 -0.163209 0.038362 -0.997000 -0.076257 -0.013288 -0.996401 -0.049996 0.068449 -0.994006 -0.108117 0.016206 -0.996078 -0.073360 0.049463 -0.998620 -0.035746 0.038468 -0.991481 -0.121523 0.046873 -0.995966 -0.080824 0.038973 -0.990013 -0.136095 0.036771 -0.928524 -0.342777 0.142645 -0.939677 -0.327186 0.099784 -0.994472 -0.100578 0.030166 -0.931228 -0.364403 0.005025 -0.840246 -0.493971 0.223560 -0.817867 -0.558960 0.136592 -0.837862 -0.544393 -0.040299 -0.922004 -0.379900 -0.074726 -0.778237 -0.610197 -0.148345 -0.897368 -0.414889 -0.150323 -0.995529 -0.093959 -0.009679 -0.904772 -0.314585 -0.287095 -0.995692 -0.068784 -0.062183 -0.991580 -0.129430 -0.004198 -0.680965 -0.673442 -0.287684 -0.722009 -0.558701 -0.408113 -0.915963 -0.006968 -0.401202 -0.900243 -0.165237 -0.402814 -0.996607 -0.082137 -0.005201 -0.997364 -0.060265 -0.040407 -0.998709 -0.047551 0.017857 -0.996817 -0.033975 -0.072129 -0.997034 -0.023791 -0.073197 -0.994864 -0.002927 -0.101174 -0.915653 0.083120 -0.393283 -0.907599 0.127638 -0.399966 -0.737897 0.188431 -0.648075 -0.665787 0.282280 -0.690685 -0.999814 -0.014361 0.012853 -0.996302 0.015311 -0.084546 -0.998856 -0.016409 -0.044909 -0.992784 0.022338 -0.117819 -0.987002 0.019796 -0.159484 -0.999718 -0.012208 -0.020351 -0.818336 0.203944 -0.537340 -0.872944 0.191837 -0.448516 -0.580287 0.335830 -0.741947 -0.547093 0.321056 -0.773054 -0.996215 -0.085958 -0.012909 -0.990818 -0.033523 -0.130979 -0.971206 -0.028042 -0.236586 -0.852389 0.055431 -0.519961 -0.943526 0.067222 -0.324408 -0.993027 -0.102489 -0.058248 -0.942622 -0.040883 -0.331350 -0.983785 -0.133646 -0.119604 -0.777523 0.051766 -0.626720 -0.617315 0.169820 -0.768169 -0.509748 0.105367 -0.853847 -0.377734 0.131565 -0.916519 -0.452435 0.236190 -0.859951 -0.549034 0.266977 -0.792013 -0.763224 0.202318 -0.613642 -0.394411 -0.004645 -0.918923 -0.373039 -0.079632 -0.924392 -0.245022 -0.072956 -0.966769 -0.223293 0.010577 -0.974694 -0.555794 -0.820026 -0.136571 -0.521442 -0.341185 0.782107 -0.387733 -0.637206 0.666057 -0.177260 -0.950226 0.256221 -0.359820 -0.931343 -0.055944 -0.276001 -0.908214 -0.314598 -0.277700 -0.841310 -0.463768 -0.288835 -0.782641 -0.551404 -0.234202 -0.714635 -0.659126 -0.372624 -0.611501 -0.698010 -0.325515 -0.406436 -0.853727 -0.216041 -0.171888 -0.961135 0.329506 -0.004910 -0.944141 -0.212258 0.366349 -0.905944 0.200497 0.467407 -0.861006 -0.408105 0.481477 -0.775648 -0.037395 0.541736 -0.839717 0.841785 0.252453 -0.477143 0.563342 0.355773 -0.745702 0.825175 0.216915 -0.521569 0.639768 0.420483 -0.643343 0.990711 0.076581 -0.112372 0.979838 0.053565 -0.192481 0.686674 0.179962 -0.704338 0.501495 -0.018932 -0.864954 0.911743 0.218761 -0.347661 0.997530 0.034243 -0.061337 0.996260 0.047183 -0.072388 0.993500 0.090858 -0.068574 0.997544 0.068843 0.012945 0.995322 0.042543 -0.086738 0.998147 0.044000 -0.042026 0.790090 0.042995 -0.611481 0.826997 0.057466 -0.559261 0.523857 0.047645 -0.850473 0.542870 0.053325 -0.838122 0.736568 0.066432 -0.673093 0.724177 0.037680 -0.688584 0.848096 0.053447 -0.527140 0.839480 0.033682 -0.542346 0.922922 0.027215 -0.384023 0.923515 0.045969 -0.380798 0.974995 0.023533 -0.220978 0.972838 0.031743 -0.229299 0.975781 0.002822 -0.218730 0.921660 0.006547 -0.387944 0.920938 -0.032438 -0.388357 0.977580 -0.037887 -0.207130 0.833297 0.008329 -0.552763 0.824677 -0.036909 -0.564398 0.714164 0.004481 -0.699964 0.693263 -0.037890 -0.719688 0.527237 0.005276 -0.849702 0.465053 -0.042584 -0.884258 0.588763 -0.211866 -0.780046 0.355476 -0.012190 -0.934606 0.285449 -0.049637 -0.957108 0.996759 0.017483 -0.078528 0.996056 0.025876 -0.084867 0.997948 0.012795 0.062744 0.997840 0.031209 0.057805 0.979486 0.014151 0.201013 0.976709 -0.009316 0.214366 0.938569 -0.008280 0.344993 0.941470 0.030430 0.335720 0.978706 0.050798 0.198883 0.939680 0.076426 0.333407 0.883018 0.051681 0.466485 0.881544 0.102223 0.460901 0.790794 0.072893 0.607726 0.799492 0.122841 0.587982 0.634788 0.092047 0.767184 0.663804 0.133077 0.735972 0.809321 0.140741 0.570256 0.688786 0.164902 0.705961 0.702823 0.217269 0.677373 0.813906 0.184747 0.550841 0.909620 0.120454 0.397595 0.891654 0.133246 0.432664 0.940588 0.115051 0.319465 0.932252 0.144799 0.331573 0.963536 0.113783 0.242182 0.975656 0.087654 0.201026 0.716570 0.283729 0.637201 0.804858 0.235562 0.544715 0.717041 0.305361 0.626583 0.774899 0.234680 0.586905 0.880348 0.181335 0.438297 0.881829 0.177959 0.436702 0.941278 0.097719 0.323184 0.935068 0.140292 0.325523 0.973900 0.087456 0.209451 0.978573 0.148057 0.143085 0.759728 0.255545 0.597922 0.679793 0.298612 0.669860 0.762165 0.271899 0.587516 0.641975 0.313122 0.699874 0.813105 0.244411 0.528322 0.581967 0.344485 0.736644 0.883883 0.179890 0.431730 0.905674 0.218515 0.363327 0.943959 0.177635 0.278184 0.975398 0.184900 0.120046 0.986456 0.135084 0.093048 0.965762 0.153908 0.208845 0.990357 0.137601 -0.016089 0.987355 0.158517 -0.001818 0.993966 0.108787 -0.014024 0.541860 0.384350 0.747438 0.581843 0.356969 0.730775 0.536256 0.307136 0.786191 0.506504 0.251718 0.824677 0.469304 0.203829 0.859190 0.415507 0.146713 0.897680 0.459900 0.094335 0.882946 0.436223 0.066769 0.897358 0.595632 0.026936 0.802806 0.781869 0.018669 0.623163 0.880085 -0.002360 0.474811 0.626142 -0.017733 0.779508 0.793988 -0.034894 0.606931 0.876177 -0.039863 0.480337 0.934728 -0.046015 0.352373 0.972238 -0.042986 0.230013 0.996516 -0.003374 0.083330 0.993980 -0.039991 0.102001 0.450756 -0.001614 0.892646 0.468481 -0.012742 0.883382 0.406346 0.030049 0.913225 0.711244 0.006848 0.702912 0.525029 0.169555 0.834024 0.967916 0.084153 0.236764 0.760009 0.312904 0.569630 0.277630 0.131791 0.951605 0.545037 0.291803 0.785994 0.185365 0.177131 0.966573 0.153577 0.180414 0.971527 0.948593 0.275850 0.155171 0.972912 0.230742 0.014136 0.970400 0.175274 0.166142 0.732458 0.536649 0.418944 0.225849 0.224766 0.947878 0.158245 0.222552 0.961992 0.106674 0.284324 0.952775 0.244791 0.273554 0.930186 0.073887 0.362026 0.929235 0.256461 0.350071 0.900932 0.101175 0.446887 0.888851 0.265212 0.430085 0.862954 0.094065 0.487348 0.868127 0.221142 0.475491 0.851472 0.148961 0.491347 0.858131 0.250457 0.479657 0.840953 0.143452 0.482416 0.864116 0.223743 0.467000 0.855482 0.475518 0.414798 0.775774 0.365169 0.433855 0.823663 0.585557 0.401271 0.704347 0.345344 0.443349 0.827151 0.589668 0.475237 0.653024 0.817568 0.304814 0.488540 0.794866 0.426959 0.431155 0.644442 0.499781 0.578717 0.820959 0.467817 0.327374 0.902399 0.417675 0.105941 0.913780 0.341949 0.219264 0.952886 0.195493 0.231927 0.872909 0.420285 0.247771 0.719956 0.505950 0.475056 0.931412 0.362005 0.037724 0.602937 0.718000 -0.347769 0.588229 0.772584 -0.238957 0.729770 0.590414 -0.344743 0.431061 0.477164 0.765834 0.581701 0.468568 0.664882 0.567320 0.574242 0.590249 0.488392 0.872600 0.006502 0.599902 0.657097 -0.456444 0.921891 0.387274 -0.011654 0.930779 0.341786 -0.129745 0.555556 0.567018 -0.608152 0.445768 0.526129 -0.724209 0.901011 0.278524 -0.332571 0.386920 0.371935 -0.843776 0.478958 0.249023 -0.841776 0.662162 0.083402 -0.744705 0.979319 0.150781 -0.134907 0.779294 -0.066577 -0.623111 0.967035 0.248951 -0.053535 0.942059 0.333817 -0.033026 0.871833 -0.104309 -0.478568 0.985446 0.101091 -0.136665 0.945339 0.094569 -0.312075 0.983999 0.110020 -0.140147 0.977679 0.173834 -0.118004 0.961081 0.271775 0.049611 0.992819 0.111799 0.042564 0.736279 -0.051261 -0.674734 0.536638 -0.294846 -0.790624 0.540622 -0.144729 -0.828723 0.328516 -0.363296 -0.871833 0.360684 -0.109193 -0.926274 0.114070 -0.195732 -0.974001 0.028649 0.153077 -0.987799 0.386836 0.171729 -0.906017 -0.045142 0.385443 -0.921627 0.418872 0.302560 -0.856156 0.043386 0.493916 -0.868426 0.488372 0.368230 -0.791138 0.358027 0.589325 -0.724232 0.759782 0.399138 -0.513245 0.904642 0.386624 -0.179290 0.250852 0.722300 -0.644481 0.768286 0.618130 -0.166289 0.190003 0.734664 -0.651282 0.026785 0.653033 -0.756855 0.723621 0.689004 -0.040580 0.809183 0.581860 -0.081627 0.068629 0.554291 -0.829489 0.705666 0.691903 0.152664 0.186319 0.685720 -0.703614 0.762002 0.051257 0.645543 0.919817 0.389339 0.048498 0.874333 0.435775 0.213639 0.971050 0.180190 -0.156822 0.864400 0.253256 -0.434367 0.719241 0.007369 0.694722 0.847307 0.503133 0.170084 0.626664 0.040120 0.778256 0.753696 0.575845 0.316772 0.417768 0.098882 0.903157 0.549245 0.749917 0.368721 0.256157 0.015368 0.966513 0.376466 0.804666 0.459115 0.193322 0.102097 0.975809 0.220942 0.881949 0.416354 0.292848 0.865566 -0.406245 0.151889 0.858661 -0.489522 0.343692 0.761348 -0.549751 0.169304 0.731001 -0.661040 0.159099 0.642635 -0.749472 0.344574 0.633076 -0.693169 0.154949 0.525965 -0.836272 0.331273 0.501978 -0.798922 0.147528 0.415953 -0.897340 0.318046 0.385388 -0.866212 0.170970 0.298424 -0.938996 0.337872 0.283893 -0.897356 0.384249 0.234561 -0.892936 0.229603 0.240874 -0.943007 0.480121 0.227096 -0.847296 0.197614 0.257380 -0.945888 0.381148 0.230713 -0.895264 0.719257 0.177901 -0.671581 0.659079 0.138404 -0.739228 0.834153 0.128776 -0.536288 0.796589 0.100192 -0.596161 0.902277 0.097559 -0.419974 0.866944 0.121552 -0.483356 0.939660 0.123985 -0.318853 0.917730 0.112990 -0.380795 0.967585 0.129944 -0.216549 0.922795 0.138141 -0.359676 0.964824 0.166166 -0.203726 0.913588 0.185741 -0.361742 0.975216 0.155461 -0.157437 0.940189 -0.055664 -0.336074 0.991122 0.022651 -0.131012 0.804404 0.079943 -0.588679 0.814673 0.014777 -0.579732 0.923544 -0.127834 -0.361560 0.975402 0.008732 -0.220260 0.925337 0.000998 -0.379146 0.853730 0.042224 -0.519002 0.817150 0.071299 -0.571999 0.715262 0.071228 -0.695217 0.647273 0.073788 -0.758679 0.762899 0.069758 -0.642743 0.596331 0.084164 -0.798315 0.462438 0.143785 -0.874915 0.346517 0.111075 -0.931444 0.778829 0.084698 -0.621492 0.529698 0.087716 -0.843639 0.274286 0.114403 -0.954819 0.706436 0.095401 -0.701318 0.410135 0.112489 -0.905061 0.226296 0.125521 -0.965937 0.479183 0.085104 -0.873579 0.207727 0.105520 -0.972479 0.277999 0.112844 -0.953930 0.055063 0.119586 -0.991296 0.107847 0.161860 -0.980903 0.234056 0.105016 -0.966535 0.254053 0.172746 -0.951639 0.539112 0.285804 -0.792259 0.346365 0.472023 -0.810694 0.730882 0.443626 -0.518660 0.937534 0.220711 -0.268917 0.785158 0.441434 -0.434354 0.305275 0.653979 -0.692184 0.627823 0.439712 -0.642255 -0.129127 0.513204 0.848497 -0.259428 0.466306 0.845728 -0.693670 0.339366 0.635336 -0.284750 0.397394 0.872350 -0.662233 0.266256 0.700397 -0.984460 0.035308 0.172022 -0.965356 -0.046972 0.256676 -0.814401 0.098798 0.571830 -0.616054 0.196486 0.762804 -0.989043 -0.005630 0.147522 -0.989659 0.025797 0.141098 -0.973904 0.068873 0.216256 -0.977855 0.065292 0.198839 -0.843926 0.048378 0.534274 -0.667508 -0.062520 0.741974 -0.314318 -0.093246 0.944727 -0.663108 0.076009 0.744655 -0.756221 -0.161580 0.634052 -0.431561 -0.226674 0.873140 -0.780784 -0.215321 0.586527 -0.986502 -0.055572 0.154034 -0.982540 -0.083429 0.166295 -0.984786 -0.054272 0.165079 -0.595981 -0.464645 0.654913 -0.693944 -0.465048 0.549702 -0.983646 -0.023719 0.178545 -0.991760 -0.045349 0.119811 -0.989857 -0.102351 0.098528 -0.488811 -0.305877 0.817009 -0.271936 -0.458697 0.845960 -0.204386 -0.642427 0.738589 -0.996998 -0.042373 0.064798 -0.996498 -0.083032 0.009860 -0.977208 -0.092791 0.190932 -0.968274 -0.132502 0.211871 -0.990581 -0.117871 0.069681 -0.685363 -0.578712 0.442007 -0.260990 -0.846869 0.463355 -0.338402 -0.833284 0.437175 -0.261312 -0.932364 0.249829 -0.028944 -0.960225 0.277722 -0.493806 -0.868156 -0.049605 -0.082884 -0.881514 -0.464827 -0.212124 -0.763484 0.609996 -0.973673 -0.175610 -0.145335 -0.992782 -0.103136 0.061203 -0.997916 -0.059327 0.025384 -0.999102 -0.019481 -0.037614 -0.998872 -0.024233 -0.040847 -0.993903 -0.023434 -0.107739 -0.987910 0.065499 -0.140513 -0.970904 0.130970 -0.200481 -0.759071 0.085674 -0.645346 -0.879764 -0.099603 -0.464860 0.263742 0.552096 0.790968 -0.071465 0.560270 0.825222 0.076002 0.451328 0.889116 0.263485 0.458099 0.848953 0.135001 0.449509 0.883016 0.204317 0.449354 0.869676 0.308209 0.682407 0.662818 0.192621 0.658917 0.727135 0.186979 0.977571 0.096918 0.278463 0.959905 -0.032262 0.076179 0.760484 -0.644873 0.133927 0.719856 -0.681081 0.348743 0.857048 0.379271 0.451828 0.799699 0.395389 0.980093 0.085410 -0.179229 0.983893 0.113203 -0.138348 0.981958 0.157131 -0.105202 0.984727 0.158138 -0.072837 0.994038 0.089021 0.062959 0.989988 0.083276 0.113967 0.995029 0.061560 0.078277 0.996481 0.069569 -0.046744 0.985847 0.122348 -0.114617 0.963709 0.158196 -0.215033 0.996855 0.021559 -0.076259 0.972391 0.123633 -0.197917 0.964233 0.096102 -0.247021 0.936875 0.076417 -0.341213 0.886624 0.099443 -0.451674 0.827231 0.135818 -0.545199 0.738457 0.169446 -0.652664 0.656820 0.185743 -0.730812 0.596359 0.229074 -0.769338 0.600370 0.250185 -0.759581 0.605493 0.311996 -0.732145 0.596261 0.452078 -0.663399 0.601433 0.609723 -0.516252 0.606875 0.715667 -0.345721 0.542893 0.783525 -0.302252 0.696739 0.711209 0.093469 0.884207 0.459269 0.085141 0.892043 0.450287 -0.038747 0.725284 0.687023 -0.044312 0.888617 0.458249 0.019174 0.700863 0.712722 -0.028604 0.858381 0.321974 0.399394 0.770897 0.437617 0.462826 0.603582 -0.221338 0.765962 0.865794 -0.107087 0.488808 0.735697 -0.361984 0.572466 0.388438 -0.583067 0.713547 0.630008 -0.516609 0.579831 0.087838 -0.687628 0.720730 0.059352 -0.235411 0.970082 0.741966 -0.273438 0.612143 0.490731 0.378005 0.785045 0.912805 0.091900 0.397922 0.860697 0.436113 0.262690 0.575083 0.735874 0.357448 0.860605 0.443275 0.250732 0.531073 0.743959 0.405570 0.851795 0.453776 0.261788 0.511390 0.746068 0.426455 0.806561 0.516207 0.288079 0.463770 0.764012 0.448556 0.763647 0.533878 0.363067 0.437397 0.767655 0.468391 0.429869 0.755746 0.494025 0.829383 0.458318 0.319480 0.986908 0.065992 0.147163 0.994926 0.092242 0.040160 0.982745 -0.038655 0.180881 0.994000 -0.013824 0.108506 0.983642 -0.011711 0.179756 0.717163 0.008506 0.696854 0.991187 -0.008944 0.132170 0.719100 -0.007217 0.694869 0.997868 0.042015 0.049942 0.999929 -0.011869 0.001225 0.999769 -0.021429 -0.001405 0.999533 0.006143 0.029941 0.996402 0.079194 0.030180 0.995055 -0.061449 0.078035 0.984451 0.089582 0.151104 0.870015 -0.105406 0.481626 0.927753 -0.323127 0.186719 0.335893 -0.758446 0.558512 0.329769 -0.942650 -0.051603 0.730659 -0.681932 0.033255 0.816904 -0.547477 -0.181484 0.162107 -0.952597 -0.257449 0.217503 -0.905503 -0.364358 0.782254 -0.587559 -0.207010 -0.239566 -0.565075 0.789492 -0.168250 0.467315 0.867933 0.675678 0.411182 0.611873 0.160534 0.692359 0.703469 0.783252 0.436726 0.442477 0.678529 0.525772 0.512993 -0.048524 0.730850 0.680811 0.828350 0.289995 0.479310 0.458387 0.503353 0.732474 0.965766 -0.052829 0.253978 0.984959 -0.010467 0.172469 0.908210 -0.407402 -0.095798 0.994977 -0.079780 0.060467 0.224261 -0.889526 -0.398058 0.789147 -0.570419 -0.227746 0.771979 -0.582262 -0.254991 0.150086 -0.903919 -0.400505 0.741889 -0.640280 -0.199104 -0.093076 -0.979773 -0.177150 0.806061 -0.572981 0.148186 0.344408 -0.921324 0.180402 0.233632 -0.891167 0.388893 0.759064 -0.596763 0.260185 0.993071 -0.089594 0.076041 0.948427 -0.265469 0.173238 0.982150 -0.080948 0.169790 0.868984 0.046064 0.492692 0.999558 -0.027752 0.010647 0.953784 -0.069703 0.292297 0.859372 -0.075998 0.505672 0.610973 -0.056778 0.789613 0.370339 -0.068368 0.926377 0.479680 -0.024354 0.877106 0.498015 -0.066208 0.864637 0.659404 -0.045741 0.750396 0.704099 -0.091794 0.704144 0.797858 -0.067834 0.599017 0.803971 -0.105700 0.585199 0.874153 -0.077228 0.479471 0.874067 -0.118178 0.471212 0.929422 -0.088754 0.358186 0.923832 -0.116491 0.364643 0.967423 -0.082803 0.239243 0.962936 -0.114534 0.244207 0.990496 -0.083377 0.109393 0.987234 -0.115022 0.110178 0.995566 -0.085611 -0.038972 0.992116 -0.118979 -0.039368 0.975222 -0.086683 -0.203538 0.973399 -0.116925 -0.197034 0.914410 -0.123327 -0.385544 0.917777 -0.083898 -0.388133 0.819446 -0.081664 -0.567308 0.810493 -0.121544 -0.572999 0.673725 -0.077524 -0.734904 0.637690 -0.117225 -0.761321 0.396953 -0.098868 -0.912499 0.369132 -0.144597 -0.918060 0.235105 -0.119297 -0.964621 0.213673 -0.104499 -0.971300 0.985250 -0.132938 0.107750 0.960693 -0.129155 0.245741 0.959268 -0.141304 0.244619 0.918418 -0.146237 0.367591 0.914576 -0.161219 0.370891 0.862508 -0.171588 0.476065 0.859240 -0.184343 0.477204 0.819392 -0.179083 0.544542 0.804825 -0.164768 0.570182 0.800736 -0.147597 0.580549 0.758966 -0.142866 0.635264 0.836996 -0.156770 0.524272 0.835850 -0.190940 0.514681 0.908552 -0.174371 0.379641 0.956927 -0.148612 0.249408 0.952412 -0.162861 0.257659 0.856788 -0.200511 0.475090 0.900558 -0.191507 0.390282 0.947787 -0.181631 0.262124 0.983845 -0.141451 0.109734 0.981609 -0.162125 0.100793 0.979423 -0.175706 0.099285 0.708163 -0.105308 0.698151 0.600445 -0.106633 0.792525 0.774507 -0.127763 0.619528 0.619904 0.032951 0.783986 0.502866 -0.086218 0.860054 0.530902 0.081156 0.843538 0.831806 -0.091214 0.547520 0.928619 0.122174 0.350342 0.895414 -0.066755 0.440202 0.983950 -0.164239 -0.069771 0.981920 -0.172067 -0.078905 0.952394 -0.168887 -0.253816 0.938246 -0.190373 -0.288881 0.874808 -0.190085 -0.445622 0.888694 -0.173994 -0.424204 0.957249 -0.163925 -0.238335 0.863503 -0.198246 -0.463747 0.777355 -0.181818 -0.602213 0.769597 -0.189716 -0.609695 0.759751 -0.172343 -0.626958 0.560061 -0.143948 -0.815850 0.545347 -0.154856 -0.823782 0.704811 0.025889 -0.708923 0.418850 0.121751 -0.899856 0.896925 -0.157966 -0.413005 0.961338 -0.153124 -0.228870 0.985634 -0.157443 -0.061129 0.989114 -0.139639 -0.046422 0.984970 -0.133718 0.109335 0.546619 -0.155470 -0.822823 0.786991 -0.163693 -0.594853 0.563582 0.401214 -0.722082 0.839064 0.257759 -0.479094 0.515361 0.482666 -0.708122 0.940213 0.167649 -0.296467 0.941505 0.163381 -0.294746 0.568680 0.413501 -0.711070 0.937488 0.156081 -0.311056 0.696054 0.366569 -0.617362 0.962985 0.139596 -0.230592 0.553552 0.373734 -0.744247 0.931565 0.168120 -0.322371 0.536718 0.368356 -0.759110 0.956014 0.092734 -0.278275 0.274334 0.109609 -0.955367 0.965270 0.004954 -0.261209 0.582754 -0.070028 -0.809625 0.988627 0.006211 -0.150260 0.733203 -0.233855 -0.638533 0.987332 -0.108346 -0.115917 0.710398 -0.442257 -0.547487 0.988658 -0.137208 -0.061070 0.686081 -0.536079 -0.491845 0.988671 -0.148823 -0.019522 0.734107 -0.579431 -0.354044 0.693792 -0.647721 -0.314818 0.986135 -0.162509 -0.033596 0.707615 -0.671616 -0.219575 0.977932 -0.202723 -0.050513 0.467078 -0.866034 -0.178388 0.958022 -0.285341 -0.027833 0.553363 -0.793020 0.254769 0.945504 -0.267653 0.185431 0.556962 -0.500371 0.662889 0.867721 -0.226157 0.442622 0.556156 -0.358810 0.749631 0.886822 -0.218994 0.406926 0.801065 -0.441544 -0.404146 0.950313 -0.270059 -0.154834 0.586503 -0.144253 -0.796998 0.684718 -0.220662 -0.694600 0.797275 -0.177752 -0.576850 0.812510 -0.129363 -0.568412 0.953343 -0.197405 -0.228405 0.938835 -0.216641 -0.267684 0.972736 -0.159296 -0.168548 0.856451 -0.084036 -0.509342 0.566851 -0.092392 -0.818623 0.601295 -0.033688 -0.798316 0.771309 -0.350865 -0.531014 0.936167 -0.288369 -0.201084 0.828734 -0.323909 -0.456380 0.819199 -0.250413 -0.515951 0.854134 -0.257535 -0.451808 0.863402 -0.241613 -0.442900 0.887367 -0.217921 -0.406312 0.851067 -0.183418 -0.491979 0.958977 -0.115769 -0.258768 0.949868 -0.077844 -0.302807 0.800461 -0.161636 -0.577179 0.891600 -0.011631 -0.452675 0.962565 -0.147277 -0.227549 0.869971 -0.202552 -0.449581 0.927572 -0.202369 -0.314097 0.976130 -0.192341 -0.100867 0.976924 -0.188831 0.099816 0.943821 -0.196419 0.265746 0.893892 -0.208073 0.397068 0.856086 -0.210185 0.472164 0.852129 -0.196721 0.484951 0.859772 -0.181628 0.477287 0.826439 -0.155599 0.541098 0.913414 -0.064509 0.401887 0.982646 0.021450 0.184248 0.606552 0.372707 0.702270 0.523449 0.438515 0.730552 0.338910 0.319466 0.884919 -0.036149 0.409657 0.911523 0.286980 -0.097893 0.952921 0.298000 -0.103927 0.948891 0.186185 0.516377 0.835877 0.770656 -0.394791 0.500229 0.469788 -0.644886 0.602845 0.791071 -0.217372 0.571800 0.546577 -0.380721 0.745859 0.264640 -0.036388 0.963660 0.764259 0.007604 0.644865 0.739148 -0.202033 0.642528 0.279584 -0.359928 0.890104 0.529219 -0.693409 0.488991 0.821905 -0.363653 0.438438 -0.192299 -0.981271 0.011348 0.498126 -0.866825 -0.022007 0.030518 -0.686425 0.726560 0.706659 -0.617916 0.344692 0.703929 0.092738 0.704190 0.065959 0.165995 0.983918 0.709780 0.022261 0.704071 0.005383 -0.051351 0.998666 0.615420 -0.250757 0.747248 -0.102811 -0.424029 0.899794 0.797410 -0.376360 0.471689 0.435494 -0.572617 0.694590 0.939189 -0.302002 0.163460 0.582102 -0.797904 0.156542 0.780046 -0.625183 -0.025969 0.097084 -0.980277 -0.172141 0.695468 -0.669614 0.260656 0.480809 -0.726971 0.490240 0.269892 0.217119 0.938093 0.689032 0.069004 0.721438 0.803899 0.207988 0.557213 0.177280 0.187087 0.966214 0.804954 0.018751 0.593041 0.984666 -0.018524 0.173464 0.968243 -0.096812 0.230507 0.824731 -0.043150 0.563877 0.776782 -0.136059 0.614896 0.383844 -0.146573 0.911691 0.741627 -0.076354 0.666453 0.408914 -0.129762 0.903300 0.551315 -0.156240 0.819537 0.734495 -0.162401 0.658895 0.804564 -0.157356 0.572639 0.863961 -0.148022 0.481312 0.721165 -0.137377 0.679006 0.531519 -0.134256 0.836339 0.870394 -0.135271 0.473409 0.809404 -0.144398 0.569222 0.786191 0.007092 0.617943 0.997978 0.003033 0.063486 0.921315 -0.129947 0.366460 0.999883 -0.014994 0.003145 0.931482 -0.300027 0.205730 0.531704 0.693585 0.486035 0.570487 0.604604 0.555876 0.861048 0.319359 0.395736 0.860957 0.412947 0.297031 0.624017 0.139323 0.768890 0.745328 -0.351820 0.566312 0.440762 -0.768546 0.463753 0.797778 -0.602912 0.006794 0.437170 -0.897676 -0.055317 0.847331 0.428125 0.314227 0.481897 0.715178 0.506257 0.998179 0.001846 -0.060294 0.998261 -0.037004 -0.045878 0.342406 -0.085438 -0.935659 0.346087 -0.095636 -0.933315 0.346801 -0.155577 -0.924946 0.349208 -0.146954 -0.925451 0.400970 0.178310 -0.898570 0.538803 0.380191 -0.751762 0.070554 0.579273 -0.812075 0.037395 0.541735 -0.839717 0.408120 0.481475 -0.775642 -0.200497 0.467407 -0.861006 0.212258 0.366350 -0.905944 -0.329507 -0.004911 -0.944141 0.216040 -0.171888 -0.961135 0.325515 -0.406436 -0.853727 0.372624 -0.611501 -0.698010 0.234202 -0.714635 -0.659125 0.288835 -0.782642 -0.551404 0.277700 -0.841309 -0.463769 0.276002 -0.908213 -0.314597 0.359863 -0.931327 -0.055939 0.177282 -0.950223 0.256218 0.387735 -0.637207 0.666055 0.521457 -0.341181 0.782099 0.555793 -0.820026 -0.136569 0.373039 -0.079631 -0.924392 0.394412 -0.004646 -0.918922 0.245023 -0.072956 -0.966768 0.223294 0.010576 -0.974694 0.676040 0.047539 -0.735330 0.891855 -0.044233 -0.450154 0.764993 0.045996 -0.642394 0.914380 -0.093453 -0.393923 0.982978 -0.083071 -0.163869 0.943528 0.067222 -0.324402 0.984291 -0.159951 -0.074743 0.985141 -0.131017 -0.111046 0.986551 -0.126089 -0.104013 0.617316 0.169821 -0.768168 0.509750 0.105367 -0.853846 0.377739 0.131566 -0.916517 0.452435 0.236190 -0.859951 0.549034 0.266977 -0.792013 0.763226 0.202318 -0.613640 0.996033 0.004363 -0.088873 0.995480 0.031780 -0.089494 0.998288 0.015000 -0.056539 0.989533 0.026096 -0.141926 0.992784 0.022336 -0.117821 0.987002 0.019793 -0.159484 0.818336 0.203943 -0.537339 0.872947 0.191833 -0.448512 0.580287 0.335830 -0.741947 0.547093 0.321056 -0.773054 0.991281 -0.023768 -0.129601 0.998023 -0.035165 -0.052086 0.993977 -0.057715 -0.093154 0.997034 -0.023792 -0.073195 0.994864 -0.002926 -0.101175 0.994916 -0.073103 -0.069272 0.915653 0.083120 -0.393282 0.907600 0.127637 -0.399963 0.737898 0.188432 -0.648074 0.665791 0.282278 -0.690682 0.985038 -0.156070 -0.073092 0.994508 -0.092028 -0.049838 0.905153 -0.413721 -0.097639 0.897370 -0.414886 -0.150323 0.904774 -0.314582 -0.287092 0.995692 -0.068784 -0.062186 0.778243 -0.610190 -0.148342 0.680973 -0.673435 -0.287683 0.722017 -0.558695 -0.408108 0.900246 -0.165234 -0.402809 0.915964 -0.006970 -0.401199 0.759074 0.085672 -0.645342 0.837862 -0.544392 -0.040301 0.912834 -0.408301 0.004981 0.817867 -0.558961 0.136591 0.916837 -0.384347 0.108109 0.986808 -0.158559 0.032681 0.986938 -0.148940 0.061398 0.924314 -0.347534 0.157684 0.981578 -0.170356 0.086509 0.840246 -0.493972 0.223561 0.986891 -0.141592 0.077451 0.995298 -0.093837 0.023993 0.997397 -0.051541 0.050420 0.999042 -0.043730 0.001901 0.995748 -0.079757 0.046087 0.998174 -0.039554 0.045641 0.999447 0.002944 0.033119 0.999716 -0.022565 0.007649 0.999014 -0.002616 0.044314 0.998131 -0.054245 0.028152 0.998616 -0.020994 0.048215 0.998769 -0.045934 0.018747 0.993409 -0.031267 0.110275 0.993989 -0.091582 0.059991 0.991721 -0.084361 0.096809 0.984493 -0.015745 0.174714 0.991867 -0.122052 0.036084 0.994049 -0.107359 -0.018473 0.978676 -0.129828 0.159180 0.963167 -0.050944 0.264034 0.985554 -0.162989 0.046028 0.865822 0.122821 0.485044 0.795996 0.074693 0.600676 0.577196 0.251044 0.777059 0.519846 0.154839 0.840110 0.493822 0.287340 0.820717 0.469829 0.380264 0.796656 0.640502 0.302246 0.705978 0.482449 0.164652 0.860310 0.914713 0.108797 0.389183 0.558722 0.421934 0.714004 0.710710 0.335099 0.618547 0.854047 0.270456 0.444362 0.830395 0.290200 0.475635 0.948818 0.123629 0.290621 0.935847 0.133438 0.326166 0.735521 0.314122 0.600280 0.481353 0.396079 0.781934 0.722065 0.304200 0.621357 0.849071 0.216047 0.482081 0.965878 0.070349 0.249259 0.979264 -0.051305 0.195986 0.894426 0.097978 0.436351 0.817516 0.107902 0.565708 0.849797 -0.302475 0.431687 0.754211 -0.269091 0.598962 0.982037 -0.120403 0.145279 0.869169 -0.425847 0.251397 0.652230 -0.656329 0.379247 0.363134 -0.152506 -0.919171 0.368043 -0.143323 -0.918696 0.287251 -0.155417 -0.945163 0.572302 -0.146711 -0.806813 0.797538 -0.145589 -0.585438 0.904867 -0.145442 -0.400079 0.968283 -0.136214 -0.209458 0.990922 -0.128972 -0.037947 0.997022 0.022351 -0.073815 0.998800 0.044391 -0.020704 0.697051 -0.715993 -0.038399 0.695484 -0.711927 -0.097278 0.706871 -0.668391 -0.231487 0.707480 -0.706733 -0.001428 0.983314 -0.180274 0.024408 0.764670 -0.506507 -0.398410 0.554339 -0.357441 -0.751628 0.013052 -0.481367 -0.876422 -0.023019 -0.027970 -0.999344 0.469615 0.405308 -0.784339 0.485570 -0.643836 -0.591353 0.591249 -0.804520 -0.056326 0.000764 -0.999710 0.024077 0.022621 -0.999453 0.024118 -0.095065 -0.987378 0.126674 0.909698 -0.412835 0.044909 0.017275 -0.859384 -0.511039 0.129130 0.513204 0.848497 0.259436 0.466305 0.845726 0.693673 0.339365 0.635334 0.284754 0.397394 0.872349 0.662234 0.266255 0.700396 0.984460 0.035307 0.172022 0.965355 -0.046976 0.256677 0.814411 0.098793 0.571817 0.616089 0.196477 0.762779 0.991139 -0.015846 0.131883 0.926830 -0.091200 0.364236 0.936336 -0.129965 0.326166 0.994888 0.047705 0.089010 0.845524 -0.241770 0.476063 0.856287 -0.226977 0.463955 0.859587 -0.220799 0.460823 0.888998 -0.218740 0.402288 0.940546 -0.204798 0.270983 0.976056 -0.198166 0.089695 0.972972 -0.200245 -0.115012 0.923454 -0.206132 -0.323638 0.874209 -0.214817 -0.435446 0.828853 -0.227557 0.511098 0.842947 -0.229289 0.486690 0.882369 -0.240616 0.404387 0.860613 -0.232236 0.453223 0.953627 -0.166929 0.250458 0.977208 -0.092791 0.190933 0.996998 -0.042373 0.064798 0.996498 -0.083031 0.009861 0.835560 -0.247863 0.490309 0.874800 -0.248883 0.415670 0.933202 -0.221676 0.282833 0.973807 -0.214602 0.075138 0.964055 -0.236438 -0.121223 0.920365 -0.219468 -0.323670 0.956001 -0.228026 0.184569 0.946099 -0.216098 -0.241244 0.859302 -0.257560 0.441886 0.940131 -0.232784 0.248928 0.974745 -0.209978 -0.076034 0.919884 -0.207132 -0.333032 0.826191 -0.241920 0.508805 0.805603 -0.347820 0.479609 0.773583 -0.236445 0.587931 0.793900 -0.451226 0.407577 0.921278 -0.296971 0.251108 0.904315 -0.403669 -0.138802 0.960826 -0.268858 -0.067301 0.514419 -0.236720 0.824219 0.704453 -0.689561 0.168082 0.343479 -0.284614 0.894996 0.459979 -0.006587 0.887906 0.387187 -0.027248 0.921599 0.714815 -0.118959 0.689121 0.742328 -0.024266 0.669597 0.962466 -0.181598 -0.201697 0.545534 -0.645540 -0.534481 0.764258 -0.638700 -0.089288 0.988989 -0.140588 -0.046203 0.839599 -0.206309 0.502503 0.885080 -0.170776 0.432977 0.923189 -0.254874 0.287684 0.929635 -0.237868 0.281421 0.969218 -0.242253 0.043919 0.936083 -0.232451 0.264036 0.970093 -0.240763 0.030861 0.927091 -0.102701 0.360493 0.957898 -0.185759 0.218918 0.977498 -0.206964 0.040790 0.997958 -0.058422 0.025806 0.987720 -0.033466 0.152609 0.907562 -0.167219 0.385187 0.945007 -0.199311 0.259300 0.990208 -0.139527 -0.004466 0.980042 -0.114342 0.162615 0.614603 -0.764266 0.195347 0.723483 -0.675562 0.142088 0.948432 -0.167256 0.269261 0.996270 0.009540 0.085761 0.999030 -0.012152 -0.042332 0.989838 -0.060236 0.128812 0.994097 -0.100604 0.040613 0.754065 -0.546020 0.365032 0.709324 -0.643240 0.288274 0.824212 -0.316213 0.469770 0.338406 -0.833282 0.437176 0.261004 -0.846869 0.463347 0.261310 -0.932364 0.249829 0.028943 -0.960226 0.277721 0.493806 -0.868156 -0.049605 0.082886 -0.881516 -0.464823 0.685364 -0.578712 0.442005 0.212124 -0.763484 0.609996 0.990581 -0.117872 0.069681 0.991760 -0.045348 0.119810 0.989858 -0.102348 0.098524 0.982540 -0.083430 0.166295 0.986501 -0.055574 0.154036 0.756222 -0.161578 0.634051 0.780784 -0.215320 0.586527 0.984786 -0.054274 0.165079 0.595982 -0.464645 0.654913 0.693945 -0.465046 0.549702 0.983646 -0.023719 0.178546 0.431574 -0.226671 0.873135 0.488809 -0.305877 0.817010 0.271929 -0.458698 0.845961 0.204385 -0.642426 0.738590 0.314321 -0.093247 0.944726 0.667509 -0.062523 0.741972 0.843926 0.048380 0.534274 0.977855 0.065296 0.198837 0.973905 0.068874 0.216255 0.989659 0.025799 0.141099 0.989042 -0.005633 0.147525 0.663107 0.076010 0.744655 0.973673 -0.175611 -0.145337 0.992783 -0.103136 0.061201 0.997916 -0.059328 0.025384 0.999102 -0.019482 -0.037614 0.998872 -0.024233 -0.040847 0.993903 -0.023434 -0.107738 0.987910 0.065498 -0.140511 0.970904 0.130970 -0.200482 0.879768 -0.099602 -0.464853 -0.382063 0.852641 0.356415 -0.349052 0.936591 0.030974 -0.835705 0.513138 -0.195669 -0.654304 0.594364 0.467566 -0.923173 0.382899 -0.033766 -0.686665 0.494545 0.532838 -0.951291 0.308293 -0.000995 -0.688745 0.443820 0.573284 -0.955807 0.293939 -0.005780 -0.836368 0.379671 0.395397 -0.959893 0.279178 0.025797 -0.842756 0.338392 0.418633 -0.829377 0.319772 0.458126 -0.956543 0.282757 0.071234 -0.811372 0.309233 0.496035 -0.954839 0.273308 0.116554 -0.839289 0.263963 0.475307 -0.955801 0.259682 0.137874 -0.665992 0.168477 0.726684 -0.982087 0.186658 0.025759 -0.594367 0.026294 0.803764 -0.996307 0.081577 0.026799 -0.616012 -0.233810 0.752238 -0.579115 -0.647134 0.495826 -0.955415 0.279284 -0.095826 -0.957559 0.281196 -0.063316 -0.965176 0.259549 -0.032698 -0.972124 0.234188 -0.011465 -0.715914 -0.597601 0.361028 0.472841 -0.092254 0.876305 0.543372 -0.246922 0.802357 0.278249 0.074886 0.957585 0.329153 0.092084 0.939776 0.327105 0.090117 0.940681 0.162980 0.181998 0.969698 0.254358 0.206446 0.944819 0.359512 0.189369 0.913723 0.319737 0.228442 0.919555 0.273971 0.295431 0.915238 0.551411 0.497492 0.669662 0.786081 0.588835 0.188014 -0.425575 0.894997 -0.133663 0.816432 0.569870 0.093203 -0.819026 0.500415 -0.280681 -0.910131 0.360827 -0.203632 -0.951424 0.275952 -0.136538 -0.955505 0.271284 -0.115826 0.859471 0.493523 0.133212 -0.226722 0.969317 -0.094986 0.827530 0.559463 0.046850 -0.406588 0.900398 -0.154821 -0.315077 0.921666 -0.226402 -0.850677 0.508000 -0.135220 -0.839800 0.493088 -0.227156 -0.911498 0.373476 -0.172299 -0.880400 0.422656 -0.215076 -0.934292 0.355038 -0.032347 -0.919252 0.372139 -0.128405 -0.938793 0.344439 0.005406 -0.936440 0.346108 -0.057363 -0.951104 0.308431 -0.016473 -0.944789 0.325117 0.040894 -0.953456 0.300761 -0.021548 -0.944848 0.324569 0.043793 -0.956689 0.285118 0.058770 -0.971073 0.225231 -0.079302 -0.979966 0.191760 0.053794 -0.688709 -0.578646 -0.436862 -0.816718 -0.484653 -0.313182 0.315897 -0.890431 -0.327630 0.411506 -0.811529 -0.414831 -0.856951 -0.403539 -0.320611 -0.788664 -0.391471 -0.474088 -0.960324 0.278557 0.013569 -0.853241 -0.184880 -0.487647 -0.939966 0.329879 -0.087434 -0.656713 -0.083918 -0.749457 -0.570613 0.121326 -0.812208 -0.916968 0.371311 -0.145938 -0.588932 0.328630 -0.738350 -0.892738 0.415416 -0.174494 -0.380114 0.367159 -0.848945 -0.874979 0.423275 -0.235051 -0.443783 0.540042 -0.715131 -0.866188 0.471384 -0.165877 -0.424949 0.664649 -0.614540 -0.280701 0.831320 -0.479703 0.712135 0.274191 -0.646284 0.811413 0.315327 -0.492117 0.636312 0.075910 -0.767688 0.059934 -0.695316 -0.716201 0.438934 -0.539199 -0.718750 0.693737 -0.150177 -0.704397 0.482924 -0.163884 -0.860190 0.505601 -0.349324 -0.788886 0.763188 0.603118 -0.231934 0.978739 -0.186114 -0.086206 0.981541 -0.169309 0.088954 0.929761 -0.294775 0.220572 0.957181 -0.258435 0.130442 0.960180 -0.222480 0.168990 0.891497 -0.177029 0.417006 0.777559 -0.117791 0.617678 0.822241 -0.149483 0.549158 0.819495 -0.103864 0.563595 0.870855 -0.112323 0.478533 0.844969 -0.120793 0.520995 0.910149 -0.202075 0.361656 0.909392 -0.167873 0.380560 0.899037 -0.148472 0.411934 0.885053 -0.176192 0.430857 0.880970 -0.271361 0.387626 0.396263 -0.548638 0.736188 0.456962 -0.799543 0.389766 0.456302 -0.887932 0.058015 -0.620531 -0.784145 -0.007588 -0.707848 -0.691223 -0.145467 0.455621 -0.881947 -0.120742 0.303065 -0.926437 -0.223306 -0.824937 -0.525926 -0.207078 0.196099 -0.923643 -0.329287 -0.977093 0.212778 0.003889 -0.962632 0.270800 -0.002738 -0.952003 0.305869 -0.011623 -0.954518 0.297340 -0.022014 -0.951683 0.302326 -0.053838 -0.946082 0.310526 -0.092209 -0.910823 0.363699 -0.195257 -0.837861 0.540842 -0.074020 0.315975 -0.781473 -0.538015 0.203795 -0.835217 -0.510764 0.734252 -0.622492 -0.270883 0.739186 -0.653285 -0.163776 0.716231 -0.669007 -0.198601 0.683898 -0.714551 -0.147309 0.768648 -0.631164 -0.103986 0.848380 -0.506268 0.154738 0.854896 -0.336624 0.394762 0.628374 -0.698600 -0.342206 0.744102 -0.606500 -0.280126 0.584308 -0.652930 -0.481941 0.803936 -0.516717 -0.294433 0.851711 -0.412045 -0.323738 0.874242 -0.353516 -0.332757 0.911468 -0.333182 -0.241282 0.905490 -0.234118 -0.353945 0.947017 -0.137878 -0.290083 0.902696 -0.361217 0.233800 0.865311 -0.468695 0.177656 0.876715 -0.435274 0.204713 0.871079 -0.475986 0.121075 0.924829 -0.346506 0.156923 0.926962 -0.256470 0.273796 0.872099 -0.462793 0.158956 0.879381 -0.450105 0.155226 0.871036 -0.466182 0.154824 0.878469 -0.454212 0.148266 0.906708 -0.401140 0.130261 0.950167 -0.292886 0.106773 0.912410 -0.397549 0.097281 0.950822 -0.303238 0.063117 0.913665 -0.398564 0.079768 0.930518 -0.361171 0.060755 0.954729 -0.296538 0.023612 0.944029 -0.328253 0.032535 0.958067 -0.286541 0.001510 0.949958 -0.312086 0.013509 0.964469 -0.263625 -0.017349 0.960902 -0.276770 -0.008097 0.972547 -0.231468 -0.023970 0.946432 -0.316515 0.063905 0.960769 -0.277121 0.011289 0.965673 -0.259647 -0.007717 0.977732 -0.201438 -0.058839 0.970535 -0.239010 0.030596 0.982939 -0.177402 -0.048566 0.978680 -0.194156 -0.067006 0.849269 0.178596 -0.496836 0.904500 0.072212 -0.420315 0.835705 0.513138 -0.195669 0.349052 0.936591 0.030971 0.382063 0.852641 0.356413 0.654303 0.594364 0.467566 0.923173 0.382899 -0.033766 0.686665 0.494545 0.532838 0.951291 0.308293 -0.000995 0.688744 0.443821 0.573284 0.955807 0.293939 -0.005779 0.836368 0.379671 0.395397 0.959893 0.279178 0.025797 0.842757 0.338391 0.418632 0.829377 0.319773 0.458126 0.956543 0.282756 0.071233 0.811371 0.309234 0.496035 0.954839 0.273308 0.116554 0.839289 0.263964 0.475308 0.955801 0.259683 0.137874 0.665992 0.168477 0.726685 0.982087 0.186658 0.025758 0.594363 0.026294 0.803767 0.996307 0.081577 0.026798 0.616013 -0.233810 0.752237 0.579111 -0.647140 0.495824 0.955415 0.279284 -0.095826 0.955505 0.271285 -0.115825 0.951424 0.275952 -0.136538 0.910130 0.360827 -0.203633 0.819026 0.500415 -0.280681 0.425575 0.894997 -0.133665 -0.786081 0.588836 0.188011 -0.551411 0.497493 0.669661 -0.816432 0.569871 0.093202 -0.273971 0.295432 0.915237 -0.319738 0.228442 0.919555 -0.359513 0.189369 0.913723 -0.254358 0.206446 0.944819 -0.162977 0.181998 0.969698 -0.327106 0.090117 0.940681 -0.329153 0.092086 0.939776 -0.278249 0.074884 0.957585 -0.472843 -0.092253 0.876304 -0.543377 -0.246921 0.802354 -0.396268 -0.548640 0.736184 -0.456966 -0.799542 0.389762 0.715912 -0.597603 0.361028 -0.456301 -0.887932 0.058017 0.620531 -0.784145 -0.007586 0.707847 -0.691224 -0.145468 -0.455620 -0.881948 -0.120741 -0.303067 -0.926437 -0.223305 0.824937 -0.525927 -0.207075 -0.196102 -0.923643 -0.329284 0.816718 -0.484652 -0.313184 -0.315895 -0.890431 -0.327632 0.688710 -0.578646 -0.436861 0.979966 0.191761 0.053795 -0.411501 -0.811532 -0.414829 0.971073 0.225231 -0.079302 0.956689 0.285119 0.058770 0.953456 0.300761 -0.021547 0.944848 0.324569 0.043792 0.944789 0.325116 0.040893 0.951104 0.308431 -0.016473 0.938793 0.344439 0.005406 0.936439 0.346108 -0.057363 0.919252 0.372139 -0.128405 0.934292 0.355037 -0.032347 0.880400 0.422656 -0.215077 0.911498 0.373476 -0.172299 0.839800 0.493088 -0.227156 0.850677 0.508000 -0.135220 0.315078 0.921666 -0.226402 0.406588 0.900398 -0.154821 -0.827531 0.559462 0.046850 -0.763187 0.603118 -0.231935 0.960324 0.278557 0.013569 0.788663 -0.391472 -0.474089 0.856951 -0.403536 -0.320614 0.853241 -0.184877 -0.487648 0.939966 0.329879 -0.087435 0.656714 -0.083920 -0.749456 0.570613 0.121325 -0.812208 0.916968 0.371311 -0.145938 0.588932 0.328631 -0.738350 0.892738 0.415416 -0.174494 0.380114 0.367159 -0.848945 0.874979 0.423275 -0.235052 0.443782 0.540042 -0.715131 0.866188 0.471384 -0.165877 0.424949 0.664650 -0.614540 0.280701 0.831319 -0.479703 -0.712135 0.274191 -0.646284 -0.811413 0.315324 -0.492118 -0.636312 0.075911 -0.767688 -0.059934 -0.695314 -0.716202 -0.438934 -0.539199 -0.718750 -0.693737 -0.150177 -0.704398 -0.482925 -0.163883 -0.860189 -0.505601 -0.349324 -0.788885 -0.315979 -0.781473 -0.538013 -0.203791 -0.835217 -0.510766 -0.734249 -0.622496 -0.270883 -0.739184 -0.653287 -0.163777 -0.716229 -0.669008 -0.198605 -0.683900 -0.714550 -0.147307 -0.768648 -0.631164 -0.103982 -0.848382 -0.506266 0.154736 -0.854897 -0.336624 0.394759 -0.880972 -0.271361 0.387624 -0.885054 -0.176191 0.430856 -0.899036 -0.148472 0.411936 -0.909392 -0.167872 0.380560 -0.910149 -0.202075 0.361656 -0.844969 -0.120794 0.520995 -0.870855 -0.112324 0.478534 -0.819495 -0.103865 0.563595 -0.822241 -0.149484 0.549158 -0.777560 -0.117789 0.617678 -0.891496 -0.177032 0.417007 -0.960180 -0.222479 0.168990 -0.859470 0.493524 0.133211 0.226722 0.969317 -0.094987 0.837861 0.540842 -0.074020 0.910823 0.363699 -0.195257 0.946082 0.310526 -0.092210 0.951683 0.302327 -0.053839 0.954518 0.297340 -0.022014 0.952003 0.305869 -0.011623 0.962632 0.270800 -0.002738 0.977093 0.212778 0.003888 0.957559 0.281195 -0.063316 0.965176 0.259550 -0.032698 0.972124 0.234189 -0.011466 -0.978739 -0.186113 -0.086206 -0.947017 -0.137878 -0.290083 -0.981541 -0.169308 0.088954 -0.929760 -0.294779 0.220572 -0.957181 -0.258435 0.130443 -0.905490 -0.234116 -0.353946 -0.911467 -0.333182 -0.241282 -0.874243 -0.353516 -0.332755 -0.851711 -0.412046 -0.323738 -0.803936 -0.516716 -0.294435 -0.584309 -0.652930 -0.481939 -0.744105 -0.606497 -0.280123 -0.628373 -0.698602 -0.342204 -0.865312 -0.468693 0.177658 -0.902695 -0.361219 0.233799 -0.876715 -0.435275 0.204713 -0.871081 -0.475982 0.121076 -0.924829 -0.346507 0.156923 -0.926961 -0.256473 0.273797 -0.872099 -0.462792 0.158955 -0.879381 -0.450104 0.155225 -0.871036 -0.466182 0.154823 -0.878469 -0.454212 0.148266 -0.906708 -0.401140 0.130261 -0.950167 -0.292885 0.106773 -0.912410 -0.397549 0.097281 -0.950822 -0.303239 0.063117 -0.913665 -0.398564 0.079768 -0.930518 -0.361171 0.060755 -0.954729 -0.296539 0.023612 -0.944030 -0.328252 0.032535 -0.958067 -0.286541 0.001510 -0.949958 -0.312087 0.013509 -0.964469 -0.263625 -0.017349 -0.960902 -0.276770 -0.008097 -0.972547 -0.231466 -0.023971 -0.946432 -0.316515 0.063905 -0.960768 -0.277122 0.011289 -0.965673 -0.259647 -0.007717 -0.977732 -0.201439 -0.058839 -0.970535 -0.239009 0.030598 -0.982940 -0.177398 -0.048566 -0.978679 -0.194157 -0.067006 -0.849268 0.178610 -0.496832 -0.904504 0.072187 -0.420310 " />
							<TextureCoordinate point="0.0616 0.7674 0.0680 0.7610 0.0870 0.7895 0.0926 0.7827 0.1149 0.8086 0.1196 0.8022 0.0503 0.7408 0.0430 0.7459 0.0397 0.7398 0.0468 0.7364 0.0389 0.7363 0.0465 0.7328 0.0384 0.7337 0.0464 0.7303 0.0536 0.7300 0.0534 0.7271 0.0621 0.7256 0.0619 0.7225 0.0713 0.7205 0.0701 0.7178 0.0812 0.7110 0.0823 0.7124 0.0921 0.7021 0.0918 0.7010 0.1012 0.6915 0.1004 0.6909 0.1064 0.6846 0.1083 0.6859 0.0689 0.7154 0.0760 0.7048 0.0658 0.7100 0.0889 0.6968 0.0987 0.6902 0.1117 0.6802 0.1130 0.6825 0.1185 0.6772 0.1190 0.6809 0.1264 0.6783 0.1252 0.6816 0.1345 0.6848 0.1359 0.6817 0.1450 0.6909 0.1485 0.6888 0.1456 0.6926 0.1670 0.6983 0.1439 0.7056 0.1298 0.6986 0.1331 0.6873 0.1242 0.6841 0.1182 0.6925 0.1191 0.6832 0.1142 0.6850 0.1099 0.6875 0.1109 0.7017 0.1022 0.6923 0.0925 0.7036 0.1024 0.7121 0.0929 0.7220 0.0836 0.7143 0.0818 0.7301 0.0948 0.7399 0.0847 0.7482 0.1115 0.7507 0.1051 0.7642 0.1051 0.7312 0.1223 0.7410 0.1303 0.7791 0.1391 0.7645 0.1464 0.7477 0.0689 0.7349 0.0728 0.7240 0.0631 0.7296 0.1236 0.7931 0.0982 0.7751 0.0763 0.7556 0.0577 0.7381 0.0540 0.7336 0.1143 0.7215 0.1231 0.7106 0.1379 0.7198 0.1293 0.7321 0.1632 0.7149 0.1576 0.7311 0.1744 0.8382 0.1435 0.8239 0.1462 0.8167 0.1793 0.8301 0.2065 0.8518 0.2133 0.8452 0.2354 0.8640 0.2402 0.8571 0.2612 0.8732 0.2636 0.8656 0.2877 0.8811 0.2899 0.8734 0.3146 0.8872 0.3160 0.8799 0.3372 0.8912 0.3391 0.8849 0.3616 0.8934 0.3613 0.8861 0.3716 0.8915 0.3760 0.8867 0.3702 0.9032 0.3631 0.9066 0.3635 0.9076 0.3699 0.9066 0.3742 0.9093 0.3716 0.9100 0.3744 0.9152 0.3714 0.9154 0.3735 0.9214 0.3707 0.9214 0.3723 0.9254 0.3706 0.9266 0.3830 0.8946 0.3894 0.8880 0.3824 0.8803 0.3643 0.8781 0.3699 0.8629 0.3464 0.8594 0.3519 0.8373 0.3764 0.8412 0.3578 0.8145 0.3830 0.8172 0.3638 0.7903 0.3885 0.7922 0.3700 0.7640 0.3937 0.7659 0.3278 0.8317 0.3228 0.8528 0.2978 0.8452 0.3030 0.8251 0.3087 0.8046 0.3335 0.8103 0.3147 0.7839 0.3398 0.7881 0.3207 0.7629 0.3467 0.7630 0.2723 0.8370 0.2776 0.8175 0.2464 0.8273 0.2516 0.8086 0.2832 0.7979 0.2573 0.7899 0.2887 0.7781 0.2629 0.7705 0.2689 0.7521 0.2939 0.7589 0.2184 0.8145 0.2249 0.7981 0.1985 0.7870 0.1875 0.7987 0.1619 0.7735 0.1560 0.7903 0.1780 0.7610 0.2031 0.7696 0.2305 0.7800 0.2097 0.7519 0.1828 0.7423 0.2366 0.7616 0.2159 0.7348 0.2430 0.7439 0.1875 0.7252 0.1828 0.8172 0.2145 0.8321 0.2420 0.8463 0.2671 0.8561 0.2926 0.8640 0.3176 0.8712 0.3416 0.8772 0.1504 0.8054 0.1896 0.7083 0.2186 0.7167 0.2480 0.7237 0.2721 0.7322 0.2966 0.7373 0.3226 0.7402 0.3484 0.7409 0.3742 0.7398 0.3979 0.7390 0.4205 0.7670 0.4159 0.7933 0.4100 0.8188 0.4031 0.8436 0.3967 0.8653 0.4304 0.8625 0.4354 0.8415 0.4392 0.8175 0.4239 0.7418 0.4057 0.8790 0.4264 0.8772 0.3925 0.8826 0.4251 0.8881 0.4061 0.8882 0.4258 0.9001 0.4042 0.8988 0.3899 0.9116 0.3819 0.9143 0.3771 0.9172 0.3804 0.9198 0.3773 0.9226 0.3811 0.9214 0.3780 0.9241 0.3739 0.9266 0.3736 0.9251 0.3722 0.9271 0.3729 0.9254 0.3819 0.9210 0.3829 0.9188 0.3850 0.9219 0.3844 0.9251 0.3887 0.9296 0.3869 0.9303 0.3941 0.9409 0.3931 0.9425 0.3984 0.9512 0.3975 0.9526 0.4021 0.9639 0.4009 0.9637 0.4045 0.9778 0.4054 0.9780 0.3752 0.9220 0.4043 0.9442 0.4074 0.9636 0.4310 0.9445 0.4330 0.9570 0.4118 0.9738 0.4151 0.9729 0.4115 0.9771 0.4110 0.9764 0.4093 0.9805 0.4103 0.9806 0.4086 0.9850 0.4078 0.9846 0.4328 0.9581 0.4354 0.9593 0.4361 0.9593 0.4362 0.9627 0.4369 0.9627 0.4365 0.9674 0.4359 0.9675 0.4361 0.9714 0.4357 0.9716 0.4363 0.9724 0.4360 0.9731 0.4364 0.9727 0.4362 0.9734 0.4392 0.9681 0.4385 0.9680 0.4404 0.9631 0.4410 0.9635 0.4416 0.9568 0.4425 0.9561 0.4425 0.9524 0.4436 0.9526 0.4479 0.9446 0.4466 0.9437 0.4523 0.9372 0.4501 0.9355 0.4446 0.9306 0.4581 0.9250 0.4597 0.9292 0.4633 0.9305 0.4267 0.9329 0.4018 0.9221 0.4228 0.9158 0.4358 0.9113 0.4432 0.8948 0.4496 0.9073 0.4578 0.8916 0.4421 0.8860 0.4642 0.8822 0.4439 0.8757 0.4666 0.8718 0.4486 0.8599 0.4711 0.8552 0.4533 0.8393 0.4754 0.8359 0.4578 0.8162 0.4794 0.8139 0.4632 0.7915 0.4426 0.7925 0.4456 0.7671 0.4669 0.7665 0.4840 0.7901 0.4879 0.7655 0.4479 0.7425 0.4701 0.7422 0.4906 0.7415 0.4494 0.7215 0.4711 0.7210 0.4915 0.7202 0.4503 0.7024 0.4718 0.7014 0.4507 0.6757 0.4723 0.6762 0.4924 0.7001 0.4933 0.6760 0.4713 0.6473 0.4500 0.6476 0.4942 0.6463 0.4707 0.6205 0.4951 0.6188 0.4713 0.5929 0.4968 0.5956 0.4886 0.5802 0.4716 0.5772 0.5138 0.7189 0.5143 0.6988 0.5392 0.7175 0.5390 0.7387 0.5694 0.7367 0.5676 0.7583 0.5366 0.7617 0.5644 0.7803 0.5341 0.7851 0.5621 0.8009 0.5306 0.8074 0.5588 0.8207 0.5272 0.8282 0.5556 0.8386 0.5253 0.8466 0.5833 0.8297 0.5870 0.8133 0.5900 0.7947 0.5927 0.7753 0.5953 0.7549 0.5969 0.7346 0.5517 0.8544 0.5229 0.8619 0.5809 0.8432 0.5519 0.8636 0.5235 0.8701 0.5305 0.8773 0.5495 0.8735 0.5785 0.8687 0.5782 0.8562 0.5694 0.7160 0.5976 0.7145 0.5402 0.6965 0.5709 0.6948 0.5412 0.6721 0.5712 0.6700 0.5977 0.6934 0.5973 0.6689 0.5433 0.6441 0.5716 0.6424 0.5959 0.6416 0.5473 0.6160 0.5729 0.6141 0.5832 0.6044 0.5519 0.6027 0.5781 0.6039 0.6168 0.6165 0.6228 0.6443 0.6541 0.6239 0.6545 0.6491 0.6825 0.6291 0.6894 0.6544 0.7025 0.6347 0.6242 0.6698 0.6520 0.6727 0.6245 0.6924 0.6247 0.7126 0.6246 0.7319 0.6230 0.7511 0.6201 0.7700 0.6143 0.7876 0.6099 0.8054 0.6075 0.8204 0.6046 0.8342 0.5982 0.8498 0.6094 0.8656 0.5951 0.8883 0.5823 0.8838 0.5522 0.8755 0.5533 0.8783 0.5507 0.8803 0.5504 0.8785 0.5812 0.8859 0.5374 0.8832 0.5374 0.8846 0.5334 0.8865 0.5350 0.8889 0.5282 0.8891 0.5283 0.8868 0.5170 0.8907 0.5172 0.8925 0.5084 0.8978 0.5073 0.8967 0.5079 0.9026 0.5068 0.9029 0.5064 0.9064 0.5059 0.9050 0.5041 0.9051 0.5039 0.9065 0.4969 0.9033 0.4964 0.9046 0.4893 0.9060 0.4889 0.9077 0.4787 0.9127 0.4791 0.9147 0.4695 0.9203 0.4718 0.9234 0.4691 0.9291 0.4706 0.9298 0.4684 0.9373 0.4694 0.9385 0.4665 0.9381 0.4675 0.9371 0.4622 0.9313 0.4978 0.8958 0.4852 0.8980 0.4841 0.8868 0.4964 0.8833 0.4923 0.8769 0.5155 0.8788 0.4943 0.8665 0.4969 0.8509 0.4995 0.8324 0.5030 0.8111 0.5059 0.7882 0.5100 0.7640 0.5130 0.7398 0.4702 0.8892 0.4731 0.9014 0.4622 0.9046 0.4607 0.9315 0.4037 0.9836 0.4045 0.9835 0.4036 0.9871 0.4029 0.9870 0.4031 0.9883 0.4043 0.9885 0.4047 0.9893 0.4055 0.9882 0.4059 0.9887 0.4050 0.9814 0.4042 0.9810 0.0600 0.7192 0.0568 0.7144 0.0550 0.7218 0.0518 0.7179 0.0484 0.7245 0.0447 0.7209 0.0417 0.7271 0.0392 0.7228 0.0344 0.7287 0.0319 0.7234 0.0461 0.7034 0.0377 0.6963 0.0534 0.6964 0.0431 0.6869 0.0515 0.6765 0.0643 0.6878 0.0648 0.6641 0.0769 0.6776 0.0738 0.6575 0.0849 0.6709 0.0930 0.6466 0.1016 0.6630 0.1202 0.6583 0.1182 0.6357 0.1365 0.6566 0.1359 0.6297 0.1529 0.6463 0.1522 0.6632 0.1716 0.6557 0.1708 0.6715 0.1939 0.6639 0.1924 0.6806 0.2210 0.6726 0.2217 0.6902 0.2500 0.6820 0.2487 0.6987 0.2734 0.6877 0.2731 0.7031 0.2969 0.6898 0.2980 0.7057 0.3198 0.6922 0.3246 0.7040 0.2964 0.6694 0.3238 0.6719 0.3304 0.6891 0.3495 0.7040 0.3490 0.6847 0.3744 0.7018 0.3730 0.6800 0.3999 0.7002 0.3990 0.6768 0.4256 0.6756 0.4260 0.7015 0.3694 0.6566 0.3968 0.6510 0.4238 0.6483 0.3637 0.6339 0.3935 0.6248 0.4220 0.6200 0.4482 0.6200 0.3602 0.6083 0.3903 0.5961 0.4185 0.5889 0.4496 0.5903 0.3609 0.5874 0.3884 0.5781 0.4088 0.5683 0.4527 0.5732 0.4104 0.5682 0.3651 0.5767 0.3877 0.5702 0.3694 0.5647 0.3855 0.5596 0.3740 0.5533 0.3851 0.5485 0.3788 0.5413 0.3642 0.5483 0.3547 0.5620 0.3473 0.5532 0.3536 0.5415 0.3579 0.5343 0.3710 0.5318 0.3300 0.5811 0.3214 0.5945 0.3257 0.6171 0.3306 0.6462 0.3427 0.6644 0.2966 0.6442 0.2715 0.6667 0.2685 0.6415 0.2909 0.6193 0.2636 0.6180 0.2463 0.6607 0.2417 0.6361 0.2358 0.6057 0.2180 0.6529 0.2148 0.6308 0.2071 0.6115 0.1922 0.6448 0.1845 0.6159 0.1691 0.6389 0.1626 0.6219 0.1517 0.6246 0.2618 0.6015 0.2792 0.5988 0.3182 0.5909 0.3245 0.5828 0.3375 0.5635 0.3389 0.5646 0.3455 0.5521 0.3511 0.5405 0.3573 0.5338 0.3627 0.5248 0.3689 0.5174 0.3686 0.5173 0.3622 0.5241 0.3733 0.5154 0.3731 0.5157 0.3778 0.5162 0.3781 0.5160 0.3924 0.5274 0.3927 0.5279 0.3938 0.5297 0.3936 0.5297 0.3975 0.5348 0.3976 0.5345 0.4012 0.5412 0.4009 0.5416 0.4056 0.5531 0.4061 0.5532 0.4090 0.5682 0.1906 0.6936 0.2199 0.7025 0.2478 0.7103 0.2728 0.7167 0.2977 0.7213 0.3235 0.7227 0.3491 0.7228 0.3745 0.7212 0.3995 0.7202 0.4256 0.7211 0.1688 0.6853 0.1508 0.6779 0.1372 0.6712 0.1257 0.6687 0.1178 0.6694 0.1062 0.6755 0.0944 0.6827 0.0835 0.6887 0.0712 0.6965 0.0609 0.7036 0.0525 0.7102 0.5050 0.5826 0.5266 0.5997 0.5311 0.5875 0.5206 0.6160 0.5180 0.6451 0.5157 0.6740 0.5499 0.5913 0.5610 0.5938 0.5769 0.5960 0.5898 0.5937 0.5916 0.5972 0.6032 0.5857 0.6046 0.5887 0.5939 0.5994 0.6051 0.5932 0.6214 0.5855 0.6217 0.5807 0.6349 0.5783 0.6340 0.5723 0.6518 0.5686 0.6516 0.5637 0.6697 0.5571 0.6709 0.5498 0.6850 0.5524 0.6883 0.5425 0.6940 0.5514 0.7016 0.5419 0.7097 0.5553 0.7177 0.5465 0.7273 0.5604 0.7344 0.5536 0.7351 0.5661 0.7423 0.5591 0.7413 0.5716 0.7484 0.5644 0.7571 0.5726 0.7498 0.5814 0.7640 0.5827 0.7570 0.5905 0.7764 0.6021 0.7666 0.6090 0.7824 0.6192 0.7722 0.6271 0.7794 0.6336 0.7682 0.6385 0.7643 0.6477 0.7601 0.6467 0.7554 0.6553 0.7466 0.6533 0.7558 0.6666 0.7439 0.6649 0.7430 0.6786 0.7588 0.6801 0.7569 0.6940 0.7403 0.6933 0.7734 0.6937 0.7747 0.6805 0.7658 0.6685 0.7753 0.6693 0.7297 0.6614 0.7333 0.6493 0.7112 0.6580 0.7252 0.6759 0.7055 0.6716 0.6783 0.6794 0.6508 0.6923 0.6500 0.7102 0.6490 0.7290 0.6476 0.7466 0.6449 0.7647 0.6428 0.7816 0.6409 0.7990 0.6413 0.8142 0.6347 0.8344 0.6150 0.8441 0.6308 0.8609 0.6476 0.8574 0.6635 0.8067 0.6643 0.7935 0.6663 0.7746 0.6669 0.7611 0.6686 0.7420 0.6710 0.7275 0.6735 0.7070 0.6757 0.6935 0.6858 0.7927 0.6836 0.7641 0.6864 0.7331 0.6948 0.6977 0.7101 0.7582 0.7120 0.7332 0.7175 0.7081 0.7218 0.6920 0.7055 0.7801 0.7040 0.7988 0.6886 0.8103 0.7116 0.8161 0.7190 0.8083 0.6780 0.8137 0.6955 0.8307 0.7035 0.8251 0.7152 0.8481 0.7209 0.8389 0.7346 0.8645 0.7411 0.8536 0.7289 0.8291 0.7344 0.8205 0.7509 0.8321 0.7456 0.8438 0.7535 0.8208 0.7385 0.8143 0.7436 0.8070 0.7544 0.8085 0.7433 0.7901 0.7366 0.7954 0.7350 0.7852 0.7203 0.7920 0.7267 0.8033 0.7224 0.7765 0.7349 0.7722 0.7509 0.7768 0.7538 0.7811 0.7699 0.7727 0.7698 0.7757 0.7531 0.7674 0.7692 0.7632 0.7246 0.7561 0.7332 0.7540 0.7273 0.7329 0.7344 0.7326 0.7379 0.7108 0.7524 0.7511 0.7533 0.7320 0.7550 0.7114 0.7700 0.7502 0.7707 0.7318 0.7718 0.7108 0.7888 0.7635 0.7877 0.7728 0.8058 0.7750 0.8057 0.7778 0.8288 0.7844 0.8296 0.7815 0.7875 0.7749 0.8079 0.7650 0.8311 0.7694 0.8548 0.7938 0.8552 0.7919 0.8780 0.8009 0.8789 0.8030 0.8797 0.7819 0.8566 0.7755 0.8968 0.8071 0.8975 0.8059 0.9199 0.8107 0.9198 0.8087 0.9002 0.7874 0.9234 0.7876 0.9424 0.8120 0.9415 0.8104 0.9587 0.8017 0.9595 0.8026 0.9425 0.7881 0.9598 0.7829 0.9627 0.7831 0.8779 0.7591 0.8551 0.7553 0.8753 0.7326 0.8537 0.7315 0.8719 0.7055 0.8514 0.7063 0.8318 0.7521 0.8317 0.7306 0.8097 0.7305 0.8093 0.7502 0.8308 0.7065 0.8097 0.7068 0.7903 0.7312 0.7899 0.7501 0.7909 0.7089 0.8971 0.7331 0.9008 0.7630 0.9187 0.7316 0.9151 0.7002 0.8928 0.7036 0.9225 0.7631 0.9416 0.7285 0.9440 0.7656 0.9624 0.7670 0.9653 0.7252 0.9379 0.6946 0.9660 0.6810 0.9654 0.7669 0.9706 0.7248 0.9715 0.6782 0.9599 0.6592 0.9647 0.6584 0.9538 0.6384 0.9301 0.6427 0.9470 0.6253 0.9245 0.6287 0.9333 0.6670 0.9605 0.6364 0.9541 0.6227 0.9198 0.6168 0.9455 0.6114 0.9104 0.6716 0.9043 0.6488 0.8886 0.6766 0.8834 0.6534 0.8999 0.6343 0.8796 0.6410 0.8965 0.6215 0.8762 0.6292 0.8921 0.6110 0.8724 0.6185 0.8688 0.6798 0.8651 0.6583 0.8472 0.6640 0.8617 0.6473 0.8448 0.6534 0.8494 0.6830 0.8431 0.6449 0.8588 0.6372 0.8552 0.6272 0.8400 0.6357 0.8292 0.6859 0.8263 0.6691 0.8090 0.6736 0.8073 0.6662 0.8256 0.6607 0.8096 0.6890 0.7921 0.6776 0.7917 0.6916 0.7914 0.6683 0.8061 0.6590 0.7910 0.6622 0.7921 0.6561 0.8046 0.6528 0.8226 0.6445 0.8245 0.6540 0.7779 0.6617 0.7678 0.6601 0.7690 0.6575 0.7797 0.6578 0.7587 0.6542 0.7660 0.6486 0.7803 0.6335 0.7834 0.6188 0.7781 0.6037 0.7672 0.5812 0.7598 0.5699 0.7526 0.5610 0.7465 0.5552 0.7386 0.5490 0.7215 0.5408 0.7035 0.5383 0.6903 0.5388 0.6710 0.5467 0.6525 0.5594 0.6329 0.5698 0.6215 0.5772 0.3595 0.4622 0.3582 0.4623 0.3554 0.4557 0.3538 0.4551 0.3655 0.4499 0.3718 0.4658 0.3644 0.4721 0.3690 0.4788 0.3482 0.4434 0.3544 0.4367 0.3706 0.4348 0.3763 0.4463 0.3857 0.4360 0.3878 0.4255 0.3645 0.4215 0.3871 0.4179 0.3597 0.4107 0.3903 0.3963 0.3603 0.3883 0.3644 0.3633 0.3937 0.3717 0.3708 0.3407 0.3976 0.3470 0.4009 0.3231 0.3750 0.3187 0.4025 0.3001 0.3768 0.2977 0.4271 0.3018 0.4262 0.3258 0.4499 0.3274 0.4520 0.3020 0.4243 0.3515 0.4493 0.3537 0.4212 0.3770 0.4477 0.3795 0.4173 0.4017 0.4485 0.4062 0.4088 0.4233 0.4106 0.4230 0.4546 0.4232 0.4027 0.2798 0.3771 0.2775 0.4011 0.2569 0.3758 0.2562 0.3982 0.2321 0.4246 0.2319 0.4205 0.2056 0.3936 0.2059 0.3734 0.2331 0.3685 0.2075 0.3885 0.1809 0.3631 0.1830 0.3831 0.1580 0.3579 0.1607 0.3775 0.1365 0.3527 0.1396 0.3332 0.1650 0.3283 0.1445 0.3032 0.1509 0.3082 0.1708 0.3135 0.1920 0.3385 0.1869 0.3191 0.2128 0.3440 0.2094 0.3236 0.2349 0.3484 0.2337 0.2777 0.1584 0.2826 0.1776 0.2515 0.1670 0.2562 0.1864 0.2877 0.1984 0.2614 0.2061 0.2929 0.2183 0.2666 0.2254 0.2972 0.2391 0.2718 0.2446 0.2294 0.1963 0.2233 0.1789 0.2031 0.2067 0.1925 0.1946 0.1656 0.2225 0.1607 0.2070 0.2348 0.2149 0.2080 0.2242 0.1820 0.2330 0.2134 0.2425 0.1861 0.2516 0.2403 0.2337 0.2190 0.2601 0.2464 0.2520 0.1904 0.2690 0.2193 0.1635 0.2472 0.1510 0.2730 0.1409 0.2986 0.1326 0.3238 0.1262 0.3477 0.1191 0.3704 0.1179 0.3885 0.1161 0.4037 0.1322 0.4093 0.1565 0.4153 0.1799 0.4313 0.1372 0.4354 0.1583 0.4425 0.1812 0.4480 0.2065 0.4501 0.2322 0.4268 0.2564 0.4508 0.2564 0.4118 0.1177 0.4325 0.1198 0.3986 0.1140 0.3957 0.1085 0.3823 0.1096 0.3894 0.1018 0.3779 0.1047 0.3675 0.1099 0.3679 0.1027 0.3452 0.1104 0.3435 0.1041 0.3767 0.0930 0.3696 0.0895 0.3699 0.0885 0.3764 0.0896 0.3220 0.1151 0.3207 0.1077 0.2937 0.1133 0.2959 0.1217 0.2673 0.1212 0.2699 0.1299 0.2417 0.1307 0.2441 0.1402 0.2135 0.1438 0.2158 0.1532 0.1826 0.1591 0.1858 0.1679 0.1528 0.1747 0.1554 0.1831 0.1889 0.1782 0.1577 0.1934 0.1384 0.2190 0.1328 0.2054 0.1115 0.2311 0.1455 0.2311 0.1164 0.2429 0.0882 0.2438 0.0981 0.2521 0.1081 0.2608 0.1262 0.2521 0.1505 0.2462 0.0845 0.2613 0.0715 0.2562 0.0955 0.2700 0.0754 0.2674 0.0657 0.2616 0.0861 0.2774 0.1050 0.2209 0.0797 0.2363 0.0602 0.2532 0.0566 0.2577 0.0948 0.2883 0.1048 0.2800 0.1132 0.2907 0.1043 0.2999 0.1119 0.3049 0.1203 0.3001 0.1162 0.3075 0.1210 0.3095 0.1261 0.3086 0.1320 0.2942 0.1351 0.3056 0.1255 0.2821 0.1170 0.2709 0.1477 0.3005 0.1462 0.2875 0.1693 0.2953 0.1659 0.2787 0.1407 0.2732 0.1326 0.2607 0.1607 0.2624 0.1505 0.3044 0.1471 0.3022 0.1378 0.3113 0.1364 0.3082 0.1283 0.3145 0.1270 0.3111 0.1208 0.3117 0.1203 0.3154 0.1149 0.3100 0.1136 0.3123 0.1103 0.3064 0.1083 0.3076 0.1033 0.3006 0.1025 0.3012 0.0940 0.2909 0.0944 0.2898 0.0836 0.2807 0.0847 0.2793 0.0739 0.2710 0.0727 0.2736 0.0645 0.2688 0.0648 0.2657 0.0560 0.2641 0.0561 0.2614 0.0714 0.2760 0.0783 0.2869 0.0682 0.2814 0.0911 0.2951 0.1007 0.3019 0.0626 0.2722 0.0593 0.2769 0.0575 0.2694 0.0543 0.2734 0.0509 0.2668 0.0472 0.2703 0.0442 0.2641 0.0418 0.2685 0.0369 0.2626 0.0345 0.2679 0.0484 0.2877 0.0400 0.2947 0.0556 0.2949 0.0453 0.3038 0.0532 0.3146 0.0663 0.3037 0.0662 0.3274 0.0787 0.3141 0.0750 0.3342 0.0866 0.3209 0.0940 0.3454 0.1030 0.3292 0.1216 0.3344 0.1187 0.3569 0.1381 0.3367 0.1359 0.3638 0.1534 0.3479 0.1538 0.3300 0.1727 0.3393 0.1725 0.3222 0.1956 0.3317 0.1943 0.3137 0.2226 0.3234 0.2238 0.3050 0.2503 0.3153 0.2514 0.2958 0.2749 0.3101 0.2754 0.2898 0.2990 0.3084 0.3009 0.2887 0.3228 0.3077 0.3272 0.2928 0.2988 0.3303 0.3265 0.3263 0.3332 0.3090 0.3519 0.2945 0.3514 0.3136 0.3453 0.3330 0.2724 0.3331 0.2974 0.3543 0.2689 0.3564 0.3318 0.3517 0.3256 0.3809 0.2908 0.3787 0.2634 0.3793 0.2467 0.3368 0.2425 0.3595 0.2351 0.3905 0.2197 0.3430 0.2161 0.3613 0.2067 0.3837 0.1923 0.3517 0.1845 0.3779 0.1696 0.3569 0.1622 0.3725 0.1514 0.3694 0.2610 0.3958 0.2782 0.3992 0.3203 0.4043 0.3170 0.4078 0.3232 0.4162 0.3315 0.4188 0.3386 0.4334 0.3362 0.4353 0.3465 0.4452 0.5946 0.8903 0.6054 0.8946 0.6068 0.8927 0.6153 0.8980 0.6174 0.8964 0.6188 0.8726 0.6371 0.8880 0.6406 0.9014 0.6397 0.9028 0.6376 0.8689 0.6568 0.8661 0.6515 0.8858 0.6663 0.8833 0.6629 0.9025 0.6768 0.9021 0.6773 0.9037 0.6617 0.9057 0.6867 0.8995 0.6879 0.9016 0.6964 0.8960 0.6908 0.8836 0.6766 0.8831 0.7020 0.8814 0.7128 0.8881 0.7197 0.8821 0.7040 0.8671 0.6859 0.8630 0.6698 0.8638 0.6965 0.8986 0.7120 0.8911 0.7204 0.8848 0.6654 0.8514 0.6830 0.8400 0.6655 0.8223 0.6529 0.8273 0.7083 0.8592 0.7271 0.8754 0.7343 0.8676 0.7430 0.8565 0.7471 0.8467 0.7523 0.8354 0.7561 0.8242 0.7580 0.8092 0.7292 0.8774 0.7167 0.6397 0.7423 0.6353 0.7321 0.6204 0.7148 0.6050 0.6950 0.5915 0.6699 0.5913 0.6421 0.6001 0.6192 0.6022 0.9163 0.6069 0.9382 0.6090 0.0701 0.2311 0.0644 0.2246 0.0929 0.2056 0.0979 0.2129 0.1232 0.1889 0.1288 0.1962 0.0528 0.2505 0.0452 0.2458 0.0421 0.2518 0.0494 0.2549 0.0413 0.2551 0.0490 0.2586 0.0409 0.2576 0.0489 0.2610 0.1921 0.2859 0.2213 0.2783 0.2510 0.2722 0.2760 0.2649 0.3000 0.2593 0.3254 0.2561 0.3508 0.2555 0.3265 0.2739 0.3006 0.2748 0.2758 0.2797 0.3517 0.2753 0.2505 0.2855 0.2223 0.2925 0.1928 0.3006 0.1708 0.3084 0.1526 0.3153 0.1389 0.3219 0.1273 0.3241 0.1195 0.3232 0.1080 0.3168 0.0963 0.3093 0.0855 0.3030 0.0734 0.2951 0.0632 0.2878 0.0549 0.2810 0.3781 0.0863 0.3808 0.0870 0.3810 0.0811 0.3781 0.0809 0.3801 0.0749 0.3774 0.0748 0.3791 0.0709 0.3774 0.0697 0.3789 0.0692 0.3796 0.0710 0.3803 0.0712 0.3806 0.0697 0.3841 0.0737 0.3847 0.0722 0.3878 0.0750 0.3871 0.0766 0.3886 0.0754 0.3896 0.0776 0.3917 0.0746 0.3912 0.0714 0.3955 0.0669 0.3937 0.0662 0.4011 0.0556 0.4001 0.0540 0.4055 0.0454 0.4046 0.0440 0.4094 0.0328 0.4082 0.0330 0.4121 0.0189 0.4129 0.0187 0.3885 0.0821 0.3837 0.0792 0.3819 0.0744 0.3965 0.0849 0.4106 0.0979 0.4124 0.1085 0.4323 0.0969 0.4314 0.1089 0.4085 0.0746 0.4295 0.0812 0.4424 0.0859 0.4336 0.0641 0.4114 0.0525 0.4380 0.0526 0.4147 0.0331 0.4402 0.0401 0.4193 0.0230 0.4225 0.0240 0.4190 0.0197 0.4185 0.0204 0.4169 0.0164 0.4179 0.0162 0.4163 0.0118 0.4155 0.0121 0.4400 0.0391 0.4427 0.0379 0.4434 0.0379 0.4435 0.0345 0.4442 0.0345 0.4439 0.0298 0.4433 0.0297 0.4436 0.0258 0.4432 0.0256 0.4438 0.0248 0.4435 0.0240 0.4439 0.0245 0.4437 0.0238 0.4466 0.0291 0.4459 0.0293 0.4477 0.0341 0.4484 0.0337 0.4489 0.0404 0.4497 0.0412 0.4497 0.0449 0.4508 0.0447 0.4549 0.0528 0.4537 0.0536 0.4515 0.0667 0.4563 0.0626 0.4650 0.0726 0.4666 0.0685 0.4561 0.0900 0.4496 0.1024 0.4641 0.1061 0.4485 0.1113 0.4705 0.1155 0.4501 0.1217 0.4728 0.1270 0.4520 0.1403 0.4762 0.1446 0.4562 0.1607 0.4800 0.1641 0.4613 0.1835 0.4840 0.1862 0.4671 0.2077 0.4885 0.2097 0.4692 0.2329 0.4913 0.2344 0.4704 0.2570 0.4936 0.2587 0.4715 0.2798 0.4950 0.2811 0.4718 0.3027 0.4945 0.3031 0.4946 0.3282 0.4706 0.3282 0.4703 0.3547 0.4946 0.3562 0.4700 0.3812 0.4958 0.3842 0.4723 0.4089 0.4981 0.4083 0.4900 0.4229 0.4733 0.4238 0.5171 0.2604 0.5146 0.2364 0.5349 0.2386 0.5329 0.2150 0.5481 0.2177 0.5473 0.1964 0.5696 0.2016 0.5673 0.1826 0.5458 0.1770 0.5647 0.1652 0.5435 0.1591 0.5894 0.1729 0.5921 0.1897 0.5711 0.2218 0.5494 0.2404 0.5730 0.2435 0.5947 0.2078 0.5973 0.2269 0.5991 0.2475 0.5514 0.2633 0.5743 0.2654 0.6001 0.2683 0.5613 0.1492 0.5398 0.1423 0.5864 0.1580 0.5580 0.1359 0.5376 0.1303 0.5559 0.1259 0.5370 0.1216 0.5848 0.1318 0.5841 0.1442 0.5737 0.2866 0.6004 0.2891 0.5752 0.3093 0.6005 0.3113 0.5750 0.3339 0.5543 0.3327 0.5532 0.3078 0.5996 0.3355 0.5568 0.3601 0.5752 0.3616 0.5963 0.3640 0.5741 0.3897 0.5581 0.3875 0.5842 0.4005 0.5791 0.4010 0.5388 0.3318 0.5375 0.3065 0.5525 0.2852 0.5369 0.2841 0.5365 0.2621 0.5443 0.3875 0.5411 0.3593 0.5926 0.4077 0.5949 0.4055 0.6054 0.4163 0.6060 0.4118 0.6222 0.4197 0.6224 0.4245 0.6355 0.4271 0.6345 0.4331 0.6521 0.4371 0.6519 0.4419 0.6698 0.4489 0.6708 0.4562 0.6849 0.4539 0.6880 0.4639 0.6940 0.4551 0.7013 0.4648 0.7097 0.4515 0.7175 0.4605 0.7273 0.4468 0.7343 0.4537 0.7353 0.4412 0.7424 0.4485 0.7416 0.4359 0.7485 0.4432 0.7574 0.4353 0.7503 0.4263 0.7645 0.4254 0.7577 0.4174 0.7774 0.4063 0.7677 0.3991 0.7838 0.3894 0.7737 0.3813 0.7811 0.3750 0.7699 0.3698 0.7663 0.3605 0.7621 0.3614 0.7575 0.3528 0.7487 0.3545 0.7581 0.3415 0.7463 0.3430 0.7452 0.3287 0.7615 0.3285 0.7597 0.3118 0.7415 0.3109 0.7767 0.3127 0.7774 0.3275 0.7681 0.3399 0.7775 0.3393 0.7321 0.3460 0.7354 0.3582 0.7136 0.3488 0.7275 0.3309 0.7078 0.3349 0.6914 0.3520 0.6800 0.3258 0.6563 0.3566 0.6841 0.3770 0.6555 0.3817 0.6244 0.3610 0.6180 0.3887 0.7042 0.3719 0.6263 0.3351 0.6267 0.3125 0.6267 0.2915 0.6261 0.2715 0.6250 0.2519 0.6236 0.2324 0.6204 0.2142 0.6180 0.1969 0.6157 0.1803 0.6106 0.1665 0.6040 0.1512 0.6157 0.1357 0.6019 0.1127 0.5890 0.1168 0.5587 0.1240 0.5598 0.1213 0.5573 0.1192 0.5569 0.1210 0.5880 0.1146 0.5440 0.1159 0.5439 0.1144 0.5400 0.1124 0.5417 0.1101 0.5348 0.1097 0.5349 0.1120 0.5236 0.1078 0.5238 0.1060 0.5150 0.1005 0.5139 0.1017 0.5146 0.0958 0.5134 0.0954 0.5131 0.0919 0.5126 0.0933 0.5108 0.0932 0.5106 0.0917 0.5036 0.0949 0.5030 0.0936 0.4960 0.0921 0.4956 0.0904 0.4854 0.0852 0.4858 0.0832 0.4763 0.0775 0.4786 0.0744 0.4761 0.0687 0.4776 0.0679 0.4755 0.0604 0.4765 0.0592 0.4736 0.0596 0.4746 0.0606 0.4702 0.0671 0.4691 0.0663 0.4676 0.0660 0.4917 0.1001 0.5044 0.1024 0.4905 0.1112 0.5028 0.1149 0.4986 0.1212 0.5220 0.1197 0.5218 0.1268 0.5236 0.1384 0.5260 0.1549 0.5286 0.1733 0.5303 0.1927 0.5037 0.1497 0.5010 0.1330 0.5093 0.1897 0.5067 0.1690 0.4766 0.1085 0.4797 0.0965 0.5116 0.2122 0.4687 0.0931 0.4593 0.0603 0.4113 0.0131 0.4106 0.0097 0.4113 0.0095 0.4121 0.0132 0.4108 0.0084 0.4120 0.0082 0.4125 0.0075 0.4132 0.0085 0.4137 0.0081 0.4126 0.0154 0.4118 0.0157 0.4278 0.2792 0.4514 0.2793 0.5620 0.4111 0.5605 0.4021 0.5508 0.4133 0.5483 0.4035 0.5779 0.4089 0.5907 0.4112 0.6040 0.4193 0.6221 0.4280 0.6333 0.4355 0.6527 0.4463 0.6708 0.4593 0.6900 0.4676 0.7032 0.4684 0.7211 0.4663 0.7385 0.4584 0.7465 0.4525 0.7527 0.4468 0.7600 0.4381 0.7677 0.4269 0.7791 0.4047 0.7847 0.3898 0.7819 0.3751 0.7680 0.3597 0.7608 0.3539 0.7699 0.3483 0.7800 0.3469 0.7710 0.3509 0.7818 0.3508 0.7934 0.3403 0.7943 0.3294 0.8093 0.3423 0.8113 0.3333 0.8286 0.3387 0.8278 0.3471 0.8125 0.3175 0.7946 0.3147 0.8319 0.3218 0.8082 0.3494 0.7931 0.3464 0.7943 0.3524 0.8068 0.3556 0.8247 0.3633 0.8266 0.3538 0.8494 0.3441 0.8520 0.3249 0.8712 0.3278 0.8673 0.3500 0.8638 0.3609 0.8469 0.3546 0.8452 0.3631 0.8607 0.3710 0.8570 0.3810 0.8419 0.3723 0.8855 0.3552 0.8910 0.3311 0.9064 0.3602 0.9018 0.3746 0.8815 0.3676 0.9125 0.3358 0.8982 0.3874 0.8780 0.3793 0.8936 0.3977 0.8741 0.3899 0.9361 0.3422 0.9322 0.3666 0.9625 0.3506 0.9558 0.3714 0.9488 0.3843 0.9264 0.3806 0.9672 0.3515 0.9624 0.3736 0.9558 0.3871 0.9470 0.3982 0.9214 0.3924 0.9177 0.4023 0.9743 0.3318 0.9689 0.3289 0.9742 0.2849 0.9690 0.2844 0.9412 0.3147 0.9445 0.2803 0.9666 0.2425 0.9483 0.2437 0.9696 0.2426 0.9255 0.2469 0.9211 0.2776 0.9031 0.2480 0.8989 0.2762 0.9169 0.3080 0.8951 0.3044 0.8807 0.2503 0.8777 0.2761 0.8583 0.2533 0.8565 0.2766 0.8744 0.3023 0.8541 0.3012 0.8358 0.2557 0.8350 0.2769 0.8140 0.2766 0.8137 0.2571 0.8136 0.2975 0.8337 0.2999 0.7942 0.2755 0.7940 0.2570 0.7945 0.2957 0.8128 0.2412 0.7933 0.2421 0.8101 0.2297 0.7921 0.2310 0.8101 0.2270 0.8331 0.2214 0.8338 0.2243 0.7921 0.2289 0.8354 0.2379 0.8593 0.2130 0.8594 0.2142 0.8825 0.2061 0.8836 0.2044 0.8820 0.2269 0.8592 0.2324 0.9022 0.2020 0.9015 0.2008 0.9248 0.1979 0.9246 0.1998 0.9033 0.2232 0.9269 0.2217 0.9463 0.1985 0.9471 0.1974 0.9633 0.2076 0.9642 0.2067 0.9469 0.2211 0.9641 0.2265 0.9670 0.2263 0.5282 0.4054 0.5321 0.4167 0.5061 0.4211 0.5220 0.3874 0.5206 0.3582 0.5191 0.3301 0.5180 0.3044 0.5173 0.2825 0.3817 0.4556 0.3857 0.4471 0.3943 0.4657 0.3980 0.4606 0.3922 0.4686 0.4013 0.4536 0.4059 0.4402 0.3786 0.4797 0.3737 0.4805 0.3736 0.4807 0.3688 0.4790 0.3632 0.4717 0.3785 0.4800 0.3930 0.4683 0.3945 0.4659 0.3982 0.4607 0.4017 0.4537 0.4061 0.4406 0.4091 0.4235 0.6015 0.1106 0.6124 0.1066 0.6137 0.1086 0.6223 0.1035 0.6243 0.1051 0.6252 0.1290 0.6439 0.1140 0.6476 0.1007 0.6467 0.0993 0.6370 0.1410 0.6208 0.1574 0.6403 0.1676 0.6537 0.1448 0.6455 0.1849 0.6442 0.2032 0.6459 0.2208 0.6488 0.2377 0.6495 0.2563 0.6507 0.2745 0.6516 0.2939 0.6527 0.3123 0.6541 0.3324 0.6675 0.2096 0.6689 0.1958 0.6706 0.2418 0.6682 0.2279 0.6585 0.1751 0.6710 0.1803 0.6714 0.1512 0.6888 0.1628 0.6871 0.2116 0.6859 0.2393 0.6714 0.2612 0.6724 0.2761 0.6747 0.2970 0.6769 0.3110 0.6885 0.2706 0.6962 0.3069 0.7103 0.2450 0.7128 0.2705 0.7182 0.2952 0.7219 0.3120 0.7281 0.2476 0.7275 0.2269 0.7399 0.2314 0.7401 0.2184 0.7255 0.2114 0.7418 0.2082 0.7320 0.2002 0.7558 0.2267 0.7484 0.2136 0.7587 0.2224 0.7746 0.2306 0.7745 0.2277 0.7577 0.2371 0.7747 0.2414 0.7490 0.1967 0.7598 0.1954 0.7590 0.1831 0.7440 0.1893 0.7392 0.2501 0.7572 0.2538 0.7398 0.2713 0.7307 0.2703 0.7381 0.2883 0.7577 0.2729 0.7580 0.2922 0.7750 0.2558 0.7749 0.2738 0.7760 0.2940 0.7170 0.1872 0.7243 0.1952 0.7092 0.2045 0.6940 0.1927 0.7345 0.1745 0.7400 0.1831 0.7566 0.1718 0.7515 0.1601 0.6835 0.1891 0.7012 0.1724 0.7091 0.1781 0.7212 0.1553 0.7267 0.1646 0.7408 0.1392 0.7472 0.1502 0.7099 0.2230 0.7491 0.1473 0.7407 0.1361 0.7530 0.1572 0.7581 0.1685 0.7617 0.1797 0.7633 0.1948 0.7335 0.1282 0.7357 0.1263 0.7145 0.1441 0.6921 0.1399 0.6761 0.1389 0.6832 0.1197 0.6974 0.1194 0.6936 0.1034 0.7032 0.1071 0.7086 0.1218 0.7195 0.1153 0.7263 0.1214 0.7104 0.1361 0.6948 0.1014 0.7034 0.1045 0.7187 0.1123 0.7270 0.1187 0.6843 0.0990 0.6838 0.1007 0.6699 0.1000 0.6729 0.1192 0.6582 0.1165 0.6631 0.1363 0.6440 0.1331 0.6688 0.0968 0.7185 0.3673 0.7440 0.3724 0.7334 0.3869 0.7158 0.4019 0.6957 0.4150 0.6707 0.4147 0.6431 0.4054 0.6202 0.4030 0.9397 0.4005 0.8385 0.5608 0.8345 0.5622 0.8351 0.5512 0.8431 0.5509 0.8375 0.5392 0.8462 0.5398 0.8392 0.5248 0.8493 0.5243 0.8401 0.5124 0.8493 0.5121 0.8407 0.5020 0.8501 0.5030 0.8496 0.4872 0.8405 0.4871 0.8493 0.4779 0.8397 0.4762 0.8485 0.4714 0.8392 0.4686 0.8469 0.4603 0.8328 0.4593 0.8447 0.4547 0.8338 0.4545 0.8419 0.4510 0.8385 0.4484 0.8348 0.5014 0.8341 0.4876 0.8336 0.4758 0.8329 0.4689 0.8360 0.4483 0.8480 0.4598 0.8454 0.4540 0.8501 0.4709 0.8510 0.4776 0.8518 0.4869 0.8520 0.5028 0.8518 0.5122 0.8505 0.5242 0.8477 0.5403 0.8448 0.5516 0.8394 0.5619 0.8335 0.5647 0.8308 0.5629 0.8311 0.5654 0.8316 0.5526 0.8329 0.5391 0.8340 0.5251 0.8346 0.5126 0.8288 0.5657 0.8279 0.5641 0.8231 0.5664 0.8229 0.5642 0.8183 0.5644 0.8224 0.5523 0.8143 0.5524 0.8224 0.5393 0.8113 0.5396 0.8213 0.5256 0.8100 0.5260 0.8215 0.5128 0.8091 0.5130 0.8096 0.5006 0.8214 0.5008 0.8119 0.4862 0.8216 0.4864 0.8213 0.4763 0.8145 0.4744 0.8206 0.4710 0.8130 0.4593 0.8171 0.4566 0.8159 0.4556 0.8122 0.4583 0.8069 0.4660 0.8005 0.4730 0.8024 0.4847 0.7933 0.4844 0.7972 0.4990 0.7879 0.4982 0.7871 0.5130 0.7967 0.5138 0.7898 0.5265 0.7999 0.5274 0.7945 0.5425 0.8047 0.5410 0.8011 0.5531 0.8083 0.5525 0.8069 0.5595 0.8124 0.5635 0.8065 0.5625 0.8108 0.5649 0.7985 0.5536 0.7917 0.4837 0.7849 0.4980 0.7921 0.5431 0.7870 0.5264 0.7844 0.5128 0.8151 0.5660 0.8091 0.5690 0.8157 0.5708 0.8225 0.5713 0.8290 0.5714 0.8341 0.5692 0.8416 0.5635 0.8473 0.5527 0.8514 0.5415 0.8541 0.5263 0.8566 0.5128 0.8563 0.5035 0.8569 0.4870 0.8557 0.4774 0.8541 0.4704 0.8506 0.4599 0.8473 0.4515 0.8421 0.4499 0.8387 0.4473 0.8358 0.4466 0.8339 0.4481 0.8286 0.4496 0.8333 0.4470 0.8266 0.4487 0.8225 0.4536 0.8187 0.4542 0.8266 0.4690 0.8277 0.4754 0.8283 0.4882 0.8283 0.5012 0.8278 0.5133 0.8264 0.5263 0.8266 0.5394 0.8262 0.5532 0.7988 0.4723 0.8052 0.4654 0.8104 0.4565 0.8137 0.4539 0.8175 0.4523 0.8261 0.4473 0.8353 0.4445 0.8397 0.4449 0.8442 0.4470 0.8029 0.4639 0.7964 0.4707 0.7890 0.4815 0.7827 0.4976 0.7814 0.5135 0.7839 0.5288 0.7882 0.5435 0.7954 0.5551 0.8029 0.5642 0.9097 0.5520 0.9186 0.5634 0.9125 0.5616 0.9229 0.5636 0.9095 0.5413 0.9277 0.5654 0.9331 0.5666 0.9378 0.5657 0.9428 0.5636 0.9495 0.5565 0.9550 0.5463 0.9087 0.5272 0.9612 0.5338 0.9097 0.5144 0.9652 0.5208 0.9668 0.5071 0.9095 0.5059 0.9627 0.4926 0.9128 0.4905 0.9569 0.4825 0.9526 0.4754 0.9140 0.4813 0.9466 0.4681 0.9441 0.4654 0.9419 0.4625 0.9148 0.4746 0.9353 0.4564 0.9165 0.4643 0.9203 0.4581 0.9287 0.4532 0.9233 0.4552 0.9261 0.4533 0.8351 0.5512 0.8345 0.5622 0.8385 0.5608 0.8431 0.5509 0.8375 0.5392 0.8462 0.5398 0.8392 0.5248 0.8493 0.5243 0.8401 0.5124 0.8493 0.5121 0.8407 0.5020 0.8501 0.5030 0.8496 0.4872 0.8405 0.4871 0.8493 0.4779 0.8397 0.4762 0.8485 0.4714 0.8392 0.4686 0.8469 0.4603 0.8328 0.4593 0.8447 0.4547 0.8338 0.4545 0.8419 0.4510 0.8385 0.4484 0.8348 0.5014 0.8346 0.5126 0.8340 0.5251 0.8329 0.5391 0.8316 0.5526 0.8308 0.5629 0.8335 0.5647 0.8394 0.5619 0.8311 0.5654 0.8448 0.5516 0.8477 0.5403 0.8505 0.5242 0.8518 0.5122 0.8520 0.5028 0.8518 0.4869 0.8510 0.4776 0.8501 0.4709 0.8480 0.4598 0.8454 0.4540 0.8421 0.4499 0.8387 0.4473 0.8360 0.4483 0.8358 0.4466 0.8339 0.4481 0.8286 0.4496 0.8333 0.4470 0.8266 0.4487 0.8225 0.4536 0.8187 0.4542 0.8171 0.4566 0.8159 0.4556 0.8130 0.4593 0.8206 0.4710 0.8122 0.4583 0.8145 0.4744 0.8213 0.4763 0.8119 0.4862 0.8216 0.4864 0.8214 0.5008 0.8096 0.5006 0.8215 0.5128 0.8091 0.5130 0.8100 0.5260 0.8213 0.5256 0.8113 0.5396 0.8224 0.5393 0.8143 0.5524 0.8224 0.5523 0.8183 0.5644 0.8229 0.5642 0.8231 0.5664 0.8151 0.5660 0.8024 0.4847 0.8005 0.4730 0.8069 0.4660 0.7933 0.4844 0.7972 0.4990 0.7879 0.4982 0.7871 0.5130 0.7967 0.5138 0.7898 0.5265 0.7999 0.5274 0.7945 0.5425 0.8047 0.5410 0.8011 0.5531 0.8083 0.5525 0.8069 0.5595 0.8124 0.5635 0.8065 0.5625 0.8108 0.5649 0.7985 0.5536 0.7917 0.4837 0.7849 0.4980 0.7921 0.5431 0.7870 0.5264 0.7844 0.5128 0.7988 0.4723 0.8052 0.4654 0.8104 0.4565 0.8137 0.4539 0.8175 0.4523 0.8261 0.4473 0.8353 0.4445 0.8397 0.4449 0.8442 0.4470 0.8473 0.4515 0.8506 0.4599 0.8541 0.4704 0.8557 0.4774 0.8569 0.4870 0.8563 0.5035 0.8566 0.5128 0.8541 0.5263 0.8514 0.5415 0.8473 0.5527 0.8416 0.5635 0.8341 0.5692 0.8288 0.5657 0.8279 0.5641 0.8262 0.5532 0.8266 0.5394 0.8264 0.5263 0.8278 0.5133 0.8283 0.5012 0.8283 0.4882 0.8277 0.4754 0.8266 0.4690 0.8341 0.4876 0.8336 0.4758 0.8329 0.4689 0.8091 0.5690 0.8029 0.5642 0.8157 0.5708 0.8225 0.5713 0.8290 0.5714 0.7954 0.5551 0.7882 0.5435 0.7839 0.5288 0.7814 0.5135 0.7827 0.4976 0.7890 0.4815 0.7964 0.4707 0.8029 0.4639 0.9186 0.5634 0.9097 0.5520 0.9125 0.5616 0.9229 0.5636 0.9095 0.5413 0.9277 0.5654 0.9331 0.5666 0.9378 0.5657 0.9428 0.5636 0.9495 0.5565 0.9550 0.5463 0.9087 0.5272 0.9612 0.5338 0.9097 0.5144 0.9652 0.5208 0.9668 0.5071 0.9095 0.5059 0.9627 0.4926 0.9128 0.4905 0.9569 0.4825 0.9526 0.4754 0.9140 0.4813 0.9466 0.4681 0.9441 0.4654 0.9419 0.4625 0.9148 0.4746 0.9353 0.4564 0.9165 0.4643 0.9203 0.4581 0.9287 0.4532 0.9233 0.4552 0.9261 0.4533 " />
						</IndexedTriangleSet>
					</Shape>
				</Group>
			</Transform>
		</Transform>
	</Scene>
</X3D>