                                                                        S0000001
,,31HOpen CASCADE IGES processor 7.9,13HFilename.iges,                  G0000001
16HOpen CASCADE 7.9,31HOpen CASCADE IGES processor 7.9,32,308,15,308,15,G0000002
,1.,2,2HMM,1,0.01,15H20260916.111941,1E-07,22.,5HAfkar,,11,0,           G0000003
15H20260916.111941,;                                                    G0000004
     402       1       0       0       0       0       0       000000000D0000001
     402       0       0      11       1                               0D0000002
     144      12       0       0       0       0       0       000020000D0000003
     144       0       0       1       0                               0D0000004
     108      13       0       0       0       0       0       000010000D0000005
     108       0       0       1       0                               0D0000006
     142      14       0       0       0       0       0       000010500D0000007
     142       0       0       1       0                               0D0000008
     102      15       0       0       0       0       0       000010000D0000009
     102       0       0       1       0                               0D0000010
     110      16       0       0       0       0       0       000010000D0000011
     110       0       0       1       0                               0D0000012
     100      17       0       0       0       0      15       000010000D0000013
     100       0       0       1       0                               0D0000014
     124      18       0       0       0       0       0       000000000D0000015
     124       0       0       1       0                               0D0000016
     110      19       0       0       0       0       0       000010000D0000017
     110       0       0       1       0                               0D0000018
     110      20       0       0       0       0       0       000010000D0000019
     110       0       0       1       0                               0D0000020
     144      21       0       0       0       0       0       000020000D0000021
     144       0       0       1       0                               0D0000022
     108      22       0       0       0       0       0       000010000D0000023
     108       0       0       1       0                               0D0000024
     142      23       0       0       0       0       0       000010500D0000025
     142       0       0       1       0                               0D0000026
     102      24       0       0       0       0       0       000010000D0000027
     102       0       0       1       0                               0D0000028
     100      25       0       0       0       0       0       000010000D0000029
     100       0       0       2       0                               0D0000030
     110      27       0       0       0       0       0       000010000D0000031
     110       0       0       1       0                               0D0000032
     110      28       0       0       0       0       0       000010000D0000033
     110       0       0       1       0                               0D0000034
     110      29       0       0       0       0       0       000010000D0000035
     110       0       0       1       0                               0D0000036
     144      30       0       0       0       0       0       000020000D0000037
     144       0       0       1       0                               0D0000038
     108      31       0       0       0       0       0       000010000D0000039
     108       0       0       1       0                               0D0000040
     142      32       0       0       0       0       0       000010500D0000041
     142       0       0       1       0                               0D0000042
     102      33       0       0       0       0       0       000010000D0000043
     102       0       0       4       0                               0D0000044
     110      37       0       0       0       0       0       000010000D0000045
     110       0       0       1       0                               0D0000046
     110      38       0       0       0       0       0       000010000D0000047
     110       0       0       1       0                               0D0000048
     100      39       0       0       0       0      51       000010000D0000049
     100       0       0       1       0                               0D0000050
     124      40       0       0       0       0       0       000000000D0000051
     124       0       0       1       0                               0D0000052
     110      41       0       0       0       0       0       000010000D0000053
     110       0       0       1       0                               0D0000054
     110      42       0       0       0       0       0       000010000D0000055
     110       0       0       1       0                               0D0000056
     110      43       0       0       0       0       0       000010000D0000057
     110       0       0       1       0                               0D0000058
     100      44       0       0       0       0      61       000010000D0000059
     100       0       0       2       0                               0D0000060
     124      46       0       0       0       0       0       000000000D0000061
     124       0       0       1       0                               0D0000062
     110      47       0       0       0       0       0       000010000D0000063
     110       0       0       1       0                               0D0000064
     110      48       0       0       0       0       0       000010000D0000065
     110       0       0       1       0                               0D0000066
     110      49       0       0       0       0       0       000010000D0000067
     110       0       0       1       0                               0D0000068
     100      50       0       0       0       0      71       000010000D0000069
     100       0       0       2       0                               0D0000070
     124      52       0       0       0       0       0       000000000D0000071
     124       0       0       1       0                               0D0000072
     110      53       0       0       0       0       0       000010000D0000073
     110       0       0       1       0                               0D0000074
     110      54       0       0       0       0       0       000010000D0000075
     110       0       0       1       0                               0D0000076
     110      55       0       0       0       0       0       000010000D0000077
     110       0       0       1       0                               0D0000078
     100      56       0       0       0       0      81       000010000D0000079
     100       0       0       1       0                               0D0000080
     124      57       0       0       0       0       0       000000000D0000081
     124       0       0       1       0                               0D0000082
     110      58       0       0       0       0       0       000010000D0000083
     110       0       0       1       0                               0D0000084
     110      59       0       0       0       0       0       000010000D0000085
     110       0       0       1       0                               0D0000086
     110      60       0       0       0       0       0       000010000D0000087
     110       0       0       1       0                               0D0000088
     100      61       0       0       0       0      91       000010000D0000089
     100       0       0       1       0                               0D0000090
     124      62       0       0       0       0       0       000000000D0000091
     124       0       0       1       0                               0D0000092
     110      63       0       0       0       0       0       000010000D0000093
     110       0       0       1       0                               0D0000094
     110      64       0       0       0       0       0       000010000D0000095
     110       0       0       1       0                               0D0000096
     110      65       0       0       0       0       0       000010000D0000097
     110       0       0       1       0                               0D0000098
     100      66       0       0       0       0     101       000010000D0000099
     100       0       0       2       0                               0D0000100
     124      68       0       0       0       0       0       000000000D0000101
     124       0       0       1       0                               0D0000102
     110      69       0       0       0       0       0       000010000D0000103
     110       0       0       1       0                               0D0000104
     110      70       0       0       0       0       0       000010000D0000105
     110       0       0       1       0                               0D0000106
     110      71       0       0       0       0       0       000010000D0000107
     110       0       0       1       0                               0D0000108
     100      72       0       0       0       0     111       000010000D0000109
     100       0       0       2       0                               0D0000110
     124      74       0       0       0       0       0       000000000D0000111
     124       0       0       1       0                               0D0000112
     110      75       0       0       0       0       0       000010000D0000113
     110       0       0       1       0                               0D0000114
     110      76       0       0       0       0       0       000010000D0000115
     110       0       0       1       0                               0D0000116
     110      77       0       0       0       0       0       000010000D0000117
     110       0       0       1       0                               0D0000118
     100      78       0       0       0       0     121       000010000D0000119
     100       0       0       1       0                               0D0000120
     124      79       0       0       0       0       0       000000000D0000121
     124       0       0       1       0                               0D0000122
     110      80       0       0       0       0       0       000010000D0000123
     110       0       0       1       0                               0D0000124
     110      81       0       0       0       0       0       000010000D0000125
     110       0       0       1       0                               0D0000126
     110      82       0       0       0       0       0       000010000D0000127
     110       0       0       1       0                               0D0000128
     100      83       0       0       0       0     131       000010000D0000129
     100       0       0       1       0                               0D0000130
     124      84       0       0       0       0       0       000000000D0000131
     124       0       0       1       0                               0D0000132
     110      85       0       0       0       0       0       000010000D0000133
     110       0       0       1       0                               0D0000134
     110      86       0       0       0       0       0       000010000D0000135
     110       0       0       1       0                               0D0000136
     110      87       0       0       0       0       0       000010000D0000137
     110       0       0       1       0                               0D0000138
     100      88       0       0       0       0     141       000010000D0000139
     100       0       0       1       0                               0D0000140
     124      89       0       0       0       0       0       000000000D0000141
     124       0       0       1       0                               0D0000142
     110      90       0       0       0       0       0       000010000D0000143
     110       0       0       1       0                               0D0000144
     110      91       0       0       0       0       0       000010000D0000145
     110       0       0       1       0                               0D0000146
     110      92       0       0       0       0       0       000010000D0000147
     110       0       0       1       0                               0D0000148
     100      93       0       0       0       0     151       000010000D0000149
     100       0       0       1       0                               0D0000150
     124      94       0       0       0       0       0       000000000D0000151
     124       0       0       1       0                               0D0000152
     110      95       0       0       0       0       0       000010000D0000153
     110       0       0       1       0                               0D0000154
     110      96       0       0       0       0       0       000010000D0000155
     110       0       0       1       0                               0D0000156
     110      97       0       0       0       0       0       000010000D0000157
     110       0       0       1       0                               0D0000158
     100      98       0       0       0       0     161       000010000D0000159
     100       0       0       1       0                               0D0000160
     124      99       0       0       0       0       0       000000000D0000161
     124       0       0       1       0                               0D0000162
     110     100       0       0       0       0       0       000010000D0000163
     110       0       0       1       0                               0D0000164
     110     101       0       0       0       0       0       000010000D0000165
     110       0       0       1       0                               0D0000166
     110     102       0       0       0       0       0       000010000D0000167
     110       0       0       1       0                               0D0000168
     100     103       0       0       0       0     171       000010000D0000169
     100       0       0       1       0                               0D0000170
     124     104       0       0       0       0       0       000000000D0000171
     124       0       0       1       0                               0D0000172
     110     105       0       0       0       0       0       000010000D0000173
     110       0       0       1       0                               0D0000174
     110     106       0       0       0       0       0       000010000D0000175
     110       0       0       1       0                               0D0000176
     110     107       0       0       0       0       0       000010000D0000177
     110       0       0       1       0                               0D0000178
     100     108       0       0       0       0     181       000010000D0000179
     100       0       0       2       0                               0D0000180
     124     110       0       0       0       0       0       000000000D0000181
     124       0       0       1       0                               0D0000182
     110     111       0       0       0       0       0       000010000D0000183
     110       0       0       1       0                               0D0000184
     110     112       0       0       0       0       0       000010000D0000185
     110       0       0       1       0                               0D0000186
     110     113       0       0       0       0       0       000010000D0000187
     110       0       0       1       0                               0D0000188
     100     114       0       0       0       0     191       000010000D0000189
     100       0       0       2       0                               0D0000190
     124     116       0       0       0       0       0       000000000D0000191
     124       0       0       1       0                               0D0000192
     110     117       0       0       0       0       0       000010000D0000193
     110       0       0       1       0                               0D0000194
     110     118       0       0       0       0       0       000010000D0000195
     110       0       0       1       0                               0D0000196
     110     119       0       0       0       0       0       000010000D0000197
     110       0       0       1       0                               0D0000198
     100     120       0       0       0       0     201       000010000D0000199
     100       0       0       1       0                               0D0000200
     124     121       0       0       0       0       0       000000000D0000201
     124       0       0       1       0                               0D0000202
     110     122       0       0       0       0       0       000010000D0000203
     110       0       0       1       0                               0D0000204
     142     123       0       0       0       0       0       000010500D0000205
     142       0       0       1       0                               0D0000206
     100     124       0       0       0       0       0       000010000D0000207
     100       0       0       1       0                               0D0000208
     144     125       0       0       0       0       0       000020000D0000209
     144       0       0       1       0                               0D0000210
     108     126       0       0       0       0       0       000010000D0000211
     108       0       0       2       0                               0D0000212
     142     128       0       0       0       0       0       000010500D0000213
     142       0       0       1       0                               0D0000214
     102     129       0       0       0       0       0       000010000D0000215
     102       0       0       1       0                               0D0000216
     110     130       0       0       0       0       0       000010000D0000217
     110       0       0       1       0                               0D0000218
     110     131       0       0       0       0       0       000010000D0000219
     110       0       0       1       0                               0D0000220
     110     132       0       0       0       0       0       000010000D0000221
     110       0       0       1       0                               0D0000222
     110     133       0       0       0       0       0       000010000D0000223
     110       0       0       1       0                               0D0000224
     144     134       0       0       0       0       0       000020000D0000225
     144       0       0       1       0                               0D0000226
     108     135       0       0       0       0       0       000010000D0000227
     108       0       0       2       0                               0D0000228
     142     137       0       0       0       0       0       000010500D0000229
     142       0       0       1       0                               0D0000230
     102     138       0       0       0       0       0       000010000D0000231
     102       0       0       1       0                               0D0000232
     110     139       0       0       0       0       0       000010000D0000233
     110       0       0       1       0                               0D0000234
     110     140       0       0       0       0       0       000010000D0000235
     110       0       0       1       0                               0D0000236
     110     141       0       0       0       0       0       000010000D0000237
     110       0       0       1       0                               0D0000238
     110     142       0       0       0       0       0       000010000D0000239
     110       0       0       1       0                               0D0000240
     144     143       0       0       0       0       0       000020000D0000241
     144       0       0       1       0                               0D0000242
     108     144       0       0       0       0       0       000010000D0000243
     108       0       0       2       0                               0D0000244
     142     146       0       0       0       0       0       000010500D0000245
     142       0       0       1       0                               0D0000246
     102     147       0       0       0       0       0       000010000D0000247
     102       0       0       1       0                               0D0000248
     110     148       0       0       0       0       0       000010000D0000249
     110       0       0       1       0                               0D0000250
     110     149       0       0       0       0       0       000010000D0000251
     110       0       0       1       0                               0D0000252
     110     150       0       0       0       0       0       000010000D0000253
     110       0       0       1       0                               0D0000254
     110     151       0       0       0       0       0       000010000D0000255
     110       0       0       1       0                               0D0000256
     144     152       0       0       0       0       0       000020000D0000257
     144       0       0       1       0                               0D0000258
     108     153       0       0       0       0       0       000010000D0000259
     108       0       0       1       0                               0D0000260
     142     154       0       0       0       0       0       000010500D0000261
     142       0       0       1       0                               0D0000262
     102     155       0       0       0       0       0       000010000D0000263
     102       0       0       1       0                               0D0000264
     100     156       0       0       0       0     267       000010000D0000265
     100       0       0       1       0                               0D0000266
     124     157       0       0       0       0       0       000000000D0000267
     124       0       0       1       0                               0D0000268
     100     158       0       0       0       0     271       000010000D0000269
     100       0       0       1       0                               0D0000270
     124     159       0       0       0       0       0       000000000D0000271
     124       0       0       1       0                               0D0000272
     110     160       0       0       0       0       0       000010000D0000273
     110       0       0       1       0                               0D0000274
     110     161       0       0       0       0       0       000010000D0000275
     110       0       0       1       0                               0D0000276
     110     162       0       0       0       0       0       000010000D0000277
     110       0       0       1       0                               0D0000278
     144     163       0       0       0       0       0       000020000D0000279
     144       0       0       1       0                               0D0000280
     120     164       0       0       0       0       0       000010000D0000281
     120       0       0       1       0                               0D0000282
     110     165       0       0       0       0       0       000010000D0000283
     110       0       0       1       0                               0D0000284
     110     166       0       0       0       0       0       000010000D0000285
     110       0       0       1       0                               0D0000286
     142     167       0       0       0       0       0       000010500D0000287
     142       0       0       1       0                               0D0000288
     102     168       0       0       0       0       0       000010000D0000289
     102       0       0       1       0                               0D0000290
     110     169       0       0       0       0       0       000010000D0000291
     110       0       0       1       0                               0D0000292
     110     170       0       0       0       0       0       000010000D0000293
     110       0       0       1       0                               0D0000294
     110     171       0       0       0       0       0       000010000D0000295
     110       0       0       2       0                               0D0000296
     110     173       0       0       0       0       0       000010000D0000297
     110       0       0       1       0                               0D0000298
     102     174       0       0       0       0       0       000010000D0000299
     102       0       0       1       0                               0D0000300
     100     175       0       0       0       0     303       000010000D0000301
     100       0       0       1       0                               0D0000302
     124     176       0       0       0       0       0       000000000D0000303
     124       0       0       1       0                               0D0000304
     110     177       0       0       0       0       0       000010000D0000305
     110       0       0       1       0                               0D0000306
     100     178       0       0       0       0       0       000010000D0000307
     100       0       0       1       0                               0D0000308
     110     179       0       0       0       0       0       000010000D0000309
     110       0       0       1       0                               0D0000310
     144     180       0       0       0       0       0       000020000D0000311
     144       0       0       1       0                               0D0000312
     120     181       0       0       0       0       0       000010000D0000313
     120       0       0       1       0                               0D0000314
     110     182       0       0       0       0       0       000010000D0000315
     110       0       0       1       0                               0D0000316
     110     183       0       0       0       0       0       000010000D0000317
     110       0       0       1       0                               0D0000318
     142     184       0       0       0       0       0       000010500D0000319
     142       0       0       1       0                               0D0000320
     102     185       0       0       0       0       0       000010000D0000321
     102       0       0       1       0                               0D0000322
     110     186       0       0       0       0       0       000010000D0000323
     110       0       0       1       0                               0D0000324
     110     187       0       0       0       0       0       000010000D0000325
     110       0       0       1       0                               0D0000326
     110     188       0       0       0       0       0       000010000D0000327
     110       0       0       2       0                               0D0000328
     110     190       0       0       0       0       0       000010000D0000329
     110       0       0       1       0                               0D0000330
     102     191       0       0       0       0       0       000010000D0000331
     102       0       0       1       0                               0D0000332
     100     192       0       0       0       0     335       000010000D0000333
     100       0       0       1       0                               0D0000334
     124     193       0       0       0       0       0       000000000D0000335
     124       0       0       1       0                               0D0000336
     110     194       0       0       0       0       0       000010000D0000337
     110       0       0       1       0                               0D0000338
     100     195       0       0       0       0       0       000010000D0000339
     100       0       0       1       0                               0D0000340
     110     196       0       0       0       0       0       000010000D0000341
     110       0       0       1       0                               0D0000342
     144     197       0       0       0       0       0       000020000D0000343
     144       0       0       1       0                               0D0000344
     108     198       0       0       0       0       0       000010000D0000345
     108       0       0       1       0                               0D0000346
     142     199       0       0       0       0       0       000010500D0000347
     142       0       0       1       0                               0D0000348
     102     200       0       0       0       0       0       000010000D0000349
     102       0       0       1       0                               0D0000350
     100     201       0       0       0       0     353       000010000D0000351
     100       0       0       2       0                               0D0000352
     124     203       0       0       0       0       0       000000000D0000353
     124       0       0       1       0                               0D0000354
     110     204       0       0       0       0       0       000010000D0000355
     110       0       0       1       0                               0D0000356
     110     205       0       0       0       0       0       000010000D0000357
     110       0       0       1       0                               0D0000358
     110     206       0       0       0       0       0       000010000D0000359
     110       0       0       1       0                               0D0000360
     144     207       0       0       0       0       0       000020000D0000361
     144       0       0       1       0                               0D0000362
     120     208       0       0       0       0       0       000010000D0000363
     120       0       0       1       0                               0D0000364
     110     209       0       0       0       0       0       000010000D0000365
     110       0       0       1       0                               0D0000366
     110     210       0       0       0       0       0       000010000D0000367
     110       0       0       1       0                               0D0000368
     142     211       0       0       0       0       0       000010500D0000369
     142       0       0       1       0                               0D0000370
     102     212       0       0       0       0       0       000010000D0000371
     102       0       0       1       0                               0D0000372
     110     213       0       0       0       0       0       000010000D0000373
     110       0       0       1       0                               0D0000374
     110     214       0       0       0       0       0       000010000D0000375
     110       0       0       1       0                               0D0000376
     110     215       0       0       0       0       0       000010000D0000377
     110       0       0       2       0                               0D0000378
     110     217       0       0       0       0       0       000010000D0000379
     110       0       0       1       0                               0D0000380
     102     218       0       0       0       0       0       000010000D0000381
     102       0       0       1       0                               0D0000382
     100     219       0       0       0       0     385       000010000D0000383
     100       0       0       2       0                               0D0000384
     124     221       0       0       0       0       0       000000000D0000385
     124       0       0       1       0                               0D0000386
     110     222       0       0       0       0       0       000010000D0000387
     110       0       0       1       0                               0D0000388
     100     223       0       0       0       0       0       000010000D0000389
     100       0       0       1       0                               0D0000390
     110     224       0       0       0       0       0       000010000D0000391
     110       0       0       1       0                               0D0000392
     144     225       0       0       0       0       0       000020000D0000393
     144       0       0       1       0                               0D0000394
     120     226       0       0       0       0       0       000010000D0000395
     120       0       0       1       0                               0D0000396
     110     227       0       0       0       0       0       000010000D0000397
     110       0       0       1       0                               0D0000398
     110     228       0       0       0       0       0       000010000D0000399
     110       0       0       1       0                               0D0000400
     142     229       0       0       0       0       0       000010500D0000401
     142       0       0       1       0                               0D0000402
     102     230       0       0       0       0       0       000010000D0000403
     102       0       0       1       0                               0D0000404
     110     231       0       0       0       0       0       000010000D0000405
     110       0       0       1       0                               0D0000406
     110     232       0       0       0       0       0       000010000D0000407
     110       0       0       1       0                               0D0000408
     110     233       0       0       0       0       0       000010000D0000409
     110       0       0       2       0                               0D0000410
     110     235       0       0       0       0       0       000010000D0000411
     110       0       0       1       0                               0D0000412
     102     236       0       0       0       0       0       000010000D0000413
     102       0       0       1       0                               0D0000414
     100     237       0       0       0       0     417       000010000D0000415
     100       0       0       1       0                               0D0000416
     124     238       0       0       0       0       0       000000000D0000417
     124       0       0       1       0                               0D0000418
     110     239       0       0       0       0       0       000010000D0000419
     110       0       0       1       0                               0D0000420
     100     240       0       0       0       0       0       000010000D0000421
     100       0       0       2       0                               0D0000422
     110     242       0       0       0       0       0       000010000D0000423
     110       0       0       1       0                               0D0000424
     144     243       0       0       0       0       0       000020000D0000425
     144       0       0       1       0                               0D0000426
     108     244       0       0       0       0       0       000010000D0000427
     108       0       0       1       0                               0D0000428
     142     245       0       0       0       0       0       000010500D0000429
     142       0       0       1       0                               0D0000430
     102     246       0       0       0       0       0       000010000D0000431
     102       0       0       1       0                               0D0000432
     110     247       0       0       0       0       0       000010000D0000433
     110       0       0       1       0                               0D0000434
     100     248       0       0       0       0     437       000010000D0000435
     100       0       0       2       0                               0D0000436
     124     250       0       0       0       0       0       000000000D0000437
     124       0       0       1       0                               0D0000438
     110     251       0       0       0       0       0       000010000D0000439
     110       0       0       1       0                               0D0000440
     110     252       0       0       0       0       0       000010000D0000441
     110       0       0       1       0                               0D0000442
     144     253       0       0       0       0       0       000020000D0000443
     144       0       0       1       0                               0D0000444
     108     254       0       0       0       0       0       000010000D0000445
     108       0       0       1       0                               0D0000446
     142     255       0       0       0       0       0       000010500D0000447
     142       0       0       1       0                               0D0000448
     102     256       0       0       0       0       0       000010000D0000449
     102       0       0       1       0                               0D0000450
     110     257       0       0       0       0       0       000010000D0000451
     110       0       0       1       0                               0D0000452
     100     258       0       0       0       0     455       000010000D0000453
     100       0       0       2       0                               0D0000454
     124     260       0       0       0       0       0       000000000D0000455
     124       0       0       1       0                               0D0000456
     110     261       0       0       0       0       0       000010000D0000457
     110       0       0       1       0                               0D0000458
     110     262       0       0       0       0       0       000010000D0000459
     110       0       0       1       0                               0D0000460
     144     263       0       0       0       0       0       000020000D0000461
     144       0       0       1       0                               0D0000462
     120     264       0       0       0       0       0       000010000D0000463
     120       0       0       1       0                               0D0000464
     110     265       0       0       0       0       0       000010000D0000465
     110       0       0       1       0                               0D0000466
     110     266       0       0       0       0       0       000010000D0000467
     110       0       0       1       0                               0D0000468
     142     267       0       0       0       0       0       000010500D0000469
     142       0       0       1       0                               0D0000470
     102     268       0       0       0       0       0       000010000D0000471
     102       0       0       1       0                               0D0000472
     110     269       0       0       0       0       0       000010000D0000473
     110       0       0       1       0                               0D0000474
     110     270       0       0       0       0       0       000010000D0000475
     110       0       0       1       0                               0D0000476
     110     271       0       0       0       0       0       000010000D0000477
     110       0       0       2       0                               0D0000478
     110     273       0       0       0       0       0       000010000D0000479
     110       0       0       1       0                               0D0000480
     102     274       0       0       0       0       0       000010000D0000481
     102       0       0       1       0                               0D0000482
     100     275       0       0       0       0     485       000010000D0000483
     100       0       0       2       0                               0D0000484
     124     277       0       0       0       0       0       000000000D0000485
     124       0       0       1       0                               0D0000486
     110     278       0       0       0       0       0       000010000D0000487
     110       0       0       1       0                               0D0000488
     100     279       0       0       0       0       0       000010000D0000489
     100       0       0       1       0                               0D0000490
     110     280       0       0       0       0       0       000010000D0000491
     110       0       0       1       0                               0D0000492
     144     281       0       0       0       0       0       000020000D0000493
     144       0       0       1       0                               0D0000494
     120     282       0       0       0       0       0       000010000D0000495
     120       0       0       1       0                               0D0000496
     110     283       0       0       0       0       0       000010000D0000497
     110       0       0       1       0                               0D0000498
     110     284       0       0       0       0       0       000010000D0000499
     110       0       0       1       0                               0D0000500
     142     285       0       0       0       0       0       000010500D0000501
     142       0       0       1       0                               0D0000502
     102     286       0       0       0       0       0       000010000D0000503
     102       0       0       1       0                               0D0000504
     110     287       0       0       0       0       0       000010000D0000505
     110       0       0       1       0                               0D0000506
     110     288       0       0       0       0       0       000010000D0000507
     110       0       0       1       0                               0D0000508
     110     289       0       0       0       0       0       000010000D0000509
     110       0       0       2       0                               0D0000510
     110     291       0       0       0       0       0       000010000D0000511
     110       0       0       1       0                               0D0000512
     102     292       0       0       0       0       0       000010000D0000513
     102       0       0       1       0                               0D0000514
     100     293       0       0       0       0     517       000010000D0000515
     100       0       0       1       0                               0D0000516
     124     294       0       0       0       0       0       000000000D0000517
     124       0       0       1       0                               0D0000518
     110     295       0       0       0       0       0       000010000D0000519
     110       0       0       1       0                               0D0000520
     100     296       0       0       0       0       0       000010000D0000521
     100       0       0       2       0                               0D0000522
     110     298       0       0       0       0       0       000010000D0000523
     110       0       0       1       0                               0D0000524
     144     299       0       0       0       0       0       000020000D0000525
     144       0       0       1       0                               0D0000526
     108     300       0       0       0       0       0       000010000D0000527
     108       0       0       1       0                               0D0000528
     142     301       0       0       0       0       0       000010500D0000529
     142       0       0       1       0                               0D0000530
     102     302       0       0       0       0       0       000010000D0000531
     102       0       0       1       0                               0D0000532
     110     303       0       0       0       0       0       000010000D0000533
     110       0       0       1       0                               0D0000534
     100     304       0       0       0       0     537       000010000D0000535
     100       0       0       2       0                               0D0000536
     124     306       0       0       0       0       0       000000000D0000537
     124       0       0       1       0                               0D0000538
     110     307       0       0       0       0       0       000010000D0000539
     110       0       0       1       0                               0D0000540
     110     308       0       0       0       0       0       000010000D0000541
     110       0       0       1       0                               0D0000542
     144     309       0       0       0       0       0       000020000D0000543
     144       0       0       1       0                               0D0000544
     108     310       0       0       0       0       0       000010000D0000545
     108       0       0       1       0                               0D0000546
     142     311       0       0       0       0       0       000010500D0000547
     142       0       0       1       0                               0D0000548
     102     312       0       0       0       0       0       000010000D0000549
     102       0       0       1       0                               0D0000550
     110     313       0       0       0       0       0       000010000D0000551
     110       0       0       1       0                               0D0000552
     100     314       0       0       0       0     555       000010000D0000553
     100       0       0       1       0                               0D0000554
     124     315       0       0       0       0       0       000000000D0000555
     124       0       0       1       0                               0D0000556
     110     316       0       0       0       0       0       000010000D0000557
     110       0       0       1       0                               0D0000558
     110     317       0       0       0       0       0       000010000D0000559
     110       0       0       1       0                               0D0000560
     144     318       0       0       0       0       0       000020000D0000561
     144       0       0       1       0                               0D0000562
     120     319       0       0       0       0       0       000010000D0000563
     120       0       0       1       0                               0D0000564
     110     320       0       0       0       0       0       000010000D0000565
     110       0       0       1       0                               0D0000566
     110     321       0       0       0       0       0       000010000D0000567
     110       0       0       1       0                               0D0000568
     142     322       0       0       0       0       0       000010500D0000569
     142       0       0       1       0                               0D0000570
     102     323       0       0       0       0       0       000010000D0000571
     102       0       0       1       0                               0D0000572
     110     324       0       0       0       0       0       000010000D0000573
     110       0       0       1       0                               0D0000574
     110     325       0       0       0       0       0       000010000D0000575
     110       0       0       1       0                               0D0000576
     110     326       0       0       0       0       0       000010000D0000577
     110       0       0       2       0                               0D0000578
     110     328       0       0       0       0       0       000010000D0000579
     110       0       0       1       0                               0D0000580
     102     329       0       0       0       0       0       000010000D0000581
     102       0       0       1       0                               0D0000582
     100     330       0       0       0       0     585       000010000D0000583
     100       0       0       1       0                               0D0000584
     124     331       0       0       0       0       0       000000000D0000585
     124       0       0       1       0                               0D0000586
     110     332       0       0       0       0       0       000010000D0000587
     110       0       0       1       0                               0D0000588
     100     333       0       0       0       0       0       000010000D0000589
     100       0       0       1       0                               0D0000590
     110     334       0       0       0       0       0       000010000D0000591
     110       0       0       1       0                               0D0000592
     144     335       0       0       0       0       0       000020000D0000593
     144       0       0       1       0                               0D0000594
     120     336       0       0       0       0       0       000010000D0000595
     120       0       0       1       0                               0D0000596
     110     337       0       0       0       0       0       000010000D0000597
     110       0       0       1       0                               0D0000598
     110     338       0       0       0       0       0       000010000D0000599
     110       0       0       1       0                               0D0000600
     142     339       0       0       0       0       0       000010500D0000601
     142       0       0       1       0                               0D0000602
     102     340       0       0       0       0       0       000010000D0000603
     102       0       0       1       0                               0D0000604
     110     341       0       0       0       0       0       000010000D0000605
     110       0       0       1       0                               0D0000606
     110     342       0       0       0       0       0       000010000D0000607
     110       0       0       1       0                               0D0000608
     110     343       0       0       0       0       0       000010000D0000609
     110       0       0       2       0                               0D0000610
     110     345       0       0       0       0       0       000010000D0000611
     110       0       0       1       0                               0D0000612
     102     346       0       0       0       0       0       000010000D0000613
     102       0       0       1       0                               0D0000614
     100     347       0       0       0       0     617       000010000D0000615
     100       0       0       1       0                               0D0000616
     124     348       0       0       0       0       0       000000000D0000617
     124       0       0       1       0                               0D0000618
     110     349       0       0       0       0       0       000010000D0000619
     110       0       0       1       0                               0D0000620
     100     350       0       0       0       0       0       000010000D0000621
     100       0       0       1       0                               0D0000622
     110     351       0       0       0       0       0       000010000D0000623
     110       0       0       1       0                               0D0000624
     144     352       0       0       0       0       0       000020000D0000625
     144       0       0       1       0                               0D0000626
     108     353       0       0       0       0       0       000010000D0000627
     108       0       0       1       0                               0D0000628
     142     354       0       0       0       0       0       000010500D0000629
     142       0       0       1       0                               0D0000630
     102     355       0       0       0       0       0       000010000D0000631
     102       0       0       1       0                               0D0000632
     110     356       0       0       0       0       0       000010000D0000633
     110       0       0       1       0                               0D0000634
     100     357       0       0       0       0     637       000010000D0000635
     100       0       0       1       0                               0D0000636
     124     358       0       0       0       0       0       000000000D0000637
     124       0       0       1       0                               0D0000638
     110     359       0       0       0       0       0       000010000D0000639
     110       0       0       1       0                               0D0000640
     110     360       0       0       0       0       0       000010000D0000641
     110       0       0       1       0                               0D0000642
     144     361       0       0       0       0       0       000020000D0000643
     144       0       0       1       0                               0D0000644
     108     362       0       0       0       0       0       000010000D0000645
     108       0       0       1       0                               0D0000646
     142     363       0       0       0       0       0       000010500D0000647
     142       0       0       1       0                               0D0000648
     102     364       0       0       0       0       0       000010000D0000649
     102       0       0       1       0                               0D0000650
     110     365       0       0       0       0       0       000010000D0000651
     110       0       0       1       0                               0D0000652
     100     366       0       0       0       0     655       000010000D0000653
     100       0       0       1       0                               0D0000654
     124     367       0       0       0       0       0       000000000D0000655
     124       0       0       1       0                               0D0000656
     110     368       0       0       0       0       0       000010000D0000657
     110       0       0       1       0                               0D0000658
     110     369       0       0       0       0       0       000010000D0000659
     110       0       0       1       0                               0D0000660
     144     370       0       0       0       0       0       000020000D0000661
     144       0       0       1       0                               0D0000662
     120     371       0       0       0       0       0       000010000D0000663
     120       0       0       1       0                               0D0000664
     110     372       0       0       0       0       0       000010000D0000665
     110       0       0       1       0                               0D0000666
     110     373       0       0       0       0       0       000010000D0000667
     110       0       0       1       0                               0D0000668
     142     374       0       0       0       0       0       000010500D0000669
     142       0       0       1       0                               0D0000670
     102     375       0       0       0       0       0       000010000D0000671
     102       0       0       1       0                               0D0000672
     110     376       0       0       0       0       0       000010000D0000673
     110       0       0       1       0                               0D0000674
     110     377       0       0       0       0       0       000010000D0000675
     110       0       0       1       0                               0D0000676
     110     378       0       0       0       0       0       000010000D0000677
     110       0       0       2       0                               0D0000678
     110     380       0       0       0       0       0       000010000D0000679
     110       0       0       1       0                               0D0000680
     102     381       0       0       0       0       0       000010000D0000681
     102       0       0       1       0                               0D0000682
     100     382       0       0       0       0     685       000010000D0000683
     100       0       0       1       0                               0D0000684
     124     383       0       0       0       0       0       000000000D0000685
     124       0       0       1       0                               0D0000686
     110     384       0       0       0       0       0       000010000D0000687
     110       0       0       1       0                               0D0000688
     100     385       0       0       0       0       0       000010000D0000689
     100       0       0       1       0                               0D0000690
     110     386       0       0       0       0       0       000010000D0000691
     110       0       0       1       0                               0D0000692
     144     387       0       0       0       0       0       000020000D0000693
     144       0       0       1       0                               0D0000694
     120     388       0       0       0       0       0       000010000D0000695
     120       0       0       1       0                               0D0000696
     110     389       0       0       0       0       0       000010000D0000697
     110       0       0       1       0                               0D0000698
     110     390       0       0       0       0       0       000010000D0000699
     110       0       0       1       0                               0D0000700
     142     391       0       0       0       0       0       000010500D0000701
     142       0       0       1       0                               0D0000702
     102     392       0       0       0       0       0       000010000D0000703
     102       0       0       1       0                               0D0000704
     110     393       0       0       0       0       0       000010000D0000705
     110       0       0       1       0                               0D0000706
     110     394       0       0       0       0       0       000010000D0000707
     110       0       0       1       0                               0D0000708
     110     395       0       0       0       0       0       000010000D0000709
     110       0       0       2       0                               0D0000710
     110     397       0       0       0       0       0       000010000D0000711
     110       0       0       1       0                               0D0000712
     102     398       0       0       0       0       0       000010000D0000713
     102       0       0       1       0                               0D0000714
     100     399       0       0       0       0     717       000010000D0000715
     100       0       0       1       0                               0D0000716
     124     400       0       0       0       0       0       000000000D0000717
     124       0       0       1       0                               0D0000718
     110     401       0       0       0       0       0       000010000D0000719
     110       0       0       1       0                               0D0000720
     100     402       0       0       0       0       0       000010000D0000721
     100       0       0       1       0                               0D0000722
     110     403       0       0       0       0       0       000010000D0000723
     110       0       0       1       0                               0D0000724
     144     404       0       0       0       0       0       000020000D0000725
     144       0       0       1       0                               0D0000726
     108     405       0       0       0       0       0       000010000D0000727
     108       0       0       1       0                               0D0000728
     142     406       0       0       0       0       0       000010500D0000729
     142       0       0       1       0                               0D0000730
     102     407       0       0       0       0       0       000010000D0000731
     102       0       0       1       0                               0D0000732
     110     408       0       0       0       0       0       000010000D0000733
     110       0       0       1       0                               0D0000734
     100     409       0       0       0       0     737       000010000D0000735
     100       0       0       2       0                               0D0000736
     124     411       0       0       0       0       0       000000000D0000737
     124       0       0       1       0                               0D0000738
     110     412       0       0       0       0       0       000010000D0000739
     110       0       0       1       0                               0D0000740
     110     413       0       0       0       0       0       000010000D0000741
     110       0       0       1       0                               0D0000742
     144     414       0       0       0       0       0       000020000D0000743
     144       0       0       1       0                               0D0000744
     108     415       0       0       0       0       0       000010000D0000745
     108       0       0       1       0                               0D0000746
     142     416       0       0       0       0       0       000010500D0000747
     142       0       0       1       0                               0D0000748
     102     417       0       0       0       0       0       000010000D0000749
     102       0       0       1       0                               0D0000750
     110     418       0       0       0       0       0       000010000D0000751
     110       0       0       1       0                               0D0000752
     100     419       0       0       0       0     755       000010000D0000753
     100       0       0       2       0                               0D0000754
     124     421       0       0       0       0       0       000000000D0000755
     124       0       0       1       0                               0D0000756
     110     422       0       0       0       0       0       000010000D0000757
     110       0       0       1       0                               0D0000758
     110     423       0       0       0       0       0       000010000D0000759
     110       0       0       1       0                               0D0000760
     144     424       0       0       0       0       0       000020000D0000761
     144       0       0       1       0                               0D0000762
     120     425       0       0       0       0       0       000010000D0000763
     120       0       0       1       0                               0D0000764
     110     426       0       0       0       0       0       000010000D0000765
     110       0       0       1       0                               0D0000766
     110     427       0       0       0       0       0       000010000D0000767
     110       0       0       1       0                               0D0000768
     142     428       0       0       0       0       0       000010500D0000769
     142       0       0       1       0                               0D0000770
     102     429       0       0       0       0       0       000010000D0000771
     102       0       0       1       0                               0D0000772
     110     430       0       0       0       0       0       000010000D0000773
     110       0       0       1       0                               0D0000774
     110     431       0       0       0       0       0       000010000D0000775
     110       0       0       1       0                               0D0000776
     110     432       0       0       0       0       0       000010000D0000777
     110       0       0       2       0                               0D0000778
     110     434       0       0       0       0       0       000010000D0000779
     110       0       0       1       0                               0D0000780
     102     435       0       0       0       0       0       000010000D0000781
     102       0       0       1       0                               0D0000782
     100     436       0       0       0       0     785       000010000D0000783
     100       0       0       2       0                               0D0000784
     124     438       0       0       0       0       0       000000000D0000785
     124       0       0       1       0                               0D0000786
     110     439       0       0       0       0       0       000010000D0000787
     110       0       0       1       0                               0D0000788
     100     440       0       0       0       0       0       000010000D0000789
     100       0       0       2       0                               0D0000790
     110     442       0       0       0       0       0       000010000D0000791
     110       0       0       1       0                               0D0000792
     144     443       0       0       0       0       0       000020000D0000793
     144       0       0       1       0                               0D0000794
     120     444       0       0       0       0       0       000010000D0000795
     120       0       0       1       0                               0D0000796
     110     445       0       0       0       0       0       000010000D0000797
     110       0       0       1       0                               0D0000798
     110     446       0       0       0       0       0       000010000D0000799
     110       0       0       1       0                               0D0000800
     142     447       0       0       0       0       0       000010500D0000801
     142       0       0       1       0                               0D0000802
     102     448       0       0       0       0       0       000010000D0000803
     102       0       0       1       0                               0D0000804
     110     449       0       0       0       0       0       000010000D0000805
     110       0       0       1       0                               0D0000806
     110     450       0       0       0       0       0       000010000D0000807
     110       0       0       1       0                               0D0000808
     110     451       0       0       0       0       0       000010000D0000809
     110       0       0       2       0                               0D0000810
     110     453       0       0       0       0       0       000010000D0000811
     110       0       0       1       0                               0D0000812
     102     454       0       0       0       0       0       000010000D0000813
     102       0       0       1       0                               0D0000814
     100     455       0       0       0       0     817       000010000D0000815
     100       0       0       2       0                               0D0000816
     124     457       0       0       0       0       0       000000000D0000817
     124       0       0       1       0                               0D0000818
     110     458       0       0       0       0       0       000010000D0000819
     110       0       0       2       0                               0D0000820
     100     460       0       0       0       0       0       000010000D0000821
     100       0       0       2       0                               0D0000822
     110     462       0       0       0       0       0       000010000D0000823
     110       0       0       1       0                               0D0000824
     144     463       0       0       0       0       0       000020000D0000825
     144       0       0       1       0                               0D0000826
     108     464       0       0       0       0       0       000010000D0000827
     108       0       0       1       0                               0D0000828
     142     465       0       0       0       0       0       000010500D0000829
     142       0       0       1       0                               0D0000830
     102     466       0       0       0       0       0       000010000D0000831
     102       0       0       1       0                               0D0000832
     110     467       0       0       0       0       0       000010000D0000833
     110       0       0       1       0                               0D0000834
     100     468       0       0       0       0     837       000010000D0000835
     100       0       0       2       0                               0D0000836
     124     470       0       0       0       0       0       000000000D0000837
     124       0       0       1       0                               0D0000838
     110     471       0       0       0       0       0       000010000D0000839
     110       0       0       1       0                               0D0000840
     110     472       0       0       0       0       0       000010000D0000841
     110       0       0       1       0                               0D0000842
     144     473       0       0       0       0       0       000020000D0000843
     144       0       0       1       0                               0D0000844
     108     474       0       0       0       0       0       000010000D0000845
     108       0       0       1       0                               0D0000846
     142     475       0       0       0       0       0       000010500D0000847
     142       0       0       1       0                               0D0000848
     102     476       0       0       0       0       0       000010000D0000849
     102       0       0       1       0                               0D0000850
     110     477       0       0       0       0       0       000010000D0000851
     110       0       0       1       0                               0D0000852
     100     478       0       0       0       0     855       000010000D0000853
     100       0       0       2       0                               0D0000854
     124     480       0       0       0       0       0       000000000D0000855
     124       0       0       1       0                               0D0000856
     110     481       0       0       0       0       0       000010000D0000857
     110       0       0       1       0                               0D0000858
     110     482       0       0       0       0       0       000010000D0000859
     110       0       0       1       0                               0D0000860
     144     483       0       0       0       0       0       000020000D0000861
     144       0       0       1       0                               0D0000862
     120     484       0       0       0       0       0       000010000D0000863
     120       0       0       1       0                               0D0000864
     110     485       0       0       0       0       0       000010000D0000865
     110       0       0       1       0                               0D0000866
     110     486       0       0       0       0       0       000010000D0000867
     110       0       0       1       0                               0D0000868
     142     487       0       0       0       0       0       000010500D0000869
     142       0       0       1       0                               0D0000870
     102     488       0       0       0       0       0       000010000D0000871
     102       0       0       1       0                               0D0000872
     110     489       0       0       0       0       0       000010000D0000873
     110       0       0       1       0                               0D0000874
     110     490       0       0       0       0       0       000010000D0000875
     110       0       0       1       0                               0D0000876
     110     491       0       0       0       0       0       000010000D0000877
     110       0       0       2       0                               0D0000878
     110     493       0       0       0       0       0       000010000D0000879
     110       0       0       1       0                               0D0000880
     102     494       0       0       0       0       0       000010000D0000881
     102       0       0       1       0                               0D0000882
     100     495       0       0       0       0     885       000010000D0000883
     100       0       0       2       0                               0D0000884
     124     497       0       0       0       0       0       000000000D0000885
     124       0       0       1       0                               0D0000886
     110     498       0       0       0       0       0       000010000D0000887
     110       0       0       1       0                               0D0000888
     100     499       0       0       0       0       0       000010000D0000889
     100       0       0       2       0                               0D0000890
     110     501       0       0       0       0       0       000010000D0000891
     110       0       0       1       0                               0D0000892
     144     502       0       0       0       0       0       000020000D0000893
     144       0       0       1       0                               0D0000894
     120     503       0       0       0       0       0       000010000D0000895
     120       0       0       1       0                               0D0000896
     110     504       0       0       0       0       0       000010000D0000897
     110       0       0       1       0                               0D0000898
     110     505       0       0       0       0       0       000010000D0000899
     110       0       0       1       0                               0D0000900
     142     506       0       0       0       0       0       000010500D0000901
     142       0       0       1       0                               0D0000902
     102     507       0       0       0       0       0       000010000D0000903
     102       0       0       1       0                               0D0000904
     110     508       0       0       0       0       0       000010000D0000905
     110       0       0       1       0                               0D0000906
     110     509       0       0       0       0       0       000010000D0000907
     110       0       0       1       0                               0D0000908
     110     510       0       0       0       0       0       000010000D0000909
     110       0       0       2       0                               0D0000910
     110     512       0       0       0       0       0       000010000D0000911
     110       0       0       1       0                               0D0000912
     102     513       0       0       0       0       0       000010000D0000913
     102       0       0       1       0                               0D0000914
     100     514       0       0       0       0     917       000010000D0000915
     100       0       0       2       0                               0D0000916
     124     516       0       0       0       0       0       000000000D0000917
     124       0       0       1       0                               0D0000918
     110     517       0       0       0       0       0       000010000D0000919
     110       0       0       1       0                               0D0000920
     100     518       0       0       0       0       0       000010000D0000921
     100       0       0       2       0                               0D0000922
     110     520       0       0       0       0       0       000010000D0000923
     110       0       0       2       0                               0D0000924
     144     522       0       0       0       0       0       000020000D0000925
     144       0       0       1       0                               0D0000926
     108     523       0       0       0       0       0       000010000D0000927
     108       0       0       1       0                               0D0000928
     142     524       0       0       0       0       0       000010500D0000929
     142       0       0       1       0                               0D0000930
     102     525       0       0       0       0       0       000010000D0000931
     102       0       0       1       0                               0D0000932
     110     526       0       0       0       0       0       000010000D0000933
     110       0       0       1       0                               0D0000934
     100     527       0       0       0       0     937       000010000D0000935
     100       0       0       2       0                               0D0000936
     124     529       0       0       0       0       0       000000000D0000937
     124       0       0       1       0                               0D0000938
     110     530       0       0       0       0       0       000010000D0000939
     110       0       0       1       0                               0D0000940
     110     531       0       0       0       0       0       000010000D0000941
     110       0       0       1       0                               0D0000942
     144     532       0       0       0       0       0       000020000D0000943
     144       0       0       1       0                               0D0000944
     108     533       0       0       0       0       0       000010000D0000945
     108       0       0       1       0                               0D0000946
     142     534       0       0       0       0       0       000010500D0000947
     142       0       0       1       0                               0D0000948
     102     535       0       0       0       0       0       000010000D0000949
     102       0       0       1       0                               0D0000950
     110     536       0       0       0       0       0       000010000D0000951
     110       0       0       1       0                               0D0000952
     100     537       0       0       0       0     955       000010000D0000953
     100       0       0       2       0                               0D0000954
     124     539       0       0       0       0       0       000000000D0000955
     124       0       0       1       0                               0D0000956
     110     540       0       0       0       0       0       000010000D0000957
     110       0       0       1       0                               0D0000958
     110     541       0       0       0       0       0       000010000D0000959
     110       0       0       1       0                               0D0000960
     144     542       0       0       0       0       0       000020000D0000961
     144       0       0       1       0                               0D0000962
     120     543       0       0       0       0       0       000010000D0000963
     120       0       0       1       0                               0D0000964
     110     544       0       0       0       0       0       000010000D0000965
     110       0       0       1       0                               0D0000966
     110     545       0       0       0       0       0       000010000D0000967
     110       0       0       1       0                               0D0000968
     142     546       0       0       0       0       0       000010500D0000969
     142       0       0       1       0                               0D0000970
     102     547       0       0       0       0       0       000010000D0000971
     102       0       0       1       0                               0D0000972
     110     548       0       0       0       0       0       000010000D0000973
     110       0       0       1       0                               0D0000974
     110     549       0       0       0       0       0       000010000D0000975
     110       0       0       1       0                               0D0000976
     110     550       0       0       0       0       0       000010000D0000977
     110       0       0       2       0                               0D0000978
     110     552       0       0       0       0       0       000010000D0000979
     110       0       0       1       0                               0D0000980
     102     553       0       0       0       0       0       000010000D0000981
     102       0       0       1       0                               0D0000982
     100     554       0       0       0       0     985       000010000D0000983
     100       0       0       1       0                               0D0000984
     124     555       0       0       0       0       0       000000000D0000985
     124       0       0       1       0                               0D0000986
     110     556       0       0       0       0       0       000010000D0000987
     110       0       0       1       0                               0D0000988
     100     557       0       0       0       0       0       000010000D0000989
     100       0       0       1       0                               0D0000990
     110     558       0       0       0       0       0       000010000D0000991
     110       0       0       1       0                               0D0000992
     144     559       0       0       0       0       0       000020000D0000993
     144       0       0       1       0                               0D0000994
     120     560       0       0       0       0       0       000010000D0000995
     120       0       0       1       0                               0D0000996
     110     561       0       0       0       0       0       000010000D0000997
     110       0       0       1       0                               0D0000998
     110     562       0       0       0       0       0       000010000D0000999
     110       0       0       1       0                               0D0001000
     142     563       0       0       0       0       0       000010500D0001001
     142       0       0       1       0                               0D0001002
     102     564       0       0       0       0       0       000010000D0001003
     102       0       0       1       0                               0D0001004
     110     565       0       0       0       0       0       000010000D0001005
     110       0       0       1       0                               0D0001006
     110     566       0       0       0       0       0       000010000D0001007
     110       0       0       1       0                               0D0001008
     110     567       0       0       0       0       0       000010000D0001009
     110       0       0       2       0                               0D0001010
     110     569       0       0       0       0       0       000010000D0001011
     110       0       0       1       0                               0D0001012
     102     570       0       0       0       0       0       000010000D0001013
     102       0       0       1       0                               0D0001014
     100     571       0       0       0       0    1017       000010000D0001015
     100       0       0       1       0                               0D0001016
     124     572       0       0       0       0       0       000000000D0001017
     124       0       0       1       0                               0D0001018
     110     573       0       0       0       0       0       000010000D0001019
     110       0       0       1       0                               0D0001020
     100     574       0       0       0       0       0       000010000D0001021
     100       0       0       1       0                               0D0001022
     110     575       0       0       0       0       0       000010000D0001023
     110       0       0       1       0                               0D0001024
     144     576       0       0       0       0       0       000020000D0001025
     144       0       0       1       0                               0D0001026
     108     577       0       0       0       0       0       000010000D0001027
     108       0       0       1       0                               0D0001028
     142     578       0       0       0       0       0       000010500D0001029
     142       0       0       1       0                               0D0001030
     102     579       0       0       0       0       0       000010000D0001031
     102       0       0       1       0                               0D0001032
     110     580       0       0       0       0       0       000010000D0001033
     110       0       0       1       0                               0D0001034
     100     581       0       0       0       0    1037       000010000D0001035
     100       0       0       1       0                               0D0001036
     124     582       0       0       0       0       0       000000000D0001037
     124       0       0       1       0                               0D0001038
     110     583       0       0       0       0       0       000010000D0001039
     110       0       0       1       0                               0D0001040
     110     584       0       0       0       0       0       000010000D0001041
     110       0       0       1       0                               0D0001042
     144     585       0       0       0       0       0       000020000D0001043
     144       0       0       1       0                               0D0001044
     120     586       0       0       0       0    1047       000010000D0001045
     120       0       0       1       0                               0D0001046
     124     587       0       0       0       0       0       000000000D0001047
     124       0       0       1       1                               0D0001048
     110     588       0       0       0       0       0       000010000D0001049
     110       0       0       1       0                               0D0001050
     110     589       0       0       0       0       0       000010000D0001051
     110       0       0       1       0                               0D0001052
     142     590       0       0       0       0       0       000010500D0001053
     142       0       0       1       0                               0D0001054
     102     591       0       0       0       0       0       000010000D0001055
     102       0       0       1       0                               0D0001056
     110     592       0       0       0       0       0       000010000D0001057
     110       0       0       1       0                               0D0001058
     110     593       0       0       0       0       0       000010000D0001059
     110       0       0       1       0                               0D0001060
     110     594       0       0       0       0       0       000010000D0001061
     110       0       0       1       0                               0D0001062
     110     595       0       0       0       0       0       000010000D0001063
     110       0       0       2       0                               0D0001064
     102     597       0       0       0       0       0       000010000D0001065
     102       0       0       1       0                               0D0001066
     110     598       0       0       0       0       0       000010000D0001067
     110       0       0       1       0                               0D0001068
     100     599       0       0       0       0    1071       000010000D0001069
     100       0       0       1       0                               0D0001070
     124     600       0       0       0       0       0       000000000D0001071
     124       0       0       1       0                               0D0001072
     110     601       0       0       0       0       0       000010000D0001073
     110       0       0       1       0                               0D0001074
     100     602       0       0       0       0    1077       000010000D0001075
     100       0       0       1       0                               0D0001076
     124     603       0       0       0       0       0       000000000D0001077
     124       0       0       1       0                               0D0001078
     144     604       0       0       0       0       0       000020000D0001079
     144       0       0       1       0                               0D0001080
     108     605       0       0       0       0       0       000010000D0001081
     108       0       0       1       0                               0D0001082
     142     606       0       0       0       0       0       000010500D0001083
     142       0       0       1       0                               0D0001084
     102     607       0       0       0       0       0       000010000D0001085
     102       0       0       1       0                               0D0001086
     110     608       0       0       0       0       0       000010000D0001087
     110       0       0       1       0                               0D0001088
     100     609       0       0       0       0    1091       000010000D0001089
     100       0       0       1       0                               0D0001090
     124     610       0       0       0       0       0       000000000D0001091
     124       0       0       1       0                               0D0001092
     110     611       0       0       0       0       0       000010000D0001093
     110       0       0       1       0                               0D0001094
     110     612       0       0       0       0       0       000010000D0001095
     110       0       0       1       0                               0D0001096
     144     613       0       0       0       0       0       000020000D0001097
     144       0       0       1       0                               0D0001098
     108     614       0       0       0       0       0       000010000D0001099
     108       0       0       1       0                               0D0001100
     142     615       0       0       0       0       0       000010500D0001101
     142       0       0       1       0                               0D0001102
     102     616       0       0       0       0       0       000010000D0001103
     102       0       0       1       0                               0D0001104
     100     617       0       0       0       0       0       000010000D0001105
     100       0       0       1       0                               0D0001106
     110     618       0       0       0       0       0       000010000D0001107
     110       0       0       1       0                               0D0001108
     110     619       0       0       0       0       0       000010000D0001109
     110       0       0       1       0                               0D0001110
     110     620       0       0       0       0       0       000010000D0001111
     110       0       0       1       0                               0D0001112
     100     621       0       0       0       0       0       000010000D0001113
     100       0       0       1       0                               0D0001114
     144     622       0       0       0       0       0       000020000D0001115
     144       0       0       1       0                               0D0001116
     108     623       0       0       0       0       0       000010000D0001117
     108       0       0       1       0                               0D0001118
     142     624       0       0       0       0       0       000010500D0001119
     142       0       0       1       0                               0D0001120
     102     625       0       0       0       0       0       000010000D0001121
     102       0       0       6       0                               0D0001122
     110     631       0       0       0       0       0       000010000D0001123
     110       0       0       1       0                               0D0001124
     110     632       0       0       0       0       0       000010000D0001125
     110       0       0       1       0                               0D0001126
     100     633       0       0       0       0    1129       000010000D0001127
     100       0       0       1       0                               0D0001128
     124     634       0       0       0       0       0       000000000D0001129
     124       0       0       1       0                               0D0001130
     110     635       0       0       0       0       0       000010000D0001131
     110       0       0       1       0                               0D0001132
     110     636       0       0       0       0       0       000010000D0001133
     110       0       0       1       0                               0D0001134
     110     637       0       0       0       0       0       000010000D0001135
     110       0       0       1       0                               0D0001136
     100     638       0       0       0       0    1139       000010000D0001137
     100       0       0       1       0                               0D0001138
     124     639       0       0       0       0       0       000000000D0001139
     124       0       0       1       0                               0D0001140
     110     640       0       0       0       0       0       000010000D0001141
     110       0       0       1       0                               0D0001142
     110     641       0       0       0       0       0       000010000D0001143
     110       0       0       1       0                               0D0001144
     110     642       0       0       0       0       0       000010000D0001145
     110       0       0       1       0                               0D0001146
     100     643       0       0       0       0    1149       000010000D0001147
     100       0       0       1       0                               0D0001148
     124     644       0       0       0       0       0       000000000D0001149
     124       0       0       1       0                               0D0001150
     110     645       0       0       0       0       0       000010000D0001151
     110       0       0       1       0                               0D0001152
     110     646       0       0       0       0       0       000010000D0001153
     110       0       0       1       0                               0D0001154
     110     647       0       0       0       0       0       000010000D0001155
     110       0       0       1       0                               0D0001156
     100     648       0       0       0       0    1159       000010000D0001157
     100       0       0       1       0                               0D0001158
     124     649       0       0       0       0       0       000000000D0001159
     124       0       0       1       0                               0D0001160
     110     650       0       0       0       0       0       000010000D0001161
     110       0       0       1       0                               0D0001162
     110     651       0       0       0       0       0       000010000D0001163
     110       0       0       1       0                               0D0001164
     110     652       0       0       0       0       0       000010000D0001165
     110       0       0       1       0                               0D0001166
     100     653       0       0       0       0    1169       000010000D0001167
     100       0       0       1       0                               0D0001168
     124     654       0       0       0       0       0       000000000D0001169
     124       0       0       1       0                               0D0001170
     110     655       0       0       0       0       0       000010000D0001171
     110       0       0       1       0                               0D0001172
     110     656       0       0       0       0       0       000010000D0001173
     110       0       0       1       0                               0D0001174
     110     657       0       0       0       0       0       000010000D0001175
     110       0       0       1       0                               0D0001176
     100     658       0       0       0       0    1179       000010000D0001177
     100       0       0       2       0                               0D0001178
     124     660       0       0       0       0       0       000000000D0001179
     124       0       0       1       0                               0D0001180
     110     661       0       0       0       0       0       000010000D0001181
     110       0       0       1       0                               0D0001182
     110     662       0       0       0       0       0       000010000D0001183
     110       0       0       1       0                               0D0001184
     110     663       0       0       0       0       0       000010000D0001185
     110       0       0       1       0                               0D0001186
     100     664       0       0       0       0    1189       000010000D0001187
     100       0       0       2       0                               0D0001188
     124     666       0       0       0       0       0       000000000D0001189
     124       0       0       1       0                               0D0001190
     110     667       0       0       0       0       0       000010000D0001191
     110       0       0       1       0                               0D0001192
     110     668       0       0       0       0       0       000010000D0001193
     110       0       0       1       0                               0D0001194
     110     669       0       0       0       0       0       000010000D0001195
     110       0       0       1       0                               0D0001196
     100     670       0       0       0       0    1199       000010000D0001197
     100       0       0       1       0                               0D0001198
     124     671       0       0       0       0       0       000000000D0001199
     124       0       0       1       0                               0D0001200
     110     672       0       0       0       0       0       000010000D0001201
     110       0       0       1       0                               0D0001202
     110     673       0       0       0       0       0       000010000D0001203
     110       0       0       1       0                               0D0001204
     110     674       0       0       0       0       0       000010000D0001205
     110       0       0       1       0                               0D0001206
     100     675       0       0       0       0    1209       000010000D0001207
     100       0       0       1       0                               0D0001208
     124     676       0       0       0       0       0       000000000D0001209
     124       0       0       1       0                               0D0001210
     110     677       0       0       0       0       0       000010000D0001211
     110       0       0       1       0                               0D0001212
     110     678       0       0       0       0       0       000010000D0001213
     110       0       0       1       0                               0D0001214
     110     679       0       0       0       0       0       000010000D0001215
     110       0       0       1       0                               0D0001216
     100     680       0       0       0       0    1219       000010000D0001217
     100       0       0       2       0                               0D0001218
     124     682       0       0       0       0       0       000000000D0001219
     124       0       0       1       0                               0D0001220
     110     683       0       0       0       0       0       000010000D0001221
     110       0       0       1       0                               0D0001222
     110     684       0       0       0       0       0       000010000D0001223
     110       0       0       1       0                               0D0001224
     110     685       0       0       0       0       0       000010000D0001225
     110       0       0       1       0                               0D0001226
     100     686       0       0       0       0    1229       000010000D0001227
     100       0       0       2       0                               0D0001228
     124     688       0       0       0       0       0       000000000D0001229
     124       0       0       1       0                               0D0001230
     110     689       0       0       0       0       0       000010000D0001231
     110       0       0       1       0                               0D0001232
     110     690       0       0       0       0       0       000010000D0001233
     110       0       0       1       0                               0D0001234
     110     691       0       0       0       0       0       000010000D0001235
     110       0       0       1       0                               0D0001236
     100     692       0       0       0       0    1239       000010000D0001237
     100       0       0       1       0                               0D0001238
     124     693       0       0       0       0       0       000000000D0001239
     124       0       0       1       0                               0D0001240
     110     694       0       0       0       0       0       000010000D0001241
     110       0       0       1       0                               0D0001242
     110     695       0       0       0       0       0       000010000D0001243
     110       0       0       1       0                               0D0001244
     110     696       0       0       0       0       0       000010000D0001245
     110       0       0       1       0                               0D0001246
     100     697       0       0       0       0    1249       000010000D0001247
     100       0       0       1       0                               0D0001248
     124     698       0       0       0       0       0       000000000D0001249
     124       0       0       1       0                               0D0001250
     110     699       0       0       0       0       0       000010000D0001251
     110       0       0       1       0                               0D0001252
     110     700       0       0       0       0       0       000010000D0001253
     110       0       0       1       0                               0D0001254
     110     701       0       0       0       0       0       000010000D0001255
     110       0       0       1       0                               0D0001256
     100     702       0       0       0       0    1259       000010000D0001257
     100       0       0       2       0                               0D0001258
     124     704       0       0       0       0       0       000000000D0001259
     124       0       0       1       0                               0D0001260
     110     705       0       0       0       0       0       000010000D0001261
     110       0       0       1       0                               0D0001262
     110     706       0       0       0       0       0       000010000D0001263
     110       0       0       1       0                               0D0001264
     110     707       0       0       0       0       0       000010000D0001265
     110       0       0       1       0                               0D0001266
     100     708       0       0       0       0    1269       000010000D0001267
     100       0       0       2       0                               0D0001268
     124     710       0       0       0       0       0       000000000D0001269
     124       0       0       1       0                               0D0001270
     110     711       0       0       0       0       0       000010000D0001271
     110       0       0       1       0                               0D0001272
     110     712       0       0       0       0       0       000010000D0001273
     110       0       0       1       0                               0D0001274
     110     713       0       0       0       0       0       000010000D0001275
     110       0       0       1       0                               0D0001276
     100     714       0       0       0       0    1279       000010000D0001277
     100       0       0       1       0                               0D0001278
     124     715       0       0       0       0       0       000000000D0001279
     124       0       0       1       0                               0D0001280
     110     716       0       0       0       0       0       000010000D0001281
     110       0       0       1       0                               0D0001282
     142     717       0       0       0       0       0       000010500D0001283
     142       0       0       1       0                               0D0001284
     100     718       0       0       0       0    1287       000010000D0001285
     100       0       0       1       0                               0D0001286
     124     719       0       0       0       0       0       000000000D0001287
     124       0       0       1       0                               0D0001288
     144     720       0       0       0       0       0       000020000D0001289
     144       0       0       1       0                               0D0001290
     108     721       0       0       0       0       0       000010000D0001291
     108       0       0       2       0                               0D0001292
     142     723       0       0       0       0       0       000010500D0001293
     142       0       0       1       0                               0D0001294
     102     724       0       0       0       0       0       000010000D0001295
     102       0       0       1       0                               0D0001296
     110     725       0       0       0       0       0       000010000D0001297
     110       0       0       1       0                               0D0001298
     110     726       0       0       0       0       0       000010000D0001299
     110       0       0       1       0                               0D0001300
     110     727       0       0       0       0       0       000010000D0001301
     110       0       0       1       0                               0D0001302
     110     728       0       0       0       0       0       000010000D0001303
     110       0       0       1       0                               0D0001304
     144     729       0       0       0       0       0       000020000D0001305
     144       0       0       1       0                               0D0001306
     108     730       0       0       0       0       0       000010000D0001307
     108       0       0       1       0                               0D0001308
     142     731       0       0       0       0       0       000010500D0001309
     142       0       0       1       0                               0D0001310
     102     732       0       0       0       0       0       000010000D0001311
     102       0       0       1       0                               0D0001312
     110     733       0       0       0       0       0       000010000D0001313
     110       0       0       1       0                               0D0001314
     110     734       0       0       0       0       0       000010000D0001315
     110       0       0       1       0                               0D0001316
     110     735       0       0       0       0       0       000010000D0001317
     110       0       0       1       0                               0D0001318
     110     736       0       0       0       0       0       000010000D0001319
     110       0       0       1       0                               0D0001320
     144     737       0       0       0       0       0       000020000D0001321
     144       0       0       1       0                               0D0001322
     108     738       0       0       0       0       0       000010000D0001323
     108       0       0       1       0                               0D0001324
     142     739       0       0       0       0       0       000010500D0001325
     142       0       0       1       0                               0D0001326
     102     740       0       0       0       0       0       000010000D0001327
     102       0       0       1       0                               0D0001328
     110     741       0       0       0       0       0       000010000D0001329
     110       0       0       1       0                               0D0001330
     110     742       0       0       0       0       0       000010000D0001331
     110       0       0       1       0                               0D0001332
     110     743       0       0       0       0       0       000010000D0001333
     110       0       0       1       0                               0D0001334
     110     744       0       0       0       0       0       000010000D0001335
     110       0       0       1       0                               0D0001336
     144     745       0       0       0       0       0       000020000D0001337
     144       0       0       1       0                               0D0001338
     108     746       0       0       0       0       0       000010000D0001339
     108       0       0       1       0                               0D0001340
     142     747       0       0       0       0       0       000010500D0001341
     142       0       0       1       0                               0D0001342
     102     748       0       0       0       0       0       000010000D0001343
     102       0       0       1       0                               0D0001344
     100     749       0       0       0       0       0       000010000D0001345
     100       0       0       1       0                               0D0001346
     110     750       0       0       0       0       0       000010000D0001347
     110       0       0       1       0                               0D0001348
     110     751       0       0       0       0       0       000010000D0001349
     110       0       0       1       0                               0D0001350
     110     752       0       0       0       0       0       000010000D0001351
     110       0       0       1       0                               0D0001352
     144     753       0       0       0       0       0       000020000D0001353
     144       0       0       1       0                               0D0001354
     108     754       0       0       0       0       0       000010000D0001355
     108       0       0       2       0                               0D0001356
     142     756       0       0       0       0       0       000010500D0001357
     142       0       0       1       0                               0D0001358
     102     757       0       0       0       0       0       000010000D0001359
     102       0       0       1       0                               0D0001360
     110     758       0       0       0       0       0       000010000D0001361
     110       0       0       1       0                               0D0001362
     110     759       0       0       0       0       0       000010000D0001363
     110       0       0       1       0                               0D0001364
     110     760       0       0       0       0       0       000010000D0001365
     110       0       0       1       0                               0D0001366
     110     761       0       0       0       0       0       000010000D0001367
     110       0       0       1       0                               0D0001368
     144     762       0       0       0       0       0       000020000D0001369
     144       0       0       1       0                               0D0001370
     108     763       0       0       0       0       0       000010000D0001371
     108       0       0       2       0                               0D0001372
     142     765       0       0       0       0       0       000010500D0001373
     142       0       0       1       0                               0D0001374
     102     766       0       0       0       0       0       000010000D0001375
     102       0       0       1       0                               0D0001376
     110     767       0       0       0       0       0       000010000D0001377
     110       0       0       1       0                               0D0001378
     110     768       0       0       0       0       0       000010000D0001379
     110       0       0       1       0                               0D0001380
     110     769       0       0       0       0       0       000010000D0001381
     110       0       0       1       0                               0D0001382
     110     770       0       0       0       0       0       000010000D0001383
     110       0       0       1       0                               0D0001384
     144     771       0       0       0       0       0       000020000D0001385
     144       0       0       1       0                               0D0001386
     108     772       0       0       0       0       0       000010000D0001387
     108       0       0       2       0                               0D0001388
     142     774       0       0       0       0       0       000010500D0001389
     142       0       0       1       0                               0D0001390
     102     775       0       0       0       0       0       000010000D0001391
     102       0       0       1       0                               0D0001392
     110     776       0       0       0       0       0       000010000D0001393
     110       0       0       1       0                               0D0001394
     110     777       0       0       0       0       0       000010000D0001395
     110       0       0       1       0                               0D0001396
     110     778       0       0       0       0       0       000010000D0001397
     110       0       0       1       0                               0D0001398
     110     779       0       0       0       0       0       000010000D0001399
     110       0       0       1       0                               0D0001400
     144     780       0       0       0       0       0       000020000D0001401
     144       0       0       1       0                               0D0001402
     108     781       0       0       0       0       0       000010000D0001403
     108       0       0       1       0                               0D0001404
     142     782       0       0       0       0       0       000010500D0001405
     142       0       0       1       0                               0D0001406
     102     783       0       0       0       0       0       000010000D0001407
     102       0       0       1       0                               0D0001408
     100     784       0       0       0       0       0       000010000D0001409
     100       0       0       2       0                               0D0001410
     110     786       0       0       0       0       0       000010000D0001411
     110       0       0       1       0                               0D0001412
     110     787       0       0       0       0       0       000010000D0001413
     110       0       0       1       0                               0D0001414
     110     788       0       0       0       0       0       000010000D0001415
     110       0       0       1       0                               0D0001416
     144     789       0       0       0       0       0       000020000D0001417
     144       0       0       1       0                               0D0001418
     108     790       0       0       0       0       0       000010000D0001419
     108       0       0       1       0                               0D0001420
     142     791       0       0       0       0       0       000010500D0001421
     142       0       0       1       0                               0D0001422
     102     792       0       0       0       0       0       000010000D0001423
     102       0       0       1       0                               0D0001424
     100     793       0       0       0       0       0       000010000D0001425
     100       0       0       2       0                               0D0001426
     110     795       0       0       0       0       0       000010000D0001427
     110       0       0       1       0                               0D0001428
     110     796       0       0       0       0       0       000010000D0001429
     110       0       0       1       0                               0D0001430
     110     797       0       0       0       0       0       000010000D0001431
     110       0       0       1       0                               0D0001432
     144     798       0       0       0       0       0       000020000D0001433
     144       0       0       1       0                               0D0001434
     108     799       0       0       0       0       0       000010000D0001435
     108       0       0       2       0                               0D0001436
     142     801       0       0       0       0       0       000010500D0001437
     142       0       0       1       0                               0D0001438
     102     802       0       0       0       0       0       000010000D0001439
     102       0       0       1       0                               0D0001440
     110     803       0       0       0       0       0       000010000D0001441
     110       0       0       1       0                               0D0001442
     110     804       0       0       0       0       0       000010000D0001443
     110       0       0       1       0                               0D0001444
     110     805       0       0       0       0       0       000010000D0001445
     110       0       0       1       0                               0D0001446
     110     806       0       0       0       0       0       000010000D0001447
     110       0       0       1       0                               0D0001448
     144     807       0       0       0       0       0       000020000D0001449
     144       0       0       1       0                               0D0001450
     108     808       0       0       0       0       0       000010000D0001451
     108       0       0       2       0                               0D0001452
     142     810       0       0       0       0       0       000010500D0001453
     142       0       0       1       0                               0D0001454
     102     811       0       0       0       0       0       000010000D0001455
     102       0       0       1       0                               0D0001456
     110     812       0       0       0       0       0       000010000D0001457
     110       0       0       1       0                               0D0001458
     110     813       0       0       0       0       0       000010000D0001459
     110       0       0       1       0                               0D0001460
     110     814       0       0       0       0       0       000010000D0001461
     110       0       0       1       0                               0D0001462
     110     815       0       0       0       0       0       000010000D0001463
     110       0       0       1       0                               0D0001464
     144     816       0       0       0       0       0       000020000D0001465
     144       0       0       1       0                               0D0001466
     108     817       0       0       0       0       0       000010000D0001467
     108       0       0       2       0                               0D0001468
     142     819       0       0       0       0       0       000010500D0001469
     142       0       0       1       0                               0D0001470
     102     820       0       0       0       0       0       000010000D0001471
     102       0       0       1       0                               0D0001472
     110     821       0       0       0       0       0       000010000D0001473
     110       0       0       1       0                               0D0001474
     110     822       0       0       0       0       0       000010000D0001475
     110       0       0       1       0                               0D0001476
     110     823       0       0       0       0       0       000010000D0001477
     110       0       0       1       0                               0D0001478
     110     824       0       0       0       0       0       000010000D0001479
     110       0       0       1       0                               0D0001480
     144     825       0       0       0       0       0       000020000D0001481
     144       0       0       1       0                               0D0001482
     108     826       0       0       0       0       0       000010000D0001483
     108       0       0       2       0                               0D0001484
     142     828       0       0       0       0       0       000010500D0001485
     142       0       0       1       0                               0D0001486
     102     829       0       0       0       0       0       000010000D0001487
     102       0       0       1       0                               0D0001488
     110     830       0       0       0       0       0       000010000D0001489
     110       0       0       1       0                               0D0001490
     110     831       0       0       0       0       0       000010000D0001491
     110       0       0       1       0                               0D0001492
     110     832       0       0       0       0       0       000010000D0001493
     110       0       0       1       0                               0D0001494
     110     833       0       0       0       0       0       000010000D0001495
     110       0       0       1       0                               0D0001496
     144     834       0       0       0       0       0       000020000D0001497
     144       0       0       1       0                               0D0001498
     108     835       0       0       0       0       0       000010000D0001499
     108       0       0       1       0                               0D0001500
     142     836       0       0       0       0       0       000010500D0001501
     142       0       0       1       0                               0D0001502
     102     837       0       0       0       0       0       000010000D0001503
     102       0       0       1       0                               0D0001504
     100     838       0       0       0       0       0       000010000D0001505
     100       0       0       1       0                               0D0001506
     110     839       0       0       0       0       0       000010000D0001507
     110       0       0       1       0                               0D0001508
     110     840       0       0       0       0       0       000010000D0001509
     110       0       0       1       0                               0D0001510
     110     841       0       0       0       0       0       000010000D0001511
     110       0       0       1       0                               0D0001512
     144     842       0       0       0       0       0       000020000D0001513
     144       0       0       1       0                               0D0001514
     108     843       0       0       0       0       0       000010000D0001515
     108       0       0       1       0                               0D0001516
     142     844       0       0       0       0       0       000010500D0001517
     142       0       0       1       0                               0D0001518
     102     845       0       0       0       0       0       000010000D0001519
     102       0       0       1       0                               0D0001520
     100     846       0       0       0       0       0       000010000D0001521
     100       0       0       2       0                               0D0001522
     110     848       0       0       0       0       0       000010000D0001523
     110       0       0       1       0                               0D0001524
     110     849       0       0       0       0       0       000010000D0001525
     110       0       0       1       0                               0D0001526
     110     850       0       0       0       0       0       000010000D0001527
     110       0       0       1       0                               0D0001528
     144     851       0       0       0       0       0       000020000D0001529
     144       0       0       1       0                               0D0001530
     108     852       0       0       0       0       0       000010000D0001531
     108       0       0       1       0                               0D0001532
     142     853       0       0       0       0       0       000010500D0001533
     142       0       0       1       0                               0D0001534
     102     854       0       0       0       0       0       000010000D0001535
     102       0       0       1       0                               0D0001536
     110     855       0       0       0       0       0       000010000D0001537
     110       0       0       1       0                               0D0001538
     110     856       0       0       0       0       0       000010000D0001539
     110       0       0       1       0                               0D0001540
     110     857       0       0       0       0       0       000010000D0001541
     110       0       0       1       0                               0D0001542
     110     858       0       0       0       0       0       000010000D0001543
     110       0       0       1       0                               0D0001544
     144     859       0       0       0       0       0       000020000D0001545
     144       0       0       1       0                               0D0001546
     108     860       0       0       0       0       0       000010000D0001547
     108       0       0       2       0                               0D0001548
     142     862       0       0       0       0       0       000010500D0001549
     142       0       0       1       0                               0D0001550
     102     863       0       0       0       0       0       000010000D0001551
     102       0       0       1       0                               0D0001552
     110     864       0       0       0       0       0       000010000D0001553
     110       0       0       1       0                               0D0001554
     110     865       0       0       0       0       0       000010000D0001555
     110       0       0       1       0                               0D0001556
     110     866       0       0       0       0       0       000010000D0001557
     110       0       0       1       0                               0D0001558
     110     867       0       0       0       0       0       000010000D0001559
     110       0       0       1       0                               0D0001560
     144     868       0       0       0       0       0       000020000D0001561
     144       0       0       1       0                               0D0001562
     108     869       0       0       0       0       0       000010000D0001563
     108       0       0       2       0                               0D0001564
     142     871       0       0       0       0       0       000010500D0001565
     142       0       0       1       0                               0D0001566
     102     872       0       0       0       0       0       000010000D0001567
     102       0       0       1       0                               0D0001568
     110     873       0       0       0       0       0       000010000D0001569
     110       0       0       1       0                               0D0001570
     110     874       0       0       0       0       0       000010000D0001571
     110       0       0       1       0                               0D0001572
     110     875       0       0       0       0       0       000010000D0001573
     110       0       0       1       0                               0D0001574
     110     876       0       0       0       0       0       000010000D0001575
     110       0       0       1       0                               0D0001576
     144     877       0       0       0       0       0       000020000D0001577
     144       0       0       1       0                               0D0001578
     108     878       0       0       0       0       0       000010000D0001579
     108       0       0       1       0                               0D0001580
     142     879       0       0       0       0       0       000010500D0001581
     142       0       0       1       0                               0D0001582
     102     880       0       0       0       0       0       000010000D0001583
     102       0       0       1       0                               0D0001584
     110     881       0       0       0       0       0       000010000D0001585
     110       0       0       1       0                               0D0001586
     110     882       0       0       0       0       0       000010000D0001587
     110       0       0       1       0                               0D0001588
     110     883       0       0       0       0       0       000010000D0001589
     110       0       0       1       0                               0D0001590
     110     884       0       0       0       0       0       000010000D0001591
     110       0       0       1       0                               0D0001592
     144     885       0       0       0       0       0       000020000D0001593
     144       0       0       1       0                               0D0001594
     108     886       0       0       0       0       0       000010000D0001595
     108       0       0       1       0                               0D0001596
     142     887       0       0       0       0       0       000010500D0001597
     142       0       0       1       0                               0D0001598
     102     888       0       0       0       0       0       000010000D0001599
     102       0       0       1       0                               0D0001600
     100     889       0       0       0       0       0       000010000D0001601
     100       0       0       1       0                               0D0001602
     110     890       0       0       0       0       0       000010000D0001603
     110       0       0       1       0                               0D0001604
     110     891       0       0       0       0       0       000010000D0001605
     110       0       0       1       0                               0D0001606
     110     892       0       0       0       0       0       000010000D0001607
     110       0       0       1       0                               0D0001608
     144     893       0       0       0       0       0       000020000D0001609
     144       0       0       1       0                               0D0001610
     108     894       0       0       0       0       0       000010000D0001611
     108       0       0       1       0                               0D0001612
     142     895       0       0       0       0       0       000010500D0001613
     142       0       0       1       0                               0D0001614
     102     896       0       0       0       0       0       000010000D0001615
     102       0       0       1       0                               0D0001616
     100     897       0       0       0       0       0       000010000D0001617
     100       0       0       1       0                               0D0001618
     110     898       0       0       0       0       0       000010000D0001619
     110       0       0       1       0                               0D0001620
     110     899       0       0       0       0       0       000010000D0001621
     110       0       0       1       0                               0D0001622
     110     900       0       0       0       0       0       000010000D0001623
     110       0       0       1       0                               0D0001624
     144     901       0       0       0       0       0       000020000D0001625
     144       0       0       1       0                               0D0001626
     108     902       0       0       0       0       0       000010000D0001627
     108       0       0       2       0                               0D0001628
     142     904       0       0       0       0       0       000010500D0001629
     142       0       0       1       0                               0D0001630
     102     905       0       0       0       0       0       000010000D0001631
     102       0       0       1       0                               0D0001632
     110     906       0       0       0       0       0       000010000D0001633
     110       0       0       1       0                               0D0001634
     110     907       0       0       0       0       0       000010000D0001635
     110       0       0       1       0                               0D0001636
     110     908       0       0       0       0       0       000010000D0001637
     110       0       0       1       0                               0D0001638
     110     909       0       0       0       0       0       000010000D0001639
     110       0       0       1       0                               0D0001640
     144     910       0       0       0       0       0       000020000D0001641
     144       0       0       1       0                               0D0001642
     108     911       0       0       0       0       0       000010000D0001643
     108       0       0       1       0                               0D0001644
     142     912       0       0       0       0       0       000010500D0001645
     142       0       0       1       0                               0D0001646
     102     913       0       0       0       0       0       000010000D0001647
     102       0       0       1       0                               0D0001648
     110     914       0       0       0       0       0       000010000D0001649
     110       0       0       1       0                               0D0001650
     110     915       0       0       0       0       0       000010000D0001651
     110       0       0       1       0                               0D0001652
     110     916       0       0       0       0       0       000010000D0001653
     110       0       0       1       0                               0D0001654
     110     917       0       0       0       0       0       000010000D0001655
     110       0       0       1       0                               0D0001656
     144     918       0       0       0       0       0       000020000D0001657
     144       0       0       1       0                               0D0001658
     108     919       0       0       0       0       0       000010000D0001659
     108       0       0       1       0                               0D0001660
     142     920       0       0       0       0       0       000010500D0001661
     142       0       0       1       0                               0D0001662
     102     921       0       0       0       0       0       000010000D0001663
     102       0       0       1       0                               0D0001664
     110     922       0       0       0       0       0       000010000D0001665
     110       0       0       1       0                               0D0001666
     110     923       0       0       0       0       0       000010000D0001667
     110       0       0       1       0                               0D0001668
     110     924       0       0       0       0       0       000010000D0001669
     110       0       0       1       0                               0D0001670
     110     925       0       0       0       0       0       000010000D0001671
     110       0       0       1       0                               0D0001672
     144     926       0       0       0       0       0       000020000D0001673
     144       0       0       1       0                               0D0001674
     108     927       0       0       0       0       0       000010000D0001675
     108       0       0       2       0                               0D0001676
     142     929       0       0       0       0       0       000010500D0001677
     142       0       0       1       0                               0D0001678
     102     930       0       0       0       0       0       000010000D0001679
     102       0       0       1       0                               0D0001680
     110     931       0       0       0       0       0       000010000D0001681
     110       0       0       1       0                               0D0001682
     110     932       0       0       0       0       0       000010000D0001683
     110       0       0       1       0                               0D0001684
     110     933       0       0       0       0       0       000010000D0001685
     110       0       0       1       0                               0D0001686
     110     934       0       0       0       0       0       000010000D0001687
     110       0       0       1       0                               0D0001688
     144     935       0       0       0       0       0       000020000D0001689
     144       0       0       1       0                               0D0001690
     108     936       0       0       0       0       0       000010000D0001691
     108       0       0       1       0                               0D0001692
     142     937       0       0       0       0       0       000010500D0001693
     142       0       0       1       0                               0D0001694
     102     938       0       0       0       0       0       000010000D0001695
     102       0       0       1       0                               0D0001696
     100     939       0       0       0       0       0       000010000D0001697
     100       0       0       2       0                               0D0001698
     110     941       0       0       0       0       0       000010000D0001699
     110       0       0       1       0                               0D0001700
     110     942       0       0       0       0       0       000010000D0001701
     110       0       0       1       0                               0D0001702
     110     943       0       0       0       0       0       000010000D0001703
     110       0       0       1       0                               0D0001704
     144     944       0       0       0       0       0       000020000D0001705
     144       0       0       1       0                               0D0001706
     108     945       0       0       0       0       0       000010000D0001707
     108       0       0       1       0                               0D0001708
     142     946       0       0       0       0       0       000010500D0001709
     142       0       0       1       0                               0D0001710
     102     947       0       0       0       0       0       000010000D0001711
     102       0       0       1       0                               0D0001712
     100     948       0       0       0       0       0       000010000D0001713
     100       0       0       2       0                               0D0001714
     110     950       0       0       0       0       0       000010000D0001715
     110       0       0       1       0                               0D0001716
     110     951       0       0       0       0       0       000010000D0001717
     110       0       0       1       0                               0D0001718
     110     952       0       0       0       0       0       000010000D0001719
     110       0       0       2       0                               0D0001720
     144     954       0       0       0       0       0       000020000D0001721
     144       0       0       1       0                               0D0001722
     108     955       0       0       0       0       0       000010000D0001723
     108       0       0       2       0                               0D0001724
     142     957       0       0       0       0       0       000010500D0001725
     142       0       0       1       0                               0D0001726
     102     958       0       0       0       0       0       000010000D0001727
     102       0       0       1       0                               0D0001728
     110     959       0       0       0       0       0       000010000D0001729
     110       0       0       1       0                               0D0001730
     110     960       0       0       0       0       0       000010000D0001731
     110       0       0       1       0                               0D0001732
     110     961       0       0       0       0       0       000010000D0001733
     110       0       0       1       0                               0D0001734
     110     962       0       0       0       0       0       000010000D0001735
     110       0       0       1       0                               0D0001736
     144     963       0       0       0       0       0       000020000D0001737
     144       0       0       1       0                               0D0001738
     108     964       0       0       0       0       0       000010000D0001739
     108       0       0       2       0                               0D0001740
     142     966       0       0       0       0       0       000010500D0001741
     142       0       0       1       0                               0D0001742
     102     967       0       0       0       0       0       000010000D0001743
     102       0       0       1       0                               0D0001744
     110     968       0       0       0       0       0       000010000D0001745
     110       0       0       1       0                               0D0001746
     110     969       0       0       0       0       0       000010000D0001747
     110       0       0       1       0                               0D0001748
     110     970       0       0       0       0       0       000010000D0001749
     110       0       0       1       0                               0D0001750
     110     971       0       0       0       0       0       000010000D0001751
     110       0       0       1       0                               0D0001752
     144     972       0       0       0       0       0       000020000D0001753
     144       0       0       1       0                               0D0001754
     108     973       0       0       0       0       0       000010000D0001755
     108       0       0       2       0                               0D0001756
     142     975       0       0       0       0       0       000010500D0001757
     142       0       0       1       0                               0D0001758
     102     976       0       0       0       0       0       000010000D0001759
     102       0       0       1       0                               0D0001760
     110     977       0       0       0       0       0       000010000D0001761
     110       0       0       1       0                               0D0001762
     110     978       0       0       0       0       0       000010000D0001763
     110       0       0       2       0                               0D0001764
     110     980       0       0       0       0       0       000010000D0001765
     110       0       0       2       0                               0D0001766
     110     982       0       0       0       0       0       000010000D0001767
     110       0       0       2       0                               0D0001768
     144     984       0       0       0       0       0       000020000D0001769
     144       0       0       1       0                               0D0001770
     108     985       0       0       0       0       0       000010000D0001771
     108       0       0       2       0                               0D0001772
     142     987       0       0       0       0       0       000010500D0001773
     142       0       0       1       0                               0D0001774
     102     988       0       0       0       0       0       000010000D0001775
     102       0       0       1       0                               0D0001776
     110     989       0       0       0       0       0       000010000D0001777
     110       0       0       2       0                               0D0001778
     110     991       0       0       0       0       0       000010000D0001779
     110       0       0       2       0                               0D0001780
     110     993       0       0       0       0       0       000010000D0001781
     110       0       0       2       0                               0D0001782
     110     995       0       0       0       0       0       000010000D0001783
     110       0       0       2       0                               0D0001784
     144     997       0       0       0       0       0       000020000D0001785
     144       0       0       1       0                               0D0001786
     108     998       0       0       0       0       0       000010000D0001787
     108       0       0       1       0                               0D0001788
     142     999       0       0       0       0       0       000010500D0001789
     142       0       0       1       0                               0D0001790
     102    1000       0       0       0       0       0       000010000D0001791
     102       0       0       1       0                               0D0001792
     100    1001       0       0       0       0       0       000010000D0001793
     100       0       0       2       0                               0D0001794
     110    1003       0       0       0       0       0       000010000D0001795
     110       0       0       1       0                               0D0001796
     110    1004       0       0       0       0       0       000010000D0001797
     110       0       0       1       0                               0D0001798
     110    1005       0       0       0       0       0       000010000D0001799
     110       0       0       1       0                               0D0001800
     144    1006       0       0       0       0       0       000020000D0001801
     144       0       0       1       0                               0D0001802
     108    1007       0       0       0       0       0       000010000D0001803
     108       0       0       1       0                               0D0001804
     142    1008       0       0       0       0       0       000010500D0001805
     142       0       0       1       0                               0D0001806
     102    1009       0       0       0       0       0       000010000D0001807
     102       0       0       1       0                               0D0001808
     100    1010       0       0       0       0       0       000010000D0001809
     100       0       0       2       0                               0D0001810
     110    1012       0       0       0       0       0       000010000D0001811
     110       0       0       2       0                               0D0001812
     110    1014       0       0       0       0       0       000010000D0001813
     110       0       0       2       0                               0D0001814
     110    1016       0       0       0       0       0       000010000D0001815
     110       0       0       2       0                               0D0001816
     144    1018       0       0       0       0       0       000020000D0001817
     144       0       0       1       0                               0D0001818
     108    1019       0       0       0       0       0       000010000D0001819
     108       0       0       2       0                               0D0001820
     142    1021       0       0       0       0       0       000010500D0001821
     142       0       0       1       0                               0D0001822
     102    1022       0       0       0       0       0       000010000D0001823
     102       0       0       1       0                               0D0001824
     110    1023       0       0       0       0       0       000010000D0001825
     110       0       0       1       0                               0D0001826
     110    1024       0       0       0       0       0       000010000D0001827
     110       0       0       1       0                               0D0001828
     110    1025       0       0       0       0       0       000010000D0001829
     110       0       0       1       0                               0D0001830
     110    1026       0       0       0       0       0       000010000D0001831
     110       0       0       1       0                               0D0001832
     144    1027       0       0       0       0       0       000020000D0001833
     144       0       0       1       0                               0D0001834
     108    1028       0       0       0       0       0       000010000D0001835
     108       0       0       2       0                               0D0001836
     142    1030       0       0       0       0       0       000010500D0001837
     142       0       0       1       0                               0D0001838
     102    1031       0       0       0       0       0       000010000D0001839
     102       0       0       1       0                               0D0001840
     110    1032       0       0       0       0       0       000010000D0001841
     110       0       0       1       0                               0D0001842
     110    1033       0       0       0       0       0       000010000D0001843
     110       0       0       1       0                               0D0001844
     110    1034       0       0       0       0       0       000010000D0001845
     110       0       0       1       0                               0D0001846
     110    1035       0       0       0       0       0       000010000D0001847
     110       0       0       1       0                               0D0001848
     144    1036       0       0       0       0       0       000020000D0001849
     144       0       0       1       0                               0D0001850
     108    1037       0       0       0       0       0       000010000D0001851
     108       0       0       2       0                               0D0001852
     142    1039       0       0       0       0       0       000010500D0001853
     142       0       0       1       0                               0D0001854
     102    1040       0       0       0       0       0       000010000D0001855
     102       0       0       1       0                               0D0001856
     110    1041       0       0       0       0       0       000010000D0001857
     110       0       0       2       0                               0D0001858
     110    1043       0       0       0       0       0       000010000D0001859
     110       0       0       2       0                               0D0001860
     110    1045       0       0       0       0       0       000010000D0001861
     110       0       0       2       0                               0D0001862
     110    1047       0       0       0       0       0       000010000D0001863
     110       0       0       2       0                               0D0001864
     144    1049       0       0       0       0       0       000020000D0001865
     144       0       0       1       0                               0D0001866
     108    1050       0       0       0       0       0       000010000D0001867
     108       0       0       2       0                               0D0001868
     142    1052       0       0       0       0       0       000010500D0001869
     142       0       0       1       0                               0D0001870
     102    1053       0       0       0       0       0       000010000D0001871
     102       0       0       1       0                               0D0001872
     110    1054       0       0       0       0       0       000010000D0001873
     110       0       0       2       0                               0D0001874
     110    1056       0       0       0       0       0       000010000D0001875
     110       0       0       1       0                               0D0001876
     110    1057       0       0       0       0       0       000010000D0001877
     110       0       0       2       0                               0D0001878
     110    1059       0       0       0       0       0       000010000D0001879
     110       0       0       2       0                               0D0001880
     144    1061       0       0       0       0       0       000020000D0001881
     144       0       0       1       0                               0D0001882
     108    1062       0       0       0       0       0       000010000D0001883
     108       0       0       1       0                               0D0001884
     142    1063       0       0       0       0       0       000010500D0001885
     142       0       0       1       0                               0D0001886
     102    1064       0       0       0       0       0       000010000D0001887
     102       0       0       1       0                               0D0001888
     100    1065       0       0       0       0       0       000010000D0001889
     100       0       0       2       0                               0D0001890
     110    1067       0       0       0       0       0       000010000D0001891
     110       0       0       1       0                               0D0001892
     110    1068       0       0       0       0       0       000010000D0001893
     110       0       0       1       0                               0D0001894
     110    1069       0       0       0       0       0       000010000D0001895
     110       0       0       1       0                               0D0001896
     144    1070       0       0       0       0       0       000020000D0001897
     144       0       0       1       0                               0D0001898
     108    1071       0       0       0       0       0       000010000D0001899
     108       0       0       1       0                               0D0001900
     142    1072       0       0       0       0       0       000010500D0001901
     142       0       0       1       0                               0D0001902
     102    1073       0       0       0       0       0       000010000D0001903
     102       0       0       1       0                               0D0001904
     100    1074       0       0       0       0       0       000010000D0001905
     100       0       0       2       0                               0D0001906
     110    1076       0       0       0       0       0       000010000D0001907
     110       0       0       2       0                               0D0001908
     110    1078       0       0       0       0       0       000010000D0001909
     110       0       0       1       0                               0D0001910
     110    1079       0       0       0       0       0       000010000D0001911
     110       0       0       1       0                               0D0001912
     144    1080       0       0       0       0       0       000020000D0001913
     144       0       0       1       0                               0D0001914
     108    1081       0       0       0       0       0       000010000D0001915
     108       0       0       1       0                               0D0001916
     142    1082       0       0       0       0       0       000010500D0001917
     142       0       0       1       0                               0D0001918
     102    1083       0       0       0       0       0       000010000D0001919
     102       0       0       1       0                               0D0001920
     110    1084       0       0       0       0       0       000010000D0001921
     110       0       0       1       0                               0D0001922
     110    1085       0       0       0       0       0       000010000D0001923
     110       0       0       1       0                               0D0001924
     110    1086       0       0       0       0       0       000010000D0001925
     110       0       0       1       0                               0D0001926
     110    1087       0       0       0       0       0       000010000D0001927
     110       0       0       1       0                               0D0001928
     144    1088       0       0       0       0       0       000020000D0001929
     144       0       0       1       0                               0D0001930
     108    1089       0       0       0       0       0       000010000D0001931
     108       0       0       2       0                               0D0001932
     142    1091       0       0       0       0       0       000010500D0001933
     142       0       0       1       0                               0D0001934
     102    1092       0       0       0       0       0       000010000D0001935
     102       0       0       1       0                               0D0001936
     110    1093       0       0       0       0       0       000010000D0001937
     110       0       0       1       0                               0D0001938
     110    1094       0       0       0       0       0       000010000D0001939
     110       0       0       1       0                               0D0001940
     110    1095       0       0       0       0       0       000010000D0001941
     110       0       0       1       0                               0D0001942
     110    1096       0       0       0       0       0       000010000D0001943
     110       0       0       1       0                               0D0001944
     144    1097       0       0       0       0       0       000020000D0001945
     144       0       0       1       0                               0D0001946
     108    1098       0       0       0       0       0       000010000D0001947
     108       0       0       2       0                               0D0001948
     142    1100       0       0       0       0       0       000010500D0001949
     142       0       0       1       0                               0D0001950
     102    1101       0       0       0       0       0       000010000D0001951
     102       0       0       1       0                               0D0001952
     110    1102       0       0       0       0       0       000010000D0001953
     110       0       0       1       0                               0D0001954
     110    1103       0       0       0       0       0       000010000D0001955
     110       0       0       1       0                               0D0001956
     110    1104       0       0       0       0       0       000010000D0001957
     110       0       0       1       0                               0D0001958
     110    1105       0       0       0       0       0       000010000D0001959
     110       0       0       1       0                               0D0001960
     144    1106       0       0       0       0       0       000020000D0001961
     144       0       0       1       0                               0D0001962
     108    1107       0       0       0       0       0       000010000D0001963
     108       0       0       1       0                               0D0001964
     142    1108       0       0       0       0       0       000010500D0001965
     142       0       0       1       0                               0D0001966
     102    1109       0       0       0       0       0       000010000D0001967
     102       0       0       1       0                               0D0001968
     110    1110       0       0       0       0       0       000010000D0001969
     110       0       0       1       0                               0D0001970
     110    1111       0       0       0       0       0       000010000D0001971
     110       0       0       1       0                               0D0001972
     110    1112       0       0       0       0       0       000010000D0001973
     110       0       0       1       0                               0D0001974
     110    1113       0       0       0       0       0       000010000D0001975
     110       0       0       1       0                               0D0001976
     144    1114       0       0       0       0       0       000020000D0001977
     144       0       0       1       0                               0D0001978
     108    1115       0       0       0       0       0       000010000D0001979
     108       0       0       1       0                               0D0001980
     142    1116       0       0       0       0       0       000010500D0001981
     142       0       0       1       0                               0D0001982
     102    1117       0       0       0       0       0       000010000D0001983
     102       0       0       1       0                               0D0001984
     100    1118       0       0       0       0       0       000010000D0001985
     100       0       0       1       0                               0D0001986
     110    1119       0       0       0       0       0       000010000D0001987
     110       0       0       1       0                               0D0001988
     110    1120       0       0       0       0       0       000010000D0001989
     110       0       0       1       0                               0D0001990
     110    1121       0       0       0       0       0       000010000D0001991
     110       0       0       1       0                               0D0001992
     144    1122       0       0       0       0       0       000020000D0001993
     144       0       0       1       0                               0D0001994
     108    1123       0       0       0       0       0       000010000D0001995
     108       0       0       1       0                               0D0001996
     142    1124       0       0       0       0       0       000010500D0001997
     142       0       0       1       0                               0D0001998
     102    1125       0       0       0       0       0       000010000D0001999
     102       0       0       1       0                               0D0002000
     100    1126       0       0       0       0    2003       000010000D0002001
     100       0       0       2       0                               0D0002002
     124    1128       0       0       0       0       0       000000000D0002003
     124       0       0       1       0                               0D0002004
     110    1129       0       0       0       0       0       000010000D0002005
     110       0       0       1       0                               0D0002006
     110    1130       0       0       0       0       0       000010000D0002007
     110       0       0       1       0                               0D0002008
     110    1131       0       0       0       0       0       000010000D0002009
     110       0       0       1       0                               0D0002010
     144    1132       0       0       0       0       0       000020000D0002011
     144       0       0       1       0                               0D0002012
     108    1133       0       0       0       0       0       000010000D0002013
     108       0       0       1       0                               0D0002014
     142    1134       0       0       0       0       0       000010500D0002015
     142       0       0       1       0                               0D0002016
     102    1135       0       0       0       0       0       000010000D0002017
     102       0       0       1       0                               0D0002018
     110    1136       0       0       0       0       0       000010000D0002019
     110       0       0       1       0                               0D0002020
     110    1137       0       0       0       0       0       000010000D0002021
     110       0       0       1       0                               0D0002022
     110    1138       0       0       0       0       0       000010000D0002023
     110       0       0       1       0                               0D0002024
     110    1139       0       0       0       0       0       000010000D0002025
     110       0       0       1       0                               0D0002026
     144    1140       0       0       0       0       0       000020000D0002027
     144       0       0       1       0                               0D0002028
     108    1141       0       0       0       0       0       000010000D0002029
     108       0       0       1       0                               0D0002030
     142    1142       0       0       0       0       0       000010500D0002031
     142       0       0       1       0                               0D0002032
     102    1143       0       0       0       0       0       000010000D0002033
     102       0       0       1       0                               0D0002034
     100    1144       0       0       0       0    2037       000010000D0002035
     100       0       0       1       0                               0D0002036
     124    1145       0       0       0       0       0       000000000D0002037
     124       0       0       1       0                               0D0002038
     100    1146       0       0       0       0    2041       000010000D0002039
     100       0       0       1       0                               0D0002040
     124    1147       0       0       0       0       0       000000000D0002041
     124       0       0       1       0                               0D0002042
     110    1148       0       0       0       0       0       000010000D0002043
     110       0       0       1       0                               0D0002044
     110    1149       0       0       0       0       0       000010000D0002045
     110       0       0       1       0                               0D0002046
     110    1150       0       0       0       0       0       000010000D0002047
     110       0       0       1       0                               0D0002048
     144    1151       0       0       0       0       0       000020000D0002049
     144       0       0       1       0                               0D0002050
     108    1152       0       0       0       0       0       000010000D0002051
     108       0       0       1       0                               0D0002052
     142    1153       0       0       0       0       0       000010500D0002053
     142       0       0       1       0                               0D0002054
     102    1154       0       0       0       0       0       000010000D0002055
     102       0       0       1       0                               0D0002056
     110    1155       0       0       0       0       0       000010000D0002057
     110       0       0       1       0                               0D0002058
     100    1156       0       0       0       0    2061       000010000D0002059
     100       0       0       1       0                               0D0002060
     124    1157       0       0       0       0       0       000000000D0002061
     124       0       0       1       0                               0D0002062
     110    1158       0       0       0       0       0       000010000D0002063
     110       0       0       1       0                               0D0002064
     110    1159       0       0       0       0       0       000010000D0002065
     110       0       0       1       0                               0D0002066
     144    1160       0       0       0       0       0       000020000D0002067
     144       0       0       1       0                               0D0002068
     108    1161       0       0       0       0       0       000010000D0002069
     108       0       0       1       0                               0D0002070
     142    1162       0       0       0       0       0       000010500D0002071
     142       0       0       1       0                               0D0002072
     102    1163       0       0       0       0       0       000010000D0002073
     102       0       0       1       0                               0D0002074
     100    1164       0       0       0       0    2077       000010000D0002075
     100       0       0       2       0                               0D0002076
     124    1166       0       0       0       0       0       000000000D0002077
     124       0       0       1       0                               0D0002078
     110    1167       0       0       0       0       0       000010000D0002079
     110       0       0       1       0                               0D0002080
     110    1168       0       0       0       0       0       000010000D0002081
     110       0       0       1       0                               0D0002082
     110    1169       0       0       0       0       0       000010000D0002083
     110       0       0       1       0                               0D0002084
     144    1170       0       0       0       0       0       000020000D0002085
     144       0       0       1       0                               0D0002086
     108    1171       0       0       0       0       0       000010000D0002087
     108       0       0       1       0                               0D0002088
     142    1172       0       0       0       0       0       000010500D0002089
     142       0       0       1       0                               0D0002090
     102    1173       0       0       0       0       0       000010000D0002091
     102       0       0       1       0                               0D0002092
     100    1174       0       0       0       0    2095       000010000D0002093
     100       0       0       2       0                               0D0002094
     124    1176       0       0       0       0       0       000000000D0002095
     124       0       0       1       0                               0D0002096
     110    1177       0       0       0       0       0       000010000D0002097
     110       0       0       1       0                               0D0002098
     110    1178       0       0       0       0       0       000010000D0002099
     110       0       0       1       0                               0D0002100
     110    1179       0       0       0       0       0       000010000D0002101
     110       0       0       1       0                               0D0002102
     144    1180       0       0       0       0       0       000020000D0002103
     144       0       0       1       0                               0D0002104
     108    1181       0       0       0       0       0       000010000D0002105
     108       0       0       1       0                               0D0002106
     142    1182       0       0       0       0       0       000010500D0002107
     142       0       0       1       0                               0D0002108
     102    1183       0       0       0       0       0       000010000D0002109
     102       0       0       1       0                               0D0002110
     100    1184       0       0       0       0    2113       000010000D0002111
     100       0       0       1       0                               0D0002112
     124    1185       0       0       0       0       0       000000000D0002113
     124       0       0       1       0                               0D0002114
     110    1186       0       0       0       0       0       000010000D0002115
     110       0       0       1       0                               0D0002116
     110    1187       0       0       0       0       0       000010000D0002117
     110       0       0       1       0                               0D0002118
     110    1188       0       0       0       0       0       000010000D0002119
     110       0       0       1       0                               0D0002120
     144    1189       0       0       0       0       0       000020000D0002121
     144       0       0       1       0                               0D0002122
     108    1190       0       0       0       0       0       000010000D0002123
     108       0       0       1       0                               0D0002124
     142    1191       0       0       0       0       0       000010500D0002125
     142       0       0       1       0                               0D0002126
     102    1192       0       0       0       0       0       000010000D0002127
     102       0       0       1       0                               0D0002128
     100    1193       0       0       0       0    2131       000010000D0002129
     100       0       0       2       0                               0D0002130
     124    1195       0       0       0       0       0       000000000D0002131
     124       0       0       1       0                               0D0002132
     110    1196       0       0       0       0       0       000010000D0002133
     110       0       0       1       0                               0D0002134
     110    1197       0       0       0       0       0       000010000D0002135
     110       0       0       1       0                               0D0002136
     110    1198       0       0       0       0       0       000010000D0002137
     110       0       0       1       0                               0D0002138
     144    1199       0       0       0       0       0       000020000D0002139
     144       0       0       1       0                               0D0002140
     108    1200       0       0       0       0       0       000010000D0002141
     108       0       0       1       0                               0D0002142
     142    1201       0       0       0       0       0       000010500D0002143
     142       0       0       1       0                               0D0002144
     102    1202       0       0       0       0       0       000010000D0002145
     102       0       0       1       0                               0D0002146
     100    1203       0       0       0       0    2149       000010000D0002147
     100       0       0       1       0                               0D0002148
     124    1204       0       0       0       0       0       000000000D0002149
     124       0       0       1       0                               0D0002150
     110    1205       0       0       0       0       0       000010000D0002151
     110       0       0       1       0                               0D0002152
     110    1206       0       0       0       0       0       000010000D0002153
     110       0       0       1       0                               0D0002154
     110    1207       0       0       0       0       0       000010000D0002155
     110       0       0       1       0                               0D0002156
     144    1208       0       0       0       0       0       000020000D0002157
     144       0       0       1       0                               0D0002158
     108    1209       0       0       0       0       0       000010000D0002159
     108       0       0       1       0                               0D0002160
     142    1210       0       0       0       0       0       000010500D0002161
     142       0       0       1       0                               0D0002162
     102    1211       0       0       0       0       0       000010000D0002163
     102       0       0       1       0                               0D0002164
     100    1212       0       0       0       0    2167       000010000D0002165
     100       0       0       1       0                               0D0002166
     124    1213       0       0       0       0       0       000000000D0002167
     124       0       0       1       0                               0D0002168
     110    1214       0       0       0       0       0       000010000D0002169
     110       0       0       1       0                               0D0002170
     110    1215       0       0       0       0       0       000010000D0002171
     110       0       0       1       0                               0D0002172
     110    1216       0       0       0       0       0       000010000D0002173
     110       0       0       1       0                               0D0002174
     144    1217       0       0       0       0       0       000020000D0002175
     144       0       0       1       0                               0D0002176
     108    1218       0       0       0       0       0       000010000D0002177
     108       0       0       1       0                               0D0002178
     142    1219       0       0       0       0       0       000010500D0002179
     142       0       0       1       0                               0D0002180
     102    1220       0       0       0       0       0       000010000D0002181
     102       0       0       1       0                               0D0002182
     100    1221       0       0       0       0    2185       000010000D0002183
     100       0       0       2       0                               0D0002184
     124    1223       0       0       0       0       0       000000000D0002185
     124       0       0       1       0                               0D0002186
     110    1224       0       0       0       0       0       000010000D0002187
     110       0       0       1       0                               0D0002188
     110    1225       0       0       0       0       0       000010000D0002189
     110       0       0       1       0                               0D0002190
     110    1226       0       0       0       0       0       000010000D0002191
     110       0       0       1       0                               0D0002192
     144    1227       0       0       0       0       0       000020000D0002193
     144       0       0       1       0                               0D0002194
     108    1228       0       0       0       0       0       000010000D0002195
     108       0       0       1       0                               0D0002196
     142    1229       0       0       0       0       0       000010500D0002197
     142       0       0       1       0                               0D0002198
     102    1230       0       0       0       0       0       000010000D0002199
     102       0       0       1       0                               0D0002200
     100    1231       0       0       0       0    2203       000010000D0002201
     100       0       0       2       0                               0D0002202
     124    1233       0       0       0       0       0       000000000D0002203
     124       0       0       1       0                               0D0002204
     110    1234       0       0       0       0       0       000010000D0002205
     110       0       0       1       0                               0D0002206
     110    1235       0       0       0       0       0       000010000D0002207
     110       0       0       1       0                               0D0002208
     110    1236       0       0       0       0       0       000010000D0002209
     110       0       0       1       0                               0D0002210
     144    1237       0       0       0       0       0       000020000D0002211
     144       0       0       1       0                               0D0002212
     108    1238       0       0       0       0       0       000010000D0002213
     108       0       0       1       0                               0D0002214
     142    1239       0       0       0       0       0       000010500D0002215
     142       0       0       1       0                               0D0002216
     102    1240       0       0       0       0       0       000010000D0002217
     102       0       0       1       0                               0D0002218
     100    1241       0       0       0       0    2221       000010000D0002219
     100       0       0       2       0                               0D0002220
     124    1243       0       0       0       0       0       000000000D0002221
     124       0       0       1       0                               0D0002222
     110    1244       0       0       0       0       0       000010000D0002223
     110       0       0       1       0                               0D0002224
     110    1245       0       0       0       0       0       000010000D0002225
     110       0       0       1       0                               0D0002226
     110    1246       0       0       0       0       0       000010000D0002227
     110       0       0       1       0                               0D0002228
     144    1247       0       0       0       0       0       000020000D0002229
     144       0       0       1       0                               0D0002230
     108    1248       0       0       0       0       0       000010000D0002231
     108       0       0       1       0                               0D0002232
     142    1249       0       0       0       0       0       000010500D0002233
     142       0       0       1       0                               0D0002234
     102    1250       0       0       0       0       0       000010000D0002235
     102       0       0       1       0                               0D0002236
     100    1251       0       0       0       0    2239       000010000D0002237
     100       0       0       2       0                               0D0002238
     124    1253       0       0       0       0       0       000000000D0002239
     124       0       0       1       0                               0D0002240
     110    1254       0       0       0       0       0       000010000D0002241
     110       0       0       1       0                               0D0002242
     110    1255       0       0       0       0       0       000010000D0002243
     110       0       0       1       0                               0D0002244
     110    1256       0       0       0       0       0       000010000D0002245
     110       0       0       1       0                               0D0002246
     144    1257       0       0       0       0       0       000020000D0002247
     144       0       0       1       0                               0D0002248
     108    1258       0       0       0       0       0       000010000D0002249
     108       0       0       1       0                               0D0002250
     142    1259       0       0       0       0       0       000010500D0002251
     142       0       0       1       0                               0D0002252
     102    1260       0       0       0       0       0       000010000D0002253
     102       0       0       1       0                               0D0002254
     100    1261       0       0       0       0    2257       000010000D0002255
     100       0       0       2       0                               0D0002256
     124    1263       0       0       0       0       0       000000000D0002257
     124       0       0       1       0                               0D0002258
     110    1264       0       0       0       0       0       000010000D0002259
     110       0       0       1       0                               0D0002260
     110    1265       0       0       0       0       0       000010000D0002261
     110       0       0       1       0                               0D0002262
     110    1266       0       0       0       0       0       000010000D0002263
     110       0       0       1       0                               0D0002264
     144    1267       0       0       0       0       0       000020000D0002265
     144       0       0       1       0                               0D0002266
     108    1268       0       0       0       0       0       000010000D0002267
     108       0       0       1       0                               0D0002268
     142    1269       0       0       0       0       0       000010500D0002269
     142       0       0       1       0                               0D0002270
     102    1270       0       0       0       0       0       000010000D0002271
     102       0       0       1       0                               0D0002272
     100    1271       0       0       0       0    2275       000010000D0002273
     100       0       0       2       0                               0D0002274
     124    1273       0       0       0       0       0       000000000D0002275
     124       0       0       1       0                               0D0002276
     110    1274       0       0       0       0       0       000010000D0002277
     110       0       0       1       0                               0D0002278
     110    1275       0       0       0       0       0       000010000D0002279
     110       0       0       1       0                               0D0002280
     110    1276       0       0       0       0       0       000010000D0002281
     110       0       0       1       0                               0D0002282
     144    1277       0       0       0       0       0       000020000D0002283
     144       0       0       1       0                               0D0002284
     108    1278       0       0       0       0       0       000010000D0002285
     108       0       0       1       0                               0D0002286
     142    1279       0       0       0       0       0       000010500D0002287
     142       0       0       1       0                               0D0002288
     102    1280       0       0       0       0       0       000010000D0002289
     102       0       0       1       0                               0D0002290
     100    1281       0       0       0       0    2293       000010000D0002291
     100       0       0       1       0                               0D0002292
     124    1282       0       0       0       0       0       000000000D0002293
     124       0       0       1       0                               0D0002294
     110    1283       0       0       0       0       0       000010000D0002295
     110       0       0       1       0                               0D0002296
     110    1284       0       0       0       0       0       000010000D0002297
     110       0       0       1       0                               0D0002298
     110    1285       0       0       0       0       0       000010000D0002299
     110       0       0       1       0                               0D0002300
     144    1286       0       0       0       0       0       000020000D0002301
     144       0       0       1       0                               0D0002302
     108    1287       0       0       0       0       0       000010000D0002303
     108       0       0       2       0                               0D0002304
     142    1289       0       0       0       0       0       000010500D0002305
     142       0       0       1       0                               0D0002306
     102    1290       0       0       0       0       0       000010000D0002307
     102       0       0       1       0                               0D0002308
     110    1291       0       0       0       0       0       000010000D0002309
     110       0       0       1       0                               0D0002310
     110    1292       0       0       0       0       0       000010000D0002311
     110       0       0       1       0                               0D0002312
     110    1293       0       0       0       0       0       000010000D0002313
     110       0       0       1       0                               0D0002314
     110    1294       0       0       0       0       0       000010000D0002315
     110       0       0       1       0                               0D0002316
     144    1295       0       0       0       0       0       000020000D0002317
     144       0       0       1       0                               0D0002318
     108    1296       0       0       0       0       0       000010000D0002319
     108       0       0       1       0                               0D0002320
     142    1297       0       0       0       0       0       000010500D0002321
     142       0       0       1       0                               0D0002322
     102    1298       0       0       0       0       0       000010000D0002323
     102       0       0       1       0                               0D0002324
     110    1299       0       0       0       0       0       000010000D0002325
     110       0       0       1       0                               0D0002326
     100    1300       0       0       0       0    2329       000010000D0002327
     100       0       0       2       0                               0D0002328
     124    1302       0       0       0       0       0       000000000D0002329
     124       0       0       1       0                               0D0002330
     110    1303       0       0       0       0       0       000010000D0002331
     110       0       0       1       0                               0D0002332
     110    1304       0       0       0       0       0       000010000D0002333
     110       0       0       1       0                               0D0002334
     144    1305       0       0       0       0       0       000020000D0002335
     144       0       0       1       0                               0D0002336
     108    1306       0       0       0       0       0       000010000D0002337
     108       0       0       1       0                               0D0002338
     142    1307       0       0       0       0       0       000010500D0002339
     142       0       0       1       0                               0D0002340
     102    1308       0       0       0       0       0       000010000D0002341
     102       0       0       1       0                               0D0002342
     110    1309       0       0       0       0       0       000010000D0002343
     110       0       0       1       0                               0D0002344
     100    1310       0       0       0       0    2347       000010000D0002345
     100       0       0       1       0                               0D0002346
     124    1311       0       0       0       0       0       000000000D0002347
     124       0       0       1       0                               0D0002348
     100    1312       0       0       0       0    2351       000010000D0002349
     100       0       0       1       0                               0D0002350
     124    1313       0       0       0       0       0       000000000D0002351
     124       0       0       1       0                               0D0002352
     110    1314       0       0       0       0       0       000010000D0002353
     110       0       0       1       0                               0D0002354
     110    1315       0       0       0       0       0       000010000D0002355
     110       0       0       1       0                               0D0002356
     144    1316       0       0       0       0       0       000020000D0002357
     144       0       0       1       0                               0D0002358
     108    1317       0       0       0       0       0       000010000D0002359
     108       0       0       2       0                               0D0002360
     142    1319       0       0       0       0       0       000010500D0002361
     142       0       0       1       0                               0D0002362
     102    1320       0       0       0       0       0       000010000D0002363
     102       0       0       1       0                               0D0002364
     110    1321       0       0       0       0       0       000010000D0002365
     110       0       0       1       0                               0D0002366
     110    1322       0       0       0       0       0       000010000D0002367
     110       0       0       1       0                               0D0002368
     110    1323       0       0       0       0       0       000010000D0002369
     110       0       0       1       0                               0D0002370
     110    1324       0       0       0       0       0       000010000D0002371
     110       0       0       1       0                               0D0002372
     144    1325       0       0       0       0       0       000020000D0002373
     144       0       0       1       0                               0D0002374
     108    1326       0       0       0       0       0       000010000D0002375
     108       0       0       1       0                               0D0002376
     142    1327       0       0       0       0       0       000010500D0002377
     142       0       0       1       0                               0D0002378
     102    1328       0       0       0       0       0       000010000D0002379
     102       0       0       1       0                               0D0002380
     110    1329       0       0       0       0       0       000010000D0002381
     110       0       0       1       0                               0D0002382
     100    1330       0       0       0       0    2385       000010000D0002383
     100       0       0       2       0                               0D0002384
     124    1332       0       0       0       0       0       000000000D0002385
     124       0       0       1       0                               0D0002386
     110    1333       0       0       0       0       0       000010000D0002387
     110       0       0       1       0                               0D0002388
     110    1334       0       0       0       0       0       000010000D0002389
     110       0       0       1       0                               0D0002390
     144    1335       0       0       0       0       0       000020000D0002391
     144       0       0       1       0                               0D0002392
     108    1336       0       0       0       0       0       000010000D0002393
     108       0       0       2       0                               0D0002394
     142    1338       0       0       0       0       0       000010500D0002395
     142       0       0       1       0                               0D0002396
     102    1339       0       0       0       0       0       000010000D0002397
     102       0       0       1       0                               0D0002398
     110    1340       0       0       0       0       0       000010000D0002399
     110       0       0       1       0                               0D0002400
     110    1341       0       0       0       0       0       000010000D0002401
     110       0       0       1       0                               0D0002402
     110    1342       0       0       0       0       0       000010000D0002403
     110       0       0       1       0                               0D0002404
     110    1343       0       0       0       0       0       000010000D0002405
     110       0       0       1       0                               0D0002406
     144    1344       0       0       0       0       0       000020000D0002407
     144       0       0       1       0                               0D0002408
     108    1345       0       0       0       0       0       000010000D0002409
     108       0       0       1       0                               0D0002410
     142    1346       0       0       0       0       0       000010500D0002411
     142       0       0       1       0                               0D0002412
     102    1347       0       0       0       0       0       000010000D0002413
     102       0       0       1       0                               0D0002414
     110    1348       0       0       0       0       0       000010000D0002415
     110       0       0       1       0                               0D0002416
     100    1349       0       0       0       0    2419       000010000D0002417
     100       0       0       2       0                               0D0002418
     124    1351       0       0       0       0       0       000000000D0002419
     124       0       0       1       0                               0D0002420
     110    1352       0       0       0       0       0       000010000D0002421
     110       0       0       1       0                               0D0002422
     110    1353       0       0       0       0       0       000010000D0002423
     110       0       0       1       0                               0D0002424
     144    1354       0       0       0       0       0       000020000D0002425
     144       0       0       1       0                               0D0002426
     108    1355       0       0       0       0       0       000010000D0002427
     108       0       0       2       0                               0D0002428
     142    1357       0       0       0       0       0       000010500D0002429
     142       0       0       1       0                               0D0002430
     102    1358       0       0       0       0       0       000010000D0002431
     102       0       0       1       0                               0D0002432
     110    1359       0       0       0       0       0       000010000D0002433
     110       0       0       1       0                               0D0002434
     110    1360       0       0       0       0       0       000010000D0002435
     110       0       0       1       0                               0D0002436
     110    1361       0       0       0       0       0       000010000D0002437
     110       0       0       1       0                               0D0002438
     110    1362       0       0       0       0       0       000010000D0002439
     110       0       0       1       0                               0D0002440
     144    1363       0       0       0       0       0       000020000D0002441
     144       0       0       1       0                               0D0002442
     108    1364       0       0       0       0       0       000010000D0002443
     108       0       0       1       0                               0D0002444
     142    1365       0       0       0       0       0       000010500D0002445
     142       0       0       1       0                               0D0002446
     102    1366       0       0       0       0       0       000010000D0002447
     102       0       0       1       0                               0D0002448
     110    1367       0       0       0       0       0       000010000D0002449
     110       0       0       1       0                               0D0002450
     100    1368       0       0       0       0    2453       000010000D0002451
     100       0       0       2       0                               0D0002452
     124    1370       0       0       0       0       0       000000000D0002453
     124       0       0       1       0                               0D0002454
     110    1371       0       0       0       0       0       000010000D0002455
     110       0       0       1       0                               0D0002456
     110    1372       0       0       0       0       0       000010000D0002457
     110       0       0       1       0                               0D0002458
     144    1373       0       0       0       0       0       000020000D0002459
     144       0       0       1       0                               0D0002460
     108    1374       0       0       0       0       0       000010000D0002461
     108       0       0       2       0                               0D0002462
     142    1376       0       0       0       0       0       000010500D0002463
     142       0       0       1       0                               0D0002464
     102    1377       0       0       0       0       0       000010000D0002465
     102       0       0       1       0                               0D0002466
     110    1378       0       0       0       0       0       000010000D0002467
     110       0       0       1       0                               0D0002468
     110    1379       0       0       0       0       0       000010000D0002469
     110       0       0       1       0                               0D0002470
     110    1380       0       0       0       0       0       000010000D0002471
     110       0       0       1       0                               0D0002472
     110    1381       0       0       0       0       0       000010000D0002473
     110       0       0       1       0                               0D0002474
     144    1382       0       0       0       0       0       000020000D0002475
     144       0       0       1       0                               0D0002476
     108    1383       0       0       0       0       0       000010000D0002477
     108       0       0       1       0                               0D0002478
     142    1384       0       0       0       0       0       000010500D0002479
     142       0       0       1       0                               0D0002480
     102    1385       0       0       0       0       0       000010000D0002481
     102       0       0       1       0                               0D0002482
     110    1386       0       0       0       0       0       000010000D0002483
     110       0       0       1       0                               0D0002484
     100    1387       0       0       0       0    2487       000010000D0002485
     100       0       0       1       0                               0D0002486
     124    1388       0       0       0       0       0       000000000D0002487
     124       0       0       1       0                               0D0002488
     110    1389       0       0       0       0       0       000010000D0002489
     110       0       0       1       0                               0D0002490
     110    1390       0       0       0       0       0       000010000D0002491
     110       0       0       1       0                               0D0002492
     144    1391       0       0       0       0       0       000020000D0002493
     144       0       0       1       0                               0D0002494
     108    1392       0       0       0       0       0       000010000D0002495
     108       0       0       1       0                               0D0002496
     142    1393       0       0       0       0       0       000010500D0002497
     142       0       0       1       0                               0D0002498
     102    1394       0       0       0       0       0       000010000D0002499
     102       0       0       1       0                               0D0002500
     110    1395       0       0       0       0       0       000010000D0002501
     110       0       0       1       0                               0D0002502
     110    1396       0       0       0       0       0       000010000D0002503
     110       0       0       1       0                               0D0002504
     110    1397       0       0       0       0       0       000010000D0002505
     110       0       0       1       0                               0D0002506
     110    1398       0       0       0       0       0       000010000D0002507
     110       0       0       1       0                               0D0002508
     144    1399       0       0       0       0       0       000020000D0002509
     144       0       0       1       0                               0D0002510
     108    1400       0       0       0       0       0       000010000D0002511
     108       0       0       1       0                               0D0002512
     142    1401       0       0       0       0       0       000010500D0002513
     142       0       0       1       0                               0D0002514
     102    1402       0       0       0       0       0       000010000D0002515
     102       0       0       1       0                               0D0002516
     110    1403       0       0       0       0       0       000010000D0002517
     110       0       0       1       0                               0D0002518
     100    1404       0       0       0       0    2521       000010000D0002519
     100       0       0       1       0                               0D0002520
     124    1405       0       0       0       0       0       000000000D0002521
     124       0       0       1       0                               0D0002522
     110    1406       0       0       0       0       0       000010000D0002523
     110       0       0       1       0                               0D0002524
     110    1407       0       0       0       0       0       000010000D0002525
     110       0       0       1       0                               0D0002526
     144    1408       0       0       0       0       0       000020000D0002527
     144       0       0       1       0                               0D0002528
     108    1409       0       0       0       0       0       000010000D0002529
     108       0       0       1       0                               0D0002530
     142    1410       0       0       0       0       0       000010500D0002531
     142       0       0       1       0                               0D0002532
     102    1411       0       0       0       0       0       000010000D0002533
     102       0       0       1       0                               0D0002534
     110    1412       0       0       0       0       0       000010000D0002535
     110       0       0       1       0                               0D0002536
     110    1413       0       0       0       0       0       000010000D0002537
     110       0       0       1       0                               0D0002538
     110    1414       0       0       0       0       0       000010000D0002539
     110       0       0       1       0                               0D0002540
     110    1415       0       0       0       0       0       000010000D0002541
     110       0       0       1       0                               0D0002542
     144    1416       0       0       0       0       0       000020000D0002543
     144       0       0       1       0                               0D0002544
     108    1417       0       0       0       0       0       000010000D0002545
     108       0       0       1       0                               0D0002546
     142    1418       0       0       0       0       0       000010500D0002547
     142       0       0       1       0                               0D0002548
     102    1419       0       0       0       0       0       000010000D0002549
     102       0       0       1       0                               0D0002550
     110    1420       0       0       0       0       0       000010000D0002551
     110       0       0       1       0                               0D0002552
     100    1421       0       0       0       0    2555       000010000D0002553
     100       0       0       1       0                               0D0002554
     124    1422       0       0       0       0       0       000000000D0002555
     124       0       0       1       0                               0D0002556
     110    1423       0       0       0       0       0       000010000D0002557
     110       0       0       1       0                               0D0002558
     110    1424       0       0       0       0       0       000010000D0002559
     110       0       0       1       0                               0D0002560
     144    1425       0       0       0       0       0       000020000D0002561
     144       0       0       1       0                               0D0002562
     108    1426       0       0       0       0       0       000010000D0002563
     108       0       0       2       0                               0D0002564
     142    1428       0       0       0       0       0       000010500D0002565
     142       0       0       1       0                               0D0002566
     102    1429       0       0       0       0       0       000010000D0002567
     102       0       0       1       0                               0D0002568
     110    1430       0       0       0       0       0       000010000D0002569
     110       0       0       1       0                               0D0002570
     110    1431       0       0       0       0       0       000010000D0002571
     110       0       0       1       0                               0D0002572
     110    1432       0       0       0       0       0       000010000D0002573
     110       0       0       1       0                               0D0002574
     110    1433       0       0       0       0       0       000010000D0002575
     110       0       0       1       0                               0D0002576
     144    1434       0       0       0       0       0       000020000D0002577
     144       0       0       1       0                               0D0002578
     108    1435       0       0       0       0       0       000010000D0002579
     108       0       0       1       0                               0D0002580
     142    1436       0       0       0       0       0       000010500D0002581
     142       0       0       1       0                               0D0002582
     102    1437       0       0       0       0       0       000010000D0002583
     102       0       0       1       0                               0D0002584
     110    1438       0       0       0       0       0       000010000D0002585
     110       0       0       1       0                               0D0002586
     100    1439       0       0       0       0    2589       000010000D0002587
     100       0       0       2       0                               0D0002588
     124    1441       0       0       0       0       0       000000000D0002589
     124       0       0       1       0                               0D0002590
     110    1442       0       0       0       0       0       000010000D0002591
     110       0       0       1       0                               0D0002592
     110    1443       0       0       0       0       0       000010000D0002593
     110       0       0       1       0                               0D0002594
     144    1444       0       0       0       0       0       000020000D0002595
     144       0       0       1       0                               0D0002596
     108    1445       0       0       0       0       0       000010000D0002597
     108       0       0       2       0                               0D0002598
     142    1447       0       0       0       0       0       000010500D0002599
     142       0       0       1       0                               0D0002600
     102    1448       0       0       0       0       0       000010000D0002601
     102       0       0       1       0                               0D0002602
     110    1449       0       0       0       0       0       000010000D0002603
     110       0       0       2       0                               0D0002604
     110    1451       0       0       0       0       0       000010000D0002605
     110       0       0       1       0                               0D0002606
     110    1452       0       0       0       0       0       000010000D0002607
     110       0       0       1       0                               0D0002608
     110    1453       0       0       0       0       0       000010000D0002609
     110       0       0       1       0                               0D0002610
     144    1454       0       0       0       0       0       000020000D0002611
     144       0       0       1       0                               0D0002612
     108    1455       0       0       0       0       0       000010000D0002613
     108       0       0       1       0                               0D0002614
     142    1456       0       0       0       0       0       000010500D0002615
     142       0       0       1       0                               0D0002616
     102    1457       0       0       0       0       0       000010000D0002617
     102       0       0       1       0                               0D0002618
     110    1458       0       0       0       0       0       000010000D0002619
     110       0       0       1       0                               0D0002620
     100    1459       0       0       0       0    2623       000010000D0002621
     100       0       0       2       0                               0D0002622
     124    1461       0       0       0       0       0       000000000D0002623
     124       0       0       1       0                               0D0002624
     110    1462       0       0       0       0       0       000010000D0002625
     110       0       0       2       0                               0D0002626
     110    1464       0       0       0       0       0       000010000D0002627
     110       0       0       1       0                               0D0002628
     144    1465       0       0       0       0       0       000020000D0002629
     144       0       0       1       0                               0D0002630
     108    1466       0       0       0       0       0       000010000D0002631
     108       0       0       2       0                               0D0002632
     142    1468       0       0       0       0       0       000010500D0002633
     142       0       0       1       0                               0D0002634
     102    1469       0       0       0       0       0       000010000D0002635
     102       0       0       1       0                               0D0002636
     110    1470       0       0       0       0       0       000010000D0002637
     110       0       0       1       0                               0D0002638
     110    1471       0       0       0       0       0       000010000D0002639
     110       0       0       1       0                               0D0002640
     110    1472       0       0       0       0       0       000010000D0002641
     110       0       0       1       0                               0D0002642
     110    1473       0       0       0       0       0       000010000D0002643
     110       0       0       1       0                               0D0002644
     144    1474       0       0       0       0       0       000020000D0002645
     144       0       0       1       0                               0D0002646
     108    1475       0       0       0       0       0       000010000D0002647
     108       0       0       1       0                               0D0002648
     142    1476       0       0       0       0       0       000010500D0002649
     142       0       0       1       0                               0D0002650
     102    1477       0       0       0       0       0       000010000D0002651
     102       0       0       1       0                               0D0002652
     110    1478       0       0       0       0       0       000010000D0002653
     110       0       0       1       0                               0D0002654
     100    1479       0       0       0       0    2657       000010000D0002655
     100       0       0       2       0                               0D0002656
     124    1481       0       0       0       0       0       000000000D0002657
     124       0       0       1       0                               0D0002658
     110    1482       0       0       0       0       0       000010000D0002659
     110       0       0       1       0                               0D0002660
     110    1483       0       0       0       0       0       000010000D0002661
     110       0       0       1       0                               0D0002662
     144    1484       0       0       0       0       0       000020000D0002663
     144       0       0       1       0                               0D0002664
     108    1485       0       0       0       0       0       000010000D0002665
     108       0       0       2       0                               0D0002666
     142    1487       0       0       0       0       0       000010500D0002667
     142       0       0       1       0                               0D0002668
     102    1488       0       0       0       0       0       000010000D0002669
     102       0       0       1       0                               0D0002670
     110    1489       0       0       0       0       0       000010000D0002671
     110       0       0       2       0                               0D0002672
     110    1491       0       0       0       0       0       000010000D0002673
     110       0       0       2       0                               0D0002674
     110    1493       0       0       0       0       0       000010000D0002675
     110       0       0       2       0                               0D0002676
     110    1495       0       0       0       0       0       000010000D0002677
     110       0       0       2       0                               0D0002678
     144    1497       0       0       0       0       0       000020000D0002679
     144       0       0       1       0                               0D0002680
     108    1498       0       0       0       0       0       000010000D0002681
     108       0       0       1       0                               0D0002682
     142    1499       0       0       0       0       0       000010500D0002683
     142       0       0       1       0                               0D0002684
     102    1500       0       0       0       0       0       000010000D0002685
     102       0       0       1       0                               0D0002686
     110    1501       0       0       0       0       0       000010000D0002687
     110       0       0       2       0                               0D0002688
     100    1503       0       0       0       0    2691       000010000D0002689
     100       0       0       2       0                               0D0002690
     124    1505       0       0       0       0       0       000000000D0002691
     124       0       0       1       0                               0D0002692
     110    1506       0       0       0       0       0       000010000D0002693
     110       0       0       2       0                               0D0002694
     110    1508       0       0       0       0       0       000010000D0002695
     110       0       0       2       0                               0D0002696
     144    1510       0       0       0       0       0       000020000D0002697
     144       0       0       1       0                               0D0002698
     108    1511       0       0       0       0       0       000010000D0002699
     108       0       0       2       0                               0D0002700
     142    1513       0       0       0       0       0       000010500D0002701
     142       0       0       1       0                               0D0002702
     102    1514       0       0       0       0       0       000010000D0002703
     102       0       0       1       0                               0D0002704
     110    1515       0       0       0       0       0       000010000D0002705
     110       0       0       1       0                               0D0002706
     110    1516       0       0       0       0       0       000010000D0002707
     110       0       0       1       0                               0D0002708
     110    1517       0       0       0       0       0       000010000D0002709
     110       0       0       1       0                               0D0002710
     110    1518       0       0       0       0       0       000010000D0002711
     110       0       0       1       0                               0D0002712
     144    1519       0       0       0       0       0       000020000D0002713
     144       0       0       1       0                               0D0002714
     108    1520       0       0       0       0       0       000010000D0002715
     108       0       0       1       0                               0D0002716
     142    1521       0       0       0       0       0       000010500D0002717
     142       0       0       1       0                               0D0002718
     102    1522       0       0       0       0       0       000010000D0002719
     102       0       0       1       0                               0D0002720
     110    1523       0       0       0       0       0       000010000D0002721
     110       0       0       1       0                               0D0002722
     100    1524       0       0       0       0    2725       000010000D0002723
     100       0       0       2       0                               0D0002724
     124    1526       0       0       0       0       0       000000000D0002725
     124       0       0       1       0                               0D0002726
     110    1527       0       0       0       0       0       000010000D0002727
     110       0       0       1       0                               0D0002728
     110    1528       0       0       0       0       0       000010000D0002729
     110       0       0       1       0                               0D0002730
     144    1529       0       0       0       0       0       000020000D0002731
     144       0       0       1       0                               0D0002732
     108    1530       0       0       0       0       0       000010000D0002733
     108       0       0       2       0                               0D0002734
     142    1532       0       0       0       0       0       000010500D0002735
     142       0       0       1       0                               0D0002736
     102    1533       0       0       0       0       0       000010000D0002737
     102       0       0       1       0                               0D0002738
     110    1534       0       0       0       0       0       000010000D0002739
     110       0       0       1       0                               0D0002740
     110    1535       0       0       0       0       0       000010000D0002741
     110       0       0       1       0                               0D0002742
     110    1536       0       0       0       0       0       000010000D0002743
     110       0       0       2       0                               0D0002744
     110    1538       0       0       0       0       0       000010000D0002745
     110       0       0       1       0                               0D0002746
     144    1539       0       0       0       0       0       000020000D0002747
     144       0       0       1       0                               0D0002748
     108    1540       0       0       0       0       0       000010000D0002749
     108       0       0       1       0                               0D0002750
     142    1541       0       0       0       0       0       000010500D0002751
     142       0       0       1       0                               0D0002752
     102    1542       0       0       0       0       0       000010000D0002753
     102       0       0       1       0                               0D0002754
     110    1543       0       0       0       0       0       000010000D0002755
     110       0       0       2       0                               0D0002756
     100    1545       0       0       0       0    2759       000010000D0002757
     100       0       0       2       0                               0D0002758
     124    1547       0       0       0       0       0       000000000D0002759
     124       0       0       1       0                               0D0002760
     110    1548       0       0       0       0       0       000010000D0002761
     110       0       0       1       0                               0D0002762
     110    1549       0       0       0       0       0       000010000D0002763
     110       0       0       1       0                               0D0002764
     144    1550       0       0       0       0       0       000020000D0002765
     144       0       0       1       0                               0D0002766
     108    1551       0       0       0       0       0       000010000D0002767
     108       0       0       1       0                               0D0002768
     142    1552       0       0       0       0       0       000010500D0002769
     142       0       0       1       0                               0D0002770
     102    1553       0       0       0       0       0       000010000D0002771
     102       0       0       1       0                               0D0002772
     110    1554       0       0       0       0       0       000010000D0002773
     110       0       0       1       0                               0D0002774
     110    1555       0       0       0       0       0       000010000D0002775
     110       0       0       1       0                               0D0002776
     110    1556       0       0       0       0       0       000010000D0002777
     110       0       0       1       0                               0D0002778
     110    1557       0       0       0       0       0       000010000D0002779
     110       0       0       1       0                               0D0002780
     144    1558       0       0       0       0       0       000020000D0002781
     144       0       0       1       0                               0D0002782
     108    1559       0       0       0       0       0       000010000D0002783
     108       0       0       1       0                               0D0002784
     142    1560       0       0       0       0       0       000010500D0002785
     142       0       0       1       0                               0D0002786
     102    1561       0       0       0       0       0       000010000D0002787
     102       0       0       1       0                               0D0002788
     110    1562       0       0       0       0       0       000010000D0002789
     110       0       0       1       0                               0D0002790
     100    1563       0       0       0       0    2793       000010000D0002791
     100       0       0       1       0                               0D0002792
     124    1564       0       0       0       0       0       000000000D0002793
     124       0       0       1       0                               0D0002794
     110    1565       0       0       0       0       0       000010000D0002795
     110       0       0       1       0                               0D0002796
     110    1566       0       0       0       0       0       000010000D0002797
     110       0       0       1       0                               0D0002798
402,131,3,21,37,209,225,241,257,279,311,343,361,393,425,443,461, 0000001P0000001
493,525,543,561,593,625,643,661,693,725,743,761,793,825,843,861, 0000001P0000002
893,925,943,961,993,1025,1043,1079,1097,1115,1289,1305,1321,     0000001P0000003
1337,1353,1369,1385,1401,1417,1433,1449,1465,1481,1497,1513,     0000001P0000004
1529,1545,1561,1577,1593,1609,1625,1641,1657,1673,1689,1705,     0000001P0000005
1721,1737,1753,1769,1785,1801,1817,1833,1849,1865,1881,1897,     0000001P0000006
1913,1929,1945,1961,1977,1993,2011,2027,2049,2067,2085,2103,     0000001P0000007
2121,2139,2157,2175,2193,2211,2229,2247,2265,2283,2301,2317,     0000001P0000008
2335,2357,2373,2391,2407,2425,2441,2459,2475,2493,2509,2527,     0000001P0000009
2543,2561,2577,2595,2611,2629,2645,2663,2679,2697,2713,2731,     0000001P0000010
2747,2765,2781;                                                  0000001P0000011
144,5,1,0,7;                                                     0000003P0000012
108,-0.,-0.,-1.,-0.,0,0.,0.,0.,0.;                               0000005P0000013
142,0,5,0,9,2;                                                   0000007P0000014
102,4,11,13,17,19;                                               0000009P0000015
110,14.623559852,-3.89249242,0.,17.292226366,-4.997890284,0.;    0000011P0000016
100,0.,0.,0.,17.292226366,4.997890284,15.761492637,8.693408414;  0000013P0000017
124,1.,0.,0.,0.,0.,-1.,0.,0.,0.,0.,-1.,0.;                       0000015P0000018
110,15.761492637,-8.693408414,0.,13.092826123,-7.58801055,0.;    0000017P0000019
110,13.092826123,-7.58801055,0.,14.623559852,-3.89249242,0.;     0000019P0000020
144,23,1,0,25;                                                   0000021P0000021
108,-0.,-0.,-1.,0.,0,13.092826123,-7.58801055,0.,0.;             0000023P0000022
142,0,23,0,27,2;                                                 0000025P0000023
102,4,29,31,33,35;                                               0000027P0000024
100,0.,0.,0.,15.761492637,-8.693408414,17.292226366,             0000029P0000025
-4.997890284;                                                    0000029P0000026
110,17.292226366,-4.997890284,0.,21.09071658,-6.571276447,0.;    0000031P0000027
110,21.09071658,-6.571276447,0.,19.559982851,-10.266794577,0.;   0000033P0000028
110,19.559982851,-10.266794577,0.,15.761492637,-8.693408414,0.;  0000035P0000029
144,39,1,1,41,205;                                               0000037P0000030
108,-0.,-0.,-1.,-0.,0,0.,0.,0.,0.;                               0000039P0000031
142,0,39,0,43,2;                                                 0000041P0000032
102,64,45,47,49,53,55,57,59,63,65,67,69,73,75,77,79,83,85,87,89, 0000043P0000033
93,95,97,99,103,105,107,109,113,115,117,119,123,125,127,129,133, 0000043P0000034
135,137,139,143,145,147,149,153,155,157,159,163,165,167,169,173, 0000043P0000035
175,177,179,183,185,187,189,193,195,197,199,203;                 0000043P0000036
110,-15.,-2.,0.,-15.,2.,0.;                                      0000045P0000037
110,-15.,2.,0.,-17.88854382,2.,0.;                               0000047P0000038
100,0.,0.,0.,-17.88854382,-2.,-17.292226366,-4.997890284;        0000049P0000039
124,1.,0.,0.,0.,0.,-1.,0.,0.,0.,0.,-1.,0.;                       0000051P0000040
110,-17.292226366,4.997890284,0.,-14.623559852,3.89249242,0.;    0000053P0000041
110,-14.623559852,3.89249242,0.,-13.092826123,7.58801055,0.;     0000055P0000042
110,-13.092826123,7.58801055,0.,-15.761492637,8.693408414,0.;    0000057P0000043
100,0.,0.,0.,-15.761492637,-8.693408414,-14.063324203,           0000059P0000044
-11.234897078;                                                   0000059P0000045
124,1.,0.,0.,0.,0.,-1.,0.,0.,0.,0.,-1.,0.;                       0000061P0000046
110,-14.063324203,11.234897078,0.,-12.02081528,9.192388155,0.;   0000063P0000047
110,-12.02081528,9.192388155,0.,-9.192388155,12.02081528,0.;     0000065P0000048
110,-9.192388155,12.02081528,0.,-11.234897078,14.063324203,0.;   0000067P0000049
100,0.,0.,0.,-11.234897078,-14.063324203,-8.693408414,           0000069P0000050
-15.761492637;                                                   0000069P0000051
124,1.,0.,0.,0.,0.,-1.,0.,0.,0.,0.,-1.,0.;                       0000071P0000052
110,-8.693408414,15.761492637,0.,-7.58801055,13.092826123,0.;    0000073P0000053
110,-7.58801055,13.092826123,0.,-3.89249242,14.623559852,0.;     0000075P0000054
110,-3.89249242,14.623559852,0.,-4.997890284,17.292226366,0.;    0000077P0000055
100,0.,0.,0.,-4.997890284,-17.292226366,-2.,-17.88854382;        0000079P0000056
124,1.,0.,0.,0.,0.,-1.,0.,0.,0.,0.,-1.,0.;                       0000081P0000057
110,-2.,17.88854382,0.,-2.,15.,0.;                               0000083P0000058
110,-2.,15.,0.,2.,15.,0.;                                        0000085P0000059
110,2.,15.,0.,2.,17.88854382,0.;                                 0000087P0000060
100,0.,0.,0.,2.,-17.88854382,4.997890284,-17.292226366;          0000089P0000061
124,1.,0.,0.,0.,0.,-1.,0.,0.,0.,0.,-1.,0.;                       0000091P0000062
110,4.997890284,17.292226366,0.,3.89249242,14.623559852,0.;      0000093P0000063
110,3.89249242,14.623559852,0.,7.58801055,13.092826123,0.;       0000095P0000064
110,7.58801055,13.092826123,0.,8.693408414,15.761492637,0.;      0000097P0000065
100,0.,0.,0.,8.693408414,-15.761492637,11.234897078,             0000099P0000066
-14.063324203;                                                   0000099P0000067
124,1.,0.,0.,0.,0.,-1.,0.,0.,0.,0.,-1.,0.;                       0000101P0000068
110,11.234897078,14.063324203,0.,9.192388155,12.02081528,0.;     0000103P0000069
110,9.192388155,12.02081528,0.,12.02081528,9.192388155,0.;       0000105P0000070
110,12.02081528,9.192388155,0.,14.063324203,11.234897078,0.;     0000107P0000071
100,0.,0.,0.,14.063324203,-11.234897078,15.761492637,            0000109P0000072
-8.693408414;                                                    0000109P0000073
124,1.,0.,0.,0.,0.,-1.,0.,0.,0.,0.,-1.,0.;                       0000111P0000074
110,15.761492637,8.693408414,0.,13.092826123,7.58801055,0.;      0000113P0000075
110,13.092826123,7.58801055,0.,14.623559852,3.89249242,0.;       0000115P0000076
110,14.623559852,3.89249242,0.,17.292226366,4.997890284,0.;      0000117P0000077
100,0.,0.,0.,17.292226366,-4.997890284,17.88854382,-2.;          0000119P0000078
124,1.,0.,0.,0.,0.,-1.,0.,0.,0.,0.,-1.,0.;                       0000121P0000079
110,17.88854382,2.,0.,15.,2.,0.;                                 0000123P0000080
110,15.,2.,0.,15.,-2.,0.;                                        0000125P0000081
110,15.,-2.,0.,17.88854382,-2.,0.;                               0000127P0000082
100,0.,0.,0.,17.88854382,2.,17.292226366,4.997890284;            0000129P0000083
124,1.,0.,0.,0.,0.,-1.,0.,0.,0.,0.,-1.,0.;                       0000131P0000084
110,17.292226366,-4.997890284,0.,14.623559852,-3.89249242,0.;    0000133P0000085
110,14.623559852,-3.89249242,0.,13.092826123,-7.58801055,0.;     0000135P0000086
110,13.092826123,-7.58801055,0.,15.761492637,-8.693408414,0.;    0000137P0000087
100,0.,0.,0.,15.761492637,8.693408414,14.063324203,11.234897078; 0000139P0000088
124,1.,0.,0.,0.,0.,-1.,0.,0.,0.,0.,-1.,0.;                       0000141P0000089
110,14.063324203,-11.234897078,0.,12.02081528,-9.192388155,0.;   0000143P0000090
110,12.02081528,-9.192388155,0.,9.192388155,-12.02081528,0.;     0000145P0000091
110,9.192388155,-12.02081528,0.,11.234897078,-14.063324203,0.;   0000147P0000092
100,0.,0.,0.,11.234897078,14.063324203,8.693408414,15.761492637; 0000149P0000093
124,1.,0.,0.,0.,0.,-1.,0.,0.,0.,0.,-1.,0.;                       0000151P0000094
110,8.693408414,-15.761492637,0.,7.58801055,-13.092826123,0.;    0000153P0000095
110,7.58801055,-13.092826123,0.,3.89249242,-14.623559852,0.;     0000155P0000096
110,3.89249242,-14.623559852,0.,4.997890284,-17.292226366,0.;    0000157P0000097
100,0.,0.,0.,4.997890284,17.292226366,2.,17.88854382;            0000159P0000098
124,1.,0.,0.,0.,0.,-1.,0.,0.,0.,0.,-1.,0.;                       0000161P0000099
110,2.,-17.88854382,0.,2.,-15.,0.;                               0000163P0000100
110,2.,-15.,0.,-2.,-15.,0.;                                      0000165P0000101
110,-2.,-15.,0.,-2.,-17.88854382,0.;                             0000167P0000102
100,0.,0.,0.,-2.,17.88854382,-4.997890284,17.292226366;          0000169P0000103
124,1.,0.,0.,0.,0.,-1.,0.,0.,0.,0.,-1.,0.;                       0000171P0000104
110,-4.997890284,-17.292226366,0.,-3.89249242,-14.623559852,0.;  0000173P0000105
110,-3.89249242,-14.623559852,0.,-7.58801055,-13.092826123,0.;   0000175P0000106
110,-7.58801055,-13.092826123,0.,-8.693408414,-15.761492637,0.;  0000177P0000107
100,0.,0.,0.,-8.693408414,15.761492637,-11.234897078,            0000179P0000108
14.063324203;                                                    0000179P0000109
124,1.,0.,0.,0.,0.,-1.,0.,0.,0.,0.,-1.,0.;                       0000181P0000110
110,-11.234897078,-14.063324203,0.,-9.192388155,-12.02081528,0.; 0000183P0000111
110,-9.192388155,-12.02081528,0.,-12.02081528,-9.192388155,0.;   0000185P0000112
110,-12.02081528,-9.192388155,0.,-14.063324203,-11.234897078,0.; 0000187P0000113
100,0.,0.,0.,-14.063324203,11.234897078,-15.761492637,           0000189P0000114
8.693408414;                                                     0000189P0000115
124,1.,0.,0.,0.,0.,-1.,0.,0.,0.,0.,-1.,0.;                       0000191P0000116
110,-15.761492637,-8.693408414,0.,-13.092826123,-7.58801055,0.;  0000193P0000117
110,-13.092826123,-7.58801055,0.,-14.623559852,-3.89249242,0.;   0000195P0000118
110,-14.623559852,-3.89249242,0.,-17.292226366,-4.997890284,0.;  0000197P0000119
100,0.,0.,0.,-17.292226366,4.997890284,-17.88854382,2.;          0000199P0000120
124,1.,0.,0.,0.,0.,-1.,0.,0.,0.,0.,-1.,0.;                       0000201P0000121
110,-17.88854382,-2.,0.,-15.,-2.,0.;                             0000203P0000122
142,0,39,0,207,2;                                                0000205P0000123
100,0.,0.,0.,7.,0.,7.,0.;                                        0000207P0000124
144,211,1,0,213;                                                 0000209P0000125
108,0.382683432,0.923879533,0.,2.,0,14.623559852,-3.89249242,0., 0000211P0000126
0.;                                                              0000211P0000127
142,0,211,0,215,2;                                               0000213P0000128
102,4,217,219,221,223;                                           0000215P0000129
110,21.09071658,-6.571276447,0.,17.292226366,-4.997890284,0.;    0000217P0000130
110,17.292226366,-4.997890284,0.,17.292226366,-4.997890284,7.;   0000219P0000131
110,17.292226366,-4.997890284,7.,21.09071658,-6.571276447,7.;    0000221P0000132
110,21.09071658,-6.571276447,7.,21.09071658,-6.571276447,0.;     0000223P0000133
144,227,1,0,229;                                                 0000225P0000134
108,0.923879533,-0.382683432,0.,22.,0,19.559982851,              0000227P0000135
-10.266794577,0.,0.;                                             0000227P0000136
142,0,227,0,231,2;                                               0000229P0000137
102,4,233,235,237,239;                                           0000231P0000138
110,19.559982851,-10.266794577,7.,19.559982851,-10.266794577,0.; 0000233P0000139
110,19.559982851,-10.266794577,0.,21.09071658,-6.571276447,0.;   0000235P0000140
110,21.09071658,-6.571276447,0.,21.09071658,-6.571276447,7.;     0000237P0000141
110,21.09071658,-6.571276447,7.,19.559982851,-10.266794577,7.;   0000239P0000142
144,243,1,0,245;                                                 0000241P0000143
108,-0.382683432,-0.923879533,-0.,2.,0,13.092826123,-7.58801055, 0000243P0000144
0.,0.;                                                           0000243P0000145
142,0,243,0,247,2;                                               0000245P0000146
102,4,249,251,253,255;                                           0000247P0000147
110,15.761492637,-8.693408414,7.,15.761492637,-8.693408414,0.;   0000249P0000148
110,15.761492637,-8.693408414,0.,19.559982851,-10.266794577,0.;  0000251P0000149
110,19.559982851,-10.266794577,0.,19.559982851,-10.266794577,7.; 0000253P0000150
110,19.559982851,-10.266794577,7.,15.761492637,-8.693408414,7.;  0000255P0000151
144,259,1,0,261;                                                 0000257P0000152
108,-0.,-0.,-1.,-0.,0,0.,0.,0.,0.;                               0000259P0000153
142,0,259,0,263,2;                                               0000261P0000154
102,5,265,269,273,275,277;                                       0000263P0000155
100,0.,0.,0.,17.88854382,-2.,18.,-4.408582874E-15;               0000265P0000156
124,1.,0.,0.,0.,0.,-1.,0.,0.,0.,0.,-1.,0.;                       0000267P0000157
100,0.,0.,0.,18.,0.,17.88854382,2.;                              0000269P0000158
124,1.,0.,0.,0.,0.,-1.,0.,0.,0.,0.,-1.,0.;                       0000271P0000159
110,17.88854382,-2.,0.,15.,-2.,0.;                               0000273P0000160
110,15.,-2.,0.,15.,2.,0.;                                        0000275P0000161
110,15.,2.,0.,17.88854382,2.,0.;                                 0000277P0000162
144,281,1,0,287;                                                 0000279P0000163
120,283,285,6.00182724,6.171844293;                              0000281P0000164
110,0.,0.,1.,0.,0.,0.;                                           0000283P0000165
110,18.,0.,0.,18.,0.,7.;                                         0000285P0000166
142,0,281,289,299,3;                                             0000287P0000167
102,4,291,293,295,297;                                           0000289P0000168
110,1.,6.00182724,0.,1.,6.171844293,0.;                          0000291P0000169
110,1.,6.171844293,0.,-3.53181022E-18,6.171844293,0.;            0000293P0000170
110,-3.53181022E-18,6.171844293,0.,-8.924862987E-18,6.00182724,  0000295P0000171
0.;                                                              0000295P0000172
110,-8.924862987E-18,6.00182724,0.,1.,6.00182724,0.;             0000297P0000173
102,4,301,305,307,309;                                           0000299P0000174
100,0.,0.,0.,17.292226366,-4.997890284,17.88854382,-2.;          0000301P0000175
124,1.,0.,0.,0.,0.,-1.,0.,0.,0.,0.,-1.,7.;                       0000303P0000176
110,17.88854382,2.,7.,17.88854382,2.,0.;                         0000305P0000177
100,0.,0.,0.,17.88854382,2.,17.292226366,4.997890284;            0000307P0000178
110,17.292226366,4.997890284,0.,17.292226366,4.997890284,7.;     0000309P0000179
144,313,1,0,319;                                                 0000311P0000180
120,315,317,0.111341014,0.281358067;                             0000313P0000181
110,0.,0.,1.,0.,0.,0.;                                           0000315P0000182
110,18.,0.,0.,18.,0.,7.;                                         0000317P0000183
142,0,313,321,331,3;                                             0000319P0000184
102,4,323,325,327,329;                                           0000321P0000185
110,1.,0.111341014,0.,1.,0.281358067,0.;                         0000323P0000186
110,1.,0.281358067,0.,-1.903819083E-16,0.281358067,0.;           0000325P0000187
110,-1.903819083E-16,0.281358067,0.,-1.957749611E-16,            0000327P0000188
0.111341014,0.;                                                  0000327P0000189
110,-1.957749611E-16,0.111341014,0.,1.,0.111341014,0.;           0000329P0000190
102,4,333,337,339,341;                                           0000331P0000191
100,0.,0.,0.,17.88854382,2.,17.292226366,4.997890284;            0000333P0000192
124,1.,0.,0.,0.,0.,-1.,0.,0.,0.,0.,-1.,7.;                       0000335P0000193
110,17.292226366,-4.997890284,7.,17.292226366,-4.997890284,0.;   0000337P0000194
100,0.,0.,0.,17.292226366,-4.997890284,17.88854382,-2.;          0000339P0000195
110,17.88854382,-2.,0.,17.88854382,-2.,7.;                       0000341P0000196
144,345,1,0,347;                                                 0000343P0000197
108,-0.,-0.,-1.,-0.,0,0.,0.,0.,0.;                               0000345P0000198
142,0,345,0,349,2;                                               0000347P0000199
102,4,351,355,357,359;                                           0000349P0000200
100,0.,0.,0.,15.761492637,-8.693408414,17.292226366,             0000351P0000201
-4.997890284;                                                    0000351P0000202
124,1.,0.,0.,0.,0.,-1.,0.,0.,0.,0.,-1.,0.;                       0000353P0000203
110,17.292226366,4.997890284,0.,14.623559852,3.89249242,0.;      0000355P0000204
110,14.623559852,3.89249242,0.,13.092826123,7.58801055,0.;       0000357P0000205
110,13.092826123,7.58801055,0.,15.761492637,8.693408414,0.;      0000359P0000206
144,363,1,0,369;                                                 0000361P0000207
120,365,367,5.609128158,5.779145211;                             0000363P0000208
110,0.,0.,1.,0.,0.,0.;                                           0000365P0000209
110,18.,0.,0.,18.,0.,7.;                                         0000367P0000210
142,0,363,371,381,3;                                             0000369P0000211
102,4,373,375,377,379;                                           0000371P0000212
110,1.,5.609128158,0.,1.,5.779145211,0.;                         0000373P0000213
110,1.,5.779145211,0.,-1.598848343E-17,5.779145211,0.;           0000375P0000214
110,-1.598848343E-17,5.779145211,0.,-2.138153619E-17,            0000377P0000215
5.609128158,0.;                                                  0000377P0000216
110,-2.138153619E-17,5.609128158,0.,1.,5.609128158,0.;           0000379P0000217
102,4,383,387,389,391;                                           0000381P0000218
100,0.,0.,0.,14.063324203,-11.234897078,15.761492637,            0000383P0000219
-8.693408414;                                                    0000383P0000220
124,1.,0.,0.,0.,0.,-1.,0.,0.,0.,0.,-1.,7.;                       0000385P0000221
110,15.761492637,8.693408414,7.,15.761492637,8.693408414,0.;     0000387P0000222
100,0.,0.,0.,15.761492637,8.693408414,14.063324203,11.234897078; 0000389P0000223
110,14.063324203,11.234897078,0.,14.063324203,11.234897078,7.;   0000391P0000224
144,395,1,0,401;                                                 0000393P0000225
120,397,399,0.504040096,0.674057149;                             0000395P0000226
110,0.,0.,1.,0.,0.,0.;                                           0000397P0000227
110,18.,0.,0.,18.,0.,7.;                                         0000399P0000228
142,0,395,403,413,3;                                             0000401P0000229
102,4,405,407,409,411;                                           0000403P0000230
110,1.,0.504040096,0.,1.,0.674057149,0.;                         0000405P0000231
110,1.,0.674057149,0.,-1.779252351E-16,0.674057149,0.;           0000407P0000232
110,-1.779252351E-16,0.674057149,0.,-1.833182879E-16,            0000409P0000233
0.504040096,0.;                                                  0000409P0000234
110,-1.833182879E-16,0.504040096,0.,1.,0.504040096,0.;           0000411P0000235
102,4,415,419,421,423;                                           0000413P0000236
100,0.,0.,0.,15.761492637,8.693408414,14.063324203,11.234897078; 0000415P0000237
124,1.,0.,0.,0.,0.,-1.,0.,0.,0.,0.,-1.,7.;                       0000417P0000238
110,14.063324203,-11.234897078,7.,14.063324203,-11.234897078,0.; 0000419P0000239
100,0.,0.,0.,14.063324203,-11.234897078,15.761492637,            0000421P0000240
-8.693408414;                                                    0000421P0000241
110,15.761492637,-8.693408414,0.,15.761492637,-8.693408414,7.;   0000423P0000242
144,427,1,0,429;                                                 0000425P0000243
108,-0.,-0.,-1.,-0.,0,0.,0.,0.,0.;                               0000427P0000244
142,0,427,0,431,2;                                               0000429P0000245
102,4,433,435,439,441;                                           0000431P0000246
110,9.192388155,12.02081528,0.,11.234897078,14.063324203,0.;     0000433P0000247
100,0.,0.,0.,11.234897078,-14.063324203,14.063324203,            0000435P0000248
-11.234897078;                                                   0000435P0000249
124,1.,0.,0.,0.,0.,-1.,0.,0.,0.,0.,-1.,0.;                       0000437P0000250
110,14.063324203,11.234897078,0.,12.02081528,9.192388155,0.;     0000439P0000251
110,12.02081528,9.192388155,0.,9.192388155,12.02081528,0.;       0000441P0000252
144,445,1,0,447;                                                 0000443P0000253
108,-0.,-0.,-1.,-0.,0,0.,0.,0.,0.;                               0000445P0000254
142,0,445,0,449,2;                                               0000447P0000255
102,4,451,453,457,459;                                           0000449P0000256
110,12.02081528,-9.192388155,0.,14.063324203,-11.234897078,0.;   0000451P0000257
100,0.,0.,0.,14.063324203,11.234897078,11.234897078,             0000453P0000258
14.063324203;                                                    0000453P0000259
124,1.,0.,0.,0.,0.,-1.,0.,0.,0.,0.,-1.,0.;                       0000455P0000260
110,11.234897078,-14.063324203,0.,9.192388155,-12.02081528,0.;   0000457P0000261
110,9.192388155,-12.02081528,0.,12.02081528,-9.192388155,0.;     0000459P0000262
144,463,1,0,469;                                                 0000461P0000263
120,465,467,5.216429076,5.386446129;                             0000463P0000264
110,0.,0.,1.,0.,0.,0.;                                           0000465P0000265
110,18.,0.,0.,18.,0.,7.;                                         0000467P0000266
142,0,463,471,481,3;                                             0000469P0000267
102,4,473,475,477,479;                                           0000471P0000268
110,1.,5.216429076,0.,1.,5.386446129,0.;                         0000473P0000269
110,1.,5.386446129,0.,-2.844515663E-17,5.386446129,0.;           0000475P0000270
110,-2.844515663E-17,5.386446129,0.,-3.38382094E-17,5.216429076, 0000477P0000271
0.;                                                              0000477P0000272
110,-3.38382094E-17,5.216429076,0.,1.,5.216429076,0.;            0000479P0000273
102,4,483,487,489,491;                                           0000481P0000274
100,0.,0.,0.,8.693408414,-15.761492637,11.234897078,             0000483P0000275
-14.063324203;                                                   0000483P0000276
124,1.,0.,0.,0.,0.,-1.,0.,0.,0.,0.,-1.,7.;                       0000485P0000277
110,11.234897078,14.063324203,7.,11.234897078,14.063324203,0.;   0000487P0000278
100,0.,0.,0.,11.234897078,14.063324203,8.693408414,15.761492637; 0000489P0000279
110,8.693408414,15.761492637,0.,8.693408414,15.761492637,7.;     0000491P0000280
144,495,1,0,501;                                                 0000493P0000281
120,497,499,0.896739178,1.066756231;                             0000495P0000282
110,0.,0.,1.,0.,0.,0.;                                           0000497P0000283
110,18.,0.,0.,18.,0.,7.;                                         0000499P0000284
142,0,495,503,513,3;                                             0000501P0000285
102,4,505,507,509,511;                                           0000503P0000286
110,1.,0.896739178,0.,1.,1.066756231,0.;                         0000505P0000287
110,1.,1.066756231,0.,-1.654685619E-16,1.066756231,0.;           0000507P0000288
110,-1.654685619E-16,1.066756231,0.,-1.708616147E-16,            0000509P0000289
0.896739178,0.;                                                  0000509P0000290
110,-1.708616147E-16,0.896739178,0.,1.,0.896739178,0.;           0000511P0000291
102,4,515,519,521,523;                                           0000513P0000292
100,0.,0.,0.,11.234897078,14.063324203,8.693408414,15.761492637; 0000515P0000293
124,1.,0.,0.,0.,0.,-1.,0.,0.,0.,0.,-1.,7.;                       0000517P0000294
110,8.693408414,-15.761492637,7.,8.693408414,-15.761492637,0.;   0000519P0000295
100,0.,0.,0.,8.693408414,-15.761492637,11.234897078,             0000521P0000296
-14.063324203;                                                   0000521P0000297
110,11.234897078,-14.063324203,0.,11.234897078,-14.063324203,7.; 0000523P0000298
144,527,1,0,529;                                                 0000525P0000299
108,-0.,-0.,-1.,-0.,0,0.,0.,0.,0.;                               0000527P0000300
142,0,527,0,531,2;                                               0000529P0000301
102,4,533,535,539,541;                                           0000531P0000302
110,3.89249242,14.623559852,0.,4.997890284,17.292226366,0.;      0000533P0000303
100,0.,0.,0.,4.997890284,-17.292226366,8.693408414,              0000535P0000304
-15.761492637;                                                   0000535P0000305
124,1.,0.,0.,0.,0.,-1.,0.,0.,0.,0.,-1.,0.;                       0000537P0000306
110,8.693408414,15.761492637,0.,7.58801055,13.092826123,0.;      0000539P0000307
110,7.58801055,13.092826123,0.,3.89249242,14.623559852,0.;       0000541P0000308
144,545,1,0,547;                                                 0000543P0000309
108,-0.,-0.,-1.,-0.,0,0.,0.,0.,0.;                               0000545P0000310
142,0,545,0,549,2;                                               0000547P0000311
102,4,551,553,557,559;                                           0000549P0000312
110,7.58801055,-13.092826123,0.,8.693408414,-15.761492637,0.;    0000551P0000313
100,0.,0.,0.,8.693408414,15.761492637,4.997890284,17.292226366;  0000553P0000314
124,1.,0.,0.,0.,0.,-1.,0.,0.,0.,0.,-1.,0.;                       0000555P0000315
110,4.997890284,-17.292226366,0.,3.89249242,-14.623559852,0.;    0000557P0000316
110,3.89249242,-14.623559852,0.,7.58801055,-13.092826123,0.;     0000559P0000317
144,563,1,0,569;                                                 0000561P0000318
120,565,567,4.823729995,4.993747048;                             0000563P0000319
110,0.,0.,1.,0.,0.,0.;                                           0000565P0000320
110,18.,0.,0.,18.,0.,7.;                                         0000567P0000321
142,0,563,571,581,3;                                             0000569P0000322
102,4,573,575,577,579;                                           0000571P0000323
110,1.,4.823729995,0.,1.,4.993747048,0.;                         0000573P0000324
110,1.,4.993747048,0.,-4.090182984E-17,4.993747048,0.;           0000575P0000325
110,-4.090182984E-17,4.993747048,0.,-4.629488261E-17,            0000577P0000326
4.823729995,0.;                                                  0000577P0000327
110,-4.629488261E-17,4.823729995,0.,1.,4.823729995,0.;           0000579P0000328
102,4,583,587,589,591;                                           0000581P0000329
100,0.,0.,0.,2.,-17.88854382,4.997890284,-17.292226366;          0000583P0000330
124,1.,0.,0.,0.,0.,-1.,0.,0.,0.,0.,-1.,7.;                       0000585P0000331
110,4.997890284,17.292226366,7.,4.997890284,17.292226366,0.;     0000587P0000332
100,0.,0.,0.,4.997890284,17.292226366,2.,17.88854382;            0000589P0000333
110,2.,17.88854382,0.,2.,17.88854382,7.;                         0000591P0000334
144,595,1,0,601;                                                 0000593P0000335
120,597,599,1.289438259,1.459455312;                             0000595P0000336
110,0.,0.,1.,0.,0.,0.;                                           0000597P0000337
110,18.,0.,0.,18.,0.,7.;                                         0000599P0000338
142,0,595,603,613,3;                                             0000601P0000339
102,4,605,607,609,611;                                           0000603P0000340
110,1.,1.289438259,0.,1.,1.459455312,0.;                         0000605P0000341
110,1.,1.459455312,0.,-1.530118887E-16,1.459455312,0.;           0000607P0000342
110,-1.530118887E-16,1.459455312,0.,-1.584049415E-16,            0000609P0000343
1.289438259,0.;                                                  0000609P0000344
110,-1.584049415E-16,1.289438259,0.,1.,1.289438259,0.;           0000611P0000345
102,4,615,619,621,623;                                           0000613P0000346
100,0.,0.,0.,4.997890284,17.292226366,2.,17.88854382;            0000615P0000347
124,1.,0.,0.,0.,0.,-1.,0.,0.,0.,0.,-1.,7.;                       0000617P0000348
110,2.,-17.88854382,7.,2.,-17.88854382,0.;                       0000619P0000349
100,0.,0.,0.,2.,-17.88854382,4.997890284,-17.292226366;          0000621P0000350
110,4.997890284,-17.292226366,0.,4.997890284,-17.292226366,7.;   0000623P0000351
144,627,1,0,629;                                                 0000625P0000352
108,-0.,-0.,-1.,-0.,0,0.,0.,0.,0.;                               0000627P0000353
142,0,627,0,631,2;                                               0000629P0000354
102,4,633,635,639,641;                                           0000631P0000355
110,-2.,15.,0.,-2.,17.88854382,0.;                               0000633P0000356
100,0.,0.,0.,-2.,-17.88854382,2.,-17.88854382;                   0000635P0000357
124,1.,0.,0.,0.,0.,-1.,0.,0.,0.,0.,-1.,0.;                       0000637P0000358
110,2.,17.88854382,0.,2.,15.,0.;                                 0000639P0000359
110,2.,15.,0.,-2.,15.,0.;                                        0000641P0000360
144,645,1,0,647;                                                 0000643P0000361
108,-0.,-0.,-1.,-0.,0,0.,0.,0.,0.;                               0000645P0000362
142,0,645,0,649,2;                                               0000647P0000363
102,4,651,653,657,659;                                           0000649P0000364
110,2.,-15.,0.,2.,-17.88854382,0.;                               0000651P0000365
100,0.,0.,0.,2.,17.88854382,-2.,17.88854382;                     0000653P0000366
124,1.,0.,0.,0.,0.,-1.,0.,0.,0.,0.,-1.,0.;                       0000655P0000367
110,-2.,-17.88854382,0.,-2.,-15.,0.;                             0000657P0000368
110,-2.,-15.,0.,2.,-15.,0.;                                      0000659P0000369
144,663,1,0,669;                                                 0000661P0000370
120,665,667,4.431030913,4.601047966;                             0000663P0000371
110,0.,0.,1.,0.,0.,0.;                                           0000665P0000372
110,18.,0.,0.,18.,0.,7.;                                         0000667P0000373
142,0,663,671,681,3;                                             0000669P0000374
102,4,673,675,677,679;                                           0000671P0000375
110,1.,4.431030913,0.,1.,4.601047966,0.;                         0000673P0000376
110,1.,4.601047966,0.,-5.335850305E-17,4.601047966,0.;           0000675P0000377
110,-5.335850305E-17,4.601047966,0.,-5.875155582E-17,            0000677P0000378
4.431030913,0.;                                                  0000677P0000379
110,-5.875155582E-17,4.431030913,0.,1.,4.431030913,0.;           0000679P0000380
102,4,683,687,689,691;                                           0000681P0000381
100,0.,0.,0.,-4.997890284,-17.292226366,-2.,-17.88854382;        0000683P0000382
124,1.,0.,0.,0.,0.,-1.,0.,0.,0.,0.,-1.,7.;                       0000685P0000383
110,-2.,17.88854382,7.,-2.,17.88854382,0.;                       0000687P0000384
100,0.,0.,0.,-2.,17.88854382,-4.997890284,17.292226366;          0000689P0000385
110,-4.997890284,17.292226366,0.,-4.997890284,17.292226366,7.;   0000691P0000386
144,695,1,0,701;                                                 0000693P0000387
120,697,699,1.682137341,1.852154394;                             0000695P0000388
110,0.,0.,1.,0.,0.,0.;                                           0000697P0000389
110,18.,0.,0.,18.,0.,7.;                                         0000699P0000390
142,0,695,703,713,3;                                             0000701P0000391
102,4,705,707,709,711;                                           0000703P0000392
110,1.,1.682137341,0.,1.,1.852154394,0.;                         0000705P0000393
110,1.,1.852154394,0.,-1.405552155E-16,1.852154394,0.;           0000707P0000394
110,-1.405552155E-16,1.852154394,0.,-1.459482683E-16,            0000709P0000395
1.682137341,0.;                                                  0000709P0000396
110,-1.459482683E-16,1.682137341,0.,1.,1.682137341,0.;           0000711P0000397
102,4,715,719,721,723;                                           0000713P0000398
100,0.,0.,0.,-2.,17.88854382,-4.997890284,17.292226366;          0000715P0000399
124,1.,0.,0.,0.,0.,-1.,0.,0.,0.,0.,-1.,7.;                       0000717P0000400
110,-4.997890284,-17.292226366,7.,-4.997890284,-17.292226366,0.; 0000719P0000401
100,0.,0.,0.,-4.997890284,-17.292226366,-2.,-17.88854382;        0000721P0000402
110,-2.,-17.88854382,0.,-2.,-17.88854382,7.;                     0000723P0000403
144,727,1,0,729;                                                 0000725P0000404
108,-0.,-0.,-1.,-0.,0,0.,0.,0.,0.;                               0000727P0000405
142,0,727,0,731,2;                                               0000729P0000406
102,4,733,735,739,741;                                           0000731P0000407
110,-7.58801055,13.092826123,0.,-8.693408414,15.761492637,0.;    0000733P0000408
100,0.,0.,0.,-8.693408414,-15.761492637,-4.997890284,            0000735P0000409
-17.292226366;                                                   0000735P0000410
124,1.,0.,0.,0.,0.,-1.,0.,0.,0.,0.,-1.,0.;                       0000737P0000411
110,-4.997890284,17.292226366,0.,-3.89249242,14.623559852,0.;    0000739P0000412
110,-3.89249242,14.623559852,0.,-7.58801055,13.092826123,0.;     0000741P0000413
144,745,1,0,747;                                                 0000743P0000414
108,-0.,-0.,-1.,-0.,0,0.,0.,0.,0.;                               0000745P0000415
142,0,745,0,749,2;                                               0000747P0000416
102,4,751,753,757,759;                                           0000749P0000417
110,-3.89249242,-14.623559852,0.,-4.997890284,-17.292226366,0.;  0000751P0000418
100,0.,0.,0.,-4.997890284,17.292226366,-8.693408414,             0000753P0000419
15.761492637;                                                    0000753P0000420
124,1.,0.,0.,0.,0.,-1.,0.,0.,0.,0.,-1.,0.;                       0000755P0000421
110,-8.693408414,-15.761492637,0.,-7.58801055,-13.092826123,0.;  0000757P0000422
110,-7.58801055,-13.092826123,0.,-3.89249242,-14.623559852,0.;   0000759P0000423
144,763,1,0,769;                                                 0000761P0000424
120,765,767,4.038331831,4.208348884;                             0000763P0000425
110,0.,0.,1.,0.,0.,0.;                                           0000765P0000426
110,18.,0.,0.,18.,0.,7.;                                         0000767P0000427
142,0,763,771,781,3;                                             0000769P0000428
102,4,773,775,777,779;                                           0000771P0000429
110,1.,4.038331831,0.,1.,4.208348884,0.;                         0000773P0000430
110,1.,4.208348884,0.,-6.581517626E-17,4.208348884,0.;           0000775P0000431
110,-6.581517626E-17,4.208348884,0.,-7.120822902E-17,            0000777P0000432
4.038331831,0.;                                                  0000777P0000433
110,-7.120822902E-17,4.038331831,0.,1.,4.038331831,0.;           0000779P0000434
102,4,783,787,789,791;                                           0000781P0000435
100,0.,0.,0.,-11.234897078,-14.063324203,-8.693408414,           0000783P0000436
-15.761492637;                                                   0000783P0000437
124,1.,0.,0.,0.,0.,-1.,0.,0.,0.,0.,-1.,7.;                       0000785P0000438
110,-8.693408414,15.761492637,7.,-8.693408414,15.761492637,0.;   0000787P0000439
100,0.,0.,0.,-8.693408414,15.761492637,-11.234897078,            0000789P0000440
14.063324203;                                                    0000789P0000441
110,-11.234897078,14.063324203,0.,-11.234897078,14.063324203,7.; 0000791P0000442
144,795,1,0,801;                                                 0000793P0000443
120,797,799,2.074836423,2.244853476;                             0000795P0000444
110,0.,0.,1.,0.,0.,0.;                                           0000797P0000445
110,18.,0.,0.,18.,0.,7.;                                         0000799P0000446
142,0,795,803,813,3;                                             0000801P0000447
102,4,805,807,809,811;                                           0000803P0000448
110,1.,2.074836423,0.,1.,2.244853476,0.;                         0000805P0000449
110,1.,2.244853476,0.,-1.280985423E-16,2.244853476,0.;           0000807P0000450
110,-1.280985423E-16,2.244853476,0.,-1.334915951E-16,            0000809P0000451
2.074836423,0.;                                                  0000809P0000452
110,-1.334915951E-16,2.074836423,0.,1.,2.074836423,0.;           0000811P0000453
102,4,815,819,821,823;                                           0000813P0000454
100,0.,0.,0.,-8.693408414,15.761492637,-11.234897078,            0000815P0000455
14.063324203;                                                    0000815P0000456
124,1.,0.,0.,0.,0.,-1.,0.,0.,0.,0.,-1.,7.;                       0000817P0000457
110,-11.234897078,-14.063324203,7.,-11.234897078,-14.063324203,  0000819P0000458
0.;                                                              0000819P0000459
100,0.,0.,0.,-11.234897078,-14.063324203,-8.693408414,           0000821P0000460
-15.761492637;                                                   0000821P0000461
110,-8.693408414,-15.761492637,0.,-8.693408414,-15.761492637,7.; 0000823P0000462
144,827,1,0,829;                                                 0000825P0000463
108,-0.,-0.,-1.,-0.,0,0.,0.,0.,0.;                               0000827P0000464
142,0,827,0,831,2;                                               0000829P0000465
102,4,833,835,839,841;                                           0000831P0000466
110,-12.02081528,9.192388155,0.,-14.063324203,11.234897078,0.;   0000833P0000467
100,0.,0.,0.,-14.063324203,-11.234897078,-11.234897078,          0000835P0000468
-14.063324203;                                                   0000835P0000469
124,1.,0.,0.,0.,0.,-1.,0.,0.,0.,0.,-1.,0.;                       0000837P0000470
110,-11.234897078,14.063324203,0.,-9.192388155,12.02081528,0.;   0000839P0000471
110,-9.192388155,12.02081528,0.,-12.02081528,9.192388155,0.;     0000841P0000472
144,845,1,0,847;                                                 0000843P0000473
108,-0.,-0.,-1.,-0.,0,0.,0.,0.,0.;                               0000845P0000474
142,0,845,0,849,2;                                               0000847P0000475
102,4,851,853,857,859;                                           0000849P0000476
110,-9.192388155,-12.02081528,0.,-11.234897078,-14.063324203,0.; 0000851P0000477
100,0.,0.,0.,-11.234897078,14.063324203,-14.063324203,           0000853P0000478
11.234897078;                                                    0000853P0000479
124,1.,0.,0.,0.,0.,-1.,0.,0.,0.,0.,-1.,0.;                       0000855P0000480
110,-14.063324203,-11.234897078,0.,-12.02081528,-9.192388155,0.; 0000857P0000481
110,-12.02081528,-9.192388155,0.,-9.192388155,-12.02081528,0.;   0000859P0000482
144,863,1,0,869;                                                 0000861P0000483
120,865,867,3.64563275,3.815649803;                              0000863P0000484
110,0.,0.,1.,0.,0.,0.;                                           0000865P0000485
110,18.,0.,0.,18.,0.,7.;                                         0000867P0000486
142,0,863,871,881,3;                                             0000869P0000487
102,4,873,875,877,879;                                           0000871P0000488
110,1.,3.64563275,0.,1.,3.815649803,0.;                          0000873P0000489
110,1.,3.815649803,0.,-7.827184946E-17,3.815649803,0.;           0000875P0000490
110,-7.827184946E-17,3.815649803,0.,-8.366490223E-17,3.64563275, 0000877P0000491
0.;                                                              0000877P0000492
110,-8.366490223E-17,3.64563275,0.,1.,3.64563275,0.;             0000879P0000493
102,4,883,887,889,891;                                           0000881P0000494
100,0.,0.,0.,-15.761492637,-8.693408414,-14.063324203,           0000883P0000495
-11.234897078;                                                   0000883P0000496
124,1.,0.,0.,0.,0.,-1.,0.,0.,0.,0.,-1.,7.;                       0000885P0000497
110,-14.063324203,11.234897078,7.,-14.063324203,11.234897078,0.; 0000887P0000498
100,0.,0.,0.,-14.063324203,11.234897078,-15.761492637,           0000889P0000499
8.693408414;                                                     0000889P0000500
110,-15.761492637,8.693408414,0.,-15.761492637,8.693408414,7.;   0000891P0000501
144,895,1,0,901;                                                 0000893P0000502
120,897,899,2.467535505,2.637552558;                             0000895P0000503
110,0.,0.,1.,0.,0.,0.;                                           0000897P0000504
110,18.,0.,0.,18.,0.,7.;                                         0000899P0000505
142,0,895,903,913,3;                                             0000901P0000506
102,4,905,907,909,911;                                           0000903P0000507
110,1.,2.467535505,0.,1.,2.637552558,0.;                         0000905P0000508
110,1.,2.637552558,0.,-1.156418691E-16,2.637552558,0.;           0000907P0000509
110,-1.156418691E-16,2.637552558,0.,-1.210349219E-16,            0000909P0000510
2.467535505,0.;                                                  0000909P0000511
110,-1.210349219E-16,2.467535505,0.,1.,2.467535505,0.;           0000911P0000512
102,4,915,919,921,923;                                           0000913P0000513
100,0.,0.,0.,-14.063324203,11.234897078,-15.761492637,           0000915P0000514
8.693408414;                                                     0000915P0000515
124,1.,0.,0.,0.,0.,-1.,0.,0.,0.,0.,-1.,7.;                       0000917P0000516
110,-15.761492637,-8.693408414,7.,-15.761492637,-8.693408414,0.; 0000919P0000517
100,0.,0.,0.,-15.761492637,-8.693408414,-14.063324203,           0000921P0000518
-11.234897078;                                                   0000921P0000519
110,-14.063324203,-11.234897078,0.,-14.063324203,-11.234897078,  0000923P0000520
7.;                                                              0000923P0000521
144,927,1,0,929;                                                 0000925P0000522
108,-0.,-0.,-1.,-0.,0,0.,0.,0.,0.;                               0000927P0000523
142,0,927,0,931,2;                                               0000929P0000524
102,4,933,935,939,941;                                           0000931P0000525
110,-14.623559852,3.89249242,0.,-17.292226366,4.997890284,0.;    0000933P0000526
100,0.,0.,0.,-17.292226366,-4.997890284,-15.761492637,           0000935P0000527
-8.693408414;                                                    0000935P0000528
124,1.,0.,0.,0.,0.,-1.,0.,0.,0.,0.,-1.,0.;                       0000937P0000529
110,-15.761492637,8.693408414,0.,-13.092826123,7.58801055,0.;    0000939P0000530
110,-13.092826123,7.58801055,0.,-14.623559852,3.89249242,0.;     0000941P0000531
144,945,1,0,947;                                                 0000943P0000532
108,-0.,-0.,-1.,-0.,0,0.,0.,0.,0.;                               0000945P0000533
142,0,945,0,949,2;                                               0000947P0000534
102,4,951,953,957,959;                                           0000949P0000535
110,-13.092826123,-7.58801055,0.,-15.761492637,-8.693408414,0.;  0000951P0000536
100,0.,0.,0.,-15.761492637,8.693408414,-17.292226366,            0000953P0000537
4.997890284;                                                     0000953P0000538
124,1.,0.,0.,0.,0.,-1.,0.,0.,0.,0.,-1.,0.;                       0000955P0000539
110,-17.292226366,-4.997890284,0.,-14.623559852,-3.89249242,0.;  0000957P0000540
110,-14.623559852,-3.89249242,0.,-13.092826123,-7.58801055,0.;   0000959P0000541
144,963,1,0,969;                                                 0000961P0000542
120,965,967,3.252933668,3.422950721;                             0000963P0000543
110,0.,0.,1.,0.,0.,0.;                                           0000965P0000544
110,18.,0.,0.,18.,0.,7.;                                         0000967P0000545
142,0,963,971,981,3;                                             0000969P0000546
102,4,973,975,977,979;                                           0000971P0000547
110,1.,3.252933668,0.,1.,3.422950721,0.;                         0000973P0000548
110,1.,3.422950721,0.,-9.072852267E-17,3.422950721,0.;           0000975P0000549
110,-9.072852267E-17,3.422950721,0.,-9.612157544E-17,            0000977P0000550
3.252933668,0.;                                                  0000977P0000551
110,-9.612157544E-17,3.252933668,0.,1.,3.252933668,0.;           0000979P0000552
102,4,983,987,989,991;                                           0000981P0000553
100,0.,0.,0.,-17.88854382,-2.,-17.292226366,-4.997890284;        0000983P0000554
124,1.,0.,0.,0.,0.,-1.,0.,0.,0.,0.,-1.,7.;                       0000985P0000555
110,-17.292226366,4.997890284,7.,-17.292226366,4.997890284,0.;   0000987P0000556
100,0.,0.,0.,-17.292226366,4.997890284,-17.88854382,2.;          0000989P0000557
110,-17.88854382,2.,0.,-17.88854382,2.,7.;                       0000991P0000558
144,995,1,0,1001;                                                0000993P0000559
120,997,999,2.860234586,3.030251639;                             0000995P0000560
110,0.,0.,1.,0.,0.,0.;                                           0000997P0000561
110,18.,0.,0.,18.,0.,7.;                                         0000999P0000562
142,0,995,1003,1013,3;                                           0001001P0000563
102,4,1005,1007,1009,1011;                                       0001003P0000564
110,1.,2.860234586,0.,1.,3.030251639,0.;                         0001005P0000565
110,1.,3.030251639,0.,-1.031851959E-16,3.030251639,0.;           0001007P0000566
110,-1.031851959E-16,3.030251639,0.,-1.085782486E-16,            0001009P0000567
2.860234586,0.;                                                  0001009P0000568
110,-1.085782486E-16,2.860234586,0.,1.,2.860234586,0.;           0001011P0000569
102,4,1015,1019,1021,1023;                                       0001013P0000570
100,0.,0.,0.,-17.292226366,4.997890284,-17.88854382,2.;          0001015P0000571
124,1.,0.,0.,0.,0.,-1.,0.,0.,0.,0.,-1.,7.;                       0001017P0000572
110,-17.88854382,-2.,7.,-17.88854382,-2.,0.;                     0001019P0000573
100,0.,0.,0.,-17.88854382,-2.,-17.292226366,-4.997890284;        0001021P0000574
110,-17.292226366,-4.997890284,0.,-17.292226366,-4.997890284,7.; 0001023P0000575
144,1027,1,0,1029;                                               0001025P0000576
108,-0.,-0.,-1.,-0.,0,0.,0.,0.,0.;                               0001027P0000577
142,0,1027,0,1031,2;                                             0001029P0000578
102,4,1033,1035,1039,1041;                                       0001031P0000579
110,-15.,-2.,0.,-17.88854382,-2.,0.;                             0001033P0000580
100,0.,0.,0.,-17.88854382,2.,-17.88854382,-2.;                   0001035P0000581
124,1.,0.,0.,0.,0.,-1.,0.,0.,0.,0.,-1.,0.;                       0001037P0000582
110,-17.88854382,2.,0.,-15.,2.,0.;                               0001039P0000583
110,-15.,2.,0.,-15.,-2.,0.;                                      0001041P0000584
144,1045,1,0,1053;                                               0001043P0000585
120,1049,1051,0.,6.283185307;                                    0001045P0000586
124,1.,0.,0.,0.,0.,-1.,0.,0.,0.,0.,1.,-2.;                       0001047P0000587
110,0.,0.,1.,0.,0.,0.;                                           0001049P0000588
110,7.,0.,2.,7.,0.,9.;                                           0001051P0000589
142,0,1045,1055,1065,3;                                          0001053P0000590
102,4,1057,1059,1061,1063;                                       0001055P0000591
110,-1.268826314E-16,2.220446049E-15,0.,1.,3.774758284E-15,0.;   0001057P0000592
110,1.,3.552713679E-15,0.,1.,6.283185307,0.;                     0001059P0000593
110,1.,6.283185307,0.,6.344131569E-17,6.283185307,0.;            0001061P0000594
110,7.395570986E-32,6.283185307,0.,-1.993067713E-16,             0001063P0000595
1.776356839E-15,0.;                                              0001063P0000596
102,4,1067,1069,1073,1075;                                       0001065P0000597
110,7.,-1.714448895E-15,0.,7.,-1.714448895E-15,7.;               0001067P0000598
100,0.,0.,0.,7.,0.,7.,0.;                                        0001069P0000599
124,1.,0.,0.,0.,0.,1.,0.,0.,0.,0.,1.,7.;                         0001071P0000600
110,7.,-1.714448895E-15,7.,7.,-1.714448895E-15,0.;               0001073P0000601
100,0.,0.,0.,7.,0.,7.,0.;                                        0001075P0000602
124,1.,0.,0.,0.,0.,-1.,0.,0.,0.,0.,-1.,0.;                       0001077P0000603
144,1081,1,0,1083;                                               0001079P0000604
108,0.,0.,1.,7.,0,13.092826123,-7.58801055,7.,0.;                0001081P0000605
142,0,1081,0,1085,2;                                             0001083P0000606
102,4,1087,1089,1093,1095;                                       0001085P0000607
110,21.09071658,-6.571276447,7.,17.292226366,-4.997890284,7.;    0001087P0000608
100,0.,0.,0.,17.292226366,4.997890284,15.761492637,8.693408414;  0001089P0000609
124,1.,0.,0.,0.,0.,-1.,0.,0.,0.,0.,-1.,7.;                       0001091P0000610
110,15.761492637,-8.693408414,7.,19.559982851,-10.266794577,7.;  0001093P0000611
110,19.559982851,-10.266794577,7.,21.09071658,-6.571276447,7.;   0001095P0000612
144,1099,1,0,1101;                                               0001097P0000613
108,-0.,-0.,-1.,0.,0,15.,-2.,0.,0.;                              0001099P0000614
142,0,1099,0,1103,2;                                             0001101P0000615
102,5,1105,1107,1109,1111,1113;                                  0001103P0000616
100,0.,0.,0.,18.,0.,17.88854382,2.;                              0001105P0000617
110,17.88854382,2.,0.,22.,2.,0.;                                 0001107P0000618
110,22.,2.,0.,22.,-2.,0.;                                        0001109P0000619
110,22.,-2.,0.,17.88854382,-2.,0.;                               0001111P0000620
100,0.,0.,0.,17.88854382,-2.,18.,-4.408582874E-15;               0001113P0000621
144,1117,1,1,1119,1283;                                          0001115P0000622
108,0.,0.,1.,7.,0,0.,0.,7.,0.;                                   0001117P0000623
142,0,1117,0,1121,2;                                             0001119P0000624
102,64,1123,1125,1127,1131,1133,1135,1137,1141,1143,1145,1147,   0001121P0000625
1151,1153,1155,1157,1161,1163,1165,1167,1171,1173,1175,1177,     0001121P0000626
1181,1183,1185,1187,1191,1193,1195,1197,1201,1203,1205,1207,     0001121P0000627
1211,1213,1215,1217,1221,1223,1225,1227,1231,1233,1235,1237,     0001121P0000628
1241,1243,1245,1247,1251,1253,1255,1257,1261,1263,1265,1267,     0001121P0000629
1271,1273,1275,1277,1281;                                        0001121P0000630
110,15.,-2.,7.,15.,2.,7.;                                        0001123P0000631
110,15.,2.,7.,17.88854382,2.,7.;                                 0001125P0000632
100,0.,0.,0.,17.88854382,2.,17.292226366,4.997890284;            0001127P0000633
124,1.,0.,0.,0.,0.,1.,0.,0.,0.,0.,1.,7.;                         0001129P0000634
110,17.292226366,4.997890284,7.,14.623559852,3.89249242,7.;      0001131P0000635
110,14.623559852,3.89249242,7.,13.092826123,7.58801055,7.;       0001133P0000636
110,13.092826123,7.58801055,7.,15.761492637,8.693408414,7.;      0001135P0000637
100,0.,0.,0.,15.761492637,8.693408414,14.063324203,11.234897078; 0001137P0000638
124,1.,0.,0.,0.,0.,1.,0.,0.,0.,0.,1.,7.;                         0001139P0000639
110,14.063324203,11.234897078,7.,12.02081528,9.192388155,7.;     0001141P0000640
110,12.02081528,9.192388155,7.,9.192388155,12.02081528,7.;       0001143P0000641
110,9.192388155,12.02081528,7.,11.234897078,14.063324203,7.;     0001145P0000642
100,0.,0.,0.,11.234897078,14.063324203,8.693408414,15.761492637; 0001147P0000643
124,1.,0.,0.,0.,0.,1.,0.,0.,0.,0.,1.,7.;                         0001149P0000644
110,8.693408414,15.761492637,7.,7.58801055,13.092826123,7.;      0001151P0000645
110,7.58801055,13.092826123,7.,3.89249242,14.623559852,7.;       0001153P0000646
110,3.89249242,14.623559852,7.,4.997890284,17.292226366,7.;      0001155P0000647
100,0.,0.,0.,4.997890284,17.292226366,2.,17.88854382;            0001157P0000648
124,1.,0.,0.,0.,0.,1.,0.,0.,0.,0.,1.,7.;                         0001159P0000649
110,2.,17.88854382,7.,2.,15.,7.;                                 0001161P0000650
110,2.,15.,7.,-2.,15.,7.;                                        0001163P0000651
110,-2.,15.,7.,-2.,17.88854382,7.;                               0001165P0000652
100,0.,0.,0.,-2.,17.88854382,-4.997890284,17.292226366;          0001167P0000653
124,1.,0.,0.,0.,0.,1.,0.,0.,0.,0.,1.,7.;                         0001169P0000654
110,-4.997890284,17.292226366,7.,-3.89249242,14.623559852,7.;    0001171P0000655
110,-3.89249242,14.623559852,7.,-7.58801055,13.092826123,7.;     0001173P0000656
110,-7.58801055,13.092826123,7.,-8.693408414,15.761492637,7.;    0001175P0000657
100,0.,0.,0.,-8.693408414,15.761492637,-11.234897078,            0001177P0000658
14.063324203;                                                    0001177P0000659
124,1.,0.,0.,0.,0.,1.,0.,0.,0.,0.,1.,7.;                         0001179P0000660
110,-11.234897078,14.063324203,7.,-9.192388155,12.02081528,7.;   0001181P0000661
110,-9.192388155,12.02081528,7.,-12.02081528,9.192388155,7.;     0001183P0000662
110,-12.02081528,9.192388155,7.,-14.063324203,11.234897078,7.;   0001185P0000663
100,0.,0.,0.,-14.063324203,11.234897078,-15.761492637,           0001187P0000664
8.693408414;                                                     0001187P0000665
124,1.,0.,0.,0.,0.,1.,0.,0.,0.,0.,1.,7.;                         0001189P0000666
110,-15.761492637,8.693408414,7.,-13.092826123,7.58801055,7.;    0001191P0000667
110,-13.092826123,7.58801055,7.,-14.623559852,3.89249242,7.;     0001193P0000668
110,-14.623559852,3.89249242,7.,-17.292226366,4.997890284,7.;    0001195P0000669
100,0.,0.,0.,-17.292226366,4.997890284,-17.88854382,2.;          0001197P0000670
124,1.,0.,0.,0.,0.,1.,0.,0.,0.,0.,1.,7.;                         0001199P0000671
110,-17.88854382,2.,7.,-15.,2.,7.;                               0001201P0000672
110,-15.,2.,7.,-15.,-2.,7.;                                      0001203P0000673
110,-15.,-2.,7.,-17.88854382,-2.,7.;                             0001205P0000674
100,0.,0.,0.,-17.88854382,-2.,-17.292226366,-4.997890284;        0001207P0000675
124,1.,0.,0.,0.,0.,1.,0.,0.,0.,0.,1.,7.;                         0001209P0000676
110,-17.292226366,-4.997890284,7.,-14.623559852,-3.89249242,7.;  0001211P0000677
110,-14.623559852,-3.89249242,7.,-13.092826123,-7.58801055,7.;   0001213P0000678
110,-13.092826123,-7.58801055,7.,-15.761492637,-8.693408414,7.;  0001215P0000679
100,0.,0.,0.,-15.761492637,-8.693408414,-14.063324203,           0001217P0000680
-11.234897078;                                                   0001217P0000681
124,1.,0.,0.,0.,0.,1.,0.,0.,0.,0.,1.,7.;                         0001219P0000682
110,-14.063324203,-11.234897078,7.,-12.02081528,-9.192388155,7.; 0001221P0000683
110,-12.02081528,-9.192388155,7.,-9.192388155,-12.02081528,7.;   0001223P0000684
110,-9.192388155,-12.02081528,7.,-11.234897078,-14.063324203,7.; 0001225P0000685
100,0.,0.,0.,-11.234897078,-14.063324203,-8.693408414,           0001227P0000686
-15.761492637;                                                   0001227P0000687
124,1.,0.,0.,0.,0.,1.,0.,0.,0.,0.,1.,7.;                         0001229P0000688
110,-8.693408414,-15.761492637,7.,-7.58801055,-13.092826123,7.;  0001231P0000689
110,-7.58801055,-13.092826123,7.,-3.89249242,-14.623559852,7.;   0001233P0000690
110,-3.89249242,-14.623559852,7.,-4.997890284,-17.292226366,7.;  0001235P0000691
100,0.,0.,0.,-4.997890284,-17.292226366,-2.,-17.88854382;        0001237P0000692
124,1.,0.,0.,0.,0.,1.,0.,0.,0.,0.,1.,7.;                         0001239P0000693
110,-2.,-17.88854382,7.,-2.,-15.,7.;                             0001241P0000694
110,-2.,-15.,7.,2.,-15.,7.;                                      0001243P0000695
110,2.,-15.,7.,2.,-17.88854382,7.;                               0001245P0000696
100,0.,0.,0.,2.,-17.88854382,4.997890284,-17.292226366;          0001247P0000697
124,1.,0.,0.,0.,0.,1.,0.,0.,0.,0.,1.,7.;                         0001249P0000698
110,4.997890284,-17.292226366,7.,3.89249242,-14.623559852,7.;    0001251P0000699
110,3.89249242,-14.623559852,7.,7.58801055,-13.092826123,7.;     0001253P0000700
110,7.58801055,-13.092826123,7.,8.693408414,-15.761492637,7.;    0001255P0000701
100,0.,0.,0.,8.693408414,-15.761492637,11.234897078,             0001257P0000702
-14.063324203;                                                   0001257P0000703
124,1.,0.,0.,0.,0.,1.,0.,0.,0.,0.,1.,7.;                         0001259P0000704
110,11.234897078,-14.063324203,7.,9.192388155,-12.02081528,7.;   0001261P0000705
110,9.192388155,-12.02081528,7.,12.02081528,-9.192388155,7.;     0001263P0000706
110,12.02081528,-9.192388155,7.,14.063324203,-11.234897078,7.;   0001265P0000707
100,0.,0.,0.,14.063324203,-11.234897078,15.761492637,            0001267P0000708
-8.693408414;                                                    0001267P0000709
124,1.,0.,0.,0.,0.,1.,0.,0.,0.,0.,1.,7.;                         0001269P0000710
110,15.761492637,-8.693408414,7.,13.092826123,-7.58801055,7.;    0001271P0000711
110,13.092826123,-7.58801055,7.,14.623559852,-3.89249242,7.;     0001273P0000712
110,14.623559852,-3.89249242,7.,17.292226366,-4.997890284,7.;    0001275P0000713
100,0.,0.,0.,17.292226366,-4.997890284,17.88854382,-2.;          0001277P0000714
124,1.,0.,0.,0.,0.,1.,0.,0.,0.,0.,1.,7.;                         0001279P0000715
110,17.88854382,-2.,7.,15.,-2.,7.;                               0001281P0000716
142,0,1117,0,1285,2;                                             0001283P0000717
100,0.,0.,0.,7.,0.,7.,0.;                                        0001285P0000718
124,1.,0.,0.,0.,0.,-1.,0.,0.,0.,0.,-1.,7.;                       0001287P0000719
144,1291,1,0,1293;                                               0001289P0000720
108,0.382683432,-0.923879533,-0.,2.,0,14.623559852,3.89249242,   0001291P0000721
0.,0.;                                                           0001291P0000722
142,0,1291,0,1295,2;                                             0001293P0000723
102,4,1297,1299,1301,1303;                                       0001295P0000724
110,17.292226366,4.997890284,7.,17.292226366,4.997890284,0.;     0001297P0000725
110,17.292226366,4.997890284,0.,21.09071658,6.571276447,0.;      0001299P0000726
110,21.09071658,6.571276447,0.,21.09071658,6.571276447,7.;       0001301P0000727
110,21.09071658,6.571276447,7.,17.292226366,4.997890284,7.;      0001303P0000728
144,1307,1,0,1309;                                               0001305P0000729
108,0.,1.,0.,2.,0,15.,2.,0.,0.;                                  0001307P0000730
142,0,1307,0,1311,2;                                             0001309P0000731
102,4,1313,1315,1317,1319;                                       0001311P0000732
110,22.,2.,0.,17.88854382,2.,0.;                                 0001313P0000733
110,17.88854382,2.,0.,17.88854382,2.,7.;                         0001315P0000734
110,17.88854382,2.,7.,22.,2.,7.;                                 0001317P0000735
110,22.,2.,7.,22.,2.,0.;                                         0001319P0000736
144,1323,1,0,1325;                                               0001321P0000737
108,-0.,-1.,-0.,2.,0,15.,-2.,0.,0.;                              0001323P0000738
142,0,1323,0,1327,2;                                             0001325P0000739
102,4,1329,1331,1333,1335;                                       0001327P0000740
110,17.88854382,-2.,7.,17.88854382,-2.,0.;                       0001329P0000741
110,17.88854382,-2.,0.,22.,-2.,0.;                               0001331P0000742
110,22.,-2.,0.,22.,-2.,7.;                                       0001333P0000743
110,22.,-2.,7.,17.88854382,-2.,7.;                               0001335P0000744
144,1339,1,0,1341;                                               0001337P0000745
108,-0.,-0.,-1.,-0.,0,14.623559852,3.89249242,0.,0.;             0001339P0000746
142,0,1339,0,1343,2;                                             0001341P0000747
102,4,1345,1347,1349,1351;                                       0001343P0000748
100,0.,0.,0.,17.292226366,4.997890284,15.761492637,8.693408414;  0001345P0000749
110,15.761492637,8.693408414,0.,19.559982851,10.266794577,0.;    0001347P0000750
110,19.559982851,10.266794577,0.,21.09071658,6.571276447,0.;     0001349P0000751
110,21.09071658,6.571276447,0.,17.292226366,4.997890284,0.;      0001351P0000752
144,1355,1,0,1357;                                               0001353P0000753
108,0.707106781,-0.707106781,-0.,2.,0,12.02081528,9.192388155,   0001355P0000754
0.,0.;                                                           0001355P0000755
142,0,1355,0,1359,2;                                             0001357P0000756
102,4,1361,1363,1365,1367;                                       0001359P0000757
110,14.063324203,11.234897078,7.,14.063324203,11.234897078,0.;   0001361P0000758
110,14.063324203,11.234897078,0.,16.970562748,14.142135624,0.;   0001363P0000759
110,16.970562748,14.142135624,0.,16.970562748,14.142135624,7.;   0001365P0000760
110,16.970562748,14.142135624,7.,14.063324203,11.234897078,7.;   0001367P0000761
144,1371,1,0,1373;                                               0001369P0000762
108,-0.382683432,0.923879533,0.,2.,0,13.092826123,7.58801055,0., 0001371P0000763
0.;                                                              0001371P0000764
142,0,1371,0,1375,2;                                             0001373P0000765
102,4,1377,1379,1381,1383;                                       0001375P0000766
110,19.559982851,10.266794577,0.,15.761492637,8.693408414,0.;    0001377P0000767
110,15.761492637,8.693408414,0.,15.761492637,8.693408414,7.;     0001379P0000768
110,15.761492637,8.693408414,7.,19.559982851,10.266794577,7.;    0001381P0000769
110,19.559982851,10.266794577,7.,19.559982851,10.266794577,0.;   0001383P0000770
144,1387,1,0,1389;                                               0001385P0000771
108,0.707106781,0.707106781,0.,2.,0,12.02081528,-9.192388155,0., 0001387P0000772
0.;                                                              0001387P0000773
142,0,1387,0,1391,2;                                             0001389P0000774
102,4,1393,1395,1397,1399;                                       0001391P0000775
110,16.970562748,-14.142135624,0.,14.063324203,-11.234897078,0.; 0001393P0000776
110,14.063324203,-11.234897078,0.,14.063324203,-11.234897078,7.; 0001395P0000777
110,14.063324203,-11.234897078,7.,16.970562748,-14.142135624,7.; 0001397P0000778
110,16.970562748,-14.142135624,7.,16.970562748,-14.142135624,0.; 0001399P0000779
144,1403,1,0,1405;                                               0001401P0000780
108,-0.,-0.,-1.,-0.,0,12.02081528,9.192388155,0.,0.;             0001403P0000781
142,0,1403,0,1407,2;                                             0001405P0000782
102,4,1409,1411,1413,1415;                                       0001407P0000783
100,0.,0.,0.,14.063324203,11.234897078,11.234897078,             0001409P0000784
14.063324203;                                                    0001409P0000785
110,11.234897078,14.063324203,0.,14.142135624,16.970562748,0.;   0001411P0000786
110,14.142135624,16.970562748,0.,16.970562748,14.142135624,0.;   0001413P0000787
110,16.970562748,14.142135624,0.,14.063324203,11.234897078,0.;   0001415P0000788
144,1419,1,0,1421;                                               0001417P0000789
108,-0.,-0.,-1.,0.,0,9.192388155,-12.02081528,0.,0.;             0001419P0000790
142,0,1419,0,1423,2;                                             0001421P0000791
102,4,1425,1427,1429,1431;                                       0001423P0000792
100,0.,0.,0.,11.234897078,-14.063324203,14.063324203,            0001425P0000793
-11.234897078;                                                   0001425P0000794
110,14.063324203,-11.234897078,0.,16.970562748,-14.142135624,0.; 0001427P0000795
110,16.970562748,-14.142135624,0.,14.142135624,-16.970562748,0.; 0001429P0000796
110,14.142135624,-16.970562748,0.,11.234897078,-14.063324203,0.; 0001431P0000797
144,1435,1,0,1437;                                               0001433P0000798
108,0.923879533,-0.382683432,-0.,2.,0,7.58801055,13.092826123,   0001435P0000799
0.,0.;                                                           0001435P0000800
142,0,1435,0,1439,2;                                             0001437P0000801
102,4,1441,1443,1445,1447;                                       0001439P0000802
110,8.693408414,15.761492637,7.,8.693408414,15.761492637,0.;     0001441P0000803
110,8.693408414,15.761492637,0.,10.266794577,19.559982851,0.;    0001443P0000804
110,10.266794577,19.559982851,0.,10.266794577,19.559982851,7.;   0001445P0000805
110,10.266794577,19.559982851,7.,8.693408414,15.761492637,7.;    0001447P0000806
144,1451,1,0,1453;                                               0001449P0000807
108,-0.707106781,0.707106781,0.,2.,0,9.192388155,12.02081528,0., 0001451P0000808
0.;                                                              0001451P0000809
142,0,1451,0,1455,2;                                             0001453P0000810
102,4,1457,1459,1461,1463;                                       0001455P0000811
110,14.142135624,16.970562748,0.,11.234897078,14.063324203,0.;   0001457P0000812
110,11.234897078,14.063324203,0.,11.234897078,14.063324203,7.;   0001459P0000813
110,11.234897078,14.063324203,7.,14.142135624,16.970562748,7.;   0001461P0000814
110,14.142135624,16.970562748,7.,14.142135624,16.970562748,0.;   0001463P0000815
144,1467,1,0,1469;                                               0001465P0000816
108,-0.707106781,-0.707106781,-0.,2.,0,9.192388155,-12.02081528, 0001467P0000817
0.,0.;                                                           0001467P0000818
142,0,1467,0,1471,2;                                             0001469P0000819
102,4,1473,1475,1477,1479;                                       0001471P0000820
110,11.234897078,-14.063324203,7.,11.234897078,-14.063324203,0.; 0001473P0000821
110,11.234897078,-14.063324203,0.,14.142135624,-16.970562748,0.; 0001475P0000822
110,14.142135624,-16.970562748,0.,14.142135624,-16.970562748,7.; 0001477P0000823
110,14.142135624,-16.970562748,7.,11.234897078,-14.063324203,7.; 0001479P0000824
144,1483,1,0,1485;                                               0001481P0000825
108,0.923879533,0.382683432,0.,2.,0,7.58801055,-13.092826123,0., 0001483P0000826
0.;                                                              0001483P0000827
142,0,1483,0,1487,2;                                             0001485P0000828
102,4,1489,1491,1493,1495;                                       0001487P0000829
110,10.266794577,-19.559982851,0.,8.693408414,-15.761492637,0.;  0001489P0000830
110,8.693408414,-15.761492637,0.,8.693408414,-15.761492637,7.;   0001491P0000831
110,8.693408414,-15.761492637,7.,10.266794577,-19.559982851,7.;  0001493P0000832
110,10.266794577,-19.559982851,7.,10.266794577,-19.559982851,0.; 0001495P0000833
144,1499,1,0,1501;                                               0001497P0000834
108,-0.,-0.,-1.,-0.,0,7.58801055,13.092826123,0.,0.;             0001499P0000835
142,0,1499,0,1503,2;                                             0001501P0000836
102,4,1505,1507,1509,1511;                                       0001503P0000837
100,0.,0.,0.,8.693408414,15.761492637,4.997890284,17.292226366;  0001505P0000838
110,4.997890284,17.292226366,0.,6.571276447,21.09071658,0.;      0001507P0000839
110,6.571276447,21.09071658,0.,10.266794577,19.559982851,0.;     0001509P0000840
110,10.266794577,19.559982851,0.,8.693408414,15.761492637,0.;    0001511P0000841
144,1515,1,0,1517;                                               0001513P0000842
108,-0.,-0.,-1.,0.,0,3.89249242,-14.623559852,0.,0.;             0001515P0000843
142,0,1515,0,1519,2;                                             0001517P0000844
102,4,1521,1523,1525,1527;                                       0001519P0000845
100,0.,0.,0.,4.997890284,-17.292226366,8.693408414,              0001521P0000846
-15.761492637;                                                   0001521P0000847
110,8.693408414,-15.761492637,0.,10.266794577,-19.559982851,0.;  0001523P0000848
110,10.266794577,-19.559982851,0.,6.571276447,-21.09071658,0.;   0001525P0000849
110,6.571276447,-21.09071658,0.,4.997890284,-17.292226366,0.;    0001527P0000850
144,1531,1,0,1533;                                               0001529P0000851
108,1.,-1.110223025E-16,-0.,2.,0,2.,15.,0.,0.;                   0001531P0000852
142,0,1531,0,1535,2;                                             0001533P0000853
102,4,1537,1539,1541,1543;                                       0001535P0000854
110,2.,17.88854382,7.,2.,17.88854382,0.;                         0001537P0000855
110,2.,17.88854382,0.,2.,22.,0.;                                 0001539P0000856
110,2.,22.,0.,2.,22.,7.;                                         0001541P0000857
110,2.,22.,7.,2.,17.88854382,7.;                                 0001543P0000858
144,1547,1,0,1549;                                               0001545P0000859
108,-0.923879533,0.382683432,0.,2.,0,3.89249242,14.623559852,0., 0001547P0000860
0.;                                                              0001547P0000861
142,0,1547,0,1551,2;                                             0001549P0000862
102,4,1553,1555,1557,1559;                                       0001551P0000863
110,6.571276447,21.09071658,0.,4.997890284,17.292226366,0.;      0001553P0000864
110,4.997890284,17.292226366,0.,4.997890284,17.292226366,7.;     0001555P0000865
110,4.997890284,17.292226366,7.,6.571276447,21.09071658,7.;      0001557P0000866
110,6.571276447,21.09071658,7.,6.571276447,21.09071658,0.;       0001559P0000867
144,1563,1,0,1565;                                               0001561P0000868
108,-0.923879533,-0.382683432,-0.,2.,0,3.89249242,-14.623559852, 0001563P0000869
0.,0.;                                                           0001563P0000870
142,0,1563,0,1567,2;                                             0001565P0000871
102,4,1569,1571,1573,1575;                                       0001567P0000872
110,4.997890284,-17.292226366,7.,4.997890284,-17.292226366,0.;   0001569P0000873
110,4.997890284,-17.292226366,0.,6.571276447,-21.09071658,0.;    0001571P0000874
110,6.571276447,-21.09071658,0.,6.571276447,-21.09071658,7.;     0001573P0000875
110,6.571276447,-21.09071658,7.,4.997890284,-17.292226366,7.;    0001575P0000876
144,1579,1,0,1581;                                               0001577P0000877
108,1.,-2.220446049E-16,0.,2.,0,2.,-15.,0.,0.;                   0001579P0000878
142,0,1579,0,1583,2;                                             0001581P0000879
102,4,1585,1587,1589,1591;                                       0001583P0000880
110,2.,-22.,0.,2.,-17.88854382,0.;                               0001585P0000881
110,2.,-17.88854382,0.,2.,-17.88854382,7.;                       0001587P0000882
110,2.,-17.88854382,7.,2.,-22.,7.;                               0001589P0000883
110,2.,-22.,7.,2.,-22.,0.;                                       0001591P0000884
144,1595,1,0,1597;                                               0001593P0000885
108,-0.,-0.,-1.,-0.,0,2.,15.,0.,0.;                              0001595P0000886
142,0,1595,0,1599,2;                                             0001597P0000887
102,4,1601,1603,1605,1607;                                       0001599P0000888
100,0.,0.,0.,2.,17.88854382,-2.,17.88854382;                     0001601P0000889
110,-2.,17.88854382,0.,-2.,22.,0.;                               0001603P0000890
110,-2.,22.,0.,2.,22.,0.;                                        0001605P0000891
110,2.,22.,0.,2.,17.88854382,0.;                                 0001607P0000892
144,1611,1,0,1613;                                               0001609P0000893
108,-0.,-0.,-1.,0.,0,-2.,-15.,0.,0.;                             0001611P0000894
142,0,1611,0,1615,2;                                             0001613P0000895
102,4,1617,1619,1621,1623;                                       0001615P0000896
100,0.,0.,0.,-2.,-17.88854382,2.,-17.88854382;                   0001617P0000897
110,2.,-17.88854382,0.,2.,-22.,0.;                               0001619P0000898
110,2.,-22.,0.,-2.,-22.,0.;                                      0001621P0000899
110,-2.,-22.,0.,-2.,-17.88854382,0.;                             0001623P0000900
144,1627,1,0,1629;                                               0001625P0000901
108,0.923879533,0.382683432,-0.,2.,0,-3.89249242,14.623559852,   0001627P0000902
0.,0.;                                                           0001627P0000903
142,0,1627,0,1631,2;                                             0001629P0000904
102,4,1633,1635,1637,1639;                                       0001631P0000905
110,-4.997890284,17.292226366,7.,-4.997890284,17.292226366,0.;   0001633P0000906
110,-4.997890284,17.292226366,0.,-6.571276447,21.09071658,0.;    0001635P0000907
110,-6.571276447,21.09071658,0.,-6.571276447,21.09071658,7.;     0001637P0000908
110,-6.571276447,21.09071658,7.,-4.997890284,17.292226366,7.;    0001639P0000909
144,1643,1,0,1645;                                               0001641P0000910
108,-1.,1.110223025E-16,0.,2.,0,-2.,15.,0.,0.;                   0001643P0000911
142,0,1643,0,1647,2;                                             0001645P0000912
102,4,1649,1651,1653,1655;                                       0001647P0000913
110,-2.,22.,0.,-2.,17.88854382,0.;                               0001649P0000914
110,-2.,17.88854382,0.,-2.,17.88854382,7.;                       0001651P0000915
110,-2.,17.88854382,7.,-2.,22.,7.;                               0001653P0000916
110,-2.,22.,7.,-2.,22.,0.;                                       0001655P0000917
144,1659,1,0,1661;                                               0001657P0000918
108,-1.,2.220446049E-16,-0.,2.,0,-2.,-15.,0.,0.;                 0001659P0000919
142,0,1659,0,1663,2;                                             0001661P0000920
102,4,1665,1667,1669,1671;                                       0001663P0000921
110,-2.,-17.88854382,7.,-2.,-17.88854382,0.;                     0001665P0000922
110,-2.,-17.88854382,0.,-2.,-22.,0.;                             0001667P0000923
110,-2.,-22.,0.,-2.,-22.,7.;                                     0001669P0000924
110,-2.,-22.,7.,-2.,-17.88854382,7.;                             0001671P0000925
144,1675,1,0,1677;                                               0001673P0000926
108,0.923879533,-0.382683432,0.,2.,0,-3.89249242,-14.623559852,  0001675P0000927
0.,0.;                                                           0001675P0000928
142,0,1675,0,1679,2;                                             0001677P0000929
102,4,1681,1683,1685,1687;                                       0001679P0000930
110,-6.571276447,-21.09071658,0.,-4.997890284,-17.292226366,0.;  0001681P0000931
110,-4.997890284,-17.292226366,0.,-4.997890284,-17.292226366,7.; 0001683P0000932
110,-4.997890284,-17.292226366,7.,-6.571276447,-21.09071658,7.;  0001685P0000933
110,-6.571276447,-21.09071658,7.,-6.571276447,-21.09071658,0.;   0001687P0000934
144,1691,1,0,1693;                                               0001689P0000935
108,-0.,-0.,-1.,0.,0,-3.89249242,14.623559852,0.,0.;             0001691P0000936
142,0,1691,0,1695,2;                                             0001693P0000937
102,4,1697,1699,1701,1703;                                       0001695P0000938
100,0.,0.,0.,-4.997890284,17.292226366,-8.693408414,             0001697P0000939
15.761492637;                                                    0001697P0000940
110,-8.693408414,15.761492637,0.,-10.266794577,19.559982851,0.;  0001699P0000941
110,-10.266794577,19.559982851,0.,-6.571276447,21.09071658,0.;   0001701P0000942
110,-6.571276447,21.09071658,0.,-4.997890284,17.292226366,0.;    0001703P0000943
144,1707,1,0,1709;                                               0001705P0000944
108,-0.,-0.,-1.,0.,0,-7.58801055,-13.092826123,0.,0.;            0001707P0000945
142,0,1707,0,1711,2;                                             0001709P0000946
102,4,1713,1715,1717,1719;                                       0001711P0000947
100,0.,0.,0.,-8.693408414,-15.761492637,-4.997890284,            0001713P0000948
-17.292226366;                                                   0001713P0000949
110,-4.997890284,-17.292226366,0.,-6.571276447,-21.09071658,0.;  0001715P0000950
110,-6.571276447,-21.09071658,0.,-10.266794577,-19.559982851,0.; 0001717P0000951
110,-10.266794577,-19.559982851,0.,-8.693408414,-15.761492637,   0001719P0000952
0.;                                                              0001719P0000953
144,1723,1,0,1725;                                               0001721P0000954
108,0.707106781,0.707106781,-0.,2.,0,-9.192388155,12.02081528,   0001723P0000955
0.,0.;                                                           0001723P0000956
142,0,1723,0,1727,2;                                             0001725P0000957
102,4,1729,1731,1733,1735;                                       0001727P0000958
110,-11.234897078,14.063324203,7.,-11.234897078,14.063324203,0.; 0001729P0000959
110,-11.234897078,14.063324203,0.,-14.142135624,16.970562748,0.; 0001731P0000960
110,-14.142135624,16.970562748,0.,-14.142135624,16.970562748,7.; 0001733P0000961
110,-14.142135624,16.970562748,7.,-11.234897078,14.063324203,7.; 0001735P0000962
144,1739,1,0,1741;                                               0001737P0000963
108,-0.923879533,-0.382683432,0.,2.,0,-7.58801055,13.092826123,  0001739P0000964
0.,0.;                                                           0001739P0000965
142,0,1739,0,1743,2;                                             0001741P0000966
102,4,1745,1747,1749,1751;                                       0001743P0000967
110,-10.266794577,19.559982851,0.,-8.693408414,15.761492637,0.;  0001745P0000968
110,-8.693408414,15.761492637,0.,-8.693408414,15.761492637,7.;   0001747P0000969
110,-8.693408414,15.761492637,7.,-10.266794577,19.559982851,7.;  0001749P0000970
110,-10.266794577,19.559982851,7.,-10.266794577,19.559982851,0.; 0001751P0000971
144,1755,1,0,1757;                                               0001753P0000972
108,-0.923879533,0.382683432,-0.,2.,0,-7.58801055,-13.092826123, 0001755P0000973
0.,0.;                                                           0001755P0000974
142,0,1755,0,1759,2;                                             0001757P0000975
102,4,1761,1763,1765,1767;                                       0001759P0000976
110,-8.693408414,-15.761492637,7.,-8.693408414,-15.761492637,0.; 0001761P0000977
110,-8.693408414,-15.761492637,0.,-10.266794577,-19.559982851,   0001763P0000978
0.;                                                              0001763P0000979
110,-10.266794577,-19.559982851,0.,-10.266794577,-19.559982851,  0001765P0000980
7.;                                                              0001765P0000981
110,-10.266794577,-19.559982851,7.,-8.693408414,-15.761492637,   0001767P0000982
7.;                                                              0001767P0000983
144,1771,1,0,1773;                                               0001769P0000984
108,0.707106781,-0.707106781,0.,2.,0,-9.192388155,-12.02081528,  0001771P0000985
0.,0.;                                                           0001771P0000986
142,0,1771,0,1775,2;                                             0001773P0000987
102,4,1777,1779,1781,1783;                                       0001775P0000988
110,-14.142135624,-16.970562748,0.,-11.234897078,-14.063324203,  0001777P0000989
0.;                                                              0001777P0000990
110,-11.234897078,-14.063324203,0.,-11.234897078,-14.063324203,  0001779P0000991
7.;                                                              0001779P0000992
110,-11.234897078,-14.063324203,7.,-14.142135624,-16.970562748,  0001781P0000993
7.;                                                              0001781P0000994
110,-14.142135624,-16.970562748,7.,-14.142135624,-16.970562748,  0001783P0000995
0.;                                                              0001783P0000996
144,1787,1,0,1789;                                               0001785P0000997
108,-0.,-0.,-1.,0.,0,-9.192388155,12.02081528,0.,0.;             0001787P0000998
142,0,1787,0,1791,2;                                             0001789P0000999
102,4,1793,1795,1797,1799;                                       0001791P0001000
100,0.,0.,0.,-11.234897078,14.063324203,-14.063324203,           0001793P0001001
11.234897078;                                                    0001793P0001002
110,-14.063324203,11.234897078,0.,-16.970562748,14.142135624,0.; 0001795P0001003
110,-16.970562748,14.142135624,0.,-14.142135624,16.970562748,0.; 0001797P0001004
110,-14.142135624,16.970562748,0.,-11.234897078,14.063324203,0.; 0001799P0001005
144,1803,1,0,1805;                                               0001801P0001006
108,-0.,-0.,-1.,0.,0,-12.02081528,-9.192388155,0.,0.;            0001803P0001007
142,0,1803,0,1807,2;                                             0001805P0001008
102,4,1809,1811,1813,1815;                                       0001807P0001009
100,0.,0.,0.,-14.063324203,-11.234897078,-11.234897078,          0001809P0001010
-14.063324203;                                                   0001809P0001011
110,-11.234897078,-14.063324203,0.,-14.142135624,-16.970562748,  0001811P0001012
0.;                                                              0001811P0001013
110,-14.142135624,-16.970562748,0.,-16.970562748,-14.142135624,  0001813P0001014
0.;                                                              0001813P0001015
110,-16.970562748,-14.142135624,0.,-14.063324203,-11.234897078,  0001815P0001016
0.;                                                              0001815P0001017
144,1819,1,0,1821;                                               0001817P0001018
108,0.382683432,0.923879533,-0.,2.,0,-13.092826123,7.58801055,   0001819P0001019
0.,0.;                                                           0001819P0001020
142,0,1819,0,1823,2;                                             0001821P0001021
102,4,1825,1827,1829,1831;                                       0001823P0001022
110,-15.761492637,8.693408414,7.,-15.761492637,8.693408414,0.;   0001825P0001023
110,-15.761492637,8.693408414,0.,-19.559982851,10.266794577,0.;  0001827P0001024
110,-19.559982851,10.266794577,0.,-19.559982851,10.266794577,7.; 0001829P0001025
110,-19.559982851,10.266794577,7.,-15.761492637,8.693408414,7.;  0001831P0001026
144,1835,1,0,1837;                                               0001833P0001027
108,-0.707106781,-0.707106781,0.,2.,0,-12.02081528,9.192388155,  0001835P0001028
0.,0.;                                                           0001835P0001029
142,0,1835,0,1839,2;                                             0001837P0001030
102,4,1841,1843,1845,1847;                                       0001839P0001031
110,-16.970562748,14.142135624,0.,-14.063324203,11.234897078,0.; 0001841P0001032
110,-14.063324203,11.234897078,0.,-14.063324203,11.234897078,7.; 0001843P0001033
110,-14.063324203,11.234897078,7.,-16.970562748,14.142135624,7.; 0001845P0001034
110,-16.970562748,14.142135624,7.,-16.970562748,14.142135624,0.; 0001847P0001035
144,1851,1,0,1853;                                               0001849P0001036
108,-0.707106781,0.707106781,-0.,2.,0,-12.02081528,-9.192388155, 0001851P0001037
0.,0.;                                                           0001851P0001038
142,0,1851,0,1855,2;                                             0001853P0001039
102,4,1857,1859,1861,1863;                                       0001855P0001040
110,-14.063324203,-11.234897078,7.,-14.063324203,-11.234897078,  0001857P0001041
0.;                                                              0001857P0001042
110,-14.063324203,-11.234897078,0.,-16.970562748,-14.142135624,  0001859P0001043
0.;                                                              0001859P0001044
110,-16.970562748,-14.142135624,0.,-16.970562748,-14.142135624,  0001861P0001045
7.;                                                              0001861P0001046
110,-16.970562748,-14.142135624,7.,-14.063324203,-11.234897078,  0001863P0001047
7.;                                                              0001863P0001048
144,1867,1,0,1869;                                               0001865P0001049
108,0.382683432,-0.923879533,0.,2.,0,-13.092826123,-7.58801055,  0001867P0001050
0.,0.;                                                           0001867P0001051
142,0,1867,0,1871,2;                                             0001869P0001052
102,4,1873,1875,1877,1879;                                       0001871P0001053
110,-19.559982851,-10.266794577,0.,-15.761492637,-8.693408414,   0001873P0001054
0.;                                                              0001873P0001055
110,-15.761492637,-8.693408414,0.,-15.761492637,-8.693408414,7.; 0001875P0001056
110,-15.761492637,-8.693408414,7.,-19.559982851,-10.266794577,   0001877P0001057
7.;                                                              0001877P0001058
110,-19.559982851,-10.266794577,7.,-19.559982851,-10.266794577,  0001879P0001059
0.;                                                              0001879P0001060
144,1883,1,0,1885;                                               0001881P0001061
108,-0.,-0.,-1.,0.,0,-13.092826123,7.58801055,0.,0.;             0001883P0001062
142,0,1883,0,1887,2;                                             0001885P0001063
102,4,1889,1891,1893,1895;                                       0001887P0001064
100,0.,0.,0.,-15.761492637,8.693408414,-17.292226366,            0001889P0001065
4.997890284;                                                     0001889P0001066
110,-17.292226366,4.997890284,0.,-21.09071658,6.571276447,0.;    0001891P0001067
110,-21.09071658,6.571276447,0.,-19.559982851,10.266794577,0.;   0001893P0001068
110,-19.559982851,10.266794577,0.,-15.761492637,8.693408414,0.;  0001895P0001069
144,1899,1,0,1901;                                               0001897P0001070
108,-0.,-0.,-1.,0.,0,-14.623559852,-3.89249242,0.,0.;            0001899P0001071
142,0,1899,0,1903,2;                                             0001901P0001072
102,4,1905,1907,1909,1911;                                       0001903P0001073
100,0.,0.,0.,-17.292226366,-4.997890284,-15.761492637,           0001905P0001074
-8.693408414;                                                    0001905P0001075
110,-15.761492637,-8.693408414,0.,-19.559982851,-10.266794577,   0001907P0001076
0.;                                                              0001907P0001077
110,-19.559982851,-10.266794577,0.,-21.09071658,-6.571276447,0.; 0001909P0001078
110,-21.09071658,-6.571276447,0.,-17.292226366,-4.997890284,0.;  0001911P0001079
144,1915,1,0,1917;                                               0001913P0001080
108,1.224606354E-16,1.,-0.,2.,0,-15.,2.,0.,0.;                   0001915P0001081
142,0,1915,0,1919,2;                                             0001917P0001082
102,4,1921,1923,1925,1927;                                       0001919P0001083
110,-17.88854382,2.,7.,-17.88854382,2.,0.;                       0001921P0001084
110,-17.88854382,2.,0.,-22.,2.,0.;                               0001923P0001085
110,-22.,2.,0.,-22.,2.,7.;                                       0001925P0001086
110,-22.,2.,7.,-17.88854382,2.,7.;                               0001927P0001087
144,1931,1,0,1933;                                               0001929P0001088
108,-0.382683432,-0.923879533,0.,2.,0,-14.623559852,3.89249242,  0001931P0001089
0.,0.;                                                           0001931P0001090
142,0,1931,0,1935,2;                                             0001933P0001091
102,4,1937,1939,1941,1943;                                       0001935P0001092
110,-21.09071658,6.571276447,0.,-17.292226366,4.997890284,0.;    0001937P0001093
110,-17.292226366,4.997890284,0.,-17.292226366,4.997890284,7.;   0001939P0001094
110,-17.292226366,4.997890284,7.,-21.09071658,6.571276447,7.;    0001941P0001095
110,-21.09071658,6.571276447,7.,-21.09071658,6.571276447,0.;     0001943P0001096
144,1947,1,0,1949;                                               0001945P0001097
108,-0.382683432,0.923879533,-0.,2.,0,-14.623559852,-3.89249242, 0001947P0001098
0.,0.;                                                           0001947P0001099
142,0,1947,0,1951,2;                                             0001949P0001100
102,4,1953,1955,1957,1959;                                       0001951P0001101
110,-17.292226366,-4.997890284,7.,-17.292226366,-4.997890284,0.; 0001953P0001102
110,-17.292226366,-4.997890284,0.,-21.09071658,-6.571276447,0.;  0001955P0001103
110,-21.09071658,-6.571276447,0.,-21.09071658,-6.571276447,7.;   0001957P0001104
110,-21.09071658,-6.571276447,7.,-17.292226366,-4.997890284,7.;  0001959P0001105
144,1963,1,0,1965;                                               0001961P0001106
108,-1.224606354E-16,-1.,0.,2.,0,-15.,-2.,0.,0.;                 0001963P0001107
142,0,1963,0,1967,2;                                             0001965P0001108
102,4,1969,1971,1973,1975;                                       0001967P0001109
110,-22.,-2.,0.,-17.88854382,-2.,0.;                             0001969P0001110
110,-17.88854382,-2.,0.,-17.88854382,-2.,7.;                     0001971P0001111
110,-17.88854382,-2.,7.,-22.,-2.,7.;                             0001973P0001112
110,-22.,-2.,7.,-22.,-2.,0.;                                     0001975P0001113
144,1979,1,0,1981;                                               0001977P0001114
108,-0.,-0.,-1.,0.,0,-15.,2.,0.,0.;                              0001979P0001115
142,0,1979,0,1983,2;                                             0001981P0001116
102,4,1985,1987,1989,1991;                                       0001983P0001117
100,0.,0.,0.,-17.88854382,2.,-17.88854382,-2.;                   0001985P0001118
110,-17.88854382,-2.,0.,-22.,-2.,0.;                             0001987P0001119
110,-22.,-2.,0.,-22.,2.,0.;                                      0001989P0001120
110,-22.,2.,0.,-17.88854382,2.,0.;                               0001991P0001121
144,1995,1,0,1997;                                               0001993P0001122
108,0.,0.,1.,7.,0,0.,0.,7.,0.;                                   0001995P0001123
142,0,1995,0,1999,2;                                             0001997P0001124
102,4,2001,2005,2007,2009;                                       0001999P0001125
100,0.,0.,0.,15.761492637,-8.693408414,17.292226366,             0002001P0001126
-4.997890284;                                                    0002001P0001127
124,1.,0.,0.,0.,0.,1.,0.,0.,0.,0.,1.,7.;                         0002003P0001128
110,17.292226366,-4.997890284,7.,14.623559852,-3.89249242,7.;    0002005P0001129
110,14.623559852,-3.89249242,7.,13.092826123,-7.58801055,7.;     0002007P0001130
110,13.092826123,-7.58801055,7.,15.761492637,-8.693408414,7.;    0002009P0001131
144,2013,1,0,2015;                                               0002011P0001132
108,1.,0.,0.,22.,0,22.,-2.,0.,0.;                                0002013P0001133
142,0,2013,0,2017,2;                                             0002015P0001134
102,4,2019,2021,2023,2025;                                       0002017P0001135
110,22.,-2.,7.,22.,-2.,0.;                                       0002019P0001136
110,22.,-2.,0.,22.,2.,0.;                                        0002021P0001137
110,22.,2.,0.,22.,2.,7.;                                         0002023P0001138
110,22.,2.,7.,22.,-2.,7.;                                        0002025P0001139
144,2029,1,0,2031;                                               0002027P0001140
108,0.,0.,1.,7.,0,0.,0.,7.,0.;                                   0002029P0001141
142,0,2029,0,2033,2;                                             0002031P0001142
102,5,2035,2039,2043,2045,2047;                                  0002033P0001143
100,0.,0.,0.,17.88854382,-2.,18.,-4.408582874E-15;               0002035P0001144
124,1.,0.,0.,0.,0.,1.,0.,0.,0.,0.,1.,7.;                         0002037P0001145
100,0.,0.,0.,18.,0.,17.88854382,2.;                              0002039P0001146
124,1.,0.,0.,0.,0.,1.,0.,0.,0.,0.,1.,7.;                         0002041P0001147
110,17.88854382,2.,7.,15.,2.,7.;                                 0002043P0001148
110,15.,2.,7.,15.,-2.,7.;                                        0002045P0001149
110,15.,-2.,7.,17.88854382,-2.,7.;                               0002047P0001150
144,2051,1,0,2053;                                               0002049P0001151
108,0.,0.,1.,7.,0,0.,0.,7.,0.;                                   0002051P0001152
142,0,2051,0,2055,2;                                             0002053P0001153
102,4,2057,2059,2063,2065;                                       0002055P0001154
110,14.623559852,3.89249242,7.,17.292226366,4.997890284,7.;      0002057P0001155
100,0.,0.,0.,17.292226366,4.997890284,15.761492637,8.693408414;  0002059P0001156
124,1.,0.,0.,0.,0.,1.,0.,0.,0.,0.,1.,7.;                         0002061P0001157
110,15.761492637,8.693408414,7.,13.092826123,7.58801055,7.;      0002063P0001158
110,13.092826123,7.58801055,7.,14.623559852,3.89249242,7.;       0002065P0001159
144,2069,1,0,2071;                                               0002067P0001160
108,0.,0.,1.,7.,0,0.,0.,7.,0.;                                   0002069P0001161
142,0,2069,0,2073,2;                                             0002071P0001162
102,4,2075,2079,2081,2083;                                       0002073P0001163
100,0.,0.,0.,14.063324203,11.234897078,11.234897078,             0002075P0001164
14.063324203;                                                    0002075P0001165
124,1.,0.,0.,0.,0.,1.,0.,0.,0.,0.,1.,7.;                         0002077P0001166
110,11.234897078,14.063324203,7.,9.192388155,12.02081528,7.;     0002079P0001167
110,9.192388155,12.02081528,7.,12.02081528,9.192388155,7.;       0002081P0001168
110,12.02081528,9.192388155,7.,14.063324203,11.234897078,7.;     0002083P0001169
144,2087,1,0,2089;                                               0002085P0001170
108,0.,0.,1.,7.,0,0.,0.,7.,0.;                                   0002087P0001171
142,0,2087,0,2091,2;                                             0002089P0001172
102,4,2093,2097,2099,2101;                                       0002091P0001173
100,0.,0.,0.,11.234897078,-14.063324203,14.063324203,            0002093P0001174
-11.234897078;                                                   0002093P0001175
124,1.,0.,0.,0.,0.,1.,0.,0.,0.,0.,1.,7.;                         0002095P0001176
110,14.063324203,-11.234897078,7.,12.02081528,-9.192388155,7.;   0002097P0001177
110,12.02081528,-9.192388155,7.,9.192388155,-12.02081528,7.;     0002099P0001178
110,9.192388155,-12.02081528,7.,11.234897078,-14.063324203,7.;   0002101P0001179
144,2105,1,0,2107;                                               0002103P0001180
108,0.,0.,1.,7.,0,0.,0.,7.,0.;                                   0002105P0001181
142,0,2105,0,2109,2;                                             0002107P0001182
102,4,2111,2115,2117,2119;                                       0002109P0001183
100,0.,0.,0.,8.693408414,15.761492637,4.997890284,17.292226366;  0002111P0001184
124,1.,0.,0.,0.,0.,1.,0.,0.,0.,0.,1.,7.;                         0002113P0001185
110,4.997890284,17.292226366,7.,3.89249242,14.623559852,7.;      0002115P0001186
110,3.89249242,14.623559852,7.,7.58801055,13.092826123,7.;       0002117P0001187
110,7.58801055,13.092826123,7.,8.693408414,15.761492637,7.;      0002119P0001188
144,2123,1,0,2125;                                               0002121P0001189
108,0.,0.,1.,7.,0,0.,0.,7.,0.;                                   0002123P0001190
142,0,2123,0,2127,2;                                             0002125P0001191
102,4,2129,2133,2135,2137;                                       0002127P0001192
100,0.,0.,0.,4.997890284,-17.292226366,8.693408414,              0002129P0001193
-15.761492637;                                                   0002129P0001194
124,1.,0.,0.,0.,0.,1.,0.,0.,0.,0.,1.,7.;                         0002131P0001195
110,8.693408414,-15.761492637,7.,7.58801055,-13.092826123,7.;    0002133P0001196
110,7.58801055,-13.092826123,7.,3.89249242,-14.623559852,7.;     0002135P0001197
110,3.89249242,-14.623559852,7.,4.997890284,-17.292226366,7.;    0002137P0001198
144,2141,1,0,2143;                                               0002139P0001199
108,0.,0.,1.,7.,0,0.,0.,7.,0.;                                   0002141P0001200
142,0,2141,0,2145,2;                                             0002143P0001201
102,4,2147,2151,2153,2155;                                       0002145P0001202
100,0.,0.,0.,2.,17.88854382,-2.,17.88854382;                     0002147P0001203
124,1.,0.,0.,0.,0.,1.,0.,0.,0.,0.,1.,7.;                         0002149P0001204
110,-2.,17.88854382,7.,-2.,15.,7.;                               0002151P0001205
110,-2.,15.,7.,2.,15.,7.;                                        0002153P0001206
110,2.,15.,7.,2.,17.88854382,7.;                                 0002155P0001207
144,2159,1,0,2161;                                               0002157P0001208
108,0.,0.,1.,7.,0,0.,0.,7.,0.;                                   0002159P0001209
142,0,2159,0,2163,2;                                             0002161P0001210
102,4,2165,2169,2171,2173;                                       0002163P0001211
100,0.,0.,0.,-2.,-17.88854382,2.,-17.88854382;                   0002165P0001212
124,1.,0.,0.,0.,0.,1.,0.,0.,0.,0.,1.,7.;                         0002167P0001213
110,2.,-17.88854382,7.,2.,-15.,7.;                               0002169P0001214
110,2.,-15.,7.,-2.,-15.,7.;                                      0002171P0001215
110,-2.,-15.,7.,-2.,-17.88854382,7.;                             0002173P0001216
144,2177,1,0,2179;                                               0002175P0001217
108,0.,0.,1.,7.,0,0.,0.,7.,0.;                                   0002177P0001218
142,0,2177,0,2181,2;                                             0002179P0001219
102,4,2183,2187,2189,2191;                                       0002181P0001220
100,0.,0.,0.,-4.997890284,17.292226366,-8.693408414,             0002183P0001221
15.761492637;                                                    0002183P0001222
124,1.,0.,0.,0.,0.,1.,0.,0.,0.,0.,1.,7.;                         0002185P0001223
110,-8.693408414,15.761492637,7.,-7.58801055,13.092826123,7.;    0002187P0001224
110,-7.58801055,13.092826123,7.,-3.89249242,14.623559852,7.;     0002189P0001225
110,-3.89249242,14.623559852,7.,-4.997890284,17.292226366,7.;    0002191P0001226
144,2195,1,0,2197;                                               0002193P0001227
108,0.,0.,1.,7.,0,0.,0.,7.,0.;                                   0002195P0001228
142,0,2195,0,2199,2;                                             0002197P0001229
102,4,2201,2205,2207,2209;                                       0002199P0001230
100,0.,0.,0.,-8.693408414,-15.761492637,-4.997890284,            0002201P0001231
-17.292226366;                                                   0002201P0001232
124,1.,0.,0.,0.,0.,1.,0.,0.,0.,0.,1.,7.;                         0002203P0001233
110,-4.997890284,-17.292226366,7.,-3.89249242,-14.623559852,7.;  0002205P0001234
110,-3.89249242,-14.623559852,7.,-7.58801055,-13.092826123,7.;   0002207P0001235
110,-7.58801055,-13.092826123,7.,-8.693408414,-15.761492637,7.;  0002209P0001236
144,2213,1,0,2215;                                               0002211P0001237
108,0.,0.,1.,7.,0,0.,0.,7.,0.;                                   0002213P0001238
142,0,2213,0,2217,2;                                             0002215P0001239
102,4,2219,2223,2225,2227;                                       0002217P0001240
100,0.,0.,0.,-11.234897078,14.063324203,-14.063324203,           0002219P0001241
11.234897078;                                                    0002219P0001242
124,1.,0.,0.,0.,0.,1.,0.,0.,0.,0.,1.,7.;                         0002221P0001243
110,-14.063324203,11.234897078,7.,-12.02081528,9.192388155,7.;   0002223P0001244
110,-12.02081528,9.192388155,7.,-9.192388155,12.02081528,7.;     0002225P0001245
110,-9.192388155,12.02081528,7.,-11.234897078,14.063324203,7.;   0002227P0001246
144,2231,1,0,2233;                                               0002229P0001247
108,0.,0.,1.,7.,0,0.,0.,7.,0.;                                   0002231P0001248
142,0,2231,0,2235,2;                                             0002233P0001249
102,4,2237,2241,2243,2245;                                       0002235P0001250
100,0.,0.,0.,-14.063324203,-11.234897078,-11.234897078,          0002237P0001251
-14.063324203;                                                   0002237P0001252
124,1.,0.,0.,0.,0.,1.,0.,0.,0.,0.,1.,7.;                         0002239P0001253
110,-11.234897078,-14.063324203,7.,-9.192388155,-12.02081528,7.; 0002241P0001254
110,-9.192388155,-12.02081528,7.,-12.02081528,-9.192388155,7.;   0002243P0001255
110,-12.02081528,-9.192388155,7.,-14.063324203,-11.234897078,7.; 0002245P0001256
144,2249,1,0,2251;                                               0002247P0001257
108,0.,0.,1.,7.,0,0.,0.,7.,0.;                                   0002249P0001258
142,0,2249,0,2253,2;                                             0002251P0001259
102,4,2255,2259,2261,2263;                                       0002253P0001260
100,0.,0.,0.,-15.761492637,8.693408414,-17.292226366,            0002255P0001261
4.997890284;                                                     0002255P0001262
124,1.,0.,0.,0.,0.,1.,0.,0.,0.,0.,1.,7.;                         0002257P0001263
110,-17.292226366,4.997890284,7.,-14.623559852,3.89249242,7.;    0002259P0001264
110,-14.623559852,3.89249242,7.,-13.092826123,7.58801055,7.;     0002261P0001265
110,-13.092826123,7.58801055,7.,-15.761492637,8.693408414,7.;    0002263P0001266
144,2267,1,0,2269;                                               0002265P0001267
108,0.,0.,1.,7.,0,0.,0.,7.,0.;                                   0002267P0001268
142,0,2267,0,2271,2;                                             0002269P0001269
102,4,2273,2277,2279,2281;                                       0002271P0001270
100,0.,0.,0.,-17.292226366,-4.997890284,-15.761492637,           0002273P0001271
-8.693408414;                                                    0002273P0001272
124,1.,0.,0.,0.,0.,1.,0.,0.,0.,0.,1.,7.;                         0002275P0001273
110,-15.761492637,-8.693408414,7.,-13.092826123,-7.58801055,7.;  0002277P0001274
110,-13.092826123,-7.58801055,7.,-14.623559852,-3.89249242,7.;   0002279P0001275
110,-14.623559852,-3.89249242,7.,-17.292226366,-4.997890284,7.;  0002281P0001276
144,2285,1,0,2287;                                               0002283P0001277
108,0.,0.,1.,7.,0,0.,0.,7.,0.;                                   0002285P0001278
142,0,2285,0,2289,2;                                             0002287P0001279
102,4,2291,2295,2297,2299;                                       0002289P0001280
100,0.,0.,0.,-17.88854382,2.,-17.88854382,-2.;                   0002291P0001281
124,1.,0.,0.,0.,0.,1.,0.,0.,0.,0.,1.,7.;                         0002293P0001282
110,-17.88854382,-2.,7.,-15.,-2.,7.;                             0002295P0001283
110,-15.,-2.,7.,-15.,2.,7.;                                      0002297P0001284
110,-15.,2.,7.,-17.88854382,2.,7.;                               0002299P0001285
144,2303,1,0,2305;                                               0002301P0001286
108,0.923879533,0.382683432,0.,22.,0,21.09071658,6.571276447,0., 0002303P0001287
0.;                                                              0002303P0001288
142,0,2303,0,2307,2;                                             0002305P0001289
102,4,2309,2311,2313,2315;                                       0002307P0001290
110,21.09071658,6.571276447,7.,21.09071658,6.571276447,0.;       0002309P0001291
110,21.09071658,6.571276447,0.,19.559982851,10.266794577,0.;     0002311P0001292
110,19.559982851,10.266794577,0.,19.559982851,10.266794577,7.;   0002313P0001293
110,19.559982851,10.266794577,7.,21.09071658,6.571276447,7.;     0002315P0001294
144,2319,1,0,2321;                                               0002317P0001295
108,0.,0.,1.,7.,0,14.623559852,3.89249242,7.,0.;                 0002319P0001296
142,0,2319,0,2323,2;                                             0002321P0001297
102,4,2325,2327,2331,2333;                                       0002323P0001298
110,19.559982851,10.266794577,7.,15.761492637,8.693408414,7.;    0002325P0001299
100,0.,0.,0.,15.761492637,-8.693408414,17.292226366,             0002327P0001300
-4.997890284;                                                    0002327P0001301
124,1.,0.,0.,0.,0.,-1.,0.,0.,0.,0.,-1.,7.;                       0002329P0001302
110,17.292226366,4.997890284,7.,21.09071658,6.571276447,7.;      0002331P0001303
110,21.09071658,6.571276447,7.,19.559982851,10.266794577,7.;     0002333P0001304
144,2337,1,0,2339;                                               0002335P0001305
108,0.,0.,1.,7.,0,15.,-2.,7.,0.;                                 0002337P0001306
142,0,2337,0,2341,2;                                             0002339P0001307
102,5,2343,2345,2349,2353,2355;                                  0002341P0001308
110,22.,2.,7.,17.88854382,2.,7.;                                 0002343P0001309
100,0.,0.,0.,17.88854382,-2.,18.,-4.408582874E-15;               0002345P0001310
124,1.,0.,0.,0.,0.,-1.,0.,0.,0.,0.,-1.,7.;                       0002347P0001311
100,0.,0.,0.,18.,0.,17.88854382,2.;                              0002349P0001312
124,1.,0.,0.,0.,0.,-1.,0.,0.,0.,0.,-1.,7.;                       0002351P0001313
110,17.88854382,-2.,7.,22.,-2.,7.;                               0002353P0001314
110,22.,-2.,7.,22.,2.,7.;                                        0002355P0001315
144,2359,1,0,2361;                                               0002357P0001316
108,0.707106781,0.707106781,0.,22.,0,16.970562748,14.142135624,  0002359P0001317
0.,0.;                                                           0002359P0001318
142,0,2359,0,2363,2;                                             0002361P0001319
102,4,2365,2367,2369,2371;                                       0002363P0001320
110,16.970562748,14.142135624,7.,16.970562748,14.142135624,0.;   0002365P0001321
110,16.970562748,14.142135624,0.,14.142135624,16.970562748,0.;   0002367P0001322
110,14.142135624,16.970562748,0.,14.142135624,16.970562748,7.;   0002369P0001323
110,14.142135624,16.970562748,7.,16.970562748,14.142135624,7.;   0002371P0001324
144,2375,1,0,2377;                                               0002373P0001325
108,0.,0.,1.,7.,0,12.02081528,9.192388155,7.,0.;                 0002375P0001326
142,0,2375,0,2379,2;                                             0002377P0001327
102,4,2381,2383,2387,2389;                                       0002379P0001328
110,14.142135624,16.970562748,7.,11.234897078,14.063324203,7.;   0002381P0001329
100,0.,0.,0.,11.234897078,-14.063324203,14.063324203,            0002383P0001330
-11.234897078;                                                   0002383P0001331
124,1.,0.,0.,0.,0.,-1.,0.,0.,0.,0.,-1.,7.;                       0002385P0001332
110,14.063324203,11.234897078,7.,16.970562748,14.142135624,7.;   0002387P0001333
110,16.970562748,14.142135624,7.,14.142135624,16.970562748,7.;   0002389P0001334
144,2393,1,0,2395;                                               0002391P0001335
108,0.707106781,-0.707106781,0.,22.,0,14.142135624,              0002393P0001336
-16.970562748,0.,0.;                                             0002393P0001337
142,0,2393,0,2397,2;                                             0002395P0001338
102,4,2399,2401,2403,2405;                                       0002397P0001339
110,14.142135624,-16.970562748,7.,14.142135624,-16.970562748,0.; 0002399P0001340
110,14.142135624,-16.970562748,0.,16.970562748,-14.142135624,0.; 0002401P0001341
110,16.970562748,-14.142135624,0.,16.970562748,-14.142135624,7.; 0002403P0001342
110,16.970562748,-14.142135624,7.,14.142135624,-16.970562748,7.; 0002405P0001343
144,2409,1,0,2411;                                               0002407P0001344
108,0.,0.,1.,7.,0,9.192388155,-12.02081528,7.,0.;                0002409P0001345
142,0,2409,0,2413,2;                                             0002411P0001346
102,4,2415,2417,2421,2423;                                       0002413P0001347
110,16.970562748,-14.142135624,7.,14.063324203,-11.234897078,7.; 0002415P0001348
100,0.,0.,0.,14.063324203,11.234897078,11.234897078,             0002417P0001349
14.063324203;                                                    0002417P0001350
124,1.,0.,0.,0.,0.,-1.,0.,0.,0.,0.,-1.,7.;                       0002419P0001351
110,11.234897078,-14.063324203,7.,14.142135624,-16.970562748,7.; 0002421P0001352
110,14.142135624,-16.970562748,7.,16.970562748,-14.142135624,7.; 0002423P0001353
144,2427,1,0,2429;                                               0002425P0001354
108,0.382683432,0.923879533,0.,22.,0,10.266794577,19.559982851,  0002427P0001355
0.,0.;                                                           0002427P0001356
142,0,2427,0,2431,2;                                             0002429P0001357
102,4,2433,2435,2437,2439;                                       0002431P0001358
110,10.266794577,19.559982851,7.,10.266794577,19.559982851,0.;   0002433P0001359
110,10.266794577,19.559982851,0.,6.571276447,21.09071658,0.;     0002435P0001360
110,6.571276447,21.09071658,0.,6.571276447,21.09071658,7.;       0002437P0001361
110,6.571276447,21.09071658,7.,10.266794577,19.559982851,7.;     0002439P0001362
144,2443,1,0,2445;                                               0002441P0001363
108,0.,0.,1.,7.,0,7.58801055,13.092826123,7.,0.;                 0002443P0001364
142,0,2443,0,2447,2;                                             0002445P0001365
102,4,2449,2451,2455,2457;                                       0002447P0001366
110,6.571276447,21.09071658,7.,4.997890284,17.292226366,7.;      0002449P0001367
100,0.,0.,0.,4.997890284,-17.292226366,8.693408414,              0002451P0001368
-15.761492637;                                                   0002451P0001369
124,1.,0.,0.,0.,0.,-1.,0.,0.,0.,0.,-1.,7.;                       0002453P0001370
110,8.693408414,15.761492637,7.,10.266794577,19.559982851,7.;    0002455P0001371
110,10.266794577,19.559982851,7.,6.571276447,21.09071658,7.;     0002457P0001372
144,2461,1,0,2463;                                               0002459P0001373
108,0.382683432,-0.923879533,0.,22.,0,6.571276447,-21.09071658,  0002461P0001374
0.,0.;                                                           0002461P0001375
142,0,2461,0,2465,2;                                             0002463P0001376
102,4,2467,2469,2471,2473;                                       0002465P0001377
110,6.571276447,-21.09071658,7.,6.571276447,-21.09071658,0.;     0002467P0001378
110,6.571276447,-21.09071658,0.,10.266794577,-19.559982851,0.;   0002469P0001379
110,10.266794577,-19.559982851,0.,10.266794577,-19.559982851,7.; 0002471P0001380
110,10.266794577,-19.559982851,7.,6.571276447,-21.09071658,7.;   0002473P0001381
144,2477,1,0,2479;                                               0002475P0001382
108,0.,0.,1.,7.,0,3.89249242,-14.623559852,7.,0.;                0002477P0001383
142,0,2477,0,2481,2;                                             0002479P0001384
102,4,2483,2485,2489,2491;                                       0002481P0001385
110,10.266794577,-19.559982851,7.,8.693408414,-15.761492637,7.;  0002483P0001386
100,0.,0.,0.,8.693408414,15.761492637,4.997890284,17.292226366;  0002485P0001387
124,1.,0.,0.,0.,0.,-1.,0.,0.,0.,0.,-1.,7.;                       0002487P0001388
110,4.997890284,-17.292226366,7.,6.571276447,-21.09071658,7.;    0002489P0001389
110,6.571276447,-21.09071658,7.,10.266794577,-19.559982851,7.;   0002491P0001390
144,2495,1,0,2497;                                               0002493P0001391
108,1.110223025E-16,1.,0.,22.,0,2.,22.,0.,0.;                    0002495P0001392
142,0,2495,0,2499,2;                                             0002497P0001393
102,4,2501,2503,2505,2507;                                       0002499P0001394
110,2.,22.,7.,2.,22.,0.;                                         0002501P0001395
110,2.,22.,0.,-2.,22.,0.;                                        0002503P0001396
110,-2.,22.,0.,-2.,22.,7.;                                       0002505P0001397
110,-2.,22.,7.,2.,22.,7.;                                        0002507P0001398
144,2511,1,0,2513;                                               0002509P0001399
108,0.,0.,1.,7.,0,2.,15.,7.,0.;                                  0002511P0001400
142,0,2511,0,2515,2;                                             0002513P0001401
102,4,2517,2519,2523,2525;                                       0002515P0001402
110,-2.,22.,7.,-2.,17.88854382,7.;                               0002517P0001403
100,0.,0.,0.,-2.,-17.88854382,2.,-17.88854382;                   0002519P0001404
124,1.,0.,0.,0.,0.,-1.,0.,0.,0.,0.,-1.,7.;                       0002521P0001405
110,2.,17.88854382,7.,2.,22.,7.;                                 0002523P0001406
110,2.,22.,7.,-2.,22.,7.;                                        0002525P0001407
144,2529,1,0,2531;                                               0002527P0001408
108,-2.220446049E-16,-1.,0.,22.,0,-2.,-22.,0.,0.;                0002529P0001409
142,0,2529,0,2533,2;                                             0002531P0001410
102,4,2535,2537,2539,2541;                                       0002533P0001411
110,-2.,-22.,7.,-2.,-22.,0.;                                     0002535P0001412
110,-2.,-22.,0.,2.,-22.,0.;                                      0002537P0001413
110,2.,-22.,0.,2.,-22.,7.;                                       0002539P0001414
110,2.,-22.,7.,-2.,-22.,7.;                                      0002541P0001415
144,2545,1,0,2547;                                               0002543P0001416
108,0.,0.,1.,7.,0,-2.,-15.,7.,0.;                                0002545P0001417
142,0,2545,0,2549,2;                                             0002547P0001418
102,4,2551,2553,2557,2559;                                       0002549P0001419
110,2.,-22.,7.,2.,-17.88854382,7.;                               0002551P0001420
100,0.,0.,0.,2.,17.88854382,-2.,17.88854382;                     0002553P0001421
124,1.,0.,0.,0.,0.,-1.,0.,0.,0.,0.,-1.,7.;                       0002555P0001422
110,-2.,-17.88854382,7.,-2.,-22.,7.;                             0002557P0001423
110,-2.,-22.,7.,2.,-22.,7.;                                      0002559P0001424
144,2563,1,0,2565;                                               0002561P0001425
108,-0.382683432,0.923879533,0.,22.,0,-6.571276447,21.09071658,  0002563P0001426
0.,0.;                                                           0002563P0001427
142,0,2563,0,2567,2;                                             0002565P0001428
102,4,2569,2571,2573,2575;                                       0002567P0001429
110,-6.571276447,21.09071658,7.,-6.571276447,21.09071658,0.;     0002569P0001430
110,-6.571276447,21.09071658,0.,-10.266794577,19.559982851,0.;   0002571P0001431
110,-10.266794577,19.559982851,0.,-10.266794577,19.559982851,7.; 0002573P0001432
110,-10.266794577,19.559982851,7.,-6.571276447,21.09071658,7.;   0002575P0001433
144,2579,1,0,2581;                                               0002577P0001434
108,0.,0.,1.,7.,0,-3.89249242,14.623559852,7.,0.;                0002579P0001435
142,0,2579,0,2583,2;                                             0002581P0001436
102,4,2585,2587,2591,2593;                                       0002583P0001437
110,-10.266794577,19.559982851,7.,-8.693408414,15.761492637,7.;  0002585P0001438
100,0.,0.,0.,-8.693408414,-15.761492637,-4.997890284,            0002587P0001439
-17.292226366;                                                   0002587P0001440
124,1.,0.,0.,0.,0.,-1.,0.,0.,0.,0.,-1.,7.;                       0002589P0001441
110,-4.997890284,17.292226366,7.,-6.571276447,21.09071658,7.;    0002591P0001442
110,-6.571276447,21.09071658,7.,-10.266794577,19.559982851,7.;   0002593P0001443
144,2597,1,0,2599;                                               0002595P0001444
108,-0.382683432,-0.923879533,0.,22.,0,-10.266794577,            0002597P0001445
-19.559982851,0.,0.;                                             0002597P0001446
142,0,2597,0,2601,2;                                             0002599P0001447
102,4,2603,2605,2607,2609;                                       0002601P0001448
110,-10.266794577,-19.559982851,7.,-10.266794577,-19.559982851,  0002603P0001449
0.;                                                              0002603P0001450
110,-10.266794577,-19.559982851,0.,-6.571276447,-21.09071658,0.; 0002605P0001451
110,-6.571276447,-21.09071658,0.,-6.571276447,-21.09071658,7.;   0002607P0001452
110,-6.571276447,-21.09071658,7.,-10.266794577,-19.559982851,7.; 0002609P0001453
144,2613,1,0,2615;                                               0002611P0001454
108,0.,0.,1.,7.,0,-7.58801055,-13.092826123,7.,0.;               0002613P0001455
142,0,2613,0,2617,2;                                             0002615P0001456
102,4,2619,2621,2625,2627;                                       0002617P0001457
110,-6.571276447,-21.09071658,7.,-4.997890284,-17.292226366,7.;  0002619P0001458
100,0.,0.,0.,-4.997890284,17.292226366,-8.693408414,             0002621P0001459
15.761492637;                                                    0002621P0001460
124,1.,0.,0.,0.,0.,-1.,0.,0.,0.,0.,-1.,7.;                       0002623P0001461
110,-8.693408414,-15.761492637,7.,-10.266794577,-19.559982851,   0002625P0001462
7.;                                                              0002625P0001463
110,-10.266794577,-19.559982851,7.,-6.571276447,-21.09071658,7.; 0002627P0001464
144,2631,1,0,2633;                                               0002629P0001465
108,-0.707106781,0.707106781,0.,22.,0,-14.142135624,             0002631P0001466
16.970562748,0.,0.;                                              0002631P0001467
142,0,2631,0,2635,2;                                             0002633P0001468
102,4,2637,2639,2641,2643;                                       0002635P0001469
110,-14.142135624,16.970562748,7.,-14.142135624,16.970562748,0.; 0002637P0001470
110,-14.142135624,16.970562748,0.,-16.970562748,14.142135624,0.; 0002639P0001471
110,-16.970562748,14.142135624,0.,-16.970562748,14.142135624,7.; 0002641P0001472
110,-16.970562748,14.142135624,7.,-14.142135624,16.970562748,7.; 0002643P0001473
144,2647,1,0,2649;                                               0002645P0001474
108,0.,0.,1.,7.,0,-9.192388155,12.02081528,7.,0.;                0002647P0001475
142,0,2647,0,2651,2;                                             0002649P0001476
102,4,2653,2655,2659,2661;                                       0002651P0001477
110,-16.970562748,14.142135624,7.,-14.063324203,11.234897078,7.; 0002653P0001478
100,0.,0.,0.,-14.063324203,-11.234897078,-11.234897078,          0002655P0001479
-14.063324203;                                                   0002655P0001480
124,1.,0.,0.,0.,0.,-1.,0.,0.,0.,0.,-1.,7.;                       0002657P0001481
110,-11.234897078,14.063324203,7.,-14.142135624,16.970562748,7.; 0002659P0001482
110,-14.142135624,16.970562748,7.,-16.970562748,14.142135624,7.; 0002661P0001483
144,2665,1,0,2667;                                               0002663P0001484
108,-0.707106781,-0.707106781,0.,22.,0,-16.970562748,            0002665P0001485
-14.142135624,0.,0.;                                             0002665P0001486
142,0,2665,0,2669,2;                                             0002667P0001487
102,4,2671,2673,2675,2677;                                       0002669P0001488
110,-16.970562748,-14.142135624,7.,-16.970562748,-14.142135624,  0002671P0001489
0.;                                                              0002671P0001490
110,-16.970562748,-14.142135624,0.,-14.142135624,-16.970562748,  0002673P0001491
0.;                                                              0002673P0001492
110,-14.142135624,-16.970562748,0.,-14.142135624,-16.970562748,  0002675P0001493
7.;                                                              0002675P0001494
110,-14.142135624,-16.970562748,7.,-16.970562748,-14.142135624,  0002677P0001495
7.;                                                              0002677P0001496
144,2681,1,0,2683;                                               0002679P0001497
108,0.,0.,1.,7.,0,-12.02081528,-9.192388155,7.,0.;               0002681P0001498
142,0,2681,0,2685,2;                                             0002683P0001499
102,4,2687,2689,2693,2695;                                       0002685P0001500
110,-14.142135624,-16.970562748,7.,-11.234897078,-14.063324203,  0002687P0001501
7.;                                                              0002687P0001502
100,0.,0.,0.,-11.234897078,14.063324203,-14.063324203,           0002689P0001503
11.234897078;                                                    0002689P0001504
124,1.,0.,0.,0.,0.,-1.,0.,0.,0.,0.,-1.,7.;                       0002691P0001505
110,-14.063324203,-11.234897078,7.,-16.970562748,-14.142135624,  0002693P0001506
7.;                                                              0002693P0001507
110,-16.970562748,-14.142135624,7.,-14.142135624,-16.970562748,  0002695P0001508
7.;                                                              0002695P0001509
144,2699,1,0,2701;                                               0002697P0001510
108,-0.923879533,0.382683432,0.,22.,0,-19.559982851,             0002699P0001511
10.266794577,0.,0.;                                              0002699P0001512
142,0,2699,0,2703,2;                                             0002701P0001513
102,4,2705,2707,2709,2711;                                       0002703P0001514
110,-19.559982851,10.266794577,7.,-19.559982851,10.266794577,0.; 0002705P0001515
110,-19.559982851,10.266794577,0.,-21.09071658,6.571276447,0.;   0002707P0001516
110,-21.09071658,6.571276447,0.,-21.09071658,6.571276447,7.;     0002709P0001517
110,-21.09071658,6.571276447,7.,-19.559982851,10.266794577,7.;   0002711P0001518
144,2715,1,0,2717;                                               0002713P0001519
108,0.,0.,1.,7.,0,-13.092826123,7.58801055,7.,0.;                0002715P0001520
142,0,2715,0,2719,2;                                             0002717P0001521
102,4,2721,2723,2727,2729;                                       0002719P0001522
110,-21.09071658,6.571276447,7.,-17.292226366,4.997890284,7.;    0002721P0001523
100,0.,0.,0.,-17.292226366,-4.997890284,-15.761492637,           0002723P0001524
-8.693408414;                                                    0002723P0001525
124,1.,0.,0.,0.,0.,-1.,0.,0.,0.,0.,-1.,7.;                       0002725P0001526
110,-15.761492637,8.693408414,7.,-19.559982851,10.266794577,7.;  0002727P0001527
110,-19.559982851,10.266794577,7.,-21.09071658,6.571276447,7.;   0002729P0001528
144,2733,1,0,2735;                                               0002731P0001529
108,-0.923879533,-0.382683432,0.,22.,0,-21.09071658,             0002733P0001530
-6.571276447,0.,0.;                                              0002733P0001531
142,0,2733,0,2737,2;                                             0002735P0001532
102,4,2739,2741,2743,2745;                                       0002737P0001533
110,-21.09071658,-6.571276447,7.,-21.09071658,-6.571276447,0.;   0002739P0001534
110,-21.09071658,-6.571276447,0.,-19.559982851,-10.266794577,0.; 0002741P0001535
110,-19.559982851,-10.266794577,0.,-19.559982851,-10.266794577,  0002743P0001536
7.;                                                              0002743P0001537
110,-19.559982851,-10.266794577,7.,-21.09071658,-6.571276447,7.; 0002745P0001538
144,2749,1,0,2751;                                               0002747P0001539
108,0.,0.,1.,7.,0,-14.623559852,-3.89249242,7.,0.;               0002749P0001540
142,0,2749,0,2753,2;                                             0002751P0001541
102,4,2755,2757,2761,2763;                                       0002753P0001542
110,-19.559982851,-10.266794577,7.,-15.761492637,-8.693408414,   0002755P0001543
7.;                                                              0002755P0001544
100,0.,0.,0.,-15.761492637,8.693408414,-17.292226366,            0002757P0001545
4.997890284;                                                     0002757P0001546
124,1.,0.,0.,0.,0.,-1.,0.,0.,0.,0.,-1.,7.;                       0002759P0001547
110,-17.292226366,-4.997890284,7.,-21.09071658,-6.571276447,7.;  0002761P0001548
110,-21.09071658,-6.571276447,7.,-19.559982851,-10.266794577,7.; 0002763P0001549
144,2767,1,0,2769;                                               0002765P0001550
108,-1.,1.224606354E-16,0.,22.,0,-22.,2.,0.,0.;                  0002767P0001551
142,0,2767,0,2771,2;                                             0002769P0001552
102,4,2773,2775,2777,2779;                                       0002771P0001553
110,-22.,2.,7.,-22.,2.,0.;                                       0002773P0001554
110,-22.,2.,0.,-22.,-2.,0.;                                      0002775P0001555
110,-22.,-2.,0.,-22.,-2.,7.;                                     0002777P0001556
110,-22.,-2.,7.,-22.,2.,7.;                                      0002779P0001557
144,2783,1,0,2785;                                               0002781P0001558
108,0.,0.,1.,7.,0,-15.,2.,7.,0.;                                 0002783P0001559
142,0,2783,0,2787,2;                                             0002785P0001560
102,4,2789,2791,2795,2797;                                       0002787P0001561
110,-22.,-2.,7.,-17.88854382,-2.,7.;                             0002789P0001562
100,0.,0.,0.,-17.88854382,2.,-17.88854382,-2.;                   0002791P0001563
124,1.,0.,0.,0.,0.,-1.,0.,0.,0.,0.,-1.,7.;                       0002793P0001564
110,-17.88854382,2.,7.,-22.,2.,7.;                               0002795P0001565
110,-22.,2.,7.,-22.,-2.,7.;                                      0002797P0001566
S      1G      4D   2798P   1566                                        T0000001
