<?xml version="1.0" encoding="utf-8"?>
<COLLADA xmlns="http://www.collada.org/2005/11/COLLADASchema" version="1.4.1" xmlns:xsi="http://www.w3.org/2001/XMLSchema-instance">
  <asset>
    <contributor>
      <author>Blender User</author>
      <authoring_tool>Blender 4.0.2 commit date:2023-12-05, commit time:07:41, hash:9be62e85b727</authoring_tool>
    </contributor>
    <created>2026-09-16T10:44:14</created>
    <modified>2026-09-16T10:44:14</modified>
    <unit name="meter" meter="1"/>
    <up_axis>Z_UP</up_axis>
  </asset>
  <library_effects>
    <effect id="LanternPost_Mat-effect">
      <profile_COMMON>
        <newparam sid="Image_0-surface">
          <surface type="2D">
            <init_from>Image_0</init_from>
          </surface>
        </newparam>
        <newparam sid="Image_0-sampler">
          <sampler2D>
            <source>Image_0-surface</source>
          </sampler2D>
        </newparam>
        <technique sid="common">
          <lambert>
            <emission>
              <color sid="emission">1 1 1 1</color>
            </emission>
            <diffuse>
              <texture texture="Image_0-sampler" texcoord="UVMap"/>
            </diffuse>
            <index_of_refraction>
              <float sid="ior">1.5</float>
            </index_of_refraction>
          </lambert>
        </technique>
      </profile_COMMON>
    </effect>
  </library_effects>
  <library_images>
    <image id="Image_0" name="Image_0">
      <init_from>assets/Lantern-Image_0.png</init_from>
    </image>
  </library_images>
  <library_materials>
    <material id="LanternPost_Mat-material" name="LanternPost_Mat">
      <instance_effect url="#LanternPost_Mat-effect"/>
    </material>
  </library_materials>
  <library_geometries>
    <geometry id="LanternPole_Lantern-mesh" name="LanternPole_Lantern">
      <mesh>
        <source id="LanternPole_Lantern-mesh-positions">
          <float_array id="LanternPole_Lantern-mesh-positions-array" count="7389">0.07989162 0 2.390917 0.09159022 0.03261256 2.397668 0.05288237 0.0326125 2.436378 0.0461288 0 2.424679 8.23974e-6 0.0326125 2.450547 8.23974e-6 0 2.437036 0.06918913 0.04612106 2.46462 0.1198331 0.04612118 2.413977 8.23974e-6 0.046121 2.483158 0.08549529 0.03261244 2.492862 0.1480771 0.03261256 2.430284 8.23974e-6 0.0326125 2.515773 0.09224945 0 2.504564 0.1597763 0 2.437036 8.23974e-6 0 2.529281 0.08549529 -0.03261244 2.492865 0.1480771 -0.03261256 2.430283 8.23974e-6 -0.0326125 2.51577 0.06918913 -0.04612106 2.46462 0.1198331 -0.04612088 2.413977 8.23974e-6 -0.046121 2.483158 0.05288237 -0.0326125 2.436377 0.09159022 -0.03261244 2.397673 8.23974e-6 -0.0326125 2.450547 0.0461288 0 2.424679 0.07989162 0 2.390917 8.23974e-6 0 2.437036 0.1843369 0 2.344964 0.1708676 0.03251892 2.344964 0.1383481 0.04606688 2.344964 0.1056979 0.03265118 2.344964 0.09209561 0 2.344964 0.07989162 0 2.299015 0.09159022 0.03261256 2.292261 0.0461294 0 2.265251 0.05288237 0.0326125 2.253553 8.23974e-6 0 2.252893 8.23974e-6 0.0326125 2.239383 -0.04611235 0 2.265251 -0.0528683 0.03261256 2.253553 -0.07987636 0 2.299015 -0.09157496 0.03261244 2.292261 0.1198343 0.04612088 2.275956 0.06918913 0.04612106 2.22531 8.23974e-6 0.046121 2.206772 -0.06917446 0.04612106 2.22531 -0.119819 0.04612088 2.275956 0.1480771 0.03261256 2.259647 0.08549529 0.03261244 2.197068 8.23974e-6 0.0326125 2.174158 -0.08548063 0.03261244 2.197068 -0.1480612 0.03261256 2.259647 0.1597763 0 2.252893 0.09224945 0 2.185367 7.01904e-6 0 2.160652 -0.09223419 0 2.185367 -0.1597598 0 2.252893 0.1480771 -0.03261256 2.259647 0.08549529 -0.03261244 2.197068 8.23974e-6 -0.0326125 2.174163 -0.08548063 -0.03261244 2.197068 -0.1480612 -0.03261256 2.259647 0.1198331 -0.04612088 2.275956 0.06918913 -0.04612106 2.22531 8.23974e-6 -0.046121 2.206772 -0.06917446 -0.04612106 2.22531 -0.1198184 -0.04612088 2.275956 0.09159022 -0.03261244 2.292259 0.05288237 -0.0326125 2.253556 8.23974e-6 -0.0326125 2.239386 -0.0528683 -0.03261256 2.253556 -0.09157496 -0.03261244 2.292259 0.07989162 0 2.299015 0.0461294 0 2.265251 8.23974e-6 0 2.252893 -0.04611235 0 2.265251 -0.07987636 0 2.299015 -0.1708523 -0.03251892 2.344964 -0.1843222 0 2.344964 -0.1708523 0.03251892 2.344964 -0.1383328 0.04606658 2.344964 -0.105682 0.03265118 2.344964 -0.09208095 0 2.344964 -0.07987636 0 2.390917 -0.09157496 0.03261244 2.397668 -0.04611355 0 2.424679 -0.05286651 0.03261256 2.436378 8.23974e-6 0 2.437036 8.23974e-6 0.0326125 2.450547 -0.1198184 0.04612088 2.413977 -0.06917327 0.04612106 2.46462 8.23974e-6 0.046121 2.483158 -0.1480612 0.03261256 2.430284 -0.08548063 0.03261244 2.492862 8.23974e-6 0.0326125 2.515773 -0.1597598 0 2.437036 -0.09223419 0 2.504564 8.23974e-6 0 2.529281 -0.1480606 -0.03261256 2.430283 -0.08548063 -0.03261244 2.492865 8.23974e-6 -0.0326125 2.51577 -0.1198184 -0.04612088 2.413977 -0.06917327 -0.04612106 2.46462 8.23974e-6 -0.046121 2.483158 -0.09157496 -0.03261244 2.397673 -0.05286651 -0.03261256 2.436377 8.23974e-6 -0.0326125 2.450547 -0.07987636 0 2.390917 -0.04611355 0 2.424679 8.23974e-6 0 2.437036 -0.1383328 -0.04606658 2.344964 -0.105682 -0.03265118 2.344964 -0.09208095 0 2.344964 0.1708676 -0.03251892 2.344964 0.1383481 -0.04606658 2.344964 0.1056979 -0.03265106 2.344964 0.09209561 0 2.344964 8.23974e-6 -0.0508818 2.224537 0.02077972 -0.05833327 2.228838 0.02077972 -0.03367877 2.253492 8.23974e-6 -0.02937662 2.24604 0.02077972 0 2.262516 8.23974e-6 0 2.253912 0.02077972 0.03367877 2.253492 7.01904e-6 0.02937662 2.24604 0.02077972 0.05833327 2.228838 8.23974e-6 0.0508818 2.224537 0.02938383 -0.04406493 2.271483 0.02938383 -0.07632291 2.239223 0.02938383 0.07632291 2.239223 0.02938383 0.04406493 2.271483 0.02938383 0 2.283288 0.02077972 -0.0544511 2.289473 0.02078092 -0.09431213 2.249611 0.02077972 0.09431213 2.249611 0.02077972 0.0544511 2.289473 0.02077972 0 2.304062 8.23974e-6 -0.05875331 2.296922 8.23974e-6 -0.1017636 2.253912 8.23974e-6 0.1017636 2.253912 8.23974e-6 0.05875331 2.296922 8.23974e-6 0 2.312666 -0.02076381 -0.0544511 2.289471 -0.02076381 -0.09431213 2.249609 -0.02076381 0.09431213 2.249609 -0.02076381 0.0544511 2.289471 -0.02076381 0 2.304062 -0.02936917 -0.04406493 2.271483 -0.02936917 -0.07632291 2.239223 -0.02936917 0.07632291 2.239223 -0.02936917 0.04406493 2.271483 -0.02936917 0 2.283288 -0.02076381 -0.03367871 2.253495 -0.02076381 -0.05833327 2.22884 -0.02076381 0.05833327 2.22884 -0.02076381 0.03367871 2.253495 -0.02076506 0 2.262516 8.23974e-6 -0.02937662 2.24604 8.23974e-6 -0.0508818 2.224537 8.23974e-6 0.0508818 2.224537 7.01904e-6 0.02937662 2.24604 8.23974e-6 0 2.253912 -0.02933436 -0.08811551 2.195267 -0.02070462 -0.1088287 2.195267 8.23974e-6 -0.1174084 2.195267 0.02072048 -0.1088287 2.195268 0.02934962 -0.08811551 2.195267 0.0208047 -0.06731855 2.195267 8.23974e-6 -0.05865508 2.195267 8.23974e-6 -0.05774623 2.163282 0.02122157 -0.06620299 2.163282 0.03000885 -0.08661925 2.16328 0.02122038 -0.1070358 2.163282 8.23974e-6 -0.1154925 2.163282 -0.02120631 -0.1070358 2.163285 -0.02999293 -0.08661925 2.163282 -0.02078944 -0.06731885 2.195267 -0.02120631 -0.06620299 2.163285 8.23974e-6 -0.05865508 2.195267 8.23974e-6 -0.05774623 2.163282 8.23974e-6 0.05865508 2.195267 0.0208047 0.06731885 2.195267 0.02122157 0.06620299 2.163282 8.23974e-6 0.05774623 2.163282 0.03000885 0.08661925 2.16328 0.02934962 0.08811551 2.195267 0.02122157 0.1070358 2.163282 0.02072048 0.1088287 2.195268 8.23974e-6 0.1154925 2.163282 8.23974e-6 0.1174084 2.195267 -0.02120631 0.1070358 2.163285 -0.02070462 0.1088287 2.195267 -0.02999293 0.08661925 2.163282 -0.02933436 0.08811551 2.195267 -0.02120631 0.06620299 2.163285 -0.02078944 0.06731885 2.195267 8.23974e-6 0.05774623 2.163282 8.23974e-6 0.05865508 2.195267 -0.2522262 -0.08195543 2.094995 -0.2175558 -0.07069051 2.112578 -0.1850631 -0.1344614 2.112578 -0.2145535 -0.1558885 2.094995 -0.1344534 -0.1850703 2.112578 -0.1558804 -0.2145622 2.094995 -0.07068324 -0.2175632 2.112578 -0.08194911 -0.252233 2.094995 8.23974e-6 -0.2287594 2.112578 8.23974e-6 -0.2652135 2.094995 0.0706973 -0.2175631 2.112578 0.08196192 -0.252233 2.094995 0.1344687 -0.1850702 2.112578 0.1558957 -0.2145621 2.094995 0.1850778 -0.1344614 2.112578 0.2145687 -0.1558885 2.094995 0.2175717 -0.07069051 2.112578 0.2522403 -0.08195543 2.094995 0.2287656 0 2.112578 0.26522 0 2.094995 0.2175717 0.07069051 2.112578 0.2522403 0.08195543 2.094995 0.1850778 0.1344614 2.112578 0.2145687 0.1558885 2.094995 0.1344687 0.1850702 2.112578 0.1558957 0.2145621 2.094995 0.0706973 0.217563 2.112578 0.08196192 0.252233 2.094995 8.23974e-6 0.2287594 2.112578 8.23974e-6 0.2652134 2.094995 -0.07068324 0.217563 2.112578 -0.08194911 0.2522329 2.094995 -0.1344534 0.1850702 2.112578 -0.1558804 0.2145621 2.094995 -0.1850631 0.1344614 2.112578 -0.2145535 0.1558885 2.094995 -0.2175558 0.07069051 2.112578 -0.2522262 0.08195543 2.094995 -0.2287515 0 2.112578 -0.265206 0 2.094995 -0.3011746 0 2.083007 -0.2864346 -0.09307056 2.083007 -0.2864346 0.0930705 2.083007 -0.2436557 0.1770308 2.083007 -0.1770242 0.2436618 2.083007 -0.0930618 0.2864416 2.083007 8.23974e-6 0.3011826 2.083007 0.09307587 0.2864417 2.083007 0.1770395 0.2436618 2.083007 0.2436691 0.1770308 2.083007 0.2864487 0.0930705 2.083007 0.3011887 0 2.083007 0.2864487 -0.0930705 2.083007 0.2436691 -0.1770308 2.083007 0.1770395 -0.2436618 2.083007 0.09307587 -0.2864417 2.083007 8.23974e-6 -0.3011826 2.083007 -0.0930618 -0.2864417 2.083007 -0.1770242 -0.2436619 2.083007 -0.2436557 -0.1770308 2.083007 -0.3629422 -0.2636978 1.357904 -0.2636905 -0.3629491 1.357904 7.01904e-6 -2.09808e-7 1.357904 -0.1386263 -0.426672 1.357904 8.23974e-6 -0.4486295 1.357904 0.138641 -0.426672 1.357904 0.2637057 -0.3629491 1.357904 0.3629562 -0.2636978 1.357904 0.4266812 -0.1386331 1.357904 0.4486374 5.41542e-7 1.357904 0.4266812 0.1386342 1.357904 0.3629562 0.2636989 1.357904 -0.4266672 -0.1386331 1.357904 -0.4486221 5.52377e-7 1.357904 -0.4266672 0.1386342 1.357904 -0.3629422 0.2636989 1.357904 -0.2636905 0.3629501 1.357904 -0.1386263 0.4266731 1.357904 8.23974e-6 0.4486306 1.357904 0.138641 0.4266731 1.357904 0.2637057 0.3629502 1.357904 8.23974e-6 0.1409521 2.165323 0.04356414 0.1340534 2.165323 8.23974e-6 1.83105e-6 2.165323 0.08285671 0.1140326 2.165323 -0.04355007 0.1340534 2.165323 7.01904e-6 0 2.165323 8.23974e-6 4.00526e-7 2.165323 -0.0828427 0.1140326 2.165323 -0.1140268 0.08284956 2.165323 -0.1340469 0.04355657 2.165323 -0.1409451 0 2.165323 -0.1340469 -0.04355663 2.165323 0.1140408 0.08284956 2.165323 8.23974e-6 4.00526e-7 2.165323 8.23974e-6 1.83105e-6 2.165323 0.1340609 0.04355657 2.165323 0.1409592 0 2.165323 0.1340609 -0.04355657 2.165323 0.1140408 -0.08284962 2.165323 0.08285671 -0.1140327 2.165323 7.01904e-6 0 2.165323 -0.1140268 -0.08284962 2.165323 -0.0828427 -0.1140327 2.165323 -0.04355007 -0.1340534 2.165323 8.23974e-6 -0.1409522 2.165323 8.23974e-6 -1.90705e-6 2.165323 8.23974e-6 4.00526e-7 2.165323 0.04356414 -0.1340534 2.165323 -0.2864346 -0.09307056 2.083007 -0.2864346 -0.0930702 2.032134 -0.3011746 3.42984e-7 2.032134 -0.3011746 0 2.083007 -0.2864346 0.09307086 2.032134 -0.2864346 0.0930705 2.083007 -0.2436557 0.1770311 2.032134 -0.2436557 0.1770308 2.083007 -0.1770242 0.2436621 2.032134 -0.1770242 0.2436618 2.083007 -0.0930618 0.286442 2.032134 -0.0930618 0.2864416 2.083007 8.23974e-6 0.3011829 2.032134 8.23974e-6 0.3011826 2.083007 0.09307587 0.286442 2.032134 0.09307587 0.2864417 2.083007 -0.2436557 -0.1770308 2.083007 -0.1770242 -0.2436619 2.083007 -0.2436557 -0.1770305 2.032134 -0.1770242 -0.2436615 2.032134 -0.0930618 -0.2864417 2.083007 -0.0930618 -0.2864414 2.032134 8.23974e-6 -0.3011826 2.083007 8.23974e-6 -0.3011823 2.032134 0.09307587 -0.2864417 2.083007 0.09307587 -0.2864413 2.032134 0.1770395 -0.2436618 2.083007 0.1770395 -0.2436615 2.032134 0.2436691 -0.1770308 2.083007 0.2436691 -0.1770305 2.032134 0.2864487 -0.0930705 2.083007 0.2864487 -0.0930702 2.032134 0.3011887 0 2.083007 0.3011887 3.39545e-7 2.032134 0.2864487 0.0930705 2.083007 0.2864487 0.09307086 2.032134 0.2436691 0.1770308 2.083007 0.2436691 0.1770311 2.032134 0.1770395 0.2436618 2.083007 0.1770395 0.2436621 2.032134 0.09307587 0.2864417 2.083007 0.09307587 0.286442 2.032134 -0.2864346 -0.0930702 2.032134 -0.2670065 -0.08675742 2.017296 -0.2807462 3.59232e-7 2.017296 -0.3011746 3.42984e-7 2.032134 -0.2670065 0.08675813 2.017296 -0.2864346 0.09307086 2.032134 -0.227128 0.1650235 2.017296 -0.2436557 0.1770311 2.032134 -0.1650155 0.227135 2.017296 -0.1770242 0.2436621 2.032134 -0.08675074 0.2670131 2.017296 -0.0930618 0.286442 2.032134 8.23974e-6 0.2807543 2.017296 8.23974e-6 0.3011829 2.032134 0.08676481 0.2670132 2.017296 0.09307587 0.286442 2.032134 -0.2436557 -0.1770305 2.032134 0.0816757 0.2513473 2.003628 8.23974e-6 0.2642821 2.003628 0.07974392 0.245402 1.996959 8.23974e-6 0.2580309 1.996959 0.07812041 0.2404113 1.990591 8.23974e-6 0.2527834 1.990591 0.07757776 0.2387387 1.986728 8.23974e-6 0.2510247 1.986728 0.07931911 0.2440954 1.977028 8.23974e-6 0.2566571 1.977028 -0.07756376 0.2387387 1.986728 -0.07930326 0.2440953 1.977028 -0.1475418 0.2030832 1.986728 -0.1508517 0.2076399 1.977028 -0.2030758 0.1475489 1.986728 -0.2076327 0.1508595 1.977028 -0.238732 0.07757121 1.986728 -0.244089 0.07931178 1.977028 -0.2510184 3.95324e-7 1.986728 -0.2566494 4.40042e-7 1.977028 -0.238732 -0.07757049 1.986728 -0.244089 -0.07931089 1.977028 -0.2030758 -0.1475481 1.986728 -0.2076327 -0.1508587 1.977028 -0.1475418 -0.2030826 1.986728 -0.1508517 -0.2076392 1.977028 -0.07756376 -0.238738 1.986728 -0.07930326 -0.2440946 1.977028 8.23974e-6 -0.251024 1.986728 8.23974e-6 -0.2566563 1.977028 0.07757776 -0.238738 1.986728 0.07931911 -0.2440945 1.977028 0.1475558 -0.2030825 1.986728 0.1508657 -0.2076391 1.977028 0.2030898 -0.147548 1.986728 0.2076467 -0.1508586 1.977028 0.238746 -0.07757043 1.986728 0.2441037 -0.07931089 1.977028 0.2510312 3.93776e-7 1.986728 0.2566635 4.38459e-7 1.977028 0.238746 0.07757127 1.986728 0.2441037 0.07931178 1.977028 0.2030898 0.1475489 1.986728 0.2076467 0.1508595 1.977028 0.1475558 0.2030833 1.986728 0.1508657 0.2076399 1.977028 0.07757776 0.2387387 1.986728 0.07931911 0.2440954 1.977028 0.1526504 0.2100936 1.967327 0.08025479 0.2469798 1.967327 0.2101016 0.1526421 1.967327 0.246987 0.08024901 1.967327 0.2596963 4.82793e-7 1.967327 0.246987 -0.08024805 1.967327 0.2101016 -0.1526412 1.967327 0.1526504 -0.2100926 1.967327 0.08025479 -0.2469788 1.967327 8.23974e-6 -0.259689 1.967327 -0.08024197 -0.2469789 1.967327 -0.1526346 -0.2100927 1.967327 -0.2100875 -0.1526412 1.967327 -0.2469729 -0.08024805 1.967327 -0.2596835 4.84395e-7 1.967327 -0.2469729 0.08024901 1.967327 -0.2100875 0.1526421 1.967327 -0.1526346 0.2100935 1.967327 -0.08024197 0.2469797 1.967327 8.23974e-6 0.2596899 1.967327 0.08025479 0.2469798 1.967327 -0.2447555 0.07952862 1.957628 -0.2573508 5.27912e-7 1.957628 -0.238732 0.07757139 1.947926 -0.2510184 5.70758e-7 1.947926 -0.2447555 -0.07952755 1.957628 -0.238732 -0.07757031 1.947926 -0.2030758 0.147549 1.947926 -0.2082003 0.1512718 1.957628 -0.1475418 0.2030834 1.947926 -0.1512649 0.2082075 1.957628 -0.07756376 0.2387388 1.947926 -0.07952052 0.2447625 1.957628 8.23974e-6 0.2510249 1.947926 8.23974e-6 0.2573586 1.957628 0.07757776 0.2387388 1.947926 0.07953459 0.2447625 1.957628 -0.2082003 -0.1512708 1.957628 -0.2030758 -0.1475479 1.947926 -0.1512649 -0.2082065 1.957628 -0.1475418 -0.2030824 1.947926 -0.07952052 -0.2447616 1.957628 -0.07756376 -0.2387378 1.947926 8.23974e-6 -0.2573575 1.957628 8.23974e-6 -0.2510238 1.947926 0.07953459 -0.2447616 1.957628 0.07757776 -0.2387378 1.947926 0.151279 -0.2082065 1.957628 0.1475558 -0.2030823 1.947926 0.2082144 -0.1512708 1.957628 0.2030898 -0.1475479 1.947926 0.2447702 -0.07952755 1.957628 0.238746 -0.07757025 1.947926 0.2573648 5.26325e-7 1.957628 0.2510312 5.69211e-7 1.947926 0.2447702 0.07952862 1.957628 0.238746 0.07757145 1.947926 0.2082144 0.1512718 1.957628 0.2030898 0.147549 1.947926 0.151279 0.2082075 1.957628 0.1475558 0.2030835 1.947926 0.07953459 0.2447625 1.957628 0.07757776 0.2387388 1.947926 0.09307587 0.286442 2.032134 0.08676481 0.2670132 2.017296 0.1650296 0.2271351 2.017297 0.1770395 0.2436621 2.032134 0.2271426 0.1650235 2.017296 0.2436691 0.1770311 2.032134 0.2670205 0.08675807 2.017296 0.2864487 0.09307086 2.032134 0.2807602 3.56447e-7 2.017296 0.3011887 3.39545e-7 2.032134 0.2670205 -0.08675736 2.017296 0.2864487 -0.0930702 2.032134 0.2271426 -0.1650227 2.017296 0.2436691 -0.1770305 2.032134 0.1650296 -0.2271344 2.017297 0.1770395 -0.2436615 2.032134 0.08676481 -0.2670125 2.017296 0.09307587 -0.2864413 2.032134 8.23974e-6 -0.2807537 2.017296 8.23974e-6 -0.3011823 2.032134 -0.08675074 -0.2670125 2.017296 -0.0930618 -0.2864414 2.032134 -0.1650155 -0.2271344 2.017296 -0.1770242 -0.2436615 2.032134 -0.227128 -0.1650227 2.017296 -0.2513406 -0.08166724 2.003628 -0.2642752 3.74907e-7 2.003628 -0.2580227 3.82876e-7 1.996959 -0.2453952 0.07973623 1.996959 -0.2404049 0.07811468 1.990591 -0.2044985 0.1485826 1.990591 -0.1485763 0.204506 1.990591 -0.07810634 0.2404112 1.990591 -0.2527756 3.9055e-7 1.990591 -0.2404049 -0.07811391 1.990591 -0.2044985 -0.1485818 1.990591 -0.1485763 -0.2045053 1.990591 -0.07810634 -0.2404105 1.990591 8.23974e-6 -0.2527826 1.990591 0.07812041 -0.2404105 1.990591 0.1485897 -0.2045052 1.990591 0.2045132 -0.1485818 1.990591 0.240419 -0.07811391 1.990591 0.2527896 3.88858e-7 1.990591 0.240419 0.07811468 1.990591 0.2045132 0.1485826 1.990591 0.1485897 0.204506 1.990591 0.07812041 0.2404113 1.990591 0.2087588 -0.1516662 1.996959 0.1516739 -0.2087506 1.996959 0.07974392 -0.2454013 1.996959 8.23974e-6 -0.2580302 1.996959 -0.07972866 -0.2454013 1.996959 -0.1516598 -0.2087507 1.996959 -0.2087454 -0.1516663 1.996959 -0.2453952 -0.07973551 1.996959 -0.2138022 -0.1553407 2.003628 -0.1553347 -0.2138081 2.003628 -0.08165985 -0.2513466 2.003628 8.23974e-6 -0.2642814 2.003628 0.0816757 -0.2513465 2.003628 0.1553482 -0.2138079 2.003628 0.2138162 -0.1553406 2.003628 0.2513535 -0.08166724 2.003628 0.2454105 -0.07973551 1.996959 0.2580368 3.80934e-7 1.996959 0.2454105 0.07973629 1.996959 0.2087588 0.151667 1.996959 0.1516739 0.2087514 1.996959 0.07974392 0.245402 1.996959 0.264288 3.727e-7 2.003628 0.2513535 0.08166801 2.003628 0.2138162 0.1553413 2.003628 0.1553482 0.2138087 2.003628 0.0816757 0.2513473 2.003628 -0.4059414 -0.1318987 1.822429 -0.4555661 -0.1480225 1.801785 -0.4790091 9.79875e-7 1.801785 -0.426832 9.40718e-7 1.822429 -0.4555661 0.1480244 1.801785 -0.4059414 0.1319006 1.822429 -0.3875259 0.2815601 1.801785 -0.3453128 0.2508906 1.822429 -0.2815512 0.3875338 1.801785 -0.2508816 0.3453208 1.822429 -0.1480154 0.4555727 1.801785 -0.1318917 0.4059484 1.822429 8.23974e-6 0.4790174 1.801785 8.23974e-6 0.4268394 1.822429 0.1480295 0.4555727 1.801785 0.131907 0.4059484 1.822429 -0.3453128 -0.2508887 1.822429 -0.3826364 9.02821e-7 1.843075 -0.3639096 0.1182436 1.843075 -0.3406466 8.3261e-7 1.866022 -0.3239743 0.105268 1.866022 -0.3026474 7.65156e-7 1.893201 -0.287836 0.09352582 1.893201 -0.2746274 6.99353e-7 1.917559 -0.2611862 0.08486723 1.917559 -0.252095 6.34137e-7 1.941212 -0.2397574 0.07790452 1.941212 -0.2039499 0.1481828 1.941212 -0.1481747 0.2039558 1.941212 -0.07789701 0.2397643 1.941212 8.23974e-6 0.2521032 1.941212 0.07791107 0.2397643 1.941212 -0.2397574 -0.07790327 1.941212 -0.2039499 -0.1481816 1.941212 -0.1481747 -0.2039546 1.941212 -0.07789701 -0.2397631 1.941212 8.23974e-6 -0.2521019 1.941212 0.07791107 -0.2397631 1.941212 0.1481888 -0.2039546 1.941212 0.2039614 -0.1481816 1.941212 0.2397714 -0.07790327 1.941212 0.2521097 6.31287e-7 1.941212 0.2397714 0.07790452 1.941212 0.2039614 0.1481828 1.941212 0.1481888 0.2039558 1.941212 0.07791107 0.2397643 1.941212 0.1614328 0.2221847 1.917559 0.08487457 0.2611935 1.917559 0.2221921 0.1614269 1.917559 0.2612003 0.08486723 1.917559 0.2746402 6.95164e-7 1.917559 0.2612003 -0.0848658 1.917559 0.2221921 -0.1614255 1.917559 0.1614328 -0.2221834 1.917559 0.08487457 -0.2611922 1.917559 8.23974e-6 -0.2746338 1.917559 -0.08485865 -0.2611922 1.917559 -0.1614193 -0.2221834 1.917559 -0.2221774 -0.1614255 1.917559 -0.2611862 -0.0848658 1.917559 0.09353178 -0.2878409 1.893201 8.23974e-6 -0.3026539 1.893201 -0.09351712 -0.2878409 1.893201 -0.1778897 -0.2448522 1.893201 -0.2448471 -0.1778953 1.893201 -0.287836 -0.09352433 1.893201 8.23974e-6 -0.3406525 1.866022 0.1052737 -0.3239796 1.866022 0.1779037 -0.2448521 1.893201 0.2448611 -0.1778953 1.893201 0.2878488 -0.09352433 1.893201 0.3026614 7.59594e-7 1.893201 0.2878488 0.09352582 1.893201 0.2448611 0.1778967 1.893201 0.1779037 0.2448536 1.893201 0.09353178 0.2878423 1.893201 0.2002377 0.2755953 1.866022 0.1052737 0.3239812 1.866022 0.2756015 0.2002319 1.866022 0.3239896 0.105268 1.866022 0.3406594 8.25487e-7 1.866022 0.3239896 -0.1052663 1.866022 0.2756015 -0.2002303 1.866022 0.2002377 -0.2755936 1.866022 0.2249185 0.3095661 1.843075 0.1182492 0.3639163 1.843075 0.3095737 0.2249132 1.843075 0.3639236 0.1182436 1.843075 0.3826504 8.94017e-7 1.843075 0.3639236 -0.1182418 1.843075 0.3095737 -0.2249115 1.843075 0.2249185 -0.3095643 1.843075 0.1182492 -0.3639145 1.843075 8.23974e-6 -0.3826425 1.843075 -0.1182351 -0.3639145 1.843075 -0.1052597 -0.3239796 1.866022 -0.2002224 -0.2755938 1.866022 -0.2755874 -0.2002303 1.866022 -0.3239743 -0.1052664 1.866022 -0.2249044 -0.3095645 1.843075 -0.3095584 -0.2249115 1.843075 -0.3639096 -0.1182418 1.843075 -0.2508816 -0.3453191 1.822429 -0.3875259 -0.2815582 1.801785 -0.2815512 -0.387532 1.801785 -0.1318917 -0.4059466 1.822429 -0.1480154 -0.4555708 1.801785 8.23974e-6 -0.4268376 1.822429 8.23974e-6 -0.4790156 1.801785 0.131907 -0.4059466 1.822429 0.1480295 -0.4555708 1.801785 0.2508957 -0.345319 1.822429 0.2815653 -0.3875319 1.801785 0.3453274 -0.2508887 1.822429 0.38754 -0.2815582 1.801785 0.4059555 -0.1318987 1.822429 0.4555801 -0.1480224 1.801785 0.4268448 9.30478e-7 1.822429 0.4790231 9.68008e-7 1.801785 0.4059555 0.1319006 1.822429 0.4555801 0.1480244 1.801785 0.3453274 0.2508905 1.822429 0.38754 0.2815601 1.801785 0.2508957 0.3453209 1.822429 0.2815653 0.3875339 1.801785 0.131907 0.4059484 1.822429 0.1480295 0.4555727 1.801785 -0.4555661 -0.1480225 1.801785 -0.4555661 -0.1480225 1.779823 -0.4790091 9.73058e-7 1.779823 -0.4790091 9.79875e-7 1.801785 -0.4555661 0.1480244 1.779823 -0.4555661 0.1480244 1.801785 -0.3875259 0.2815601 1.779823 -0.3875259 0.2815601 1.801785 -0.2815512 0.3875338 1.779823 -0.2815512 0.3875338 1.801785 -0.1480154 0.4555727 1.779823 -0.1480154 0.4555727 1.801785 8.23974e-6 0.4790174 1.779823 8.23974e-6 0.4790174 1.801785 0.1480295 0.4555727 1.779823 0.1480295 0.4555727 1.801785 0.2815653 0.3875339 1.779823 0.2815653 0.3875339 1.801785 0.38754 0.2815601 1.779823 0.38754 0.2815601 1.801785 0.4555801 0.1480244 1.779823 0.4555801 0.1480244 1.801785 0.4790231 9.61191e-7 1.779823 0.4790231 9.68008e-7 1.801785 0.4555801 -0.1480224 1.779823 0.4555801 -0.1480224 1.801785 0.38754 -0.2815582 1.779823 0.38754 -0.2815582 1.801785 0.2815653 -0.3875319 1.779823 0.2815653 -0.3875319 1.801785 0.1480295 -0.4555708 1.779823 0.1480295 -0.4555708 1.801785 8.23974e-6 -0.4790156 1.779823 8.23974e-6 -0.4790156 1.801785 8.23974e-6 -0.4790156 1.801785 8.23974e-6 -0.4790156 1.779823 -0.1480154 -0.4555708 1.779823 -0.1480154 -0.4555708 1.801785 -0.2815512 -0.387532 1.779823 -0.2815512 -0.387532 1.801785 -0.3875259 -0.2815582 1.779823 -0.3875259 -0.2815582 1.801785 -0.4688461 -0.1523373 1.720947 -0.4555661 -0.1480225 1.701321 -0.4790091 9.73058e-7 1.701321 -0.4929727 9.74713e-7 1.720947 -0.4555661 0.1480244 1.701321 -0.4688461 0.1523392 1.720947 -0.3875259 0.2815601 1.701321 -0.3988217 0.2897675 1.720947 -0.2815512 0.3875338 1.701321 -0.2897574 0.3988302 1.720947 -0.1480154 0.4555727 1.701321 -0.1523312 0.4688525 1.720947 8.23974e-6 0.4790174 1.701321 8.23974e-6 0.4929806 1.720947 0.1480295 0.4555727 1.701321 0.1523452 0.4688525 1.720947 0.2815653 0.3875339 1.701321 0.2897726 0.3988303 1.720947 0.38754 0.2815601 1.701321 0.3988376 0.2897675 1.720947 0.4555801 0.1480244 1.701321 0.4688602 0.1523393 1.720947 0.4790231 9.61191e-7 1.701321 0.4929867 9.625e-7 1.720947 0.4555801 -0.1480224 1.701321 0.4688602 -0.1523373 1.720947 0.38754 -0.2815582 1.701321 0.3988376 -0.2897656 1.720947 0.2815653 -0.3875319 1.701321 0.2897726 -0.3988284 1.720947 0.1480295 -0.4555708 1.701321 0.1523452 -0.4688506 1.720947 8.23974e-6 -0.4790156 1.701321 8.23974e-6 -0.4929788 1.720947 0.4033548 0.2930504 1.740572 0.2930557 0.4033489 1.740572 0.2899032 0.3990106 1.760199 0.1524136 0.4690644 1.760199 0.1480295 0.4555727 1.779823 8.23974e-6 0.4790174 1.779823 8.23974e-6 0.4932035 1.760199 -0.1480154 0.4555727 1.779823 -0.152399 0.4690643 1.760199 -0.2815512 0.3875338 1.779823 -0.2898892 0.3990105 1.760199 -0.3875259 0.2815601 1.779823 -0.399003 0.2898985 1.760199 -0.4555661 0.1480244 1.779823 -0.4690597 0.1524081 1.760199 -0.4790091 9.73058e-7 1.779823 -0.4931942 9.74739e-7 1.760199 0.2815653 0.3875339 1.779823 0.3990164 0.2898985 1.760199 0.38754 0.2815601 1.779823 0.4690719 0.1524081 1.760199 0.4555801 0.1480244 1.779823 0.4932089 9.62521e-7 1.760199 0.4790231 9.61191e-7 1.779823 0.4690719 -0.1524062 1.760199 0.4555801 -0.1480224 1.779823 0.3990164 -0.2898966 1.760199 0.38754 -0.2815582 1.779823 0.2899032 -0.3990087 1.760199 0.2815653 -0.3875319 1.779823 0.1524136 -0.4690625 1.760199 0.1480295 -0.4555708 1.779823 8.23974e-6 -0.4932016 1.760199 8.23974e-6 -0.4790156 1.779823 0.4741708 0.1540652 1.740572 0.4985715 9.63608e-7 1.740572 0.4741708 -0.1540632 1.740572 0.4033548 -0.2930485 1.740572 0.2930557 -0.403347 1.740572 0.1540719 -0.4741625 1.740572 8.23974e-6 -0.4985641 1.740572 8.23974e-6 -0.4929788 1.720947 8.23974e-6 -0.4790156 1.701321 -0.1480154 -0.4555708 1.701321 -0.1523312 -0.4688506 1.720947 -0.2815512 -0.387532 1.701321 -0.2897574 -0.3988285 1.720947 -0.3875259 -0.2815582 1.701321 -0.3988217 -0.2897656 1.720947 8.23974e-6 -0.4985641 1.740572 -0.1540573 -0.4741625 1.740572 8.23974e-6 -0.4932016 1.760199 -0.152399 -0.4690625 1.760199 8.23974e-6 -0.4790156 1.779823 -0.1480154 -0.4555708 1.779823 -0.2898892 -0.3990088 1.760199 -0.2815512 -0.387532 1.779823 -0.399003 -0.2898966 1.760199 -0.3875259 -0.2815582 1.779823 -0.4690597 -0.1524062 1.760199 -0.4555661 -0.1480225 1.779823 -0.2930411 -0.403347 1.740572 -0.4033408 -0.2930485 1.740572 -0.4741568 -0.1540632 1.740572 -0.4985574 9.75959e-7 1.740572 -0.4741568 0.1540652 1.740572 -0.4033408 0.2930505 1.740572 -0.2930411 0.4033488 1.740572 -0.1540573 0.4741644 1.740572 8.23974e-6 0.4985659 1.740572 0.1540719 0.4741644 1.740572 -0.4555661 -0.1480225 1.701321 -0.4555661 -0.1480224 1.676843 -0.4790091 1.01105e-6 1.676843 -0.4790091 9.73058e-7 1.701321 -0.4555661 0.1480244 1.676843 -0.4555661 0.1480244 1.701321 -0.3875259 0.2815601 1.676843 -0.3875259 0.2815601 1.701321 -0.2815512 0.3875339 1.676843 -0.2815512 0.3875338 1.701321 -0.1480154 0.4555727 1.676843 -0.1480154 0.4555727 1.701321 8.23974e-6 0.4790174 1.676843 8.23974e-6 0.4790174 1.701321 0.1480295 0.4555727 1.676843 0.1480295 0.4555727 1.701321 0.2815653 0.3875339 1.676843 0.2815653 0.3875339 1.701321 0.38754 0.2815601 1.676843 0.38754 0.2815601 1.701321 0.4555801 0.1480244 1.676843 0.4555801 0.1480244 1.701321 0.4790231 9.99183e-7 1.676843 0.4790231 9.61191e-7 1.701321 0.4555801 -0.1480224 1.676843 0.4555801 -0.1480224 1.701321 0.38754 -0.2815582 1.676843 0.38754 -0.2815582 1.701321 0.2815653 -0.3875319 1.676843 0.2815653 -0.3875319 1.701321 0.1480295 -0.4555708 1.676843 0.1480295 -0.4555708 1.701321 8.23974e-6 -0.4790155 1.676843 8.23974e-6 -0.4790156 1.701321 8.23974e-6 -0.4790156 1.701321 8.23974e-6 -0.4790155 1.676843 -0.1480154 -0.4555708 1.676843 -0.1480154 -0.4555708 1.701321 -0.2815512 -0.3875319 1.676843 -0.2815512 -0.387532 1.701321 -0.3875259 -0.2815582 1.676843 -0.3875259 -0.2815582 1.701321 -0.4555661 -0.1480224 1.676843 -0.4411105 -0.1433256 1.668154 -0.4638089 9.51688e-7 1.668154 -0.4790091 1.01105e-6 1.676843 -0.4411105 0.1433275 1.668154 -0.4555661 0.1480244 1.676843 -0.3752292 0.2726261 1.668154 -0.3875259 0.2815601 1.676843 -0.2726169 0.3752371 1.668154 -0.2815512 0.3875339 1.676843 -0.14332 0.4411171 1.668154 -0.1480154 0.4555727 1.676843 8.23974e-6 0.463818 1.668154 8.23974e-6 0.4790174 1.676843 0.143334 0.4411172 1.668154 0.1480295 0.4555727 1.676843 0.2726309 0.3752371 1.668154 0.2815653 0.3875339 1.676843 0.3752438 0.2726261 1.668154 0.38754 0.2815601 1.676843 0.4411246 0.1433275 1.668154 0.4555801 0.1480244 1.676843 0.4638235 9.4028e-7 1.668154 0.4790231 9.99183e-7 1.676843 0.4411246 -0.1433256 1.668154 0.4555801 -0.1480224 1.676843 0.3752438 -0.2726241 1.668154 0.38754 -0.2815582 1.676843 0.2726309 -0.3752353 1.668154 0.2815653 -0.3875319 1.676843 0.143334 -0.4411152 1.668154 0.1480295 -0.4555708 1.676843 8.23974e-6 -0.4638161 1.668154 8.23974e-6 -0.4790155 1.676843 8.23974e-6 -0.4790155 1.676843 8.23974e-6 -0.4638161 1.668154 -0.14332 -0.4411153 1.668154 -0.1480154 -0.4555708 1.676843 -0.2726169 -0.3752353 1.668154 -0.2815512 -0.3875319 1.676843 -0.3752292 -0.2726241 1.668154 -0.3875259 -0.2815582 1.676843 -0.4411105 -0.1433261 1.367906 -0.4266672 -0.1386331 1.357904 -0.4486221 5.52377e-7 1.357904 -0.4638089 5.54075e-7 1.367906 -0.4266672 0.1386342 1.357904 -0.4411105 0.1433271 1.367906 -0.3629422 0.2636989 1.357904 -0.3752292 0.2726256 1.367906 -0.2636905 0.3629501 1.357904 -0.2726169 0.3752367 1.367906 -0.1386263 0.4266731 1.357904 -0.14332 0.4411168 1.367906 8.23974e-6 0.4486306 1.357904 8.23974e-6 0.4638175 1.367906 0.138641 0.4266731 1.357904 0.143334 0.4411168 1.367906 0.2637057 0.3629502 1.357904 0.2726309 0.3752368 1.367906 0.3629562 0.2636989 1.357904 0.3752438 0.2726256 1.367906 0.4266812 0.1386342 1.357904 0.4411246 0.1433271 1.367906 0.4486374 5.41542e-7 1.357904 0.4638235 5.42667e-7 1.367906 0.4266812 -0.1386331 1.357904 0.4411246 -0.1433261 1.367906 0.3629562 -0.2636978 1.357904 0.3752438 -0.2726246 1.367906 0.2637057 -0.3629491 1.357904 0.2726309 -0.3752357 1.367906 0.138641 -0.426672 1.357904 0.143334 -0.4411156 1.367906 8.23974e-6 -0.4486295 1.357904 8.23974e-6 -0.4638165 1.367906 8.23974e-6 -0.4638165 1.367906 8.23974e-6 -0.4486295 1.357904 -0.1386263 -0.426672 1.357904 -0.14332 -0.4411156 1.367906 -0.2636905 -0.3629491 1.357904 -0.2726169 -0.3752357 1.367906 -0.3629422 -0.2636978 1.357904 -0.3752292 -0.2726246 1.367906 -0.07972866 0.245402 1.996959 -0.1516598 0.2087514 1.996959 -0.2087454 0.151667 1.996959 -0.08165985 0.2513473 2.003628 -0.1553347 0.2138087 2.003628 -0.2138022 0.1553413 2.003628 -0.2513406 0.08166795 2.003628 -0.2221774 0.1614269 1.917559 -0.1614193 0.2221847 1.917559 -0.08485865 0.2611935 1.917559 8.23974e-6 0.2746351 1.917559 0.08487457 0.2611935 1.917559 -0.2448471 0.1778967 1.893201 -0.1778897 0.2448536 1.893201 -0.09351712 0.2878423 1.893201 8.23974e-6 0.3026553 1.893201 0.09353178 0.2878423 1.893201 -0.2755874 0.2002319 1.866022 -0.2002224 0.2755953 1.866022 -0.1052597 0.3239812 1.866022 8.23974e-6 0.340654 1.866022 0.1052737 0.3239812 1.866022 -0.3095584 0.2249132 1.843075 -0.2249044 0.3095661 1.843075 -0.1182351 0.3639162 1.843075 8.23974e-6 0.3826442 1.843075 0.1182492 0.3639163 1.843075 -0.1950186 0 2.13016 -0.1854733 -0.06026643 2.13016 -0.1854733 0.06026637 2.13016 -0.1577719 0.1146335 2.13016 -0.1146255 0.1577795 2.13016 -0.06025969 0.1854809 2.13016 8.23974e-6 0.1950262 2.13016 0.0602737 0.1854809 2.13016 0.1146408 0.1577795 2.13016 0.1577866 0.1146335 2.13016 0.1854892 0.06026637 2.13016 0.1950333 0 2.13016 0.1854892 -0.06026637 2.13016 0.1577866 -0.1146335 2.13016 0.1146408 -0.1577795 2.13016 0.0602737 -0.185481 2.13016 8.23974e-6 -0.1950263 2.13016 -0.06025969 -0.185481 2.13016 -0.1146255 -0.1577796 2.13016 -0.1577719 -0.1146336 2.13016 0.1344808 -0.09770047 2.147742 0.1580911 -0.05136412 2.147742 0.09770596 -0.1344732 2.147742 0.05137115 -0.1580827 2.147742 8.23974e-6 -0.166218 2.147742 -0.05135709 -0.1580827 2.147742 -0.09769314 -0.1344732 2.147742 -0.1344656 -0.09770053 2.147742 -0.1580771 -0.05136418 2.147742 -0.16621 0 2.147742 -0.1580771 0.05136412 2.147742 -0.1344656 0.09770041 2.147742 -0.09769314 0.1344731 2.147742 -0.05135709 0.1580826 2.147742 8.23974e-6 0.1662179 2.147742 0.05137115 0.1580826 2.147742 0.09770596 0.1344731 2.147742 0.1344808 0.09770041 2.147742 0.1580911 0.05136412 2.147742 0.1662247 0 2.147742 -0.04355007 0.1340534 2.165323 -0.0828427 0.1140326 2.165323 -0.1140268 0.08284956 2.165323 -0.1340469 0.04355657 2.165323 -0.1409451 0 2.165323 -0.1340469 -0.04355663 2.165323 0.1409592 0 2.165323 0.1340609 0.04355657 2.165323 0.1140408 0.08284956 2.165323 0.08285671 0.1140326 2.165323 0.04356414 0.1340534 2.165323 8.23974e-6 0.1409521 2.165323 -0.1140268 -0.08284962 2.165323 -0.0828427 -0.1140327 2.165323 -0.04355007 -0.1340534 2.165323 8.23974e-6 -0.1409522 2.165323 0.04356414 -0.1340534 2.165323 0.08285671 -0.1140327 2.165323 0.1140408 -0.08284962 2.165323 0.1340609 -0.04355657 2.165323 8.23974e-6 -0.4638161 1.668154 7.01904e-6 -0.4638162 1.653968 -0.14332 -0.4411153 1.653968 -0.14332 -0.4411153 1.668154 -0.2726181 -0.3752353 1.653968 -0.2726169 -0.3752353 1.668154 -0.3752304 -0.2726242 1.653968 -0.3752292 -0.2726241 1.668154 -0.4411105 -0.1433257 1.653968 -0.4411105 -0.1433256 1.668154 -0.4638089 9.32904e-7 1.653968 -0.4638089 9.51688e-7 1.668154 -0.4411105 0.1433275 1.653968 -0.4411105 0.1433275 1.668154 -0.3752304 0.2726261 1.653968 -0.3752292 0.2726261 1.668154 -0.2726181 0.3752371 1.653968 -0.2726169 0.3752371 1.668154 -0.14332 0.4411171 1.653968 -0.14332 0.4411171 1.668154 7.01904e-6 0.463818 1.653968 8.23974e-6 0.463818 1.668154 0.143334 0.4411172 1.653968 0.143334 0.4411172 1.668154 0.2726309 0.3752371 1.653968 0.2726309 0.3752371 1.668154 0.3752426 0.2726261 1.653968 0.3752438 0.2726261 1.668154 0.4411246 0.1433275 1.653968 0.4411246 0.1433275 1.668154 0.4638235 9.21495e-7 1.653968 0.4638235 9.4028e-7 1.668154 0.4411246 -0.1433256 1.653968 0.4411246 -0.1433256 1.668154 0.3752426 -0.2726242 1.653968 0.3752438 -0.2726241 1.668154 0.2726309 -0.3752353 1.653968 0.2726309 -0.3752353 1.668154 0.143334 -0.4411153 1.653968 0.143334 -0.4411152 1.668154 7.01904e-6 -0.4638162 1.653968 8.23974e-6 -0.4638161 1.668154 0.01832121 -0.4609155 1.635426 0.0183224 -0.4609158 1.39952 0.01952666 -0.4603933 1.634154 0.01952785 -0.4603936 1.400792 0.02030605 -0.4593357 1.633219 0.0203073 -0.4593359 1.401727 0.1250198 -0.4440163 1.39952 0.1237118 -0.4438923 1.400792 0.0203073 -0.4593359 1.401727 0.1226437 -0.4431272 1.401727 0.1237118 -0.443892 1.634154 0.1250198 -0.444016 1.635426 0.1226437 -0.4431269 1.633219 0.02030605 -0.4593357 1.633219 0.1226437 -0.4431272 1.401727 0.1226437 -0.4431269 1.633219 8.23974e-6 -0.4638165 1.380978 0.143334 -0.4411156 1.380978 8.23974e-6 -0.4638165 1.367906 0.143334 -0.4411156 1.367906 0.2726303 -0.3752357 1.380978 0.2726309 -0.3752357 1.367906 0.3752426 -0.2726246 1.380978 0.3752438 -0.2726246 1.367906 0.4411246 -0.1433261 1.380978 0.4411246 -0.1433261 1.367906 0.4638235 5.59977e-7 1.380978 0.4638235 5.42667e-7 1.367906 0.4411246 0.1433272 1.380978 0.4411246 0.1433271 1.367906 0.3752426 0.2726256 1.380978 0.3752438 0.2726256 1.367906 0.2726303 0.3752368 1.380978 0.2726309 0.3752368 1.367906 0.143334 0.4411168 1.380978 0.143334 0.4411168 1.367906 8.23974e-6 0.4638176 1.380978 8.23974e-6 0.4638175 1.367906 -0.14332 0.4411168 1.380978 -0.14332 0.4411168 1.367906 -0.2726169 0.3752367 1.380978 -0.2726169 0.3752367 1.367906 -0.3752292 0.2726257 1.380978 -0.3752292 0.2726256 1.367906 -0.4411105 0.1433272 1.380978 -0.4411105 0.1433271 1.367906 -0.4638077 5.71386e-7 1.380978 -0.4638089 5.54075e-7 1.367906 -0.4411105 -0.1433261 1.380978 -0.4411105 -0.1433261 1.367906 -0.3752292 -0.2726246 1.380978 -0.3752292 -0.2726246 1.367906 -0.2726169 -0.3752357 1.380978 -0.2726169 -0.3752357 1.367906 -0.14332 -0.4411156 1.380978 -0.14332 -0.4411156 1.367906 8.23974e-6 -0.4638165 1.380978 8.23974e-6 -0.4638165 1.367906 -0.2857285 -0.3621243 1.39952 -0.3621176 -0.2857359 1.39952 -0.3609866 -0.2864043 1.400792 -0.3609879 -0.286404 1.634154 -0.3621188 -0.2857356 1.635426 -0.3596737 -0.2864128 1.633219 -0.3596726 -0.286413 1.401727 -0.2863968 -0.3609933 1.400792 -0.3596726 -0.286413 1.401727 -0.2864059 -0.3596795 1.401727 -0.2857297 -0.362124 1.635426 -0.286398 -0.360993 1.634154 -0.2864059 -0.3596795 1.401727 -0.2864072 -0.3596794 1.633219 -0.2864072 -0.3596794 1.633219 -0.3596737 -0.2864128 1.633219 -0.3836483 -0.2561028 1.635426 -0.3836472 -0.2561031 1.39952 -0.3839334 -0.2548209 1.400792 -0.4318234 -0.1608326 1.400792 -0.430577 -0.1612469 1.401727 -0.3835355 -0.2535688 1.401727 -0.4326925 -0.1598474 1.39952 -0.4318234 -0.1608322 1.634154 -0.4326925 -0.1598471 1.635426 -0.430577 -0.1612465 1.633219 -0.430577 -0.1612469 1.401727 -0.3839346 -0.2548206 1.634154 -0.3835366 -0.2535685 1.633219 -0.430577 -0.1612465 1.633219 -0.3835355 -0.2535688 1.401727 -0.3835366 -0.2535685 1.633219 -0.4029458 -0.1631615 1.415978 -0.4029458 -0.163161 1.618968 -0.3688443 -0.2300893 1.618968 -0.3688431 -0.2300895 1.415978 -0.4029458 -0.163161 1.618968 -0.3688443 -0.2300893 1.618968 -0.4440103 -0.1250115 1.635426 -0.4440109 -0.1250119 1.39952 -0.443887 -0.123704 1.400792 -0.4603854 -0.01951909 1.400792 -0.4593277 -0.02029842 1.401727 -0.4431222 -0.122636 1.401727 -0.4609079 -0.01831352 1.39952 -0.460386 -0.01951879 1.634154 -0.4609085 -0.01831322 1.635426 -0.4593283 -0.02029806 1.633219 -0.4593277 -0.02029842 1.401727 -0.4438864 -0.1237036 1.634154 -0.4431216 -0.1226357 1.633219 -0.4593283 -0.02029806 1.633219 -0.4431222 -0.122636 1.401727 -0.4431216 -0.1226357 1.633219 -0.4609085 0.01831507 1.635426 -0.4609079 0.01831477 1.39952 -0.4603854 0.01952028 1.400792 -0.443887 0.1237052 1.400792 -0.4431222 0.1226372 1.401727 -0.4593277 0.02029961 1.401727 -0.4440109 0.125013 1.39952 -0.4438864 0.1237055 1.634154 -0.4440103 0.1250133 1.635426 -0.4431216 0.1226375 1.633219 -0.4431222 0.1226372 1.401727 -0.460386 0.01952058 1.634154 -0.4593283 0.02029991 1.633219 -0.4431216 0.1226375 1.633219 -0.4593277 0.02029961 1.401727 -0.4593283 0.02029991 1.633219 -0.4326925 0.1598489 1.635426 -0.4326925 0.1598486 1.39952 -0.4318234 0.1608338 1.400792 -0.3839334 0.2548221 1.400792 -0.3835355 0.25357 1.401727 -0.430577 0.1612481 1.401727 -0.3836472 0.2561043 1.39952 -0.3839346 0.2548224 1.634154 -0.3836483 0.2561046 1.635426 -0.3835366 0.2535703 1.633219 -0.3835355 0.25357 1.401727 -0.4318234 0.160834 1.634154 -0.430577 0.1612483 1.633219 -0.3835366 0.2535703 1.633219 -0.430577 0.1612481 1.401727 -0.430577 0.1612483 1.633219 -0.3621188 0.2857374 1.635426 -0.3621182 0.2857371 1.39952 -0.3609873 0.2864055 1.400792 -0.2863968 0.3609944 1.400792 -0.2864059 0.3596807 1.401727 -0.3596732 0.2864142 1.401727 -0.2857285 0.3621254 1.39952 -0.286398 0.3609946 1.634154 -0.2857297 0.3621257 1.635426 -0.2864072 0.359681 1.633219 -0.2864059 0.3596807 1.401727 -0.3609879 0.2864058 1.634154 -0.3596737 0.2864145 1.633219 -0.2864072 0.359681 1.633219 -0.3596732 0.2864142 1.401727 -0.3596737 0.2864145 1.633219 -0.2560965 0.3836551 1.635426 -0.2560959 0.3836548 1.39952 -0.2548135 0.383941 1.400792 -0.1608267 0.4318296 1.400792 -0.1612411 0.430583 1.401727 -0.2535617 0.3835433 1.401727 -0.1598416 0.4326987 1.39952 -0.1608261 0.4318298 1.634154 -0.159841 0.432699 1.635426 -0.1612405 0.4305831 1.633219 -0.1612411 0.430583 1.401727 -0.2548142 0.3839413 1.634154 -0.2535623 0.3835437 1.633219 -0.1612405 0.4305831 1.633219 -0.2535617 0.3835433 1.401727 -0.2535623 0.3835437 1.633219 -0.1250058 0.4440177 1.635426 -0.1250058 0.4440175 1.39952 -0.1236978 0.4438934 1.400792 -0.0195114 0.4603947 1.400792 -0.02029079 0.4593371 1.401727 -0.1226297 0.4431284 1.401727 -0.01830595 0.4609169 1.39952 -0.01951199 0.460395 1.634154 -0.01830655 0.4609172 1.635426 -0.02029144 0.4593374 1.633219 -0.02029079 0.4593371 1.401727 -0.1236978 0.4438936 1.634154 -0.1226297 0.4431286 1.633219 -0.02029144 0.4593374 1.633219 -0.1226297 0.4431284 1.401727 -0.1226297 0.4431286 1.633219 0.01832121 0.4609172 1.635426 0.01832181 0.4609169 1.39952 0.01952725 0.4603947 1.400792 0.1237118 0.4438934 1.400792 0.1226437 0.4431284 1.401727 0.0203067 0.4593371 1.401727 0.1250198 0.4440175 1.39952 0.1237118 0.4438937 1.634154 0.1250198 0.4440178 1.635426 0.1226437 0.4431287 1.633219 0.1226437 0.4431284 1.401727 0.01952666 0.460395 1.634154 0.02030605 0.4593374 1.633219 0.1226437 0.4431287 1.633219 0.0203067 0.4593371 1.401727 0.02030605 0.4593374 1.633219 0.159855 0.432699 1.635426 0.1598556 0.4326987 1.39952 0.1608407 0.4318296 1.400792 0.254827 0.3839411 1.400792 0.2535751 0.3835434 1.401727 0.1612551 0.430583 1.401727 0.2561093 0.3836549 1.39952 0.254827 0.3839414 1.634154 0.2561093 0.3836552 1.635426 0.2535751 0.3835437 1.633219 0.2535751 0.3835434 1.401727 0.1608401 0.4318299 1.634154 0.1612545 0.4305832 1.633219 0.2535751 0.3835437 1.633219 0.1612551 0.430583 1.401727 0.1612545 0.4305832 1.633219 0.2857419 0.3621257 1.635426 0.2857419 0.3621254 1.39952 0.2864102 0.3609943 1.400792 0.3610007 0.2864055 1.400792 0.3596866 0.2864142 1.401727 0.2864193 0.3596807 1.401727 0.3621317 0.2857371 1.39952 0.3610001 0.2864058 1.634154 0.362131 0.2857374 1.635426 0.359686 0.2864146 1.633219 0.3596866 0.2864142 1.401727 0.2864102 0.3609947 1.634154 0.2864193 0.359681 1.633219 0.359686 0.2864146 1.633219 0.2864193 0.3596807 1.401727 0.2864193 0.359681 1.633219 0.3836612 0.2561047 1.635426 0.3836612 0.2561043 1.39952 0.3839474 0.2548221 1.400792 0.4318369 0.1608337 1.400792 0.4305905 0.161248 1.401727 0.3835495 0.25357 1.401727 0.432706 0.1598485 1.39952 0.4318369 0.160834 1.634154 0.432706 0.1598489 1.635426 0.4305905 0.1612483 1.633219 0.4305905 0.161248 1.401727 0.3839474 0.2548224 1.634154 0.3835495 0.2535703 1.633219 0.4305905 0.1612483 1.633219 0.3835495 0.25357 1.401727 0.3835495 0.2535703 1.633219 0.4440249 0.1250134 1.635426 0.4440249 0.125013 1.39952 0.4439011 0.1237052 1.400792 0.4604007 0.01952028 1.400792 0.459343 0.02029955 1.401727 0.4431363 0.1226372 1.401727 0.4609231 0.01831471 1.39952 0.4604007 0.01952058 1.634154 0.4609231 0.01831501 1.635426 0.459343 0.02029985 1.633219 0.459343 0.02029955 1.401727 0.4439011 0.1237055 1.634154 0.4431363 0.1226375 1.633219 0.459343 0.02029985 1.633219 0.4431363 0.1226372 1.401727 0.4431363 0.1226375 1.633219 0.4609231 -0.01831322 1.635426 0.4609231 -0.01831358 1.39952 0.4604007 -0.01951909 1.400792 0.4439011 -0.123704 1.400792 0.4431363 -0.122636 1.401727 0.459343 -0.02029836 1.401727 0.4440249 -0.1250119 1.39952 0.4439011 -0.1237037 1.634154 0.4440249 -0.1250115 1.635426 0.4431363 -0.1226357 1.633219 0.4431363 -0.122636 1.401727 0.4604007 -0.01951879 1.634154 0.459343 -0.02029806 1.633219 0.4431363 -0.1226357 1.633219 0.459343 -0.02029836 1.401727 0.459343 -0.02029806 1.633219 0.432706 -0.1598471 1.635426 0.432706 -0.1598474 1.39952 0.4318369 -0.1608325 1.400792 0.3839474 -0.254821 1.400792 0.3835495 -0.2535688 1.401727 0.4305905 -0.1612468 1.401727 0.3836612 -0.2561032 1.39952 0.3839474 -0.2548207 1.634154 0.3836612 -0.2561028 1.635426 0.3835495 -0.2535685 1.633219 0.3835495 -0.2535688 1.401727 0.4318369 -0.1608322 1.634154 0.4305905 -0.1612465 1.633219 0.3835495 -0.2535685 1.633219 0.4305905 -0.1612468 1.401727 0.4305905 -0.1612465 1.633219 0.362131 -0.2857356 1.635426 0.362131 -0.2857359 1.39952 0.3610001 -0.2864043 1.400792 0.2864102 -0.3609932 1.400792 0.2864193 -0.3596795 1.401727 0.359686 -0.2864131 1.401727 0.2857419 -0.3621242 1.39952 0.2864108 -0.3609929 1.634154 0.2857425 -0.3621239 1.635426 0.28642 -0.3596792 1.633219 0.2864193 -0.3596795 1.401727 0.3610001 -0.286404 1.634154 0.359686 -0.2864128 1.633219 0.28642 -0.3596792 1.633219 0.359686 -0.2864131 1.401727 0.359686 -0.2864128 1.633219 0.2561093 -0.3836534 1.635426 0.2561093 -0.3836537 1.39952 0.254827 -0.3839399 1.400792 0.1608407 -0.4318284 1.400792 0.1612551 -0.4305818 1.401727 0.2535751 -0.3835422 1.401727 0.1598556 -0.4326976 1.39952 0.1608407 -0.4318281 1.634154 0.1598556 -0.4326972 1.635426 0.1612551 -0.4305814 1.633219 0.1612551 -0.4305818 1.401727 0.254827 -0.3839395 1.634154 0.2535751 -0.383542 1.633219 0.1612551 -0.4305814 1.633219 0.2535751 -0.3835422 1.401727 0.2535751 -0.383542 1.633219 0.1631692 -0.4029508 1.415978 0.1631692 -0.4029505 1.618968 0.2300955 -0.3688499 1.618968 0.2300955 -0.3688502 1.415978 0.1631692 -0.4029505 1.618968 0.2300955 -0.3688499 1.618968 -0.3328024 -0.2796954 1.415978 -0.3328036 -0.2796952 1.618968 -0.2796896 -0.3328092 1.618968 -0.2796884 -0.3328093 1.415978 -0.1048398 -0.4218986 1.415978 -0.1048398 -0.4218983 1.618968 -0.03065031 -0.4336488 1.618968 -0.03064972 -0.4336491 1.415978 0.03066498 -0.4336487 1.618968 0.1048538 -0.4218984 1.618968 0.1048538 -0.4218987 1.415978 0.03066617 -0.433649 1.415978 0.1631692 -0.4029505 1.618968 0.2300955 -0.3688499 1.618968 0.2300955 -0.3688502 1.415978 0.1631692 -0.4029508 1.415978 0.2797024 -0.332809 1.618968 0.3328158 -0.2796952 1.618968 0.3328158 -0.2796955 1.415978 0.2797018 -0.3328093 1.415978 0.3688571 -0.2300893 1.618968 0.4029593 -0.163161 1.618968 0.4029593 -0.1631613 1.415978 0.3688571 -0.2300896 1.415978 0.421907 -0.1048461 1.618968 0.4336563 -0.03065776 1.618968 0.4336563 -0.03065806 1.415978 0.421907 -0.1048464 1.415978 0.4336563 0.03065955 1.618968 0.421907 0.1048479 1.618968 0.421907 0.1048476 1.415978 0.4336563 0.03065925 1.415978 0.4029593 0.1631629 1.618968 0.3688571 0.230091 1.618968 0.3688571 0.2300907 1.415978 0.4029593 0.1631626 1.415978 0.3328158 0.2796968 1.618968 0.2797018 0.3328108 1.618968 0.2797018 0.3328104 1.415978 0.3328164 0.2796965 1.415978 0.2300961 0.3688516 1.618968 0.1631692 0.4029523 1.618968 0.1631698 0.402952 1.415978 0.2300961 0.3688513 1.415978 0.1048538 0.4219001 1.618968 0.03066498 0.4336504 1.618968 0.03066557 0.4336502 1.415978 0.1048538 0.4218999 1.415978 -0.03065031 0.4336505 1.618968 -0.1048398 0.4219 1.618968 -0.1048398 0.4218999 1.415978 -0.03064972 0.4336502 1.415978 -0.1631552 0.4029522 1.618968 -0.2300833 0.3688515 1.618968 -0.2300826 0.3688512 1.415978 -0.1631558 0.4029521 1.415978 -0.2796896 0.3328107 1.618968 -0.3328036 0.2796968 1.618968 -0.332803 0.2796965 1.415978 -0.2796884 0.3328105 1.415978 -0.3688443 0.230091 1.618968 -0.4029458 0.1631628 1.618968 -0.4029458 0.1631627 1.415978 -0.3688431 0.2300907 1.415978 -0.4218924 0.104848 1.618968 -0.4336416 0.03065973 1.618968 -0.433641 0.03065943 1.415978 -0.421893 0.1048477 1.415978 -0.4336416 -0.03065794 1.618968 -0.4218924 -0.1048461 1.618968 -0.421893 -0.1048465 1.415978 -0.433641 -0.03065824 1.415978 -0.4029458 -0.163161 1.618968 -0.3688443 -0.2300893 1.618968 -0.3688431 -0.2300895 1.415978 -0.4029458 -0.1631615 1.415978 -0.2300833 -0.3688499 1.618968 -0.1631558 -0.4029505 1.618968 -0.1631558 -0.4029508 1.415978 -0.2300826 -0.3688502 1.415978 -0.1250058 -0.4440163 1.39952 -0.1250058 -0.444016 1.635426 -0.1236978 -0.4438919 1.634154 -0.1236978 -0.4438923 1.400792 -0.1226297 -0.4431268 1.633219 -0.1226297 -0.4431272 1.401727 -0.01830595 -0.4609158 1.39952 -0.0195114 -0.4603936 1.400792 -0.1226297 -0.4431272 1.401727 -0.02029079 -0.459336 1.401727 -0.01830655 -0.4609155 1.635426 -0.01951199 -0.4603934 1.634154 -0.02029079 -0.459336 1.401727 -0.02029144 -0.4593358 1.633219 -0.02029144 -0.4593358 1.633219 -0.1226297 -0.4431268 1.633219 -0.1598416 -0.4326972 1.635426 -0.1598416 -0.4326976 1.39952 -0.1608267 -0.4318284 1.400792 -0.2548135 -0.3839399 1.400792 -0.2535617 -0.3835422 1.401727 -0.1612411 -0.4305818 1.401727 -0.2560959 -0.3836538 1.39952 -0.2548142 -0.3839396 1.634154 -0.2560965 -0.3836534 1.635426 -0.2535623 -0.383542 1.633219 -0.2535617 -0.3835422 1.401727 -0.1608267 -0.4318281 1.634154 -0.1612411 -0.4305814 1.633219 -0.2535623 -0.383542 1.633219 -0.1612411 -0.4305818 1.401727 -0.1612411 -0.4305814 1.633219 -0.2300826 -0.3688502 1.415978 -0.2300833 -0.3688499 1.618968 -0.1631558 -0.4029505 1.618968 -0.1631558 -0.4029508 1.415978 -0.2300833 -0.3688499 1.618968 -0.1631558 -0.4029505 1.618968 -0.3328024 -0.2796954 1.415978 -0.2796884 -0.3328093 1.415978 -0.2796884 -0.3328093 1.415978 -0.2796896 -0.3328092 1.618968 -0.2796896 -0.3328092 1.618968 -0.3328036 -0.2796952 1.618968 -0.3328036 -0.2796952 1.618968 -0.3328024 -0.2796954 1.415978 -0.1048398 -0.4218986 1.415978 -0.03064972 -0.4336491 1.415978 -0.03064972 -0.4336491 1.415978 -0.03065031 -0.4336488 1.618968 -0.03065031 -0.4336488 1.618968 -0.1048398 -0.4218983 1.618968 -0.1048398 -0.4218983 1.618968 -0.1048398 -0.4218986 1.415978 0.03066498 -0.4336487 1.618968 0.03066617 -0.433649 1.415978 0.03066617 -0.433649 1.415978 0.1048538 -0.4218987 1.415978 0.1048538 -0.4218987 1.415978 0.1048538 -0.4218984 1.618968 0.1048538 -0.4218984 1.618968 0.03066498 -0.4336487 1.618968 0.1631692 -0.4029508 1.415978 0.2300955 -0.3688502 1.415978 0.2797024 -0.332809 1.618968 0.2797018 -0.3328093 1.415978 0.2797018 -0.3328093 1.415978 0.3328158 -0.2796955 1.415978 0.3328158 -0.2796955 1.415978 0.3328158 -0.2796952 1.618968 0.3328158 -0.2796952 1.618968 0.2797024 -0.332809 1.618968 0.3688571 -0.2300893 1.618968 0.3688571 -0.2300896 1.415978 0.3688571 -0.2300896 1.415978 0.4029593 -0.1631613 1.415978 0.4029593 -0.1631613 1.415978 0.4029593 -0.163161 1.618968 0.4029593 -0.163161 1.618968 0.3688571 -0.2300893 1.618968 0.421907 -0.1048461 1.618968 0.421907 -0.1048464 1.415978 0.421907 -0.1048464 1.415978 0.4336563 -0.03065806 1.415978 0.4336563 -0.03065806 1.415978 0.4336563 -0.03065776 1.618968 0.4336563 -0.03065776 1.618968 0.421907 -0.1048461 1.618968 0.4336563 0.03065955 1.618968 0.4336563 0.03065925 1.415978 0.4336563 0.03065925 1.415978 0.421907 0.1048476 1.415978 0.421907 0.1048476 1.415978 0.421907 0.1048479 1.618968 0.421907 0.1048479 1.618968 0.4336563 0.03065955 1.618968 0.4029593 0.1631629 1.618968 0.4029593 0.1631626 1.415978 0.4029593 0.1631626 1.415978 0.3688571 0.2300907 1.415978 0.3688571 0.2300907 1.415978 0.3688571 0.230091 1.618968 0.3688571 0.230091 1.618968 0.4029593 0.1631629 1.618968 0.3328158 0.2796968 1.618968 0.3328164 0.2796965 1.415978 0.3328164 0.2796965 1.415978 0.2797018 0.3328104 1.415978 0.2797018 0.3328104 1.415978 0.2797018 0.3328108 1.618968 0.2797018 0.3328108 1.618968 0.3328158 0.2796968 1.618968 0.2300961 0.3688516 1.618968 0.2300961 0.3688513 1.415978 0.2300961 0.3688513 1.415978 0.1631698 0.402952 1.415978 0.1631698 0.402952 1.415978 0.1631692 0.4029523 1.618968 0.1631692 0.4029523 1.618968 0.2300961 0.3688516 1.618968 0.1048538 0.4219001 1.618968 0.1048538 0.4218999 1.415978 0.1048538 0.4218999 1.415978 0.03066557 0.4336502 1.415978 0.03066557 0.4336502 1.415978 0.03066498 0.4336504 1.618968 0.03066498 0.4336504 1.618968 0.1048538 0.4219001 1.618968 -0.03065031 0.4336505 1.618968 -0.03064972 0.4336502 1.415978 -0.03064972 0.4336502 1.415978 -0.1048398 0.4218999 1.415978 -0.1048398 0.4218999 1.415978 -0.1048398 0.4219 1.618968 -0.1048398 0.4219 1.618968 -0.03065031 0.4336505 1.618968 -0.1631552 0.4029522 1.618968 -0.1631558 0.4029521 1.415978 -0.1631558 0.4029521 1.415978 -0.2300826 0.3688512 1.415978 -0.2300826 0.3688512 1.415978 -0.2300833 0.3688515 1.618968 -0.2300833 0.3688515 1.618968 -0.1631552 0.4029522 1.618968 -0.2796896 0.3328107 1.618968 -0.2796884 0.3328105 1.415978 -0.2796884 0.3328105 1.415978 -0.332803 0.2796965 1.415978 -0.332803 0.2796965 1.415978 -0.3328036 0.2796968 1.618968 -0.3328036 0.2796968 1.618968 -0.2796896 0.3328107 1.618968 -0.3688443 0.230091 1.618968 -0.3688431 0.2300907 1.415978 -0.3688431 0.2300907 1.415978 -0.4029458 0.1631627 1.415978 -0.4029458 0.1631627 1.415978 -0.4029458 0.1631628 1.618968 -0.4029458 0.1631628 1.618968 -0.3688443 0.230091 1.618968 -0.4218924 0.104848 1.618968 -0.421893 0.1048477 1.415978 -0.421893 0.1048477 1.415978 -0.433641 0.03065943 1.415978 -0.433641 0.03065943 1.415978 -0.4336416 0.03065973 1.618968 -0.4336416 0.03065973 1.618968 -0.4218924 0.104848 1.618968 -0.4029458 -0.1631615 1.415978 -0.3688431 -0.2300895 1.415978 -0.2300826 -0.3688502 1.415978 -0.1631558 -0.4029508 1.415978 -0.4336416 -0.03065794 1.618968 -0.433641 -0.03065824 1.415978 -0.433641 -0.03065824 1.415978 -0.421893 -0.1048465 1.415978 -0.421893 -0.1048465 1.415978 -0.4218924 -0.1048461 1.618968 -0.4218924 -0.1048461 1.618968 -0.4336416 -0.03065794 1.618968 -0.768682 -0.7455922 -0.1322778 -0.5363712 -0.5093283 -2.064136 -0.5363712 0.5093283 -2.064136 -0.768682 0.7455924 -0.1322754 -0.7688016 -0.746721 -0.1312854 -0.7688016 0.7467211 -0.1312829 -0.5362515 0.5102142 -2.065128 -0.5362515 -0.5102143 -2.065128 0.5093253 -0.5363665 -2.064136 -0.5093332 -0.5363665 -2.064136 -0.7455972 -0.7686764 -0.1322778 0.7455887 -0.7686764 -0.1322778 0.5102109 -0.5362471 -2.065128 0.7467172 -0.7687958 -0.1312854 -0.7467263 -0.7687958 -0.1312854 -0.5102188 -0.5362471 -2.065128 0.5363632 0.5093283 -2.064136 0.5363632 -0.5093283 -2.064136 0.7686716 -0.7455922 -0.1322778 0.7686716 0.7455922 -0.1322778 0.5362436 0.5102142 -2.065128 0.7687912 0.746721 -0.1312854 0.7687912 -0.746721 -0.1312854 0.5362436 -0.5102142 -2.065128 -0.5093332 0.5363665 -2.064136 0.5093253 0.5363664 -2.064136 0.7455887 0.7686764 -0.1322778 -0.7455972 0.7686764 -0.1322754 -0.5102188 0.5362471 -2.065128 -0.7467263 0.7687958 -0.1312829 0.7467172 0.7687958 -0.1312854 0.5102109 0.536247 -2.065128 -0.5594882 0.5320222 0.9494946 -0.5850198 0.5570018 0.8266699 -0.5768142 0.5768119 0.8266699 -0.551445 0.5514404 0.9494946 -0.6373813 0.6373764 0.7035583 -0.646182 0.6161298 0.7035583 -0.7307083 0.7307056 0.5805286 -0.7401138 0.7079987 0.5805286 -0.8560636 0.8560582 0.4578515 -0.8659537 0.8321829 0.4578515 -0.5850198 -0.5570018 0.8266699 -0.5594882 -0.5320222 0.9494946 -0.551445 -0.5514404 0.9494946 -0.5768142 -0.5768119 0.8266699 -0.646182 -0.6161298 0.7035583 -0.6373813 -0.6373764 0.7035583 -0.7401138 -0.7079987 0.5805286 -0.7307083 -0.7307056 0.5805286 -0.8659537 -0.8321829 0.4578515 -0.8560636 -0.8560582 0.4578515 -1.013084 1.013086 0.3445532 -1.021266 0.9933325 0.3445532 -1.030641 1.00306 0.3324646 -1.022564 1.022566 0.3324658 -1.030641 -1.00306 0.3324646 -1.021266 -0.9933325 0.3445532 -1.022564 -1.022566 0.3324658 -1.013084 -1.013086 0.3445532 -0.551445 0.5514404 0.9494946 -0.5768142 0.5768119 0.8266699 -0.5570041 0.5850176 0.8266699 -0.5320267 0.5594838 0.9494946 -0.6161344 0.6461771 0.7035583 -0.6373813 0.6373764 0.7035583 -0.708002 0.7401112 0.5805286 -0.7307083 0.7307056 0.5805286 -0.8321878 0.8659476 0.4578515 -0.8560636 0.8560582 0.4578515 0.556998 0.5850176 0.8266711 0.5320206 0.5594838 0.9494946 0.5768082 0.576812 0.8266711 0.5514389 0.5514404 0.9494946 0.6373733 0.6373763 0.7035583 0.6161264 0.6461768 0.7035583 0.7307022 0.7307056 0.5805261 0.7079953 0.7401111 0.5805261 0.856055 0.8560582 0.4578515 0.8321799 0.8659478 0.4578515 -0.9933304 1.021268 0.3445532 -1.013084 1.013086 0.3445532 -1.022564 1.022566 0.3324658 -1.003058 1.030643 0.3324646 0.9933304 1.021268 0.344552 1.003057 1.030643 0.3324646 1.013084 1.013086 0.344552 1.022563 1.022566 0.3324658 0.5218136 0.5492717 1.353204 0.5412265 0.541231 1.353204 0.5397018 0.5397064 1.357699 0.5213333 0.5473124 1.357697 -0.5218234 0.5492717 1.353204 -0.5213431 0.5473124 1.357697 -0.5412363 0.541231 1.353204 -0.5397116 0.5397064 1.357699 0.5514389 0.5514404 0.9494946 0.5768082 0.576812 0.8266711 0.5850138 0.5570019 0.8266711 0.5594821 0.5320222 0.9494946 0.646174 0.6161297 0.7035583 0.6373733 0.6373763 0.7035583 0.7401077 0.7079988 0.5805261 0.7307022 0.7307056 0.5805261 0.8659445 0.8321828 0.4578515 0.856055 0.8560582 0.4578515 0.5594821 -0.5320222 0.9494946 0.5850138 -0.5570019 0.8266711 0.5768082 -0.576812 0.8266711 0.5514389 -0.5514404 0.9494946 0.6373733 -0.6373763 0.7035583 0.646174 -0.6161297 0.7035583 0.7307022 -0.7307057 0.5805261 0.7401077 -0.7079989 0.5805261 0.856055 -0.8560582 0.4578515 0.8659445 -0.8321828 0.4578515 1.021266 0.9933329 0.344552 1.013084 1.013086 0.344552 1.022563 1.022566 0.3324658 1.030641 1.00306 0.3324646 1.021266 -0.9933329 0.344552 1.030641 -1.00306 0.3324646 1.013084 -1.013086 0.344552 1.022563 -1.022566 0.3324658 0.5492672 -0.5218188 1.353204 0.5412265 -0.541231 1.353204 0.5397018 -0.5397064 1.357699 0.5473074 -0.5213381 1.357697 0.5492672 0.5218188 1.353204 0.5473074 0.5213381 1.357697 0.5412265 0.541231 1.353204 0.5397018 0.5397064 1.357699 -0.5320267 -0.5594838 0.9494946 -0.5570041 -0.5850176 0.8266699 -0.5768142 -0.5768119 0.8266699 -0.551445 -0.5514404 0.9494946 -0.6373813 -0.6373764 0.7035583 -0.6161344 -0.6461771 0.7035583 -0.7307083 -0.7307056 0.5805286 -0.708002 -0.7401112 0.5805286 -0.8560636 -0.8560582 0.4578515 -0.8321878 -0.8659476 0.4578515 0.5320206 -0.5594838 0.9494946 0.556998 -0.5850176 0.8266711 0.5514389 -0.5514404 0.9494946 0.5768082 -0.576812 0.8266711 0.6161264 -0.6461768 0.7035583 0.6373733 -0.6373763 0.7035583 0.7079953 -0.7401112 0.5805261 0.7307022 -0.7307057 0.5805261 0.8321799 -0.8659478 0.4578515 0.856055 -0.8560582 0.4578515 -1.013084 -1.013086 0.3445532 -0.9933304 -1.021268 0.3445532 -1.003058 -1.030643 0.3324646 -1.022564 -1.022566 0.3324658 -1.00663 -1.034085 0.3157678 -1.026041 -1.026044 0.3157678 1.003057 -1.030643 0.3324646 0.9933304 -1.021268 0.344552 1.006629 -1.034085 0.3157678 1.026041 -1.026044 0.3157678 1.022563 -1.022566 0.3324658 1.013084 -1.013086 0.344552 -1.025766 -1.025769 0.1926013 -1.006354 -1.03381 0.1926013 -1.005595 -1.030073 0.1836621 -1.022902 -1.022904 0.1836609 1.005594 -1.030073 0.1836621 1.006353 -1.03381 0.1926013 1.022901 -1.022904 0.1836609 1.025766 -1.025769 0.1926013 -0.9312674 -0.9673405 0.1805078 -0.9106546 -0.9421854 0.165094 -0.9329532 -0.932949 0.165094 -0.9567776 -0.9567735 0.1805078 -0.9128457 -0.9128426 0.1349292 -0.891907 -0.9215155 0.1349292 -0.9008096 -0.9008078 0.1063379 -0.8813248 -0.9088787 0.1063379 -0.8984354 -0.8984336 0.07906001 -0.8852908 -0.9038784 0.07906001 -0.8795437 -0.9070973 0.08587157 0.9312619 -0.9673405 0.180509 0.9106485 -0.9421851 0.165094 0.9567722 -0.9567736 0.180509 0.9329477 -0.9329487 0.165094 0.8919016 -0.9215154 0.1349292 0.9128397 -0.9128425 0.1349292 0.8813205 -0.908879 0.1063379 0.9008054 -0.9008081 0.1063379 0.8795388 -0.907098 0.0858801 0.8776248 -0.9051858 0.08090209 0.8971109 -0.8971144 0.08090209 0.8990237 -0.8990272 0.0858801 -0.8777444 -0.9052982 0.08090573 -0.9567776 -0.9567735 0.1805078 -0.9329532 -0.932949 0.165094 -0.9421902 -0.9106504 0.165094 -0.9673441 -0.9312623 0.1805078 -0.9215189 -0.8919044 0.1349292 -0.9128457 -0.9128426 0.1349292 -0.9088809 -0.8813229 0.1063379 -0.9008096 -0.9008078 0.1063379 -0.9065067 -0.8789486 0.07906001 -0.8984354 -0.8984336 0.07906001 -0.9088809 0.8813229 0.1063379 -0.9065067 0.8789486 0.07906001 -0.8984354 0.8984336 0.07906001 -0.9008096 0.9008078 0.1063379 -0.9215189 0.8919043 0.1349292 -0.9128457 0.9128425 0.1349292 -0.9421902 0.9106504 0.165094 -0.9329532 0.9329491 0.165094 -0.9673441 0.9312624 0.1805078 -0.9567776 0.9567735 0.1805078 0.9673392 -0.931263 0.180509 0.9421842 -0.9106501 0.165094 0.9329477 -0.9329487 0.165094 0.9567722 -0.9567736 0.180509 0.9128397 -0.9128425 0.1349292 0.9215127 -0.8919043 0.1349292 0.9008054 -0.9008081 0.1063379 0.9088766 -0.8813232 0.1063379 0.9421842 0.9106503 0.165094 0.9673392 0.9312631 0.180509 0.9567722 0.9567736 0.180509 0.9329477 0.9329488 0.165094 0.9215127 0.8919041 0.1349292 0.9128397 0.9128423 0.1349292 0.9088766 0.8813232 0.1063379 0.9008054 0.9008081 0.1063379 0.9070944 0.8795415 0.08587276 0.9038748 0.8852885 0.07906126 0.8984299 0.8984335 0.07906126 0.8990237 -0.8990272 0.0858801 0.907095 -0.8795422 0.0858801 0.9051822 -0.8776291 0.08090209 0.8971109 -0.8971144 0.08090209 0.9052951 0.8777418 0.08090698 -0.9567776 0.9567735 0.1805078 -0.9329532 0.9329491 0.165094 -0.9106546 0.9421854 0.165094 -0.9312674 0.9673405 0.1805078 -0.891907 0.9215154 0.1349292 -0.9128457 0.9128425 0.1349292 -0.8813248 0.9088787 0.1063379 -0.9008096 0.9008078 0.1063379 -0.8789505 0.9065045 0.07906001 -0.8984354 0.8984336 0.07906001 0.878945 0.9065043 0.07906126 0.8813205 0.908879 0.1063379 0.8984299 0.8984335 0.07906126 0.9008054 0.9008081 0.1063379 0.8919016 0.9215152 0.1349292 0.9128397 0.9128423 0.1349292 0.9106485 0.9421852 0.165094 0.9329477 0.9329488 0.165094 0.9312619 0.9673405 0.180509 0.9567722 0.9567736 0.180509 -0.8984354 -0.8984336 0.07906001 -0.8427078 -0.8427026 0.07560664 -0.850784 -0.8232033 0.07560664 -0.9065067 -0.8789486 0.07906001 -0.9065067 0.8789486 0.07906001 -0.850784 0.8232032 0.07560664 -0.8427078 0.8427026 0.07560664 -0.8984354 0.8984336 0.07906001 -0.8984354 0.8984336 0.07906001 -0.8427078 0.8427026 0.07560664 -0.8232083 0.8507794 0.07560664 -0.8789505 0.9065045 0.07906001 0.823201 0.8507795 0.07560908 0.878945 0.9065043 0.07906126 0.8427005 0.8427026 0.07560908 0.8984299 0.8984335 0.07906126 0.8427005 0.8427026 0.07560908 0.8507773 0.8232033 0.07560908 0.9016544 0.8740997 0.07876098 0.8984299 0.8984335 0.07906126 0.9038748 0.8852885 0.07906126 0.9012552 -0.8737009 0.07873654 0.9051822 -0.8776291 0.08090209 0.8971109 -0.8971144 0.08090209 0.8931833 -0.8931872 0.07873654 0.9052951 0.8777418 0.08090698 0.8427005 -0.8427027 0.07560908 0.8507773 -0.8232033 0.07560908 -0.8232083 -0.8507795 0.07560664 -0.8104751 -0.8380457 -0.05795896 -0.8299735 -0.8299686 -0.0579614 -0.8427078 -0.8427026 0.07560664 -0.5775766 -0.5775719 -2.156682 -0.5580264 -0.5856695 -2.156683 0.823201 -0.8507795 0.07560908 0.8104654 -0.8380458 -0.05795896 0.8427005 -0.8427027 0.07560908 0.8299649 -0.8299689 -0.05795896 0.5580185 -0.5856695 -2.156683 0.5775687 -0.5775717 -2.156683 0.7912448 -0.8330859 -0.09920406 0.5487887 -0.5906294 -2.115438 0.5423269 -0.5895963 -2.107909 0.7830179 -0.8302922 -0.1061657 0.5377426 -0.5848947 -2.101937 0.7771481 -0.8242641 -0.1105249 -0.5423349 -0.5895963 -2.107909 -0.5487967 -0.5906294 -2.115438 -0.5377506 -0.5848947 -2.101937 0.5377426 -0.5848947 -2.101937 -0.7912539 -0.8330858 -0.09920406 -0.7830264 -0.8302922 -0.1061657 0.7771481 -0.8242641 -0.1105249 -0.7771573 -0.8242641 -0.1105249 -0.7771573 -0.8242641 -0.1105249 -0.5377506 -0.5848947 -2.101937 0.7467172 -0.7687958 -0.1312854 0.5102109 -0.5362471 -2.065128 -0.7467263 -0.7687958 -0.1312854 0.7467172 -0.7687958 -0.1312854 -0.5102188 -0.5362471 -2.065128 -0.7467263 -0.7687958 -0.1312854 0.5102109 -0.5362471 -2.065128 -0.5102188 -0.5362471 -2.065128 -0.5560404 -0.5560374 -2.298512 -0.5364133 -0.564167 -2.298512 -0.5369681 -0.5647397 -2.301538 -0.5566074 -0.5566048 -2.301538 0.536962 -0.5647398 -2.301538 0.5364072 -0.5641671 -2.298512 0.5566012 -0.5566049 -2.301538 0.5560342 -0.5560375 -2.298512 -0.8427078 -0.8427026 0.07560664 -0.8299735 -0.8299686 -0.0579614 -0.8380496 -0.8104689 -0.05796629 -0.850784 -0.8232033 0.07560664 -0.5856747 -0.5580224 -2.156678 -0.5775766 -0.5775719 -2.156682 -0.850784 0.8232032 0.07560664 -0.8380496 0.8104689 -0.05796259 -0.8299735 0.8299686 -0.0579577 -0.8427078 0.8427026 0.07560664 -0.5775766 0.5775719 -2.156682 -0.5856747 0.5580224 -2.156678 -0.8330911 0.7912484 -0.09920161 -0.8330911 -0.7912484 -0.09920406 -0.8302969 -0.7830213 -0.1061657 -0.8302969 0.7830213 -0.1061633 -0.5906338 0.548792 -2.115438 -0.5896011 0.54233 -2.107909 -0.8242691 0.7771519 -0.1105225 -0.5848996 0.5377461 -2.101937 -0.8242691 -0.7771518 -0.1105249 -0.8242691 0.7771519 -0.1105225 -0.5896011 -0.54233 -2.107909 -0.5906338 -0.548792 -2.115438 -0.5848996 -0.5377461 -2.101937 -0.8242691 -0.7771518 -0.1105249 -0.5848996 0.5377461 -2.101937 -0.5848996 -0.5377461 -2.101937 -0.7688016 0.7467211 -0.1312829 -0.7688016 -0.746721 -0.1312854 -0.5362515 0.5102142 -2.065128 -0.7688016 0.7467211 -0.1312829 -0.5362515 -0.5102143 -2.065128 -0.5362515 0.5102142 -2.065128 -0.7688016 -0.746721 -0.1312854 -0.5362515 -0.5102143 -2.065128 -0.5641696 -0.5364107 -2.298512 -0.5560404 -0.5560374 -2.298512 -0.5566074 -0.5566048 -2.301538 -0.5647421 -0.5369652 -2.301538 -0.5641696 0.5364107 -2.298512 -0.5647421 0.5369652 -2.301538 -0.5560404 0.5560374 -2.298512 -0.5566074 0.5566048 -2.301538 0.8507773 -0.8232033 0.07560908 0.8380417 -0.8104695 -0.05795896 0.8299649 -0.8299689 -0.05795896 0.8427005 -0.8427027 0.07560908 0.5775687 -0.5775717 -2.156683 0.5856662 -0.5580218 -2.156683 0.8380417 0.8104695 -0.05795896 0.8507773 0.8232033 0.07560908 0.8427005 0.8427026 0.07560908 0.8299649 0.8299689 -0.05795896 0.5856662 0.5580218 -2.156683 0.5775687 0.5775717 -2.156683 0.833082 0.7912484 -0.09920406 0.5906259 0.548792 -2.115438 0.5895932 0.54233 -2.107909 0.8302878 0.7830213 -0.1061657 0.5848917 0.5377461 -2.101937 0.8242599 0.7771519 -0.1105249 0.5895932 -0.54233 -2.107909 0.5906259 -0.548792 -2.115438 0.5848917 -0.5377461 -2.101937 0.5848917 0.5377461 -2.101937 0.833082 -0.7912484 -0.09920406 0.8302878 -0.7830213 -0.1061657 0.8242599 0.7771519 -0.1105249 0.8242599 -0.7771519 -0.1105249 0.8242599 -0.7771519 -0.1105249 0.5848917 -0.5377461 -2.101937 0.7687912 0.746721 -0.1312854 0.5362436 0.5102142 -2.065128 0.7687912 -0.746721 -0.1312854 0.7687912 0.746721 -0.1312854 0.5362436 -0.5102142 -2.065128 0.7687912 -0.746721 -0.1312854 0.5362436 0.5102142 -2.065128 0.5362436 -0.5102142 -2.065128 0.5560342 -0.5560375 -2.298512 0.5641635 -0.5364109 -2.298512 0.564736 -0.5369653 -2.301538 0.5566012 -0.5566049 -2.301538 0.564736 0.5369653 -2.301538 0.5641635 0.5364109 -2.298512 0.5566012 0.5566049 -2.301538 0.5560342 0.5560375 -2.298512 -0.8427078 0.8427026 0.07560664 -0.8299735 0.8299686 -0.0579577 -0.8104751 0.8380458 -0.05795651 -0.8232083 0.8507794 0.07560664 -0.5580264 0.5856695 -2.156683 -0.5775766 0.5775719 -2.156682 0.8104654 0.8380457 -0.05795896 0.823201 0.8507795 0.07560908 0.8299649 0.8299689 -0.05795896 0.8427005 0.8427026 0.07560908 0.5775687 0.5775717 -2.156683 0.5580185 0.5856695 -2.156683 -0.7912539 0.8330859 -0.09920161 -0.5487967 0.5906294 -2.115438 -0.5423349 0.5895963 -2.107909 -0.7830264 0.8302922 -0.1061633 0.7912448 0.8330858 -0.09920406 0.7830179 0.8302922 -0.1061657 -0.7771573 0.8242641 -0.1105225 0.7771481 0.8242641 -0.1105249 -0.5377506 0.5848947 -2.101937 -0.7771573 0.8242641 -0.1105225 0.5423269 0.5895963 -2.107909 0.5487887 0.5906294 -2.115438 0.5377426 0.5848947 -2.101937 -0.5377506 0.5848947 -2.101937 0.7771481 0.8242641 -0.1105249 0.5377426 0.5848947 -2.101937 -0.7467263 0.7687958 -0.1312829 -0.5102188 0.5362471 -2.065128 0.7467172 0.7687958 -0.1312854 -0.7467263 0.7687958 -0.1312829 0.5102109 0.536247 -2.065128 0.7467172 0.7687958 -0.1312854 -0.5102188 0.5362471 -2.065128 0.5102109 0.536247 -2.065128 0.5560342 0.5560375 -2.298512 0.5364072 0.5641671 -2.298512 0.536962 0.5647398 -2.301538 -0.5369681 0.5647397 -2.301538 -0.5364133 0.564167 -2.298512 -0.5566074 0.5566048 -2.301538 -0.5560404 0.5560374 -2.298512 0.5566012 0.5566049 -2.301538 -1.026041 1.026044 0.3157678 -1.00663 1.034085 0.3157678 -1.003058 1.030643 0.3324646 -1.022564 1.022566 0.3324658 1.003057 1.030643 0.3324646 1.006629 1.034085 0.3157678 1.022563 1.022566 0.3324658 1.026041 1.026044 0.3157678 -1.006354 1.03381 0.1926013 -1.025766 1.025769 0.1926013 -1.022902 1.022904 0.1836609 -1.005595 1.030073 0.1836621 1.006353 1.03381 0.1926013 1.005594 1.030073 0.1836621 1.025766 1.025769 0.1926013 1.022901 1.022904 0.1836609 -1.022564 1.022566 0.3324658 -1.030641 1.00306 0.3324646 -1.034082 1.006632 0.3157678 -1.026041 1.026044 0.3157678 -1.034082 -1.006632 0.3157678 -1.030641 -1.00306 0.3324646 -1.026041 -1.026044 0.3157678 -1.022564 -1.022566 0.3324658 -1.025766 1.025769 0.1926013 -1.033806 1.006357 0.1926013 -1.03007 1.005597 0.1836621 -1.022902 1.022904 0.1836609 -1.03007 -1.005597 0.1836621 -1.033806 -1.006357 0.1926013 -1.022902 -1.022904 0.1836609 -1.025766 -1.025769 0.1926013 1.026041 1.026044 0.3157678 1.034082 1.006632 0.3157678 1.030641 1.00306 0.3324646 1.022563 1.022566 0.3324658 1.030641 -1.00306 0.3324646 1.034082 -1.006632 0.3157678 1.022563 -1.022566 0.3324658 1.026041 -1.026044 0.3157678 1.033806 1.006357 0.1926013 1.025766 1.025769 0.1926013 1.022901 1.022904 0.1836609 1.03007 1.005597 0.1836621 1.033806 -1.006357 0.1926013 1.03007 -1.005597 0.1836621 1.025766 -1.025769 0.1926013 1.022901 -1.022904 0.1836609 -1.016033 1.016036 0.1800037 -1.003804 1.021101 0.1800037 -1.005595 1.030073 0.1836621 -1.022902 1.022904 0.1836609 1.005594 1.030073 0.1836621 1.003803 1.021101 0.1800037 1.022901 1.022904 0.1836609 1.016032 1.016035 0.1800037 -0.9312674 0.9673405 0.1805078 -0.9567776 0.9567735 0.1805078 0.9567722 0.9567736 0.180509 0.9312619 0.9673405 0.180509 -1.022902 1.022904 0.1836609 -1.03007 1.005597 0.1836621 -1.021098 1.003806 0.1800037 -1.016033 1.016036 0.1800037 -1.021098 -1.003806 0.1800037 -1.03007 -1.005597 0.1836621 -1.016033 -1.016036 0.1800037 -1.022902 -1.022904 0.1836609 -0.9673441 -0.9312623 0.1805078 -0.9567776 -0.9567735 0.1805078 -0.9567776 0.9567735 0.1805078 -0.9673441 0.9312624 0.1805078 1.016032 1.016035 0.1800037 1.021098 1.003806 0.1800037 1.03007 1.005597 0.1836621 1.022901 1.022904 0.1836609 1.03007 -1.005597 0.1836621 1.021098 -1.003806 0.1800037 1.022901 -1.022904 0.1836609 1.016032 -1.016035 0.1800037 0.9567722 -0.9567736 0.180509 0.9673392 -0.931263 0.180509 0.9673392 0.9312631 0.180509 0.9567722 0.9567736 0.180509 -1.022902 -1.022904 0.1836609 -1.005595 -1.030073 0.1836621 -1.003804 -1.021101 0.1800037 -1.016033 -1.016036 0.1800037 1.003803 -1.021101 0.1800037 1.005594 -1.030073 0.1836621 1.016032 -1.016035 0.1800037 1.022901 -1.022904 0.1836609 -0.9567776 -0.9567735 0.1805078 -0.9312674 -0.9673405 0.1805078 0.9312619 -0.9673405 0.180509 0.9567722 -0.9567736 0.180509 -0.8984354 -0.8984336 0.07906001 -0.8852908 -0.9038784 0.07906001 -0.8741019 -0.9016574 0.07875972 -0.8232083 -0.8507795 0.07560664 -0.8427078 -0.8427026 0.07560664 0.8736947 -0.9012597 0.07873654 -0.8777444 -0.9052982 0.08090573 0.8776248 -0.9051858 0.08090209 0.8931833 -0.8931872 0.07873654 0.8971109 -0.8971144 0.08090209 0.823201 -0.8507795 0.07560908 0.8427005 -0.8427027 0.07560908 -0.5566074 -0.5566048 -2.301538 -0.5369681 -0.5647397 -2.301538 -0.5390689 -0.5668783 -2.302947 -0.558735 -0.5587323 -2.302947 0.5390628 -0.5668784 -2.302947 0.536962 -0.5647398 -2.301538 0.5587289 -0.5587325 -2.302947 0.5566012 -0.5566049 -2.301538 -0.6191495 -0.6191448 -2.305558 -0.5988144 -0.6275678 -2.305558 -0.6014688 -0.6302444 -2.306682 -0.6218197 -0.6218147 -2.306682 0.6014609 -0.6302444 -2.306682 0.5988065 -0.6275677 -2.305558 0.6218118 -0.6218147 -2.306682 0.6191415 -0.6191447 -2.305558 -0.558735 -0.5587323 -2.302947 -0.5668808 -0.5390663 -2.302947 -0.5647421 -0.5369652 -2.301538 -0.5566074 -0.5566048 -2.301538 -0.5647421 0.5369652 -2.301538 -0.5668808 0.5390663 -2.302947 -0.5566074 0.5566048 -2.301538 -0.558735 0.5587323 -2.302947 -0.6275723 -0.5988097 -2.305558 -0.6191495 -0.6191448 -2.305558 -0.6218197 -0.6218147 -2.306682 -0.6302493 -0.6014644 -2.306682 -0.6275723 0.5988097 -2.305558 -0.6302493 0.6014644 -2.306682 -0.6191495 0.6191448 -2.305558 -0.6218197 0.6218147 -2.306682 0.5566012 -0.5566049 -2.301538 0.564736 -0.5369653 -2.301538 0.5668747 -0.5390665 -2.302947 0.5587289 -0.5587325 -2.302947 0.5668747 0.5390665 -2.302947 0.564736 0.5369653 -2.301538 0.5587289 0.5587325 -2.302947 0.5566012 0.5566049 -2.301538 0.6191415 -0.6191447 -2.305558 0.6275644 -0.5988097 -2.305558 0.6302414 -0.6014644 -2.306682 0.6218118 -0.6218147 -2.306682 0.6302414 0.6014644 -2.306682 0.6275644 0.5988097 -2.305558 0.6218118 0.6218147 -2.306682 0.6191415 0.6191447 -2.305558 -0.558735 0.5587323 -2.302947 -0.5390689 0.5668783 -2.302947 -0.5369681 0.5647397 -2.301538 -0.5566074 0.5566048 -2.301538 0.536962 0.5647398 -2.301538 0.5390628 0.5668784 -2.302947 0.5566012 0.5566049 -2.301538 0.5587289 0.5587325 -2.302947 -0.5988144 0.6275678 -2.305558 -0.6191495 0.6191448 -2.305558 -0.6218197 0.6218147 -2.306682 -0.6014688 0.6302444 -2.306682 0.5988065 0.6275677 -2.305558 0.6014609 0.6302444 -2.306682 0.6191415 0.6191447 -2.305558 0.6218118 0.6218147 -2.306682 -0.6236191 -0.6236141 -2.309494 -0.6320407 -0.6032819 -2.309494 -0.6302493 -0.6014644 -2.306682 -0.6218197 -0.6218147 -2.306682 -0.6302493 0.6014644 -2.306682 -0.6320407 0.6032819 -2.309494 -0.6218197 0.6218147 -2.306682 -0.6236191 0.6236141 -2.309494 -0.6628763 -0.6354207 -2.401418 -0.6548355 -0.6548328 -2.401418 -0.6548355 0.6548328 -2.401418 -0.6628763 0.6354207 -2.401418 -0.6632351 -0.6357783 -2.522941 -0.6551938 -0.6551904 -2.522941 -0.6537845 -0.6537809 -2.527422 -0.6613895 -0.6354218 -2.527423 -0.6632351 0.6357783 -2.522941 -0.6613895 0.6354218 -2.527423 -0.6551938 0.6551904 -2.522941 -0.6537845 0.6537809 -2.527422 -0.6218197 -0.6218147 -2.306682 -0.6014688 -0.6302444 -2.306682 -0.6032865 -0.632036 -2.309494 -0.6236191 -0.6236141 -2.309494 0.6032785 -0.632036 -2.309494 0.6014609 -0.6302444 -2.306682 0.6236112 -0.6236141 -2.309494 0.6218118 -0.6218147 -2.306682 -0.6548355 -0.6548328 -2.401418 -0.6354233 -0.6628736 -2.401418 0.6354178 -0.6628736 -2.401418 0.65483 -0.6548328 -2.401418 -0.6551938 -0.6551904 -2.522941 -0.6357815 -0.6632311 -2.522941 -0.6354251 -0.661386 -2.527423 -0.6537845 -0.6537809 -2.527422 0.6354184 -0.661386 -2.527423 0.6357749 -0.6632311 -2.522941 0.6537778 -0.6537809 -2.527422 0.6551871 -0.6551904 -2.522941 0.6218118 -0.6218147 -2.306682 0.6302414 -0.6014644 -2.306682 0.6320328 -0.6032819 -2.309494 0.6236112 -0.6236141 -2.309494 0.6320328 0.6032819 -2.309494 0.6302414 0.6014644 -2.306682 0.6236112 0.6236141 -2.309494 0.6218118 0.6218147 -2.306682 0.65483 -0.6548328 -2.401418 0.6628708 -0.6354207 -2.401418 0.6628708 0.6354207 -2.401418 0.65483 0.6548328 -2.401418 0.6551871 -0.6551904 -2.522941 0.6632279 -0.6357783 -2.522941 0.6613827 -0.6354218 -2.527423 0.6537778 -0.6537809 -2.527422 0.6613827 0.6354218 -2.527423 0.6632279 0.6357783 -2.522941 0.6537778 0.6537809 -2.527422 0.6551871 0.6551904 -2.522941 -0.6236191 0.6236141 -2.309494 -0.6032865 0.632036 -2.309494 -0.6014688 0.6302444 -2.306682 -0.6218197 0.6218147 -2.306682 0.6014609 0.6302444 -2.306682 0.6032785 0.632036 -2.309494 0.6218118 0.6218147 -2.306682 0.6236112 0.6236141 -2.309494 -0.6354233 0.6628736 -2.401418 -0.6548355 0.6548328 -2.401418 0.65483 0.6548328 -2.401418 0.6354178 0.6628736 -2.401418 -0.6357815 0.6632311 -2.522941 -0.6551938 0.6551904 -2.522941 -0.6537845 0.6537809 -2.527422 -0.6354251 0.661386 -2.527423 0.6357749 0.6632311 -2.522941 0.6354184 0.661386 -2.527423 0.6551871 0.6551904 -2.522941 0.6537778 0.6537809 -2.527422 -0.6613895 -0.6354218 -2.527423 -0.6537845 -0.6537809 -2.527422 -0.6503604 -0.6503564 -2.529281 -0.6569132 -0.6345358 -2.529281 -0.6613895 0.6354218 -2.527423 -0.6569132 0.6345358 -2.529281 -0.6537845 0.6537809 -2.527422 -0.6503604 0.6503564 -2.529281 -0.6345395 -0.6569097 -2.529281 -0.6354251 -0.661386 -2.527423 0.6345328 -0.6569097 -2.529281 0.6354184 -0.661386 -2.527423 0.6503537 -0.6503564 -2.529281 0.6537778 -0.6537809 -2.527422 -0.6354251 0.661386 -2.527423 -0.6345395 0.6569097 -2.529281 0.6354184 0.661386 -2.527423 0.6345328 0.6569097 -2.529281 0.6537778 0.6537809 -2.527422 0.6503537 0.6503564 -2.529281 0.6569064 -0.6345358 -2.529281 0.6613827 -0.6354218 -2.527423 0.6569064 0.6345358 -2.529281 0.6613827 0.6354218 -2.527423 -0.5427762 0.5203975 1.359541 -0.5427762 -0.5203975 1.359541 -0.5473172 -0.5213381 1.357697 -0.5473172 0.5213381 1.357697 -0.5362234 0.5362182 1.359541 -0.5397116 0.5397064 1.357699 -0.5397116 -0.5397064 1.357699 -0.5362234 -0.5362182 1.359541 -0.5204025 0.5427713 1.359541 -0.5213431 0.5473124 1.357697 0.5203928 0.5427713 1.359541 0.5213333 0.5473124 1.357697 0.5362137 0.5362182 1.359541 0.5397018 0.5397064 1.357699 -0.5213431 -0.5473124 1.357697 -0.5204025 -0.5427713 1.359541 0.5213333 -0.5473124 1.357697 0.5203928 -0.5427713 1.359541 0.5397018 -0.5397064 1.357699 0.5362137 -0.5362182 1.359541 0.5427664 0.5203975 1.359541 0.5473074 0.5213381 1.357697 0.5427664 -0.5203975 1.359541 0.5473074 -0.5213381 1.357697 -0.5473172 0.5213381 1.357697 -0.5473172 -0.5213381 1.357697 -0.549277 -0.5218188 1.353204 -0.549277 0.5218188 1.353204 -0.5397116 0.5397064 1.357699 -0.5412363 0.541231 1.353204 -0.5412363 -0.541231 1.353204 -0.5397116 -0.5397064 1.357699 -0.5213431 -0.5473124 1.357697 0.5213333 -0.5473124 1.357697 0.5218136 -0.5492717 1.353204 -0.5218234 -0.5492717 1.353204 -0.5397116 -0.5397064 1.357699 -0.5412363 -0.541231 1.353204 0.5412265 -0.541231 1.353204 0.5397018 -0.5397064 1.357699</float_array>
          <technique_common>
            <accessor source="#LanternPole_Lantern-mesh-positions-array" count="2463" stride="3">
              <param name="X" type="float"/>
              <param name="Y" type="float"/>
              <param name="Z" type="float"/>
            </accessor>
          </technique_common>
        </source>
        <source id="LanternPole_Lantern-mesh-normals">
          <float_array id="LanternPole_Lantern-mesh-normals-array" count="7305">-0.3222523 0.7646051 -0.5581511 -0.5576794 0.7649998 -0.3221323 -0.8661715 -3.46005e-5 -0.499747 -0.4999883 3.99351e-6 -0.8660321 -7.03335e-6 0.7646205 -0.6444808 -3.8147e-6 4.61694e-5 -1 0.05491524 0.9939503 0.09511685 0.09569412 0.9939042 0.05474787 5.30668e-6 0.9939526 0.1098108 0.3790656 0.6521205 0.6565426 0.6566991 0.6520476 0.3789201 1.35005e-5 0.6521157 0.7581196 0.4999942 1.77442e-5 0.8660288 0.8661256 0 0.4998266 -7.83801e-6 -8.02986e-6 1 0.3790696 -0.6521026 0.6565581 0.6569065 -0.652042 0.37857 2.08765e-5 -0.6521113 0.7581233 0.05490881 -0.9939513 0.09511035 0.09573626 -0.9939081 0.05460047 -5.8692e-6 -0.99395 0.1098338 -0.3222452 -0.7646015 -0.55816 -0.5576909 -0.7650234 -0.322056 -7.689e-6 -0.7646331 -0.6444661 -0.4999951 -2.30074e-5 -0.8660283 -0.8661721 -3.16501e-5 -0.4997458 -6.99982e-6 2.80738e-5 -1 1 5.07812e-7 -1.08333e-6 0.7584705 0.6517074 2.64449e-6 0.1111592 0.9938027 2.88058e-6 -0.6434605 0.7654793 -3.29688e-6 -1 -1.96993e-5 1.08592e-5 -0.8661667 -1.57952e-6 0.4997553 -0.5576572 0.7650184 0.3221265 -0.5000214 1.09971e-5 0.8660132 -0.3222439 0.7646013 0.5581611 1.13286e-5 1.18613e-5 1 1.50417e-5 0.7646161 0.6444861 0.4999859 4.44651e-5 0.8660336 0.32225 0.7646096 0.5581464 0.8661668 -9.68576e-6 0.4997552 0.5576663 0.7650074 0.3221368 0.09566581 0.9939074 -0.05473697 0.05490922 0.9939502 -0.0951212 -7.15936e-6 0.9939522 -0.1098141 -0.05492609 0.99395 -0.09511435 -0.09564536 0.9939103 -0.05472213 0.6566979 0.6520487 -0.3789202 0.3790571 0.652113 -0.656555 -6.48988e-6 0.6521186 -0.7581171 -0.3790628 0.6521047 -0.6565598 -0.6566971 0.6520537 -0.3789128 0.8660579 -3.58341e-7 -0.4999439 0.4999957 -5.20524e-6 -0.866028 -1.48251e-5 -5.56589e-5 -1 -0.4999893 -2.89056e-6 -0.8660317 -0.8662899 1.09722e-5 -0.4995418 0.6566873 -0.6520631 -0.3789137 0.3790565 -0.6521111 -0.6565572 1.4305e-6 -0.6521122 -0.7581225 -0.3790607 -0.6521036 -0.6565622 -0.656869 -0.6520866 -0.3785582 0.09567439 -0.9939063 -0.05474174 0.05492568 -0.9939488 -0.09512585 1.22563e-6 -0.9939538 -0.1097992 -0.05491948 -0.9939489 -0.09512805 -0.09573698 -0.9939081 -0.0545991 -0.5576562 -0.7650126 0.322142 -0.3222408 -0.7646256 0.5581295 -3.97596e-6 -0.7646389 0.644459 0.3222602 -0.7646007 0.5581525 0.5576956 -0.7650206 0.3220544 -0.8661663 1.7941e-5 0.4997559 -0.5000014 -3.8445e-6 0.8660247 -9.18284e-6 3.06964e-6 1 0.4999974 4.87864e-5 0.8660269 0.8661648 -6.4373e-6 0.4997585 -0.7585023 -0.6516705 1.76905e-6 -1 -6.82734e-7 -1.65041e-6 -0.7585023 0.6516704 1.73319e-6 -0.1111065 0.9938086 2.9183e-6 0.6434662 0.7654745 -3.12086e-6 1 -3.83258e-5 -9.9577e-6 0.8661767 -3.42727e-5 -0.4997378 0.5576642 0.7650164 -0.3221191 0.5000116 -1.78218e-5 -0.8660188 0.3222597 0.7646118 -0.5581375 1.38246e-5 2.33948e-5 -1 -4.76837e-6 0.7646284 -0.6444715 -0.0956766 0.9939066 0.054735 -0.05490702 0.9939508 0.09511667 2.78279e-6 0.9939512 0.1098225 -0.6566802 0.6520746 0.378906 -0.3790626 0.652119 0.6565458 2.08914e-5 0.6521077 0.7581263 -0.8662952 -2.07838e-5 0.4995324 -0.5000094 2.15549e-5 0.8660201 -2.44379e-5 1.48006e-5 1 -0.6567006 -0.6520503 0.3789127 -0.3790695 -0.6521032 0.6565575 2.10255e-5 -0.6521129 0.7581219 -0.0956965 -0.9939038 0.05474907 -0.05490934 -0.9939517 0.09510552 -1.58325e-7 -0.993951 0.1098242 0.5576543 -0.7650197 -0.3221284 0.322243 -0.7646006 -0.5581626 1.60933e-5 -0.7646299 -0.6444697 0.866181 -7.27177e-6 -0.4997304 0.4999896 -1.89245e-5 -0.8660315 2.35289e-5 2.74144e-5 -1 -0.1111072 -0.9938085 0 0.6434671 -0.7654739 -2.2538e-7 1 -5.75185e-6 -9.38773e-6 0.7584685 -0.6517097 4.83356e-7 0.1111047 -0.9938087 3.93062e-4 -0.643459 -0.7654806 -6.19737e-7 -1 -3.23057e-5 -4.34741e-6 0.7646297 0.3222168 -0.5581379 0.76504 0.5576469 -0.3220931 -4.60744e-5 0.8661652 -0.4997581 -5.75483e-5 0.4999603 -0.8660485 0.7646147 2.20398e-6 -0.6444878 -6.61612e-6 -1.14478e-5 -1 0.7646236 -0.3222246 -0.5581417 -5.26309e-5 -0.4999809 -0.8660364 0.7650501 -0.5576292 -0.3220993 -8.85129e-6 -0.8661653 -0.4997577 0.9939495 -0.05491584 0.09512507 0.9939073 -0.09566318 0.05474436 0.9939074 0.09566509 0.05473977 0.9939492 0.05491364 0.09512937 0.9939532 0 0.109805 0.6520873 -0.3790659 0.6565754 0.6520648 -0.656686 0.3789131 0.652089 0.6566709 0.3788976 0.6521213 0.3790647 0.6565424 0.6521043 1.30366e-6 0.7581293 -1.06417e-5 -0.500009 0.8660202 -4.41601e-6 -0.866293 0.4995363 -1.33816e-5 0.8659997 0.5000447 -2.28302e-5 0.5000073 0.8660212 -2.34854e-6 3.08811e-6 1 -0.6520764 -0.3790733 0.6565819 -0.6520329 -0.6569149 0.3785709 -0.652045 0.6567003 0.3789223 -0.6520754 0.3790866 0.6565753 -0.6520876 -1.50077e-6 0.7581437 -0.9939478 -0.05492776 0.09513652 -0.9939067 -0.09574568 0.05461001 -0.9939032 0.09568941 0.05477321 -0.9939489 0.05492758 0.09512442 -0.9939504 -1.8032e-7 0.1098306 -0.7646173 0.322219 -0.5581536 -0.7650098 0.5577099 -0.3220557 -0.7650246 -0.557654 -0.3221173 -0.7646273 -0.3221951 -0.5581535 -0.7645965 -2.1104e-6 -0.6445094 -5.16772e-5 0.4999624 -0.8660472 -2.02358e-5 0.8661779 -0.499736 -4.46737e-5 -0.8661757 -0.4997399 -3.26335e-5 -0.4999727 -0.8660413 -2.01762e-5 -1.57915e-5 -1 -0.9972529 -0.07037091 0.02312445 -0.6628352 -0.7403182 0.1121537 -8.66503e-6 -0.9895165 0.1444199 0.6628376 -0.7403121 0.1121798 0.9972575 -0.0703147 0.02309393 0.7354032 0.673349 -0.07604825 -1.0252e-5 0.9931043 -0.1172349 2.31266e-5 0.9994118 0.03429663 0.6980054 0.7152804 0.03409326 0.9998214 0.01054584 0.0156899 0.708339 -0.7052884 -0.02870988 -1.74121e-5 -0.9985001 -0.0547496 -0.7083095 -0.7053181 -0.02870738 -0.9998209 0.01056051 0.01570439 -0.7353768 0.6733784 -0.07604295 -0.6979643 0.7153184 0.034141 -1.0103e-5 0.9931028 -0.1172475 1.87624e-5 0.9994112 0.0343101 0.6979897 -0.7152942 0.03412848 0.7354154 -0.6733356 -0.07604914 -1.23382e-5 -0.9931027 -0.1172482 5.31208e-6 -0.9994127 0.03426963 0.9998209 -0.0105521 0.01571202 0.9972536 0.07036638 0.02310752 0.7083321 0.7052981 -0.02864187 0.6628584 0.740296 0.1121639 2.78166e-5 0.9985023 -0.05471128 -2.2304e-6 0.9895163 0.1444216 -0.7083112 0.7053183 -0.02865874 -0.662823 0.740325 0.1121809 -0.9998202 -0.01058822 0.01573771 -0.9972558 0.07033288 0.02311468 -0.6979623 -0.7153203 0.03414022 -0.7353833 -0.6733527 -0.07620823 -5.03659e-6 -0.999412 0.03428947 1.01328e-5 -0.9931049 -0.1172295 -0.3605716 -0.2619581 0.8951907 -0.4238206 -0.1377053 0.895217 -0.3504925 -0.1138759 0.9296168 -0.298141 -0.2166156 0.9296181 -0.262018 -0.3606345 0.8951477 -0.2166132 -0.2981404 0.9296188 -0.1377201 -0.4238677 0.8951925 -0.1138966 -0.350533 0.929599 0 -0.4456806 0.8951921 1.4413e-6 -0.3685274 0.9296169 0.1377237 -0.4238687 0.8951914 0.1138861 -0.3504917 0.9296159 0.262018 -0.3606338 0.895148 0.2166392 -0.2981796 0.9296002 0.3606359 -0.262017 0.8951475 0.298182 -0.2166424 0.9295986 0.4238311 -0.1377042 0.8952122 0.350538 -0.1138942 0.9295974 0.4457254 -9.11662e-6 0.8951698 0.3685737 -1.55685e-6 0.9295986 0.4239148 0.1377235 0.8951696 0.3505364 0.113897 0.9295977 0.3605672 0.2619638 0.8951906 0.2981814 0.2166422 0.9295988 0.2619913 0.3605983 0.8951702 0.2166121 0.2981417 0.9296186 0.1377506 0.4239513 0.8951481 0.113893 0.3505341 0.929599 3.19604e-7 0.4457244 0.8951702 0 0.3685719 0.9295993 -0.1377091 0.4238246 0.8952144 -0.1139021 0.3505331 0.9295982 -0.2620185 0.3606327 0.8951483 -0.2166373 0.2981798 0.9296005 -0.3605349 0.2619403 0.8952106 -0.2981398 0.2166154 0.9296184 -0.4239053 0.137737 0.8951719 -0.350528 0.1138941 0.9296011 -0.4457677 -8.60542e-7 0.8951487 -0.3685295 0 0.9296161 -0.3161979 0 0.9486933 -0.3007184 -0.09771031 0.9486945 -0.3007203 0.09770858 0.948694 -0.2557946 0.1858485 0.9486989 -0.1858445 0.2558017 0.9486977 -0.09771281 0.3007248 0.9486922 -1.16214e-6 0.3161972 0.9486935 0.09770536 0.3007242 0.9486931 0.1858517 0.2558023 0.9486961 0.2558028 0.1858511 0.9486961 0.3007175 0.09770995 0.9486948 0.3161994 0 0.9486929 0.3007234 -0.09770923 0.948693 0.2558061 -0.1858524 0.948695 0.18585 -0.2558026 0.9486964 0.09771257 -0.3007226 0.9486929 8.99807e-7 -0.3161968 0.9486937 -0.09770834 -0.3007271 0.948692 -0.1858518 -0.2558029 0.948696 -0.2557942 -0.185844 0.9486998 0 0 -1 -4.79172e-7 0 -1 8.98447e-7 0 -1 -8.98458e-7 0 -1 1.19792e-6 0 -1 -9.58347e-7 0 -1 4.79166e-7 0 -1 -4.79166e-7 0 -1 -4.79172e-7 0 -1 2.42721e-6 0 1 2.42719e-6 0 1 -2.42707e-6 0 1 0 0 1 2.42715e-6 0 1 4.85428e-6 0 1 -2.42714e-6 0 1 2.42714e-6 0 1 -2.42716e-6 0 1 2.42716e-6 0 1 -2.4271e-6 0 1 -2.42714e-6 0 1 -1.82028e-6 0 1 -6.23614e-6 4.06795e-6 1 -1.63512e-5 3.35462e-6 1 -1.1418e-5 3.39374e-6 1 7.46548e-6 1.32469e-5 1 7.53254e-6 4.5076e-6 1 4.66406e-6 2.64719e-5 1 3.64079e-6 0 1 9.10203e-7 0 1 -1 1.63278e-7 0 -0.9510596 -0.3090077 -2.08352e-6 -0.951059 -0.3090096 -2.11066e-6 -1 -9.65263e-7 0 -0.9510592 0.3090087 2.0123e-6 -0.9510596 0.3090076 2.07816e-6 -0.8090184 0.5877833 3.97035e-6 -0.8090193 0.5877822 4.03233e-6 -0.5877799 0.8090209 5.5075e-6 -0.587781 0.8090201 5.5075e-6 -0.309013 0.9510579 6.68771e-6 -0.3090136 0.9510576 6.68771e-6 2.05059e-6 1 7.08129e-6 1.90652e-6 1 6.83332e-6 0.3090347 0.9510508 1.32559e-5 0.3090345 0.9510508 -2.22365e-6 -0.8090178 -0.5877842 -4.06334e-6 -0.8090195 -0.587782 -4.03233e-6 -0.5877799 -0.8090209 -5.7042e-6 -0.5877816 -0.8090196 -5.58022e-6 -0.3090124 -0.951058 -5.6315e-6 -0.3090129 -0.9510579 -5.75548e-6 2.05059e-6 -1 -6.43992e-6 2.19946e-6 -1 -6.5639e-6 0.3090101 -0.9510588 -6.02493e-6 0.3090113 -0.9510585 -5.77697e-6 0.5877831 -0.8090187 -5.04139e-6 0.5877845 -0.8090177 -5.0414e-6 0.8090217 -0.5877789 -3.90837e-6 0.8090225 -0.5877779 -4.09434e-6 0.9510588 -0.3090104 -2.13858e-6 0.9510591 -0.3090093 -2.20056e-6 1 -9.89275e-7 0 1 1.58476e-7 0 0.9510589 0.3090099 2.00774e-6 0.9510585 0.3090108 2.00387e-6 0.8090221 0.5877783 4.03235e-6 0.8090218 0.5877788 4.03236e-6 0.5877839 0.809018 5.70421e-6 0.5877836 0.8090182 5.58023e-6 0.3090335 0.9510512 -1.63321e-6 0.3090338 0.9510511 1.31463e-5 -0.6085402 -2.71681e-6 -0.7935231 -0.5787508 -0.1880344 -0.7935305 -0.5589135 -0.1815975 -0.8090971 -0.5876731 -1.91229e-6 -0.8090986 -0.5787885 0.1880442 -0.7935007 -0.5589151 0.1816007 -0.8090952 -0.4923107 0.3576744 -0.7935359 -0.4754242 0.3454157 -0.8091105 -0.3576822 0.4923061 -0.7935353 -0.3454125 0.4754262 -0.8091108 -0.1880637 0.5787773 -0.7935043 -0.1815945 0.5589159 -0.8090961 0 0.6085621 -0.7935063 -1.86567e-7 0.5876679 -0.8091023 0.1880724 0.5787542 -0.793519 0.1816048 0.5589034 -0.8091025 -0.4754225 -0.3454192 -0.8091101 0.2050139 0.6309027 -0.7482855 -3.53667e-6 0.6633803 -0.7482825 0.2312518 0.7117304 -0.6632966 2.02366e-6 0.7483608 -0.6632919 0.2537643 0.7809979 -0.5706541 1.92006e-6 0.8212111 -0.5706245 0.2968885 0.9136574 0.2776464 4.60492e-6 0.9606935 0.2776113 0.2828382 0.870488 0.4028068 2.36895e-6 0.9152764 0.4028264 -0.2968868 0.9136754 0.2775888 -0.2828333 0.8704989 0.4027868 -0.5646831 0.7772407 0.2775427 -0.5379992 0.7404945 0.4027714 -0.7771992 0.5647224 0.2775787 -0.7404639 0.537997 0.4028307 -0.9136666 0.2968667 0.2776393 -0.8704828 0.2828339 0.402821 -0.9606985 -7.19342e-6 0.277594 -0.915292 1.30801e-6 0.4027912 -0.913668 -0.2968783 0.2776222 -0.8704845 -0.2828358 0.402816 -0.7771924 -0.5647119 0.2776199 -0.7404782 -0.537986 0.4028191 -0.5646739 -0.7772322 0.2775856 -0.5379793 -0.7404853 0.4028148 -0.2968823 -0.9136794 0.2775805 -0.2828345 -0.8705009 0.4027816 1.42038e-6 -0.9606931 0.2776128 2.89293e-6 -0.9153 0.4027727 0.2968761 -0.913661 0.2776478 0.2828542 -0.8704826 0.4028071 0.5646748 -0.7772328 0.2775819 0.5379821 -0.7404856 0.4028106 0.7771989 -0.5647289 0.2775667 0.7404676 -0.537994 0.4028277 0.9136744 -0.296868 0.2776126 0.870485 -0.2828321 0.4028174 0.9606891 3.44834e-6 0.2776269 0.9152771 -2.08082e-7 0.402825 0.9136637 0.2968704 0.2776448 0.8704681 0.2828254 0.4028585 0.7772138 0.5646857 0.2776127 0.7404509 0.5379813 0.4028754 0.5646803 0.7772278 0.2775844 0.5379847 0.7404803 0.402817 0.2968842 0.9136644 0.2776278 0.2828507 0.8704845 0.4028054 0.587434 0.8085132 0.03503793 0.3088456 0.9504668 0.03503155 0.808524 0.5874197 0.03502893 0.9504786 0.3088139 0.0349946 0.9993854 -6.40227e-6 0.03505802 0.9504736 -0.3088234 0.03504377 0.8085179 -0.5874226 0.03512048 0.587426 -0.8085193 0.0350337 0.3088119 -0.9504771 0.03505235 -1.60564e-6 -0.999387 0.03500849 -0.3088247 -0.9504742 0.03501665 -0.5874194 -0.8085239 0.03503906 -0.8085287 -0.5874109 0.03506982 -0.950478 -0.3088164 0.03498464 -0.9993872 -5.18761e-6 0.03500467 -0.9504777 0.3088166 0.03499305 -0.808526 0.5874174 0.03502291 -0.5874305 0.8085157 0.035043 -0.3088396 0.9504671 0.03507792 -4.48732e-6 0.9993868 0.03501743 0.3088243 0.9504742 0.03502112 -0.8715502 0.2831704 -0.4002687 -0.9164116 -2.17629e-6 -0.4002373 -0.9032964 0.2934858 -0.3129243 -0.9497565 -1.09444e-5 -0.3129901 -0.8715487 -0.2831696 -0.4002724 -0.9032714 -0.2934978 -0.3129854 -0.7683814 0.5582696 -0.3129299 -0.7413818 0.5386444 -0.400269 -0.5582594 0.7683733 -0.3129681 -0.5386506 0.7413864 -0.4002522 -0.2935005 0.9032748 -0.312973 -0.2831771 0.8715671 -0.400227 -8.428e-6 0.9497624 -0.3129719 4.22479e-6 0.9164206 -0.4002168 0.2935261 0.9032732 -0.3129538 0.2831667 0.8715644 -0.4002402 -0.7413763 -0.5386503 -0.4002713 -0.7683728 -0.5582738 -0.3129434 -0.5386532 -0.7413807 -0.4002593 -0.5582882 -0.7683491 -0.3129763 -0.2831745 -0.8715648 -0.400234 -0.2935163 -0.903266 -0.312984 -1.24599e-6 -0.9164178 -0.400223 1.31872e-5 -0.9497577 -0.3129864 0.2831794 -0.8715717 -0.4002153 0.2935047 -0.9032702 -0.3129826 0.5386227 -0.7414044 -0.4002563 0.5582646 -0.7683666 -0.312975 0.7413623 -0.5386688 -0.4002724 0.7683507 -0.5582782 -0.3129898 0.871549 -0.2831813 -0.4002633 0.9032716 -0.2934827 -0.3129991 0.9163961 -5.14014e-6 -0.4002727 0.9497687 6.57193e-6 -0.3129527 0.8715521 0.2831746 -0.4002616 0.9032766 0.2934696 -0.312997 0.7413763 0.5386504 -0.4002712 0.7683629 0.5582666 -0.3129809 0.5386505 0.7413865 -0.4002519 0.5582818 0.7683585 -0.3129643 0.2831921 0.8715577 -0.4002368 0.2935069 0.9032777 -0.312959 0.3576977 0.4923326 -0.7935118 0.1880454 0.5787605 -0.7935209 0.1816003 0.5589042 -0.8091029 0.3453922 0.4753974 -0.8091363 0.492302 0.3576862 -0.793536 0.4754382 0.3454264 -0.8090979 0.5787771 0.1880502 -0.7935075 0.5589166 0.181599 -0.8090947 0.6085661 0 -0.7935032 0.587675 1.46661e-6 -0.8090971 0.5787766 -0.1880431 -0.7935097 0.5589173 -0.1816 -0.8090939 0.4923402 -0.3577046 -0.7935039 0.4754267 -0.3454295 -0.8091032 0.3576972 -0.4923318 -0.7935125 0.3454026 -0.4753872 -0.8091379 0.1880602 -0.5787814 -0.793502 0.1815955 -0.5589158 -0.8090959 7.28993e-7 -0.6085609 -0.7935073 -4.0941e-7 -0.5876679 -0.8091023 -0.188046 -0.5787427 -0.7935336 -0.1815968 -0.5589133 -0.8090974 -0.3576802 -0.4923099 -0.7935338 -0.3454164 -0.4754254 -0.8091096 -0.4923413 -0.3576951 -0.7935076 -0.6309089 -0.2049874 -0.7482876 -0.6633883 3.34135e-6 -0.7482755 -0.7483648 2.06401e-6 -0.6632875 -0.7117228 0.2312785 -0.6632955 -0.7810096 0.2537617 -0.5706394 -0.6643351 0.4826607 -0.5706993 -0.48268 0.6643653 -0.5706477 -0.253771 0.7810292 -0.5706083 -0.8212251 5.97909e-6 -0.5706045 -0.7810171 -0.2537587 -0.5706303 -0.664338 -0.4826908 -0.5706704 -0.4826791 -0.6643701 -0.570643 -0.2537568 -0.7810274 -0.5706169 -1.76928e-6 -0.8212121 -0.5706232 0.2537693 -0.7810165 -0.5706265 0.4826983 -0.6643677 -0.5706295 0.6643578 -0.4826725 -0.5706628 0.7810105 -0.2537434 -0.570646 0.8212064 9.12277e-6 -0.5706315 0.7810124 0.2537591 -0.5706365 0.6643627 0.4826995 -0.5706343 0.4826794 0.6643827 -0.570628 0.2537639 0.7809951 -0.570658 0.6054663 -0.4398295 -0.6632953 0.4398918 -0.605467 -0.6632534 0.2312802 -0.7117712 -0.6632431 2.85314e-6 -0.7483577 -0.6632955 -0.2312552 -0.7117266 -0.6632996 -0.4398745 -0.6054402 -0.6632893 -0.6054081 -0.4398621 -0.6633268 -0.7117176 -0.2312372 -0.6633155 -0.536686 -0.3899438 -0.7482726 -0.389925 -0.536727 -0.7482531 -0.2049978 -0.630911 -0.7482829 -1.24518e-6 -0.6633406 -0.7483176 0.2049952 -0.6309145 -0.7482807 0.3899417 -0.5366967 -0.7482662 0.5366936 -0.3899032 -0.7482884 0.6309216 -0.2049859 -0.7482773 0.7117672 -0.2312468 -0.663259 0.7483674 1.07882e-5 -0.6632845 0.7117791 0.2312542 -0.6632436 0.6054646 0.4398655 -0.663273 0.4398836 0.6054779 -0.6632489 0.2312504 0.7117307 -0.6632968 0.6633716 -2.02935e-6 -0.7482902 0.6309236 0.2049888 -0.7482747 0.5366786 0.3899298 -0.7482852 0.3899357 0.5367029 -0.7482648 0.2049999 0.6309032 -0.7482888 -0.3679118 -1.03712e-6 0.9298607 -0.3498979 -0.1136869 0.9298639 -0.3707255 -0.1204517 0.9208984 -0.3898475 2.79746e-6 0.9208795 -0.3498981 0.1136883 0.9298636 -0.3707213 0.1204599 0.9208992 -0.2976398 0.2162498 0.9298638 -0.3153541 0.2291237 0.9208986 -0.2162484 0.2976425 0.9298633 -0.2291181 0.3153576 0.9208987 -0.1136893 0.3498995 0.9298629 -0.1204549 0.370724 0.9208986 9.42845e-7 0.3679059 0.929863 1.53675e-6 0.3898465 0.9208799 0.1136816 0.3498939 0.929866 0.1204632 0.3707139 0.9209017 -0.3153573 -0.2291164 0.9208993 -0.4473116 2.48794e-6 0.8943783 -0.4253364 0.1382013 0.8944213 -0.5237522 -2.25927e-6 0.8518707 -0.4981195 0.1618422 0.851871 -0.6105463 -3.07499e-6 0.7919805 -0.5806638 0.1886662 0.7919815 -0.6846931 -4.10678e-6 0.7288315 -0.6511817 0.2115755 0.7288335 -0.7830395 -8.80659e-6 0.621972 -0.7447158 0.241868 0.6220116 -0.6334891 0.4602392 0.6219899 -0.4602276 0.6334857 0.6220019 -0.2419529 0.7447118 0.6219832 -1.49999e-5 0.7830265 0.6219885 0.2419607 0.7446972 0.6219978 -0.7447113 -0.2419682 0.6219779 -0.6334518 -0.4602543 0.6220169 -0.4602571 -0.6334747 0.6219915 -0.2419626 -0.7447155 0.6219751 2.5333e-6 -0.7830339 0.6219792 0.2419682 -0.7447095 0.6219801 0.4602623 -0.6334699 0.6219923 0.6334761 -0.4602437 0.6219998 0.7446796 -0.2419654 0.6220169 0.7830269 -2.10924e-6 0.6219879 0.7446821 0.2419669 0.6220134 0.6334799 0.4602364 0.6220014 0.4602563 0.6334646 0.6220023 0.2419693 0.7446773 0.6220183 0.4024454 0.5539302 0.728834 0.2115887 0.6511774 0.7288334 0.55392 0.402449 0.7288398 0.6511865 0.2115874 0.7288257 0.6847004 3.47215e-6 0.7288247 0.6511916 -0.2115827 0.7288225 0.5539242 -0.4024421 0.7288404 0.4024474 -0.5539303 0.728833 0.2115833 -0.6511874 0.7288261 -1.28872e-7 -0.6846967 0.7288281 -0.2115699 -0.6511927 0.7288253 -0.402433 -0.5539406 0.728833 -0.5539266 -0.4024635 0.7288268 -0.6511817 -0.2115833 0.7288312 0.1886717 -0.5806701 0.7919756 -2.36381e-7 -0.6105499 0.7919779 -0.1886783 -0.5807063 0.7919474 -0.3588725 -0.4939487 0.7919756 -0.4939447 -0.3588715 0.7919785 -0.5807 -0.1886804 0.7919516 -3.97325e-7 -0.5237522 0.8518707 0.1618484 -0.4981191 0.85187 0.3588927 -0.4939755 0.7919497 0.4939477 -0.3588715 0.7919766 0.5806974 -0.1886772 0.7919542 0.6105446 1.41659e-6 0.7919819 0.5806625 0.1886606 0.7919837 0.4939436 0.3588722 0.791979 0.3588695 0.4939443 0.7919797 0.1886494 0.5806767 0.7919761 0.3078503 0.4237287 0.85187 0.1618593 0.4980998 0.8518791 0.4236903 0.30783 0.8518964 0.498113 0.161845 0.8518743 0.5237096 -2.29961e-6 0.851897 0.4981132 -0.1618449 0.8518741 0.4237219 -0.3078519 0.8518726 0.3078518 -0.4237304 0.8518683 0.2629195 0.3618863 0.8943779 0.1382354 0.425387 0.894392 0.3618788 0.262927 0.8943787 0.4254231 0.1382246 0.8943765 0.4473132 -4.48633e-6 0.8943774 0.4254211 -0.138231 0.8943764 0.3618422 -0.2629017 0.8944009 0.2629204 -0.361886 0.8943777 0.1382259 -0.4254191 0.8943783 0 -0.4473122 0.8943779 -0.1382264 -0.4254199 0.8943777 -0.1618448 -0.4981186 0.8518711 -0.3078243 -0.4236987 0.8518943 -0.4237245 -0.3078603 0.8518683 -0.4981224 -0.1618454 0.8518686 -0.2629161 -0.3618861 0.8943789 -0.361876 -0.2629317 0.8943785 -0.4254218 -0.1382219 0.8943775 -0.22912 -0.3153554 0.920899 -0.297639 -0.2162498 0.929864 -0.2162473 -0.2976429 0.9298633 -0.1204558 -0.370724 0.9208986 -0.1136882 -0.3499003 0.9298628 0 -0.3898019 0.9208989 -4.47852e-7 -0.3679064 0.9298629 0.120458 -0.3707236 0.9208984 0.1136893 -0.3499017 0.9298621 0.2291444 -0.3153933 0.92088 0.2162463 -0.2976433 0.9298635 0.3153556 -0.2291244 0.9208979 0.2976431 -0.2162509 0.9298625 0.3707239 -0.1204571 0.9208984 0.3499003 -0.1136868 0.929863 0.3898053 -3.25224e-6 0.9208973 0.3679056 -2.14757e-7 0.9298632 0.3707258 0.1204481 0.9208989 0.3498985 0.1136867 0.9298638 0.3153601 0.2291182 0.9208979 0.2976404 0.2162517 0.9298632 0.2291203 0.3153548 0.9208992 0.2162479 0.2976425 0.9298633 0.1204711 0.3707107 0.920902 0.1136906 0.3498913 0.9298658 -1 2.0938e-6 0 -0.9510579 -0.3090132 0 -0.9510578 -0.3090131 0 -1 2.19946e-6 0 -0.9510577 0.3090133 0 -0.9510578 0.3090132 0 -0.8090146 0.5877888 0 -0.8090147 0.5877885 0 -0.5877819 0.8090195 0 -0.5877823 0.8090192 0 -0.3090158 0.951057 0 -0.3090159 0.9510568 0 1.27742e-6 1 0 1.29182e-6 1 0 0.3090152 0.9510571 0 0.3090152 0.9510571 0 0.5877822 0.8090193 0 0.5877819 0.8090195 0 0.8090147 0.5877885 0 0.8090144 0.5877888 0 0.9510579 0.309013 0 0.9510578 0.3090131 0 1 -6.8673e-7 0 1 -4.61021e-7 0 0.9510578 -0.3090131 0 0.9510579 -0.309013 0 0.8090145 -0.5877888 0 0.8090145 -0.5877887 0 0.5877795 -0.8090212 0 0.5877796 -0.8090212 0 0.3090152 -0.9510571 0 0.3090152 -0.9510571 0 -1.08629e-5 -1 7.47373e-6 -1.08927e-5 -1 -7.50917e-6 -0.3090159 -0.9510569 0 1.34259e-5 -1 7.50917e-6 1.34259e-5 -1 -7.47373e-6 -0.3090157 -0.951057 0 -0.5877797 -0.8090211 0 -0.5877798 -0.8090211 0 -0.8090162 -0.5877863 0 -0.8090164 -0.5877861 0 -0.8148199 -3.79777e-7 -0.5797144 -0.774942 -0.2517929 -0.5797114 -0.8551596 -0.2778602 -0.4376022 -0.8991619 -1.30683e-6 -0.4376161 -0.7749418 0.2517919 -0.5797122 -0.8551617 0.2778571 -0.4376004 -0.6592156 0.478951 -0.5796902 -0.7274322 0.528517 -0.4376211 -0.4789517 0.6592195 -0.5796853 -0.5285087 0.7274371 -0.437623 -0.2517901 0.7749427 -0.5797117 -0.2778539 0.855149 -0.4376271 -6.73651e-7 0.8148266 -0.579705 5.09526e-7 0.8991584 -0.4376236 0.2517904 0.7749417 -0.579713 0.2778528 0.8551471 -0.4376317 0.4789397 0.6592107 -0.5797052 0.5285066 0.7274369 -0.4376259 0.6591908 0.4789381 -0.5797291 0.7274394 0.528514 -0.4376128 0.7749432 0.2517878 -0.579712 0.8551633 0.2778523 -0.4376003 0.8148195 3.48129e-7 -0.5797148 0.8991622 1.95581e-6 -0.4376156 0.7749413 -0.2517911 -0.579713 0.8551611 -0.2778539 -0.4376035 0.6591907 -0.4789362 -0.5797308 0.7274388 -0.5285152 -0.4376125 0.4789376 -0.6592119 -0.5797055 0.5285089 -0.7274364 -0.437624 0.2517905 -0.7749419 -0.5797125 0.2778529 -0.8551468 -0.4376321 1.82522e-5 -0.8148362 -0.5796914 1.3575e-5 -0.8991683 -0.4376033 0.8090052 0.5877793 -0.00511384 0.5877752 0.809008 -0.005133509 0.5286318 0.7276116 0.4371841 0.2779142 0.8553288 0.4372373 0.250432 0.7707557 0.5858495 1.50905e-6 0.8104224 0.5858461 1.36914e-6 0.8993514 0.4372267 -0.250435 0.7707589 0.5858439 -0.2779161 0.8553539 0.437187 -0.476352 0.6556503 0.5858426 -0.5286227 0.7275943 0.4372239 -0.6556358 0.4763569 0.5858548 -0.7275884 0.528631 0.4372236 -0.7707222 0.2504254 0.5858965 -0.8553535 0.2779089 0.4371922 -0.8104367 -6.57842e-6 0.5858262 -0.8993732 1.77739e-6 0.4371817 0.476353 0.6556506 0.5858414 0.7276061 0.5286449 0.4371773 0.6556463 0.4763586 0.5858417 0.8553446 0.2779134 0.4372068 0.7707541 0.2504304 0.5858523 0.899376 3.92902e-7 0.4371762 0.8104272 5.64767e-7 0.5858395 0.8553452 -0.2779111 0.4372074 0.7707536 -0.2504317 0.5858523 0.7276063 -0.5286439 0.4371782 0.6556487 -0.4763575 0.5858398 0.5286151 -0.7275952 0.4372315 0.4763541 -0.6556496 0.5858417 0.277914 -0.8553295 0.4372358 0.2504325 -0.7707558 0.585849 7.83801e-6 -0.8993617 0.4372055 1.20699e-6 -0.8104254 0.585842 0.9510405 0.3090156 -0.00562638 0.999987 9.5453e-7 -0.005126535 0.9510453 -0.3090087 -0.005137205 0.8089984 -0.5877857 -0.005440473 0.5877773 -0.8090065 -0.00513482 0.3090142 -0.9510418 -0.005462586 2.40207e-5 -0.9999849 -0.005501806 -0.2517856 -0.7749416 -0.5797151 -1.76728e-5 -0.8148368 -0.5796906 2.2918e-5 -0.8991666 -0.4376067 -0.2778522 -0.8551491 -0.437628 -0.4789499 -0.6592192 -0.5796871 -0.5285064 -0.7274385 -0.4376235 -0.6592167 -0.4789506 -0.5796894 -0.7274501 -0.5285298 -0.4375759 -2.11895e-5 -0.9999849 -0.0055058 -0.3090144 -0.9510435 -0.005129992 -6.19888e-6 -0.8993569 0.4372153 -0.2779093 -0.8553557 0.4371877 -1.96381e-6 -0.8104261 0.5858408 -0.2504333 -0.7707597 0.5858437 -0.5286297 -0.7276177 0.4371765 -0.4763484 -0.6556516 0.585844 -0.727611 -0.5286425 0.4371721 -0.6556364 -0.4763553 0.5858554 -0.8553523 -0.2779096 0.4371942 -0.7707273 -0.2504155 0.5858939 -0.5877665 -0.8090122 -0.005476772 -0.809004 -0.5877805 -0.005155861 -0.9510433 -0.3090146 -0.005176663 -0.9999844 -2.25597e-6 -0.005603313 -0.9510452 0.3090085 -0.005175054 -0.8090032 0.5877817 -0.005160331 -0.587777 0.8090067 -0.005152165 -0.3090132 0.9510439 -0.005130648 -1.40184e-6 0.9999851 -0.005466043 0.3090167 0.9510428 -0.005135655 -1 -2.92941e-7 0 -0.9510582 -0.3090118 -4.12048e-7 -0.9510582 -0.3090118 -3.88867e-7 -1 -6.62718e-7 0 -0.9510579 0.309013 3.56738e-7 -0.951058 0.3090124 3.53426e-7 -0.8090159 0.5877868 1.28519e-6 -0.8090161 0.5877866 1.28518e-6 -0.5877791 0.8090215 3.08445e-6 -0.5877795 0.8090212 2.97848e-6 -0.3090152 0.9510571 3.19043e-6 -0.3090158 0.9510569 2.87252e-6 0 1 2.11938e-7 -1.44069e-7 1 2.11946e-7 0.3090155 0.9510571 1.8444e-6 0.3090156 0.951057 2.05635e-6 0.5877794 0.8090212 0 0.5877798 0.8090211 0 0.8090141 0.5877894 1.43626e-6 0.8090147 0.5877885 1.48924e-6 0.951058 0.3090126 0 0.9510582 0.309012 0 1 0 0 1 -6.38706e-7 0 0.9510576 -0.3090136 0 0.9510576 -0.3090137 0 0.8090137 -0.5877899 -1.48924e-6 0.809014 -0.5877896 -1.54223e-6 0.5877826 -0.8090189 -2.05629e-6 0.587783 -0.8090187 -2.16226e-6 0.3090159 -0.9510569 -4.00668e-6 0.3090158 -0.951057 -4.11264e-6 -1.24723e-5 -1 3.42439e-6 -1.26362e-5 -1 -1.15547e-5 -0.3090139 -0.9510576 -2.26824e-6 1.42306e-5 -1 3.42644e-6 1.40816e-5 -1 -1.11841e-5 -0.309014 -0.9510576 -1.84436e-6 -0.5877814 -0.8090198 -2.11934e-7 -0.5877816 -0.8090196 0 -0.8090149 -0.5877884 -1.43626e-6 -0.8090149 -0.5877881 -1.51573e-6 -0.4962685 -1.69434e-6 -0.8681691 -0.4719974 -0.1533592 -0.8681586 -0.4719965 -0.1533591 -0.8681592 -0.4962685 -1.10183e-6 -0.868169 -0.4719997 0.1533597 -0.8681574 -0.4719997 0.1533602 -0.8681573 -0.4014958 0.2917124 -0.8681619 -0.4014961 0.2917118 -0.868162 -0.2917056 0.4015026 -0.868161 -0.2917073 0.4015024 -0.8681606 -0.1533653 0.4720063 -0.8681527 -0.1533578 0.4720093 -0.8681524 1.87821e-6 0.4962881 -0.868158 1.57071e-6 0.4962881 -0.8681579 0.1533703 0.4720081 -0.8681509 0.1533614 0.47201 -0.8681515 0.2917008 0.4015049 -0.8681616 0.2917018 0.4015038 -0.8681618 0.401513 0.2917166 -0.8681525 0.4015125 0.2917181 -0.8681524 0.472001 0.1533594 -0.8681566 0.4720008 0.1533598 -0.8681567 0.49629 0 -0.8681569 0.49629 2.50061e-7 -0.8681569 0.4720025 -0.1533593 -0.8681558 0.4720023 -0.1533595 -0.8681559 0.4015066 -0.2917197 -0.8681544 0.4015058 -0.2917204 -0.8681545 0.2917068 -0.4015061 -0.868159 0.291709 -0.4015052 -0.8681586 0.15337 -0.4720113 -0.8681492 0.1533629 -0.4720141 -0.8681489 1.75168e-5 -0.4963062 -0.8681475 1.74418e-5 -0.4963072 -0.8681471 -0.1533677 -0.4720093 -0.8681507 -1.82763e-5 -0.4963083 -0.8681463 -1.77518e-5 -0.4962999 -0.8681513 -0.1533598 -0.4720111 -0.8681511 -0.2917104 -0.4015068 -0.8681575 -0.2917116 -0.4015052 -0.8681578 -0.4015052 -0.2917122 -0.8681577 -0.4015055 -0.2917116 -0.8681576 -0.5500437 -3.99912e-7 -0.8351359 -0.5231268 -0.1699681 -0.8351342 -0.5231271 -0.1699691 -0.8351339 -0.5500432 -3.11662e-7 -0.8351362 -0.5231207 0.1699708 -0.8351376 -0.5231197 0.1699711 -0.8351382 -0.4449836 0.3232997 -0.8351449 -0.4449843 0.323298 -0.8351451 -0.3233036 0.444992 -0.8351389 -0.3233023 0.4449927 -0.8351389 -0.1699676 0.5231103 -0.8351448 -0.1699708 0.5231093 -0.8351446 4.48249e-7 0.5500384 -0.8351394 1.97388e-7 0.5500387 -0.8351393 0.1699689 0.523117 -0.8351402 0.1699692 0.5231174 -0.8351399 0.3233195 0.4450013 -0.8351278 0.3233124 0.445005 -0.8351286 0.444971 0.3232971 -0.8351525 0.4449737 0.3232933 -0.8351526 0.5231261 0.1699696 -0.8351344 0.5231275 0.1699706 -0.8351333 0.5500577 -9.75606e-7 -0.8351266 0.5500576 -7.94739e-7 -0.8351268 0.5231229 -0.1699722 -0.835136 0.5231209 -0.1699717 -0.8351372 0.4449698 -0.3232911 -0.8351556 0.4449722 -0.323289 -0.8351551 0.3233149 -0.4450046 -0.8351278 0.3233096 -0.4450098 -0.8351271 0.1699697 -0.5231175 -0.8351398 0.1699693 -0.523117 -0.8351402 -1.28708e-5 -0.5500128 -0.8351562 -1.28672e-5 -0.5500054 -0.8351612 -0.1699649 -0.5231124 -0.8351439 1.61678e-5 -0.550011 -0.8351574 1.59548e-5 -0.5500143 -0.8351554 -0.1699687 -0.5231116 -0.8351437 -0.3233041 -0.4449911 -0.8351392 -0.3233026 -0.4449918 -0.8351393 -0.4449734 -0.3233022 -0.8351495 -0.4449748 -0.3233007 -0.8351491 -0.2312704 0.7117553 -0.6632635 -0.4398865 0.605432 -0.6632888 -0.6054164 0.4398154 -0.6633502 -0.2049904 0.6308766 -0.7483139 -0.3899303 0.5366803 -0.7482839 -0.5366741 0.389902 -0.7483031 -0.6309099 0.204985 -0.7482873 -0.5539287 0.4024605 0.7288268 -0.4024397 0.5539364 0.7288326 -0.2115756 0.6511886 0.7288272 -7.6252e-7 0.6846955 0.7288293 0.2115858 0.6511809 0.7288313 -0.4939442 0.3588718 0.7919786 -0.3588717 0.4939473 0.7919768 -0.188668 0.5806663 0.7919793 -1.08208e-6 0.6105482 0.7919791 0.1886734 0.5806704 0.7919749 -0.4237219 0.3078601 0.8518697 -0.3078474 0.4237319 0.8518693 -0.1618468 0.4981177 0.8518711 -7.56583e-7 0.523751 0.8518715 0.1618385 0.4981055 0.8518798 -0.3618758 0.2629328 0.8943782 -0.2629163 0.3618855 0.8943791 -0.1382392 0.4254608 0.8943563 0 0.447355 0.8943565 0.1382126 0.4253932 0.8943924 -0.4615708 -0.1499749 0.8743339 -0.4852754 6.22832e-6 0.8743615 -0.4615661 0.1499807 0.8743355 -0.3925994 0.2852355 0.8743606 -0.2852398 0.3925943 0.8743615 -0.1499686 0.4615635 0.8743389 -1.22628e-6 0.4853153 0.8743392 0.1499604 0.4615207 0.8743629 0.2852611 0.3926215 0.8743424 0.3925998 0.2852298 0.8743623 0.4615666 0.1499624 0.8743384 0.4852791 -4.19e-6 0.8743593 0.461521 -0.1499595 0.874363 0.3925935 -0.2852404 0.8743616 0.2852585 -0.3926256 0.8743413 0.1499725 -0.461561 0.8743396 3.30354e-7 -0.4853152 0.8743394 -0.1499656 -0.4615634 0.8743396 -0.2852625 -0.3926294 0.8743383 -0.3925957 -0.2852315 0.8743636 0.43777 -0.3180611 0.8409487 0.514622 -0.1672199 0.8409528 0.3180572 -0.4377722 0.840949 0.1672199 -0.5146276 0.8409496 3.19404e-7 -0.5410723 0.8409761 -0.1672101 -0.5146315 0.8409491 -0.3180539 -0.4377784 0.840947 -0.4377305 -0.3180598 0.8409696 -0.5146345 -0.1672223 0.8409447 -0.5411198 6.52409e-6 0.8409456 -0.514631 0.1672223 0.840947 -0.4377366 0.3180506 0.84097 -0.3180426 0.4377365 0.8409731 -0.1672037 0.5145899 0.8409758 -3.03519e-7 0.5410726 0.8409759 0.1672033 0.5145888 0.8409765 0.3180307 0.4377417 0.8409749 0.4377353 0.3180471 0.840972 0.5146233 0.167212 0.8409538 0.5411145 -1.42171e-5 0.8409489 -0.1765111 0.5432352 0.8208163 -0.3357369 0.4621073 0.8208153 -0.4621189 0.3357431 0.8208062 -0.5432254 0.1765079 0.8208236 -0.5712024 -6.86675e-6 0.8208093 -0.5432277 -0.1764916 0.8208255 0.5711923 4.81113e-6 0.8208163 0.5432266 0.1764929 0.8208259 0.4620994 0.3357428 0.8208172 0.3357406 0.4621153 0.8208093 0.176515 0.543235 0.8208156 3.81631e-6 0.5711899 0.820818 -0.4621061 -0.3357524 0.8208096 -0.3357416 -0.4621067 0.8208136 -0.1765089 -0.5432354 0.8208167 4.02759e-6 -0.57119 0.820818 0.1765086 -0.5432351 0.820817 0.3357501 -0.462112 0.8208073 0.4621045 -0.3357439 0.8208139 0.5432235 -0.1765028 0.8208259 -0.3090141 -0.9510575 2.72132e-7 1.48863e-5 -1 8.58701e-7 1.63615e-5 -1 1.9534e-5 -0.309013 -0.9510578 1.2503e-6 -0.5877844 -0.8090176 2.55547e-5 -0.5877774 -0.8090228 5.15479e-5 -0.8090187 -0.5877829 3.50528e-5 -0.8090148 -0.5877883 6.93909e-5 -0.9510601 -0.3090062 -2.0017e-6 -0.9510588 -0.3090103 5.69013e-7 -1 1.8729e-6 -1.24851e-6 -1 1.17656e-6 0 -0.9510606 0.3090044 -4.02484e-6 -0.9510589 0.3090099 2.35805e-6 -0.8090168 0.5877856 3.18641e-5 -0.8090112 0.5877934 6.93575e-5 -0.587785 0.8090173 2.49252e-5 -0.5877774 0.8090227 4.99173e-5 -0.3090177 0.9510564 -1.51283e-6 -0.3090178 0.9510563 4.54652e-7 -5.58989e-6 1 -2.16703e-6 7.33794e-6 1 4.81576e-7 0.3090176 0.9510563 -3.53527e-6 0.3090164 0.9510567 -1.71856e-6 0.5877857 0.8090167 -3.17637e-6 0.5877841 0.809018 -1.93224e-6 0.8090105 0.5877943 -3.20143e-5 0.8090163 0.5877864 -6.67908e-5 0.9510578 0.3090134 -3.99516e-6 0.951059 0.3090097 0 1 -2.04098e-6 7.97569e-7 1 -2.03618e-6 0 0.9510569 -0.3090158 -2.17982e-6 0.9510575 -0.3090139 -2.24441e-6 0.8090124 -0.5877917 -2.94109e-5 0.8090189 -0.5877828 -6.41874e-5 0.587782 -0.8090193 -9.13688e-7 0.5877833 -0.8090184 0 0.3090181 -0.9510563 2.31757e-6 0.309019 -0.951056 1.60489e-6 -1.19209e-5 -1 2.54859e-6 -1.2964e-5 -1 1.67615e-5 0.1600078 -0.9871144 -0.001633048 0.1600183 -0.9871128 0.00165385 0.4233081 -0.8972314 -0.1256425 0.4230956 -0.89735 0.1255119 0.9185745 -0.395248 2.10106e-6 0.9185726 -0.3952525 9.33185e-6 0.1528709 -0.988245 0.001628041 -0.1252412 -0.9841566 0.125501 0.08380383 -0.5291965 0.8443508 0.08379417 -0.5291828 0.8443603 -0.1252907 -0.984134 -0.1256296 0.1528656 -0.9882457 -0.001634538 0.08380663 -0.5292104 -0.8443417 0.08379912 -0.5291963 -0.8443513 -0.751487 -0.659748 4.22448e-6 -0.7514898 -0.6597447 -1.27032e-6 -1.18911e-5 -1 -6.04036e-6 0.3090176 -0.9510563 -9.46008e-7 -1.20401e-5 -1 7.47373e-6 0.309019 -0.951056 5.64307e-7 0.5877824 -0.8090191 1.22087e-5 0.587785 -0.8090173 2.68847e-5 0.8090109 -0.5877937 3.6363e-5 0.8090171 -0.5877852 7.46832e-5 0.9510574 -0.3090146 4.10425e-6 0.9510588 -0.3090103 0 1 1.86569e-6 -8.07355e-7 1 1.60877e-6 0 0.9510565 0.3090171 2.1251e-6 0.9510569 0.309016 1.7371e-6 0.8090136 0.58779 3.07376e-5 0.8090205 0.5877806 7.35275e-5 0.5877817 0.8090196 1.28277e-5 0.5877844 0.8090177 2.72312e-5 0.3090175 0.9510563 -3.33509e-6 0.3090167 0.9510567 -3.74948e-6 1.48872e-6 1 -1.87034e-6 1.33984e-6 1 -3.74942e-6 -0.3090179 0.9510563 -2.99048e-6 -0.30902 0.9510555 -1.87472e-6 -0.587782 0.8090193 -3.32503e-6 -0.5877807 0.8090204 0 -0.8090174 0.5877848 -4.28128e-6 -0.8090167 0.5877856 -2.98262e-6 -0.9510595 0.3090081 -2.97523e-6 -0.9510591 0.3090091 1.61604e-6 -1 1.08771e-6 3.8753e-5 -1 2.94864e-6 9.0791e-5 -0.9510596 -0.3090075 3.83742e-7 -0.9510591 -0.3090093 1.59244e-6 -0.8090156 -0.5877872 6.20931e-7 -0.8090155 -0.5877873 0 -0.5877836 -0.8090182 -1.40161e-6 -0.5877819 -0.8090196 0 -0.3090144 -0.9510574 -4.86021e-7 -0.3090137 -0.9510576 0 1.39773e-5 -1 -5.20612e-6 1.46776e-5 -1 7.50917e-6 -0.7096652 -0.7045372 0.001670837 -0.7045426 -0.7096598 0.001647949 -0.477098 -0.8698198 0.1256621 -0.4770159 -0.869883 -0.1255369 -0.7045511 -0.7096515 -0.00163418 0.2201819 -0.9754589 2.10106e-6 0.2201457 -0.975467 1.55717e-6 -0.869812 -0.4771175 0.1256428 -0.3788008 -0.3788178 0.8443976 -0.3788142 -0.3788289 0.8443866 -0.7096584 -0.704544 -0.001646816 -0.8697944 -0.4771761 -0.1255421 -0.9754644 0.2201579 -1.3344e-5 -0.9754639 0.2201597 -1.01104e-5 -0.3788263 -0.3787781 -0.8444038 -0.3788014 -0.3787532 -0.8444263 -0.8926393 -0.4507689 -0.001640915 -0.8926512 -0.4507453 0.001649796 -0.9746741 -0.1850867 0.1255128 -0.7224991 -0.6798871 0.1254935 -0.4773274 -0.2432333 0.8443911 -0.47733 -0.2432447 0.8443863 -0.8893586 -0.4572075 0.001648247 -0.7225939 -0.6797966 -0.1254376 -0.8893471 -0.4572297 -0.001659572 -0.09204012 -0.9957553 -3.93391e-6 -0.09204679 -0.9957547 7.93487e-6 -0.9747132 -0.1849328 -0.1254355 -0.4773517 -0.2432515 -0.844372 -0.4773284 -0.2432522 -0.844385 -0.8596618 0.5108637 -4.59701e-6 -0.8596645 0.5108592 -5.33834e-6 -0.0691238 -0.9976081 1.47543e-6 -0.06912147 -0.9976083 1.82212e-6 -0.8477106 0.5304591 -5.123e-6 -0.8477064 0.5304657 -5.71484e-6 -0.4584299 -0.2335789 -0.8574864 -0.4584275 -0.2335796 -0.8574875 -0.9882517 -0.1528261 -0.001680016 -0.9882509 -0.1528319 0.001636862 -0.9841457 0.1251794 0.1256489 -0.8971988 -0.4233755 0.1256495 -0.5291079 -0.0837832 0.8444083 -0.5290964 -0.0837745 0.8444162 -0.9871194 -0.159977 0.001621723 -0.8971906 -0.4233975 -0.125633 -0.9871167 -0.1599937 -0.001672089 -0.395278 -0.9185616 -1.98931e-6 -0.3952368 -0.9185793 2.79024e-6 -0.9841458 0.1251787 -0.1256483 -0.5291029 -0.08379948 -0.8444098 -0.5290945 -0.08379483 -0.8444154 -0.6597448 0.7514898 7.14511e-6 -0.6597376 0.7514961 -3.74764e-6 -0.987115 0.1600033 -0.001689136 -0.9871154 0.1600019 0.001650035 -0.8972018 0.423372 0.1256393 -0.9841451 -0.1251664 0.1256653 -0.5291 0.08377766 0.8444137 -0.5291014 0.0837717 0.8444135 -0.9882524 0.1528223 0.001650691 -0.9841229 -0.1251906 -0.1258149 -0.9882501 0.1528365 -0.001671612 -0.6597585 -0.7514778 -2.01166e-6 -0.6597564 -0.7514797 8.82521e-6 -0.8971817 0.4233637 -0.1258105 -0.5291049 0.08379423 -0.844409 -0.5290955 0.08380156 -0.8444142 -0.3952766 0.9185622 1.86265e-7 -0.3952801 0.9185607 -4.31016e-6 -0.8893613 0.4572021 -0.001641631 -0.8893645 0.457196 0.001628041 -0.7225061 0.6798784 0.1255009 -0.9746723 0.185097 0.1255113 -0.4773029 0.2432349 0.8444044 -0.4773374 0.2432491 0.8443807 -0.8926404 0.4507668 0.001627683 -0.9747051 0.1849505 -0.1254721 -0.8926431 0.4507613 -0.001663982 -0.8596639 -0.5108603 -4.29899e-6 -0.8596645 -0.510859 -3.38629e-6 -0.7225971 0.6797941 -0.1254331 -0.477348 0.2432665 -0.8443699 -0.4773568 0.2432656 -0.8443651 -0.09204292 0.9957551 5.46128e-6 -0.09204477 0.995755 -6.78375e-6 -0.7045456 0.7096569 -0.00164628 -0.7045323 0.7096701 0.001654982 -0.4771434 0.8697946 0.1256644 -0.8698814 0.4769939 0.1256315 -0.3788031 0.378806 0.8444016 -0.3787955 0.3788121 0.8444025 -0.7096608 0.7045416 0.001638174 -0.8697829 0.47719 -0.1255679 -0.7096723 0.70453 -0.001656413 -0.9754643 -0.2201577 -9.89437e-6 -0.9754639 -0.22016 3.83705e-7 -0.4770318 0.8698717 -0.1255541 -0.3788251 0.3787606 -0.8444122 -0.378822 0.3787559 -0.8444158 0.2201816 0.975459 -6.63102e-7 0.2201833 0.9754586 -6.14673e-7 -0.4507648 0.8926413 -0.001649022 -0.4507461 0.8926507 0.001660525 -0.1849409 0.9746906 0.1255996 -0.6797356 0.7226273 0.1255766 -0.2432178 0.4773175 0.8444011 -0.2432094 0.4773024 0.844412 -0.4572123 0.8893561 0.00164175 -0.6798909 0.7224828 -0.1255664 -0.4572086 0.8893581 -0.001640617 -0.9957544 0.09205043 -3.27826e-7 -0.9957535 0.09206008 6.32554e-6 -0.1850231 0.9746742 -0.1256057 -0.2431979 0.4773023 -0.8444155 -0.2432004 0.4773103 -0.8444103 0.5108371 0.8596776 -7.99447e-6 0.5108641 0.8596615 -5.30109e-6 -0.1528627 0.9882462 -0.001642048 -0.1528732 0.9882445 0.001635313 0.1252886 0.9841433 0.1255578 -0.4232318 0.8972781 0.1255665 -0.08379971 0.5291817 0.8443604 -0.08379292 0.5291901 0.8443559 -0.1600157 0.9871132 0.001643002 -0.4232363 0.8972681 -0.1256229 -0.1600002 0.9871156 -0.001637816 -0.9185726 0.3952527 -6.18398e-6 -0.9185746 0.3952479 1.12504e-6 0.1252581 0.9841399 -0.1256157 -0.08380264 0.5291068 -0.844407 -0.0838142 0.5291299 -0.8443914 0.7514879 0.659747 2.31713e-6 0.7514851 0.6597501 -3.06591e-6 0.1600121 0.9871137 -0.001642405 0.1600002 0.9871157 0.001635909 0.4232152 0.8972873 0.1255562 -0.1252938 0.9841446 0.1255418 0.08379811 0.5291803 0.8443614 0.08379626 0.5291831 0.8443598 0.152857 0.988247 0.001639008 -0.1252955 0.9841364 -0.1256054 0.1528733 0.9882444 -0.00163865 -0.7514885 0.6597464 -3.21865e-6 -0.7514895 0.6597451 2.16439e-6 0.423325 0.8972268 -0.1256189 0.08380341 0.5291904 -0.8443545 0.08379536 0.5291737 -0.8443658 0.9185721 0.3952536 5.84125e-6 0.9185748 0.3952474 -1.43051e-6 0.457212 0.8893563 -0.001658022 0.4572329 0.8893455 0.001650214 0.6797458 0.7226154 0.12559 0.1849001 0.974701 0.1255786 0.2432214 0.477333 0.8443912 0.2432061 0.4773083 0.8444096 0.4507643 0.8926416 0.001636981 0.1849089 0.9746885 -0.1256629 0.4507457 0.8926509 -0.001673996 -0.5108379 0.8596772 -6.00517e-6 -0.5108323 0.8596804 4.47407e-6 0.6797447 0.7226092 -0.1256307 0.2432242 0.4773317 -0.8443911 0.2432166 0.4773183 -0.844401 0.9957546 0.09204763 6.31064e-6 0.9957551 0.09204238 -5.17815e-7 0.7096747 0.7045276 -0.001644372 0.709672 0.7045304 0.001666843 0.8698909 0.4770043 0.1255266 0.4771635 0.8698028 0.1255317 0.378795 0.3787971 0.8444094 0.3788135 0.3788143 0.8443933 0.7045449 0.7096577 0.001640677 0.4770287 0.869877 -0.1255297 0.7045523 0.7096502 -0.001643061 -0.2201815 0.9754589 -9.83477e-7 -0.2201827 0.9754587 -1.06916e-6 0.8697852 0.4771943 -0.1255362 0.3788185 0.3787709 -0.8444105 0.3788288 0.3787832 -0.8444004 0.9754645 -0.2201569 5.43147e-6 0.9754677 -0.2201427 -4.07174e-6 0.8926324 0.4507824 -0.001633107 0.8926338 0.4507797 0.001663923 0.974693 0.1850346 0.1254427 0.7225515 0.6798422 0.1254359 0.4773457 0.2431945 0.8443918 0.4773458 0.2431877 0.8443938 0.8893492 0.4572259 0.001639783 0.7225633 0.6797916 -0.125642 0.8893556 0.4572135 -0.001633465 0.09204202 0.9957552 -6.90669e-6 0.09204578 0.9957548 5.04404e-6 0.9746882 0.1849163 -0.1256543 0.4772961 0.2432413 -0.8444064 0.4773303 0.2432588 -0.8443819 0.8596782 -0.510836 1.69873e-6 0.8596795 -0.5108341 4.54485e-7 0.9882502 0.1528359 -0.001665592 0.9882488 0.1528451 0.001651823 0.9841355 -0.1251414 0.1257653 0.8971838 0.4233769 0.1257501 0.5291486 0.08382368 0.8443787 0.5291678 0.08382064 0.844367 0.9871177 0.1599881 0.001628994 0.8972157 0.4233862 -0.125492 0.9871129 0.1600172 -0.001665651 0.3952443 0.9185761 -3.33786e-6 0.3952773 0.9185619 1.90735e-6 0.9841657 -0.1251659 -0.1255053 0.5291365 0.08380436 -0.8443882 0.5291015 0.08379244 -0.8444113 0.6597598 -0.7514767 -6.53416e-6 0.659755 -0.7514808 -3.86313e-6 0.9871173 -0.1599901 -0.001628756 0.9871184 -0.1599841 0.001628398 0.8972022 -0.4233908 0.1255731 0.9841552 0.1251447 0.1256083 0.5291349 -0.08380395 0.8443892 0.5291443 -0.0837987 0.844384 0.9882462 -0.1528621 0.001625299 0.9841411 0.1251595 -0.1257039 0.9882492 -0.1528424 -0.001647651 0.6597601 0.7514764 -5.69224e-6 0.6597558 0.7514802 4.82798e-6 0.8971886 -0.4233871 -0.1256822 0.5291531 -0.08381026 -0.8443772 0.529172 -0.08381146 -0.8443652 0.3952635 -0.9185678 4.48525e-6 0.3952578 -0.9185703 -7.86036e-7 0.8893489 -0.4572261 -0.001660346 0.8893501 -0.4572242 0.001637339 0.7225357 -0.6798247 0.1256211 0.974672 -0.1850298 0.1256129 0.477362 -0.2432149 0.8443768 0.4773298 -0.2431987 0.8443997 0.8926274 -0.4507921 0.001648247 0.9747062 -0.1849508 -0.1254638 0.8926404 -0.4507667 -0.001653909 0.8596681 0.5108531 -9.08971e-7 0.8596642 0.5108597 4.06057e-7 0.7225992 -0.679787 -0.12546 0.4773471 -0.2432841 -0.8443652 0.4773469 -0.2432784 -0.844367 0.09204381 -0.995755 -5.55813e-6 0.0920372 -0.9957556 -4.22448e-6 0.7045513 -0.7096512 -0.001653492 0.7045484 -0.7096542 0.001638412 0.4770778 -0.8698499 0.1255309 0.8698256 -0.477116 0.1255546 0.3788186 -0.3788204 0.8443883 0.3788054 -0.3788188 0.8443949 0.7096552 -0.7045474 0.001653194 0.8698063 -0.477173 -0.1254712 0.7096703 -0.7045321 -0.001663029 0.9754642 0.2201583 -7.38353e-6 0.9754679 0.2201417 -1.06022e-5 0.4770421 -0.8698785 -0.1254685 0.3788227 -0.3787525 -0.8444169 0.3788153 -0.3787465 -0.8444229 -0.2201645 -0.9754629 1.98185e-6 -0.220183 -0.9754586 1.95205e-6 0.4507486 -0.8926495 -0.001640915 0.4507731 -0.8926371 0.001623988 0.1849468 -0.9746977 0.1255353 0.6797318 -0.722638 0.1255355 0.2431954 -0.4773002 0.8444172 0.2431981 -0.4773066 0.844413 0.4572167 -0.8893538 0.001651763 0.6798819 -0.7224935 -0.1255537 0.4572115 -0.8893564 -0.001662194 0.9957541 -0.09205299 -2.68966e-6 0.9957552 -0.09204161 4.61191e-6 0.1850218 -0.9746774 -0.1255828 0.2432005 -0.47736 -0.8443821 0.2431965 -0.4773544 -0.8443863 -0.5108241 -0.8596854 5.93066e-6 -0.5108489 -0.8596705 -2.73436e-6 0.9976093 -0.06910729 0 0.9976094 -0.06910556 1.24237e-7 -0.5304482 -0.8477175 1.4241e-6 -0.530448 -0.8477176 9.93884e-7 0.2335821 -0.4584267 -0.8574872 0.2335784 -0.4584295 -0.8574867 -0.707107 -0.7071066 -3.05887e-6 -0.7071058 -0.7071078 -3.66481e-6 -0.1564349 -0.9876883 1.46593e-6 -0.1564329 -0.9876886 4.88639e-7 0.1564337 -0.9876885 1.46594e-6 0.156436 -0.9876882 1.95462e-6 0.4539898 -0.8910069 9.77301e-7 0.4539906 -0.8910065 1.46595e-6 0.707109 -0.7071046 9.77289e-7 0.7071053 -0.7071083 -1.2216e-6 0.8910033 -0.453997 6.10793e-7 0.8910036 -0.4539963 6.10793e-7 0.9876905 -0.1564213 2.44326e-7 0.9876904 -0.1564221 2.3669e-7 0.9876904 0.1564221 -2.29055e-7 0.9876905 0.1564213 -2.29056e-7 0.8910035 0.4539967 -5.49714e-7 0.8910033 0.453997 -6.71872e-7 0.7071056 0.707108 -1.2216e-6 0.7071021 0.7071114 9.77277e-7 0.4539874 0.8910081 2.44323e-7 0.4539914 0.8910061 -9.773e-7 0.1564344 0.9876884 -4.88647e-7 0.1564359 0.9876881 -1.46595e-6 -0.1564341 0.9876884 -9.77286e-7 -0.1564319 0.9876888 -1.95456e-6 -0.4539817 0.8910111 -2.93184e-6 -0.45399 0.8910069 7.32969e-7 -0.7071066 0.7071071 -2.93185e-6 -0.7071012 0.7071124 -5.13071e-6 -0.891007 0.4539896 -4.27557e-7 -0.8909997 0.454004 -5.92468e-6 -0.9876905 0.1564213 -3.11516e-6 -0.9876931 0.1564048 2.84793e-6 -0.9876905 -0.1564213 3.29076e-6 -0.987693 -0.1564051 -2.67232e-6 -0.8910064 -0.4539908 -4.82528e-6 -0.8910003 -0.4540029 8.5511e-7 -0.4539837 -0.89101 1.71025e-6 -0.453988 -0.8910079 -2.44323e-7 0.1252973 -0.9841379 -0.1255919 -0.1528449 -0.9882488 -0.001665413 -0.152864 -0.9882459 0.001641213 0.125324 -0.9841407 0.1255428 0.7514809 -0.6597549 -1.11014e-6 0.7514919 -0.6597424 4.2133e-6 -0.1600021 -0.9871153 0.001633822 -0.4232323 -0.8972781 0.1255645 -0.0837931 -0.5291648 0.8443716 -0.08379387 -0.5291464 0.844383 -0.1600111 -0.987114 -0.001646339 -0.4232633 -0.8972601 -0.1255884 -0.9185726 -0.3952526 2.29478e-6 -0.9185742 -0.3952488 -4.68641e-6 -0.08380746 -0.529083 -0.8444214 -0.08381134 -0.5291094 -0.8444045 -0.4572053 -0.8893597 -0.001644313 -0.4572067 -0.8893591 0.001633465 -0.6797483 -0.7226186 0.125557 -0.1849326 -0.9746925 0.1255972 -0.2432128 -0.4772918 0.8444172 -0.2432084 -0.4772857 0.8444218 -0.4507568 -0.8926454 0.001649439 -0.184991 -0.9746699 -0.1256859 -0.4507698 -0.8926388 -0.001642882 0.5108303 -0.8596817 -1.95205e-6 0.5108389 -0.8596766 7.60704e-6 -0.6798809 -0.7224752 -0.1256648 -0.2432112 -0.4773396 -0.8443905 -0.2432122 -0.4773464 -0.8443863 -0.9957528 -0.09206825 4.4331e-6 -0.9957537 -0.09205746 -2.5779e-6 0.5304577 -0.8477115 2.11287e-6 0.5304599 -0.8477101 3.31301e-6 -0.9976078 -0.06912827 0 -0.9976078 -0.06912982 1.44943e-7 -0.2335778 -0.4584329 -0.8574851 -0.2335766 -0.4584305 -0.8574867 -0.3638097 -0.3638095 0.8574878 -0.3638078 -0.3638105 0.8574882 -0.970143 0.2425335 -5.35306e-6 -0.9701416 0.2425395 -6.12902e-6 -0.3638142 -0.363811 -0.8574851 -0.3638159 -0.3638114 -0.8574843 0.2425357 -0.9701426 2.09233e-6 0.2425403 -0.9701414 2.9817e-6 -0.0804854 -0.5081678 0.8574892 -0.08048337 -0.5081696 0.8574883 -0.9274256 -0.374008 -2.05127e-6 -0.9274263 -0.3740061 -2.3191e-6 -0.08048874 -0.5081727 -0.857486 -0.08048737 -0.5081722 -0.8574864 0.7664513 -0.6423025 7.42861e-7 0.7664524 -0.6423012 9.93894e-7 0.927425 -0.3740091 5.41094e-6 0.9274272 -0.3740038 5.96339e-6 0.08048784 -0.5081705 0.8574873 0.08048588 -0.5081684 0.8574888 -0.7664507 -0.6423031 8.79114e-7 -0.7664508 -0.6423031 9.93897e-7 0.08048641 -0.5081721 -0.8574865 0.08048832 -0.508174 -0.8574852 0.2335828 -0.4584237 0.8574886 0.2335789 -0.4584227 0.8574903 0.9701423 0.2425366 -2.99336e-6 0.9701427 0.242535 -3.23016e-6 0.3638105 -0.3638105 0.8574869 0.3638078 -0.363811 0.8574879 -0.2425365 -0.9701424 1.43439e-6 -0.2425374 -0.9701421 1.15955e-6 0.3638129 -0.3638122 -0.8574853 0.3638133 -0.3638101 -0.857486 0.8477078 0.5304635 -6.69596e-7 0.8477094 0.530461 -9.11062e-7 0.4584221 -0.2335807 0.8574901 0.4584242 -0.2335801 0.8574891 0.06912344 -0.9976081 1.30839e-6 0.06912362 -0.9976081 1.32518e-6 0.4584214 -0.2335826 -0.85749 0.4584259 -0.233583 -0.8574876 0.6422815 0.7664689 -1.09374e-6 0.642283 0.7664676 -1.15953e-6 0.5081761 -0.08047699 0.8574851 0.5081605 -0.08047825 0.8574942 0.3740356 -0.9274144 1.26501e-6 0.3740366 -0.927414 1.44943e-6 0.5081729 -0.08047658 -0.8574869 0.5081793 -0.08048015 -0.8574828 0.3740358 0.9274143 -1.27562e-6 0.3740367 0.927414 -1.3459e-6 0.5081684 0.08047622 0.8574897 0.5081713 0.08048015 0.8574877 0.6422822 -0.7664684 1.09374e-6 0.6422827 -0.7664679 1.15953e-6 0.5081771 0.08047753 -0.8574844 0.5081682 0.08047825 -0.8574895 0.06912428 0.9976081 -1.4549e-6 0.0691238 0.9976081 -1.49083e-6 0.4584239 0.2335802 0.8574893 0.4584194 0.2335821 0.8574912 0.8477084 -0.5304626 7.2232e-7 0.8477083 -0.5304627 6.62593e-7 0.4584217 0.2335827 -0.8574898 0.4584212 0.2335827 -0.85749 -0.2425413 0.9701411 -1.92528e-6 -0.2425411 0.9701411 -2.48474e-6 0.3638073 0.3638102 0.8574885 0.3638086 0.3638131 0.8574868 0.9701429 -0.2425343 3.66296e-7 0.9701424 -0.2425361 4.14122e-7 0.3638072 0.3638123 -0.8574876 0.3638194 0.3638109 -0.857483 -0.5304598 0.8477101 -1.17216e-6 -0.5304599 0.8477101 -1.3252e-6 0.233581 0.4584271 0.8574873 0.2335802 0.4584292 0.8574865 0.9976079 0.06912738 2.58239e-6 0.9976077 0.06913053 2.91956e-6 0.2335835 0.458432 -0.8574841 0.2335784 0.4584299 -0.8574866 -0.7664517 0.642302 -8.58579e-7 -0.7664516 0.642302 -6.62596e-7 0.08048766 0.5081706 0.8574873 0.08048713 0.5081694 0.857488 0.9274263 0.3740059 2.05127e-6 0.9274253 0.3740087 2.3191e-6 0.08048701 0.5081727 -0.8574861 0.0804879 0.5081712 -0.8574869 -0.9274263 0.374006 -3.06664e-6 -0.9274252 0.3740088 -3.31299e-6 -0.08048647 0.5081712 0.857487 -0.08048653 0.5081669 0.8574896 0.7664521 0.6423015 -7.12059e-7 0.7664512 0.6423026 -4.96948e-7 -0.08048576 0.5081711 -0.8574872 -0.08048766 0.508174 -0.8574853 -0.9976077 0.06913053 2.58624e-6 -0.9976079 0.06912809 2.98168e-6 -0.2335793 0.4584287 0.857487 -0.2335791 0.4584274 0.8574876 0.5304614 0.8477091 0 0.5304595 0.8477104 3.31299e-7 -0.2335794 0.458431 -0.8574857 -0.2335746 0.4584344 -0.8574853 -0.970142 -0.2425377 -4.97135e-6 -0.9701431 -0.2425331 -5.46641e-6 -0.3638085 0.3638114 0.8574874 -0.3638041 0.3638108 0.8574897 0.2425416 0.9701411 -3.13572e-7 0.2425411 0.9701411 -6.62596e-7 -0.3638132 0.3638111 -0.8574855 -0.3638101 0.3638115 -0.8574867 -0.8477089 -0.5304619 -3.81973e-6 -0.8477092 -0.5304611 -4.4725e-6 -0.4584203 0.2335845 0.8574901 -0.458408 0.233585 0.8574966 -0.06912261 0.9976083 -1.14133e-6 -0.06912374 0.9976082 -8.28233e-7 -0.4584305 0.2335793 -0.8574861 -0.4584258 0.2335789 -0.8574887 -0.6422815 -0.7664689 2.70544e-6 -0.642279 -0.766471 2.98165e-6 -0.5081749 0.0804705 0.8574864 -0.5081593 0.08047097 0.8574955 -0.3740407 0.9274123 -2.24375e-6 -0.3740383 0.9274133 -2.40191e-6 -0.5081664 0.0804767 -0.8574908 -0.50818 0.08048027 -0.8574824 -0.4584228 -0.2335823 0.8574893 -0.4584222 -0.2335864 0.8574885 -0.2335814 -0.4584274 0.8574871 -0.2335769 -0.4584301 0.857487 -0.3740398 -0.9274128 2.86621e-7 -0.3740401 -0.9274125 2.27768e-7 -0.5081775 -0.08046966 0.8574849 -0.5081656 -0.08047205 0.8574917 -0.6422802 0.76647 5.91201e-7 -0.6422815 0.7664689 7.45415e-7 -0.5081768 -0.08047717 -0.8574847 -0.5081619 -0.08047914 -0.8574932 -0.9928472 0 -0.1193923 -0.9928473 2.46511e-7 -0.1193922 -0.9928137 2.34295e-7 -0.1196712 -0.9928538 7.31172e-7 -0.119338 -0.9928821 6.6009e-6 -0.1191022 -0.9928535 1.60315e-7 -0.1193401 -0.9928706 9.59591e-7 -0.1191974 -0.992852 -2.58951e-4 -0.1193529 -0.9928774 0 -0.1191409 -0.9928505 -3.9516e-5 -0.1193653 -0.9928203 1.82244e-4 -0.1196153 -0.9928855 -6.25905e-5 -0.1190741 -0.9928012 0 -0.1197739 -0.9928412 1.02325e-6 -0.1194425 -0.992801 0 -0.1197756 -0.9928411 6.64334e-6 -0.1194425 -0.992841 -3.95985e-4 -0.1194435 -0.9928449 -6.19773e-5 -0.1194114 -0.992851 2.43003e-4 -0.1193602 0 -0.9928472 -0.1193919 0 -0.9928472 -0.1193919 5.82909e-5 -0.9928464 -0.1193982 -1.21524e-4 -0.9928502 -0.1193668 0 -0.9928481 -0.1193844 0 -0.9928198 -0.1196197 1.1609e-4 -0.9928494 -0.1193741 -8.32492e-5 -0.9928172 -0.1196421 -6.07766e-5 -0.9928469 -0.1193956 0 -0.9928501 -0.1193677 0 -0.9928393 -0.1194579 0.9928474 0 -0.1193911 0.9928474 0 -0.1193912 0.9928486 -6.44082e-5 -0.1193807 0.9928486 -6.44084e-5 -0.1193806 0.9928363 -6.60267e-5 -0.1194828 0.9928039 2.9245e-5 -0.1197519 0.992851 -2.43003e-4 -0.1193602 0.9928137 0 -0.1196712 0.9928134 0 -0.1196733 0.9928535 0 -0.1193401 0.9928469 -6.56208e-5 -0.1193951 0.9928469 -6.56172e-5 -0.1193951 0.9928029 -1.46083e-5 -0.1197603 0.9928431 -2.43046e-4 -0.1194267 0.9928107 -4.53131e-5 -0.1196959 0.9928084 0 -0.1197152 0.9928483 -1.57143e-6 -0.1193836 0.9928483 0 -0.1193836 0.9928483 -1.23035e-5 -0.1193839 0 0.9928473 -0.1193919 -1.84883e-7 0.9928473 -0.1193917 -5.82842e-5 0.9928463 -0.1193998 1.21464e-4 0.9928482 -0.1193841 -1.9525e-7 0.9928262 -0.119567 3.40441e-5 0.992866 -0.1192356 -1.94961e-7 0.9928577 -0.1193046 -1.46574e-4 0.9928494 -0.1193739 9.11649e-5 0.9928469 -0.1193956 -2.31563e-4 0.9928577 -0.1193044 0 0.9928501 -0.1193677 5.2269e-5 0.9928651 -0.1192439 0 0.9928254 -0.1195731 -5.29188e-5 0.992865 -0.119244 -0.6276273 0.6275951 0.4606609 -0.9331673 0.006037414 0.3593915 -0.9972544 0.007228493 0.07369899 -0.7036245 0.7036323 0.09906655 -0.5203537 0.5203506 0.6771021 -0.8274384 0.005283892 0.5615319 -0.4312764 0.431302 0.7924515 -0.7236273 0.004350543 0.6901773 -0.3525521 0.352528 0.8668512 -0.6158117 0.00322324 0.7878867 -0.9331659 -0.006055474 0.3593949 -0.9972527 -0.007246434 0.07371926 -0.7036362 -0.7036203 0.09906953 -0.6276007 -0.6276201 0.4606631 -0.8274355 -0.005301713 0.5615357 -0.5203502 -0.5203546 0.6771019 -0.7236182 -0.004372239 0.6901867 -0.4312843 -0.4312924 0.7924525 -0.6158009 -0.003243863 0.7878952 -0.3525152 -0.3525655 0.8668511 -0.336012 0.3360127 0.8798815 -0.6237893 0.00555396 0.7815729 -0.9365901 0.004190444 0.3504021 -0.6100193 0.6100038 0.5057391 -0.9365829 -0.004200935 0.3504211 -0.6237865 -0.005549073 0.7815751 -0.6100263 -0.6099947 0.5057415 -0.3359959 -0.3360413 0.8798767 -0.006075143 0.9331696 0.3593854 -0.6276229 0.6275985 0.4606623 -0.7036211 0.7036355 0.09906846 -0.007245838 0.9972532 0.07371312 -0.005301952 0.8274375 0.5615329 -0.5203489 0.5203531 0.6771039 -0.004339635 0.7236279 0.6901767 -0.4312984 0.4312812 0.7924508 -0.003251016 0.6157962 0.7878988 -0.3525511 0.3525276 0.8668519 0.006061017 0.9331716 0.3593802 0.007235705 0.9972533 0.07371211 0.6276133 0.6275907 0.4606859 0.7036352 0.703621 0.09907084 0.5203624 0.5203756 0.6770763 0.005283951 0.8274443 0.5615231 0.4312992 0.4312781 0.7924521 0.004380464 0.7236179 0.690187 0.3525395 0.3525079 0.8668645 0.003253161 0.615795 0.7878997 -0.005542457 0.6237777 0.7815821 -0.3360058 0.3360368 0.8798747 -0.6099975 0.6100232 0.5057418 -0.004205226 0.9365867 0.3504109 0.005556643 0.6237766 0.781583 0.004210114 0.9366006 0.3503734 0.3360078 0.3359956 0.8798896 0.6100035 0.6099998 0.5057629 0.007325291 0.999535 0.02960288 0.7065526 0.7065311 0.03996574 0.5179106 0.5179235 0.680826 0.005139887 0.7246246 0.6891247 -0.007329046 0.9995345 0.02961701 -0.005147397 0.7246294 0.6891195 -0.7065228 0.7065617 0.03995174 -0.5179289 0.517937 0.6808018 0.9331722 0.006057143 0.3593786 0.6276008 0.6276232 0.4606586 0.7036377 0.7036179 0.09907495 0.9972534 0.007249832 0.0737096 0.8274478 0.005257666 0.5615181 0.5203685 0.5203719 0.6770744 0.7236189 0.004370868 0.690186 0.4312842 0.4312915 0.7924531 0.6157958 0.003239452 0.7878991 0.3525405 0.3525091 0.8668637 0.9972536 -0.007227897 0.07371026 0.933174 -0.0060364 0.3593745 0.6276002 -0.6276234 0.4606591 0.7036211 -0.703635 0.09907126 0.5203582 -0.5203552 0.6770952 0.8274422 -0.005288362 0.5615261 0.4312762 -0.431301 0.7924522 0.7236278 -0.004349231 0.6901767 0.3525444 -0.3525049 0.8668638 0.6157904 -0.003263413 0.7879033 0.6237705 0.00554645 0.7815878 0.3360146 0.3359782 0.8798937 0.6099937 0.6099996 0.505775 0.9366044 0.004210054 0.3503634 0.6237714 -0.005550146 0.7815873 0.9365989 -0.004217207 0.350378 0.3359807 -0.3359903 0.8799021 0.6099843 -0.6100161 0.5057662 0.9995339 -0.007317423 0.0296418 0.7065253 -0.7065584 0.03996706 0.5179058 -0.5179163 0.680835 0.7247486 -0.005153536 0.6889942 0.999534 0.007304728 0.02963745 0.724725 0.005149066 0.689019 0.7065162 0.7065672 0.03997135 0.5179228 0.5179327 0.6808096 -0.6276241 -0.6275972 0.4606623 -0.006063818 -0.9331764 0.3593677 -0.00725466 -0.9972527 0.07371962 -0.7036347 -0.7036221 0.09906643 -0.5203481 -0.5203554 0.6771028 -0.005285739 -0.8274403 0.561529 -0.4312747 -0.4313051 0.7924509 -0.004337012 -0.7236309 0.6901735 -0.3525156 -0.3525637 0.8668516 -0.003251373 -0.6157993 0.7878964 0.007231593 -0.9972525 0.07372367 0.006076097 -0.9331769 0.3593662 0.7036217 -0.7036342 0.0990737 0.62761 -0.6275939 0.4606862 0.005301117 -0.8274416 0.5615269 0.5203489 -0.5203628 0.6770965 0.004338085 -0.7236278 0.6901769 0.4312931 -0.4312841 0.792452 0.003252387 -0.6157914 0.7879025 0.3525434 -0.3525038 0.8668647 -0.3360005 -0.3360577 0.8798688 -0.00551486 -0.6237589 0.7815975 -0.004207849 -0.9365954 0.3503875 -0.6100146 -0.61002 0.505725 -0.004043698 -0.9997951 0.01983684 -0.7068023 -0.706763 0.03027647 0.004178285 -0.9365977 0.350382 0.005537748 -0.62377 0.7815884 0.004066944 -0.9997946 0.01985448 0.7067823 -0.7067817 0.03030675 0.6099712 -0.6100333 0.5057613 0.3360095 -0.3359736 0.8798974 -0.7068039 -0.7068021 -0.02931272 -0.003900289 -0.9995716 -0.02901118 -0.002605497 -0.7291556 -0.6843431 -0.5350792 -0.5351465 -0.6536884 0.002589941 -0.7291513 -0.6843478 0.003941416 -0.9995717 -0.02900052 0.5350714 -0.5351301 -0.6537083 0.7067944 -0.7068132 -0.02927207 -0.3907928 -0.3908076 -0.8333969 -0.003628969 -0.6499608 -0.7599592 -8.99732e-4 -0.08252662 -0.9965885 -0.07390701 -0.07388931 -0.9945241 -0.5510264 -0.5510136 -0.6267009 -0.003773808 -0.8579219 -0.5137663 -0.661498 -0.6565577 -0.3624258 -0.00429207 -0.9536249 -0.3009673 -0.310805 -0.3057886 -0.8999409 -0.1312215 -0.3209765 -0.9379526 -0.006845176 -0.991502 -0.1299119 8.99346e-4 -0.08252781 -0.9965884 0.003621399 -0.649957 -0.7599624 0.07390266 -0.07386958 -0.9945259 0.3907962 -0.390821 -0.8333891 0.003785014 -0.8579171 -0.5137743 0.5510198 -0.5510355 -0.6266874 0.003832519 -0.9535602 -0.3011785 0.6521273 -0.6521186 -0.3866153 0.004468858 -0.9914557 -0.1303673 0.003836631 -0.856096 -0.5168027 0.4978294 -0.4978014 -0.7101829 0.6939593 -0.6939378 -0.192018 8.37517e-5 -0.8574529 -0.5145625 -0.6499615 -0.003627717 -0.7599585 -0.3907996 -0.3908069 -0.8333941 -0.07390516 -0.07390606 -0.9945231 -0.08249312 -8.86053e-4 -0.9965913 -0.8579007 -0.003748595 -0.5138019 -0.5510224 -0.5510239 -0.6266954 -0.9600168 -0.003965079 -0.2799144 -0.6614993 -0.6565536 -0.3624309 -0.70931 -0.003252387 -0.7048892 -0.3107599 -0.3058746 -0.8999273 -0.960021 0.003937184 -0.2799003 -0.7093355 0.003260135 -0.7048635 -0.3111249 0.3112455 -0.8979575 -0.6595666 0.6595587 -0.3604918 -0.857904 0.003767609 -0.5137962 -0.5510116 0.5510559 -0.6266767 -0.6499652 0.003640651 -0.7599554 -0.3907964 0.3907907 -0.8334032 -0.08248859 8.8942e-4 -0.9965916 -0.07390397 0.07389819 -0.9945237 0.3908061 -0.3907925 -0.8333979 0.6499645 -0.003633558 -0.759956 0.08250659 -8.92192e-4 -0.9965902 0.07387632 -0.07390367 -0.9945254 0.5510163 -0.5510404 -0.6266862 0.8579154 -0.003769874 -0.5137772 0.6521146 -0.6521341 -0.3866108 0.9535594 -0.003806948 -0.3011811 0.6499707 0.003622412 -0.7599506 0.0824995 8.89726e-4 -0.9965908 0.07387536 0.07390177 -0.9945255 0.3908061 0.3907921 -0.8333981 0.8579118 0.003749012 -0.5137833 0.5510327 0.5510269 -0.6266837 0.9536166 0.004310429 -0.3009932 0.6565564 0.6615018 -0.3624213 0.9914954 0.006824314 -0.1299628 0.3208624 0.1312872 -0.9379824 0.3057413 0.3107864 -0.8999634 0.6939499 -0.6939369 -0.1920554 0.991445 -0.004505157 -0.1304478 0.856109 -0.003821015 -0.5167814 0.4978125 -0.497793 -0.7102007 0.8575109 -7.20099e-5 -0.5144659 -0.003629446 0.6499619 -0.7599582 -0.3907926 0.3908107 -0.8333956 -0.07390433 0.07389318 -0.994524 -8.94031e-4 0.08250522 -0.9965903 -0.003781735 0.8579122 -0.5137826 -0.5510244 0.5510436 -0.6266762 -0.003926932 0.9600242 -0.2798892 -0.659561 0.6595787 -0.3604653 -0.003234922 0.7092876 -0.7049119 -0.3111419 0.3112161 -0.8979618 0.003241717 0.7093042 -0.704895 0.003960371 0.9600266 -0.2798808 0.3057308 0.3107894 -0.8999659 0.6565508 0.6615177 -0.3624024 0.003776788 0.8579214 -0.5137671 0.5510353 0.5510185 -0.6266887 0.003624558 0.6499657 -0.759955 0.3908124 0.3907779 -0.8334017 8.91849e-4 0.0825088 -0.99659 0.07390511 0.07387357 -0.9945254 -0.06170397 -1.53378e-4 -0.9980946 -0.03106045 -0.03090852 -0.9990395 -0.3107532 -0.3058108 -0.8999513 -0.7093196 -0.003237187 -0.7048797 -0.7093392 0.00323677 -0.70486 -0.06170773 1.49787e-4 -0.9980943 -0.03094685 0.03099864 -0.9990403 -0.3111438 0.311215 -0.8979614 -1.23142e-4 0.06174099 -0.9980923 -0.03096544 0.03097921 -0.9990403 -0.3111633 0.311199 -0.8979604 -0.003232538 0.7093009 -0.7048985 1.31597e-4 0.0617339 -0.9980927 0.003228902 0.7092965 -0.7049029 0.03086405 0.03107142 -0.9990406 0.3057555 0.3107914 -0.8999568 0.1482473 7.74793e-4 -0.98895 0.06168591 1.50207e-4 -0.9980957 0.03086811 0.0310676 -0.9990406 0.3057361 0.3107647 -0.8999727 0.3208969 0.1312938 -0.9379697 0.1501096 -8.20857e-4 -0.9886691 0.8561089 -0.003875851 -0.516781 0.4978477 -0.4977969 -0.7101731 0.05847173 -0.05844533 -0.9965768 0.8575093 -7.79781e-5 -0.5144686 0.03093302 -0.03092718 -0.9990429 0.0616886 -1.46224e-4 -0.9980955 -0.6973318 -0.6973779 -0.1655066 -0.05622297 -0.9925037 -0.1085146 -0.005352675 -0.9954239 -0.09540808 -0.700778 -0.7007534 -0.1336225 -0.6967782 -0.6968098 -0.1701655 -0.07556861 -0.9862054 -0.1472699 0.005343794 -0.9954239 -0.09540796 0.05624169 -0.9925023 -0.1085178 0.7007781 -0.7007528 -0.1336253 0.6973406 -0.6973685 -0.1655092 0.07556217 -0.9862053 -0.147274 0.6968013 -0.6967881 -0.1701601 -0.01237988 -0.9917712 -0.1274232 -0.01814359 -0.994046 -0.1074406 -0.2728993 -0.9597601 0.06623214 -0.2338041 -0.9350666 -0.2664325 -0.8448104 -0.5337061 0.03812456 -0.8428905 -0.5367767 0.03750652 0.2729008 -0.9597606 0.06621795 0.01814937 -0.9940473 -0.1074278 -9.08971e-7 -0.6415193 0.767107 9.79751e-7 -0.6415334 0.7670952 0.01237595 -0.9917718 -0.1274191 0.2337678 -0.9350645 -0.2664717 4.98071e-6 -0.401915 -0.915677 5.24148e-6 -0.4018996 -0.9156838 0.8429059 -0.5367517 0.03751617 0.8447972 -0.5337277 0.03811162 -0.8697226 -0.4913574 0.04637426 -0.869721 -0.49136 0.04637497 0 -0.3505309 -0.9365513 0 -0.3505292 -0.9365519 0.8697318 -0.491341 0.04637736 0.8697287 -0.4913464 0.04637622 0 -0.6033888 0.7974472 0 -0.6033874 0.7974482 -0.6927683 -0.6927406 -0.2004565 -0.006240248 -0.9895702 -0.1439167 -0.005441486 -0.7954919 0.6059399 -0.5067759 -0.5066328 0.6974965 0.005436003 -0.7955011 0.6059278 0.006227016 -0.9895709 -0.1439127 0.5067564 -0.5065835 0.6975467 0.6927601 -0.6927604 -0.2004162 -0.9925028 -0.05624228 -0.1085128 -0.6973392 -0.6973708 -0.1655057 -0.7007717 -0.7007604 -0.1336191 -0.9954243 -0.005335032 -0.09540516 -0.9862033 -0.07557475 -0.1472805 -0.6967912 -0.6967963 -0.1701673 -0.9954236 0.00535506 -0.09541159 -0.9924992 0.05625444 -0.1085392 -0.6973254 0.6973836 -0.1655098 -0.7007742 0.7007567 -0.133625 -0.69678 0.6968083 -0.1701643 -0.9862044 0.07558012 -0.147271 -0.9917718 -0.01236808 -0.1274203 -0.9917719 0.01237696 -0.1274176 -0.9350627 0.2337763 -0.2664703 -0.935061 -0.2337741 -0.266478 -0.9940473 -0.01813721 -0.1074299 -0.9597586 -0.2728951 0.06626999 -0.5367726 -0.8428929 0.03750985 -0.5337125 -0.8448061 0.03812825 -0.4018958 -3.17767e-6 -0.9156854 -0.4018676 6.18398e-6 -0.9156978 -0.9597574 0.2729044 0.06624895 -0.9940461 0.01813775 -0.1074411 -0.5337258 0.844798 0.03812009 -0.5367772 0.8428898 0.03751307 -0.6415162 1.70991e-6 0.7671096 -0.6415299 -1.76206e-6 0.7670981 -0.3505334 1.45799e-6 -0.9365503 -0.3505349 1.51624e-6 -0.9365497 -0.4913391 -0.8697327 0.04637718 -0.4913497 -0.869727 0.04637485 -0.6033841 0 0.7974507 -0.6033864 0 0.7974489 -0.491359 0.8697218 0.04637229 -0.4913588 0.869722 0.04637169 -0.9895719 -0.006251931 -0.1439049 -0.6927533 -0.6927564 -0.2004529 -0.5067863 -0.5066245 0.697495 -0.7957493 -0.005427718 0.6056019 -0.9895675 0.006261169 -0.1439341 -0.7957602 0.005408704 0.6055877 -0.6927714 0.6927511 -0.2004089 -0.5067911 0.5066841 0.6974483 0.6973541 -0.6973545 -0.1655115 0.9925003 -0.05625939 -0.1085265 0.9954233 -0.00531578 -0.095416 0.7007528 -0.7007775 -0.1336276 0.696785 -0.6968045 -0.1701594 0.9862051 -0.07557809 -0.1472674 0.9925013 0.05624324 -0.1085262 0.9954229 0.00534749 -0.09541839 0.7007528 0.7007775 -0.1336281 0.6973697 0.6973392 -0.1655099 0.9862043 0.07557308 -0.147275 0.6967958 0.6967933 -0.1701605 0.9917703 -0.01237744 -0.1274308 0.9940456 -0.01814311 -0.107444 0.9597596 -0.2728991 0.06623882 0.9350633 -0.2337741 -0.2664704 0.5337262 -0.8447977 0.03812021 0.5367655 -0.8428974 0.03750801 0.9597575 0.2729123 0.06621575 0.9940466 0.01815015 -0.1074343 0.6415162 -1.70991e-6 0.7671096 0.6414914 1.66148e-6 0.7671303 0.9917711 0.01237577 -0.1274252 0.9350634 0.2337724 -0.2664713 0.4018941 5.41657e-6 -0.9156863 0.4018703 -5.46873e-6 -0.9156966 0.5367382 0.8429143 0.03751945 0.5336985 0.8448153 0.03811752 0.4913109 -0.8697484 0.04638344 0.4913189 -0.869744 0.04638224 0.3505268 0 -0.9365528 0.3505275 0 -0.9365525 0.4913392 0.8697325 0.04638069 0.4913437 0.8697302 0.046377 0.6033841 0 0.7974507 0.6033865 0 0.797449 0.6927658 -0.6927559 -0.2004118 0.9895717 -0.006241321 -0.1439058 0.7956533 -0.005412042 0.6057283 0.5067322 -0.5066268 0.6975328 0.7956364 0.005411624 0.6057505 0.9895709 0.006283044 -0.1439099 0.5067449 0.5066227 0.6975265 0.6927537 0.6927623 -0.2004314 -0.05625259 0.9925008 -0.1085256 -0.6973235 0.6973858 -0.1655086 -0.7007801 0.7007516 -0.1336207 -0.00534147 0.9954242 -0.09540617 -0.07556134 0.9862051 -0.1472755 -0.6968002 0.6967884 -0.1701632 0.05621194 0.9925024 -0.108533 0.005353808 0.9954239 -0.0954082 0.6973547 0.697354 -0.1655107 0.7007777 0.700753 -0.1336261 0.6968109 0.6967791 -0.1701577 0.07556676 0.9862058 -0.1472678 0.01237684 0.9917714 -0.1274219 0.01814395 0.9940463 -0.1074383 0.2728911 0.9597629 0.06622505 0.233785 0.9350696 -0.2664389 -0.01237696 0.9917718 -0.1274189 -0.2337707 0.9350683 -0.2664554 3.86685e-6 0.4018746 -0.9156947 3.62843e-6 0.4018942 -0.9156861 0.8448113 0.5337046 0.03812336 0.842909 0.5367471 0.03751164 -0.2728787 0.9597643 0.06625711 -0.01814901 0.994047 -0.1074303 1.19954e-6 0.6415188 0.7671074 -8.90344e-7 0.6415335 0.767095 -0.8429079 0.5367482 0.03751915 -0.8447997 0.5337229 0.03812432 0.8697233 0.4913558 0.04637676 0.8697199 0.491362 0.04637539 -1.47823e-6 0.3505316 -0.936551 -1.53727e-6 0.3505284 -0.9365521 -0.8697315 0.4913411 0.04638004 -0.869728 0.4913476 0.04637777 0 0.6033888 0.7974472 0 0.6033865 0.797449 0.6927461 0.6927702 -0.2004304 0.006244421 0.989571 -0.1439108 0.005402147 0.7954943 0.605937 -0.005404174 0.7955008 0.6059285 -0.006237924 0.9895687 -0.1439268 -0.5068213 0.5066311 0.6974649 -0.6927843 0.6927322 -0.2004301 0.5067055 0.5066127 0.6975623 -0.004213988 0.9365967 0.3503842 -0.004075109 0.9997948 0.01984483 -0.7067836 0.7067807 0.03029817 -0.609993 0.6099973 0.5057786 0.004190146 0.9365918 0.3503972 0.004030585 0.9997947 0.0198608 0.6100017 0.6100158 0.5057457 0.7067949 0.7067699 0.03028732 -0.00393629 0.9995716 -0.02900385 -0.7068106 0.706796 -0.02929574 -0.5350562 0.5350978 -0.6537472 -0.002589821 0.7291594 -0.684339 0.003920853 0.999572 -0.02899235 0.002601742 0.7291435 -0.6843559 0.7067919 0.7068152 -0.02928441 0.5350764 0.5351011 -0.6537279 -0.9997951 0.0040614 0.01983064 -0.9365929 0.004207134 0.3503944 -0.6099936 0.6100225 0.5057474 -0.7068095 0.7067554 0.03028595 -0.9997953 -0.004064619 0.01982444 -0.9365857 -0.00417602 0.3504138 -0.7067884 -0.706776 0.0302968 -0.6100033 -0.610019 0.5057399 -0.7068098 0.7067965 -0.02930271 -0.9995707 0.003923594 -0.02903449 -0.7290548 0.002587437 -0.6844505 -0.5350621 0.535115 -0.6537282 -0.7290896 -0.002592563 -0.6844133 -0.9995702 -0.003938972 -0.02905219 -0.5350787 -0.5351082 -0.6537201 -0.7068045 -0.7068023 -0.02929091 0.9365981 0.004215061 0.3503801 0.9997951 0.004061937 0.01982986 0.7067788 0.7067854 0.03030377 0.609997 0.6100212 0.5057448 0.9365969 -0.00420922 0.3503834 0.9997947 -0.004054784 0.01985859 0.6099728 -0.6100316 0.5057616 0.7067696 -0.7067953 0.03028738 0.9995719 0.003923773 -0.02899599 0.706799 0.7068071 -0.02930843 0.5350918 0.535095 -0.6537203 0.729128 0.002593338 -0.6843725 0.9995715 -0.003949463 -0.02900576 0.7291222 -0.002606451 -0.6843786 0.7068135 -0.706794 -0.02927768 0.5350914 -0.5350965 -0.6537193 -0.002610027 0.7291392 -0.6843606 -3.11106e-4 0.1206969 -0.9926894 -0.03082197 0.03080868 -0.99905 -0.5350767 0.5350739 -0.65375 0.002602815 0.729131 -0.6843692 2.9926e-4 0.1206813 -0.9926913 0.5350531 0.5351271 -0.6537257 0.0308116 0.03081732 -0.9990501 -8.92598e-4 0.08252555 -0.9965886 -0.07389509 0.07389438 -0.9945247 0.07388776 0.07388144 -0.9945262 8.90944e-4 0.08249878 -0.9965908 -0.1206636 2.89422e-4 -0.9926935 -0.7290795 0.002603709 -0.6844241 -0.5350806 0.5351082 -0.6537187 -0.03084534 0.03083246 -0.9990485 -0.1206669 -3.03828e-4 -0.9926931 -0.7290641 -0.002616286 -0.6844405 -0.03082525 -0.03082114 -0.9990495 -0.5350871 -0.5351078 -0.6537136 -0.08252513 -8.91857e-4 -0.9965886 -0.07389467 -0.07389444 -0.9945246 -0.07389521 0.07389438 -0.9945246 -0.08251357 8.91651e-4 -0.9965896 0.7291007 0.002577543 -0.6844016 0.1206247 2.95993e-4 -0.9926981 0.03080481 0.03080892 -0.9990505 0.5350728 0.5351099 -0.6537236 0.729129 -0.002606093 -0.6843714 0.1206614 -3.08663e-4 -0.9926937 0.5350616 -0.5351276 -0.6537184 0.03081208 -0.03080683 -0.9990504 0.0738843 -0.07388508 -0.9945262 0.08249318 -8.90959e-4 -0.9965913 0.08250659 8.91172e-4 -0.9965902 0.0738843 0.07388496 -0.9945262 -3.04978e-4 -0.1206855 -0.9926909 -0.002603113 -0.7291293 -0.6843711 -0.5350821 -0.5351399 -0.6536914 -0.03083652 -0.03081721 -0.9990493 3.06111e-4 -0.1206907 -0.9926902 0.0026111 -0.7291379 -0.6843619 0.03081429 -0.03080654 -0.9990503 0.5350679 -0.5351481 -0.6536964 -0.07389515 -0.0738945 -0.9945247 -8.9292e-4 -0.08251887 -0.9965891 8.91611e-4 -0.08250385 -0.9965904 0.07388287 -0.07388603 -0.9945262 -7.62802e-4 -0.1482563 -0.9889487 -0.1312515 -0.3209776 -0.9379481 -0.3107519 -0.3058287 -0.8999457 -1.58796e-4 -0.06170928 -0.9980942 -0.03104525 -0.03092372 -0.9990396 8.22919e-4 -0.1501277 -0.9886663 9.52706e-5 -0.857452 -0.5145639 0.003875374 -0.8560946 -0.5168047 0.05848282 -0.05846899 -0.9965747 0.4978352 -0.4977992 -0.7101804 1.34792e-4 -0.06173497 -0.9980926 0.03096055 -0.03089928 -0.9990429 -2.96313e-4 -0.05059808 0.9987191 -0.005414128 -0.795476 0.605961 -0.5067665 -0.5066124 0.6975182 -0.02807664 -0.02806359 0.9992119 3.01619e-4 -0.05060833 0.9987186 0.005401313 -0.7954967 0.605934 0.02808761 -0.02807533 0.9992112 0.5067569 -0.5065784 0.6975499 -0.03461909 -0.03462529 0.9988006 -8.25703e-4 -0.08508801 0.9963731 -0.004467368 -0.7467548 0.6650844 -0.4085442 -0.4085063 0.8162196 0.004464745 -0.7467769 0.6650596 8.02239e-4 -0.08506757 0.9963749 0.408536 -0.408545 0.8162043 0.03461772 -0.03462153 0.9988008 -0.7957504 -0.00543493 0.6056002 -0.05062794 -2.69689e-4 0.9987176 -0.02806961 -0.02806931 0.9992119 -0.5067643 -0.5066354 0.6975032 -0.7957679 0.005396544 0.6055777 -0.05064469 2.88681e-4 0.9987168 -0.5067855 0.5066738 0.6974598 -0.02808123 0.0280779 0.9992113 -0.08505415 -8.18662e-4 0.996376 -0.03461939 -0.03462499 0.9988006 -0.408536 -0.4084758 0.8162389 -0.7468167 -0.004445254 0.6650151 -0.08507853 8.19301e-4 0.996374 -0.7468161 0.004450142 0.6650158 -0.03460592 0.03461289 0.9988015 -0.4085403 0.4085192 0.816215 0.05063247 -2.88777e-4 0.9987173 0.7956489 -0.005433082 0.6057337 0.506716 -0.5065844 0.6975753 0.02808082 -0.02807617 0.9992114 0.05061441 2.99852e-4 0.9987183 0.7956543 0.005415856 0.6057269 0.02807563 0.02806526 0.9992118 0.5067574 0.5065737 0.6975529 0.034644 -0.03462588 0.9987998 0.08506077 -8.00207e-4 0.9963755 0.7467749 -0.004455804 0.665062 0.4085358 -0.4085202 0.8162167 0.7467577 0.004457473 0.6650813 0.0850619 8.10899e-4 0.9963755 0.4085478 0.4085142 0.8162137 0.03462016 0.03462326 0.9988007 -0.005438625 0.7954975 0.6059324 -2.69376e-4 0.05061417 0.9987183 -0.02807617 0.0280711 0.9992117 -0.5068187 0.5066394 0.6974607 0.005432426 0.7954764 0.6059603 2.63761e-4 0.05061346 0.9987183 0.506736 0.5066121 0.6975407 0.02807909 0.0280683 0.9992116 -8.14922e-4 0.08506947 0.9963747 -0.03461867 0.0346235 0.9988007 -0.4085422 0.4085043 0.8162216 -0.004464566 0.7467786 0.6650579 8.2376e-4 0.08508402 0.9963734 0.004467427 0.746753 0.6650865 0.03461915 0.03462028 0.9988008 0.4085544 0.4085616 0.8161867 -0.746846 -0.004479289 0.664982 -0.9460912 -0.004695415 0.3238663 -0.6349771 -0.6349263 0.4400827 -0.4085165 -0.408513 0.81623 -0.7468249 0.004454016 0.6650058 -0.946092 0.004707574 0.3238639 -0.4085202 0.4085091 0.8162301 -0.6349489 0.6349605 0.4400741 -0.9919435 -0.007228851 0.1264744 -0.6935127 -0.6935492 0.195012 -0.6935065 0.693556 0.1950101 -0.9919422 0.007234692 0.1264848 -0.9999186 -0.006219685 -0.01114171 -0.7070751 -0.7070693 -0.009895741 -0.5273978 -0.5273423 -0.6661545 -0.7322027 -0.004348516 -0.681073 -0.9999183 0.006235539 -0.01116263 -0.7322245 0.004344403 -0.6810495 -0.7070705 0.7070738 -0.009897887 -0.5273626 0.5273529 -0.666174 -0.004691004 -0.9460826 0.3238918 -0.004475712 -0.7467751 0.6650617 -0.4085505 -0.4084868 0.8162261 -0.634959 -0.634941 0.4400876 0.004699826 -0.9460933 0.3238602 0.004485428 -0.7467774 0.6650589 0.6349672 -0.6349292 0.4400928 0.4085308 -0.4085539 0.8162024 -0.6935241 -0.6935371 0.1950145 -0.007223784 -0.9919416 0.1264903 0.007238984 -0.9919425 0.1264826 0.6935143 -0.693546 0.1950176 -0.7070589 -0.7070856 -0.009893596 -0.006245136 -0.9999185 -0.01113688 -0.004335284 -0.7322668 -0.6810042 -0.5274057 -0.5273629 -0.6661319 0.004342436 -0.7322781 -0.680992 0.006250441 -0.9999183 -0.01116114 0.5273501 -0.5273461 -0.6661891 0.7070561 -0.7070881 -0.009914219 0.9460861 -0.004700601 0.3238814 0.7467656 -0.004469692 0.6650725 0.4085553 -0.4085321 0.8162012 0.6349438 -0.634954 0.4400907 0.9460816 0.004677057 0.3238947 0.7467613 0.004451572 0.6650773 0.6349399 0.6349659 0.4400792 0.4085541 0.4085443 0.8161956 0.6935368 -0.6935239 0.1950163 0.9919415 -0.007234871 0.1264905 0.9919431 0.007228791 0.1264783 0.6935092 0.6935523 0.1950135 0.7070795 -0.7070648 -0.009897649 0.999918 -0.006246149 -0.01118701 0.7321705 -0.004330933 -0.6811076 0.5273215 -0.5273655 -0.6661964 0.7321971 0.004339575 -0.681079 0.9999184 0.006246626 -0.01115494 0.5273759 0.5273436 -0.6661706 0.7070473 0.7070968 -0.009918212 -0.004485785 0.7467776 0.6650587 -0.004688084 0.9460895 0.3238713 -0.6349691 0.6349351 0.4400815 -0.4085469 0.4085239 0.8162093 0.004473984 0.7467706 0.6650668 0.004693567 0.9460821 0.3238928 0.4085387 0.4085321 0.8162094 0.6349574 0.6349385 0.4400935 -0.007235944 0.9919421 0.126486 -0.6935139 0.6935471 0.1950148 0.6935257 0.6935346 0.1950181 0.007227599 0.9919418 0.1264883 -0.006257116 0.9999182 -0.01115208 -0.7070547 0.7070894 -0.009911 -0.52735 0.5273464 -0.666189 -0.004342615 0.7322787 -0.6809913 0.00623548 0.9999184 -0.01114934 0.004335165 0.7322659 -0.6810051 0.7070592 0.7070852 -0.009897291 0.5273658 0.5273295 -0.6661899 1.21724e-6 -7.90697e-5 -1 -0.5273819 -0.5273517 -0.6661596 -0.7322031 -0.00433427 -0.6810726 -8.57562e-4 4.35114e-6 -0.9999997 -0.7322264 0.004347026 -0.6810474 -8.65355e-4 3.97096e-6 -0.9999997 -0.5273596 0.5273627 -0.6661685 -3.51816e-5 2.04295e-5 -1 -1.10995e-5 -8.9623e-4 -0.9999997 -0.00433278 -0.7322977 -0.6809709 -6.67153e-6 -8.74519e-4 -0.9999997 0.004347026 -0.7322712 -0.6809993 3.0309e-5 -2.25455e-5 -1 0.5273339 -0.5273368 -0.6662093 -0.004347443 0.7322698 -0.6810009 1.1459e-5 8.73998e-4 -0.9999997 0.004332602 0.7322985 -0.68097 1.57429e-5 8.95843e-4 -0.9999997 0.5273562 0.5273251 -0.666201 4.84064e-5 2.64645e-5 -1 8.65415e-4 6.51926e-7 -0.9999997 0.7321922 -0.004353284 -0.6810843 8.57383e-4 -2.70008e-6 -0.9999997 0.732169 0.004342377 -0.6811091 -0.7248059 -0.005158364 0.6889339 -0.00107181 -1.33328e-5 0.9999995 -0.001076102 3.74496e-6 0.9999995 -0.7248219 0.005142152 0.6889172 -2.05338e-5 3.19332e-5 1 -0.5178887 0.5179325 0.6808357 -0.5179137 -0.5179396 0.6808112 -3.36021e-5 -5.51268e-5 1 -3.82774e-6 0.001070976 0.9999994 -0.005153775 0.72464 0.6891083 7.70157e-6 0.001067936 0.9999995 0.005140662 0.7246319 0.689117 5.27054e-5 3.9041e-5 1 0.5179154 0.517942 0.6808082 -0.005141019 -0.724631 0.6891179 9.20892e-6 -0.001070559 0.9999995 0.005153596 -0.7246397 0.6891087 1.34669e-5 -0.001069128 0.9999995 0.5179279 -0.5178979 0.6808322 3.81917e-5 -1.91778e-5 1 0.001073062 7.10599e-6 0.9999995 0.7247335 0.005129635 0.6890102 0.001076996 -4.8402e-6 0.9999995 0.7247221 -0.005167067 0.689022 -0.9995344 -0.007311522 0.02962613 -0.7248098 -0.005141675 0.6889299 -0.7248017 0.005121946 0.6889386 -0.9995341 0.007328391 0.02962881 -0.5179033 0.5179197 0.6808344 -0.7065206 0.7065634 0.03996241 -0.7065303 -0.7065556 0.03992998 -0.5179226 -0.5179331 0.6808095 0.007296323 -0.9995355 0.02958893 0.005147218 -0.7246296 0.6891194 -0.005139887 -0.7246247 0.6891247 -0.007291674 -0.9995347 0.02962201 -0.5178993 -0.5179622 0.680805 -0.7065533 -0.7065305 0.03996318 0.7065232 -0.7065612 0.03995442 0.5179399 -0.517899 0.6808222</float_array>
          <technique_common>
            <accessor source="#LanternPole_Lantern-mesh-normals-array" count="2435" stride="3">
              <param name="X" type="float"/>
              <param name="Y" type="float"/>
              <param name="Z" type="float"/>
            </accessor>
          </technique_common>
        </source>
        <source id="LanternPole_Lantern-mesh-map-0">
          <float_array id="LanternPole_Lantern-mesh-map-0-array" count="19644">0.7894176 0.01364952 0.7803913 0.01390767 0.7797234 0.009012222 0.7881345 0.008699595 0.7894176 0.01364952 0.7797234 0.009012222 0.7975352 0.01219654 0.7894176 0.01364952 0.7881345 0.008699595 0.7953343 0.007288217 0.7975352 0.01219654 0.7881345 0.008699595 0.7894176 0.01364952 0.790645 0.01858174 0.7803913 0.01390767 0.790645 0.01858174 0.7808647 0.01861011 0.7803913 0.01390767 0.8005799 0.01743215 0.790645 0.01858174 0.7894176 0.01364952 0.7975352 0.01219654 0.8005799 0.01743215 0.7894176 0.01364952 0.790645 0.01858174 0.791392 0.02342534 0.7808647 0.01861011 0.791392 0.02342534 0.7811095 0.02325016 0.7808647 0.01861011 0.8028941 0.02315068 0.791392 0.02342534 0.790645 0.01858174 0.8005799 0.01743215 0.8028941 0.02315068 0.790645 0.01858174 0.791392 0.02342534 0.7915857 0.02832776 0.7811095 0.02325016 0.7915857 0.02832776 0.7811929 0.0280137 0.7811095 0.02325016 0.8034756 0.02921015 0.7915857 0.02832776 0.791392 0.02342534 0.8028941 0.02315068 0.8034756 0.02921015 0.791392 0.02342534 0.7915857 0.02832776 0.7911145 0.03320765 0.7811929 0.0280137 0.7911145 0.03320765 0.7810125 0.03278666 0.7811929 0.0280137 0.8020666 0.03502857 0.7911145 0.03320765 0.7915857 0.02832776 0.8034756 0.02921015 0.8020666 0.03502857 0.7915857 0.02832776 0.7911145 0.03320765 0.7899584 0.03794324 0.7810125 0.03278666 0.7899584 0.03794324 0.7804766 0.03743028 0.7810125 0.03278666 0.7992224 0.04016458 0.7899584 0.03794324 0.7911145 0.03320765 0.8020666 0.03502857 0.7992224 0.04016458 0.7911145 0.03320765 0.7899584 0.03794324 0.7883452 0.04268437 0.7804766 0.03743028 0.7883452 0.04268437 0.7796893 0.04210054 0.7804766 0.03743028 0.795997 0.04480218 0.7883452 0.04268437 0.7899584 0.03794324 0.7992224 0.04016458 0.795997 0.04480218 0.7899584 0.03794324 0.7883452 0.04268437 0.7868834 0.04753279 0.7796893 0.04210054 0.7868834 0.04753279 0.7789925 0.04695361 0.7796893 0.04210054 0.7936461 0.04946285 0.7868834 0.04753279 0.7883452 0.04268437 0.795997 0.04480218 0.7936461 0.04946285 0.7883452 0.04268437 0.7811929 0.0280137 0.7810125 0.03278666 0.7714514 0.02796369 0.7811929 0.0280137 0.7714514 0.02796369 0.7713814 0.02319115 0.7811095 0.02325016 0.7811929 0.0280137 0.7713814 0.02319115 0.7811095 0.02325016 0.7713814 0.02319115 0.7713072 0.01856094 0.7808647 0.01861011 0.7811095 0.02325016 0.7713072 0.01856094 0.7808647 0.01861011 0.7713072 0.01856094 0.7711417 0.01389682 0.7803913 0.01390767 0.7808647 0.01861011 0.7711417 0.01389682 0.7803913 0.01390767 0.7711417 0.01389682 0.77078 0.009010553 0.7797234 0.009012222 0.7803913 0.01390767 0.77078 0.009010553 0.77078 0.009010553 0.7711417 0.01389682 0.7616158 0.009008944 0.7711417 0.01389682 0.7618343 0.01388877 0.7616158 0.009008944 0.7711417 0.01389682 0.7713072 0.01856094 0.7618343 0.01388877 0.7616158 0.009008944 0.7618343 0.01388877 0.7523522 0.009081304 0.7618343 0.01388877 0.7525058 0.01397007 0.7523522 0.009081304 0.7523522 0.009081304 0.7525058 0.01397007 0.7431017 0.009236335 0.7525058 0.01397007 0.7432118 0.01413094 0.7431017 0.009236335 0.7431017 0.009236335 0.7432118 0.01413094 0.7339098 0.0094527 0.7432118 0.01413094 0.7339643 0.01434671 0.7339098 0.0094527 0.7339098 0.0094527 0.7339643 0.01434671 0.7248235 0.009700298 0.7339643 0.01434671 0.7247757 0.01458656 0.7248235 0.009700298 0.7618343 0.01388877 0.7618732 0.01856744 0.7525058 0.01397007 0.7618732 0.01856744 0.7524924 0.01867234 0.7525058 0.01397007 0.7525058 0.01397007 0.7524924 0.01867234 0.7432118 0.01413094 0.7524924 0.01867234 0.7431623 0.01884621 0.7432118 0.01413094 0.7432118 0.01413094 0.7431623 0.01884621 0.7339643 0.01434671 0.7431623 0.01884621 0.7338652 0.01906013 0.7339643 0.01434671 0.7339643 0.01434671 0.7338652 0.01906013 0.7247757 0.01458656 0.7338652 0.01906013 0.7245833 0.01928371 0.7247757 0.01458656 0.7618732 0.01856744 0.7618898 0.02323496 0.7524924 0.01867234 0.7618898 0.02323496 0.7524893 0.02336955 0.7524924 0.01867234 0.7524924 0.01867234 0.7524893 0.02336955 0.7431623 0.01884621 0.7524893 0.02336955 0.7431424 0.02355706 0.7431623 0.01884621 0.7431623 0.01884621 0.7431424 0.02355706 0.7338652 0.01906013 0.7431424 0.02355706 0.7338127 0.02376651 0.7338652 0.01906013 0.7338652 0.01906013 0.7338127 0.02376651 0.7245833 0.01928371 0.7338127 0.02376651 0.7244639 0.0239681 0.7245833 0.01928371 0.7618898 0.02323496 0.7619734 0.02805358 0.7524893 0.02336955 0.7619734 0.02805358 0.7525854 0.02821743 0.7524893 0.02336955 0.7524893 0.02336955 0.7525854 0.02821743 0.7431424 0.02355706 0.7525854 0.02821743 0.7432401 0.02841556 0.7431424 0.02355706 0.7431424 0.02355706 0.7432401 0.02841556 0.7338127 0.02376651 0.7432401 0.02841556 0.7338947 0.02861762 0.7338127 0.02376651 0.7338127 0.02376651 0.7338947 0.02861762 0.7244639 0.0239681 0.7338947 0.02861762 0.7245061 0.02879339 0.7244639 0.0239681 0.7619734 0.02805358 0.7620089 0.03287982 0.7525854 0.02821743 0.7620089 0.03287982 0.7526636 0.03306931 0.7525854 0.02821743 0.7525854 0.02821743 0.7526636 0.03306931 0.7432401 0.02841556 0.7526636 0.03306931 0.7433374 0.03327459 0.7432401 0.02841556 0.7432401 0.02841556 0.7433374 0.03327459 0.7338947 0.02861762 0.7433374 0.03327459 0.7339935 0.03346544 0.7338947 0.02861762 0.7338947 0.02861762 0.7339935 0.03346544 0.7245061 0.02879339 0.7339935 0.03346544 0.7245957 0.03361147 0.7245061 0.02879339 0.7620089 0.03287982 0.7618821 0.03756546 0.7526636 0.03306931 0.7618821 0.03756546 0.7526062 0.03777682 0.7526636 0.03306931 0.7526636 0.03306931 0.7526062 0.03777682 0.7433374 0.03327459 0.7526062 0.03777682 0.7433157 0.03798604 0.7433374 0.03327459 0.7433374 0.03327459 0.7433157 0.03798604 0.7339935 0.03346544 0.7433157 0.03798604 0.733992 0.03816312 0.7339935 0.03346544 0.7339935 0.03346544 0.733992 0.03816312 0.7245957 0.03361147 0.733992 0.03816312 0.7246169 0.03827899 0.7245957 0.03361147 0.7618821 0.03756546 0.7616806 0.04226374 0.7526062 0.03777682 0.7616806 0.04226374 0.7525011 0.04249173 0.7526062 0.03777682 0.7526062 0.03777682 0.7525011 0.04249173 0.7433157 0.03798604 0.7525011 0.04249173 0.7432633 0.04270255 0.7433157 0.03798604 0.7433157 0.03798604 0.7432633 0.04270255 0.733992 0.03816312 0.7432633 0.04270255 0.7339789 0.04286623 0.733992 0.03816312 0.733992 0.03816312 0.7339789 0.04286623 0.7246169 0.03827899 0.7339789 0.04286623 0.7246599 0.04295772 0.7246169 0.03827899 0.7616806 0.04226374 0.7616217 0.04715085 0.7525011 0.04249173 0.7616217 0.04715085 0.7525471 0.04738664 0.7525011 0.04249173 0.7525011 0.04249173 0.7525471 0.04738664 0.7432633 0.04270255 0.7525471 0.04738664 0.7433682 0.047598 0.7432633 0.04270255 0.7432633 0.04270255 0.7433682 0.047598 0.7339789 0.04286623 0.7433682 0.047598 0.7341322 0.04775547 0.7339789 0.04286623 0.7339789 0.04286623 0.7341322 0.04775547 0.7246599 0.04295772 0.7341322 0.04775547 0.724882 0.04783755 0.7246599 0.04295772 0.7245957 0.03361147 0.7246169 0.03827899 0.7151055 0.03367352 0.7245957 0.03361147 0.7151055 0.03367352 0.7150272 0.02890181 0.7245061 0.02879339 0.7245957 0.03361147 0.7150272 0.02890181 0.7245061 0.02879339 0.7150272 0.02890181 0.7150606 0.02411937 0.7244639 0.0239681 0.7245061 0.02879339 0.7150606 0.02411937 0.7244639 0.0239681 0.7150606 0.02411937 0.7153144 0.01946806 0.7245833 0.01928371 0.7244639 0.0239681 0.7153144 0.01946806 0.7245833 0.01928371 0.7153144 0.01946806 0.7156995 0.01479041 0.7247757 0.01458656 0.7245833 0.01928371 0.7156995 0.01479041 0.7247757 0.01458656 0.7156995 0.01479041 0.7159606 0.009909152 0.7248235 0.009700298 0.7247757 0.01458656 0.7159606 0.009909152 0.7159606 0.009909152 0.7156995 0.01479041 0.7074375 0.009934246 0.7156995 0.01479041 0.7067551 0.01478856 0.7074375 0.009934246 0.7156995 0.01479041 0.7153144 0.01946806 0.7067551 0.01478856 0.7074375 0.009934246 0.7067551 0.01478856 0.6995413 0.009376168 0.7067551 0.01478856 0.6980932 0.01422834 0.6995413 0.009376168 0.6995413 0.009376168 0.6980932 0.01422834 0.6927712 0.007465779 0.6980932 0.01422834 0.6904336 0.01213294 0.6927712 0.007465779 0.7067551 0.01478856 0.7059789 0.01945984 0.6980932 0.01422834 0.7153144 0.01946806 0.7059789 0.01945984 0.7067551 0.01478856 0.7153144 0.01946806 0.7150606 0.02411937 0.7059789 0.01945984 0.7059789 0.01945984 0.6964928 0.01897311 0.6980932 0.01422834 0.6980932 0.01422834 0.6964928 0.01897311 0.6904336 0.01213294 0.6964928 0.01897311 0.6872212 0.01677942 0.6904336 0.01213294 0.7059789 0.01945984 0.7054536 0.0241037 0.6964928 0.01897311 0.7054536 0.0241037 0.695349 0.02371108 0.6964928 0.01897311 0.6964928 0.01897311 0.695349 0.02371108 0.6872212 0.01677942 0.695349 0.02371108 0.6843906 0.02192324 0.6872212 0.01677942 0.7054536 0.0241037 0.7052842 0.02887618 0.695349 0.02371108 0.7052842 0.02887618 0.69489 0.02859163 0.695349 0.02371108 0.695349 0.02371108 0.69489 0.02859163 0.6843906 0.02192324 0.69489 0.02859163 0.6829973 0.027745 0.6843906 0.02192324 0.7052842 0.02887618 0.7053784 0.03363901 0.69489 0.02859163 0.7053784 0.03363901 0.695096 0.03349292 0.69489 0.02859163 0.69489 0.02859163 0.695096 0.03349292 0.6829973 0.027745 0.695096 0.03349292 0.6835952 0.03380233 0.6829973 0.027745 0.7053784 0.03363901 0.7056328 0.03827792 0.695096 0.03349292 0.7056328 0.03827792 0.6958549 0.03833419 0.695096 0.03349292 0.695096 0.03349292 0.6958549 0.03833419 0.6835952 0.03380233 0.6958549 0.03833419 0.6859244 0.03951346 0.6835952 0.03380233 0.7056328 0.03827792 0.7061158 0.04297882 0.6958549 0.03833419 0.7061158 0.04297882 0.6970945 0.04326295 0.6958549 0.03833419 0.6958549 0.03833419 0.6970945 0.04326295 0.6859244 0.03951346 0.6970945 0.04326295 0.6889828 0.0447399 0.6859244 0.03951346 0.7061158 0.04297882 0.7067959 0.0478723 0.6970945 0.04326295 0.7067959 0.0478723 0.698391 0.04820907 0.6970945 0.04326295 0.6970945 0.04326295 0.698391 0.04820907 0.6889828 0.0447399 0.698391 0.04820907 0.691197 0.04964172 0.6889828 0.0447399 0.7151055 0.03367352 0.7053784 0.03363901 0.7052842 0.02887618 0.7150272 0.02890181 0.7151055 0.03367352 0.7052842 0.02887618 0.7151872 0.03830325 0.7056328 0.03827792 0.7053784 0.03363901 0.7151055 0.03367352 0.7151872 0.03830325 0.7053784 0.03363901 0.7246169 0.03827899 0.7151872 0.03830325 0.7151055 0.03367352 0.7246169 0.03827899 0.7246599 0.04295772 0.7151872 0.03830325 0.7246599 0.04295772 0.7153601 0.04296696 0.7151872 0.03830325 0.7153601 0.04296696 0.7061158 0.04297882 0.7056328 0.03827792 0.7151872 0.03830325 0.7153601 0.04296696 0.7056328 0.03827792 0.7246599 0.04295772 0.724882 0.04783755 0.7153601 0.04296696 0.724882 0.04783755 0.71573 0.04785227 0.7153601 0.04296696 0.71573 0.04785227 0.7067959 0.0478723 0.7061158 0.04297882 0.7153601 0.04296696 0.71573 0.04785227 0.7061158 0.04297882 0.7150272 0.02890181 0.7052842 0.02887618 0.7054536 0.0241037 0.7150606 0.02411937 0.7150272 0.02890181 0.7054536 0.0241037 0.7150606 0.02411937 0.7054536 0.0241037 0.7059789 0.01945984 0.7713072 0.01856094 0.7618732 0.01856744 0.7618343 0.01388877 0.7713072 0.01856094 0.7713814 0.02319115 0.7618732 0.01856744 0.7713814 0.02319115 0.7618898 0.02323496 0.7618732 0.01856744 0.7713814 0.02319115 0.7714514 0.02796369 0.7618898 0.02323496 0.7714514 0.02796369 0.7619734 0.02805358 0.7618898 0.02323496 0.7714514 0.02796369 0.7714087 0.03274714 0.7619734 0.02805358 0.7810125 0.03278666 0.7714087 0.03274714 0.7714514 0.02796369 0.7714087 0.03274714 0.7620089 0.03287982 0.7619734 0.02805358 0.7810125 0.03278666 0.7804766 0.03743028 0.7714087 0.03274714 0.7804766 0.03743028 0.7711455 0.03739917 0.7714087 0.03274714 0.7714087 0.03274714 0.7711455 0.03739917 0.7620089 0.03287982 0.7711455 0.03739917 0.7618821 0.03756546 0.7620089 0.03287982 0.7804766 0.03743028 0.7796893 0.04210054 0.7711455 0.03739917 0.7796893 0.04210054 0.7707501 0.04207742 0.7711455 0.03739917 0.7711455 0.03739917 0.7707501 0.04207742 0.7618821 0.03756546 0.7707501 0.04207742 0.7616806 0.04226374 0.7618821 0.03756546 0.7796893 0.04210054 0.7789925 0.04695361 0.7707501 0.04207742 0.7789925 0.04695361 0.770476 0.04695886 0.7707501 0.04207742 0.7707501 0.04207742 0.770476 0.04695886 0.7616806 0.04226374 0.770476 0.04695886 0.7616217 0.04715085 0.7616806 0.04226374 0.4403592 0.4048869 0.4492269 0.4051178 0.4482417 0.409927 0.4400146 0.4096965 0.4403592 0.4048869 0.4482417 0.409927 0.4312847 0.4049277 0.4403592 0.4048869 0.4400146 0.4096965 0.4313483 0.4097464 0.4312847 0.4049277 0.4400146 0.4096965 0.4221439 0.4050195 0.4312847 0.4049277 0.4313483 0.4097464 0.4225736 0.4098553 0.4221439 0.4050195 0.4313483 0.4097464 0.4130925 0.4052348 0.4221439 0.4050195 0.4225736 0.4098553 0.4140331 0.4101075 0.4130925 0.4052348 0.4225736 0.4098553 0.4403592 0.4048869 0.4408391 0.4003185 0.4492269 0.4051178 0.4408391 0.4003185 0.4503228 0.400497 0.4492269 0.4051178 0.4130925 0.4052348 0.4122928 0.400506 0.4221439 0.4050195 0.4122928 0.400506 0.4219185 0.400426 0.4221439 0.4050195 0.4221439 0.4050195 0.4219185 0.400426 0.4312847 0.4049277 0.4219185 0.400426 0.4314028 0.4003636 0.4312847 0.4049277 0.4314028 0.4003636 0.4408391 0.4003185 0.4403592 0.4048869 0.4312847 0.4049277 0.4314028 0.4003636 0.4403592 0.4048869 0.4408391 0.4003185 0.4411739 0.3957832 0.4503228 0.400497 0.4411739 0.3957832 0.4510812 0.3959084 0.4503228 0.400497 0.4122928 0.400506 0.4118198 0.3958714 0.4219185 0.400426 0.4118198 0.3958714 0.4218178 0.3958889 0.4219185 0.400426 0.4219185 0.400426 0.4218178 0.3958889 0.4314028 0.4003636 0.4218178 0.3958889 0.4315097 0.3958348 0.4314028 0.4003636 0.4315097 0.3958348 0.4411739 0.3957832 0.4408391 0.4003185 0.4314028 0.4003636 0.4315097 0.3958348 0.4408391 0.4003185 0.4411739 0.3957832 0.441263 0.3911132 0.4510812 0.3959084 0.441263 0.3911132 0.451352 0.391187 0.4510812 0.3959084 0.4118198 0.3958714 0.4116695 0.3911525 0.4218178 0.3958889 0.4116695 0.3911525 0.421759 0.3912236 0.4218178 0.3958889 0.4218178 0.3958889 0.421759 0.3912236 0.4315097 0.3958348 0.421759 0.3912236 0.4315111 0.391168 0.4315097 0.3958348 0.4315111 0.391168 0.441263 0.3911132 0.4411739 0.3957832 0.4315097 0.3958348 0.4315111 0.391168 0.4411739 0.3957832 0.441263 0.3911132 0.4412046 0.3864477 0.451352 0.391187 0.4412046 0.3864477 0.4512028 0.3864673 0.451352 0.391187 0.4116695 0.3911525 0.4119386 0.3864316 0.421759 0.3912236 0.4119386 0.3864316 0.4218474 0.3865539 0.421759 0.3912236 0.421759 0.3912236 0.4218474 0.3865539 0.4315111 0.391168 0.4218474 0.3865539 0.4315124 0.3865012 0.4315111 0.391168 0.4315124 0.3865012 0.4412046 0.3864477 0.441263 0.3911132 0.4315111 0.391168 0.4315124 0.3865012 0.441263 0.3911132 0.4412046 0.3864477 0.4411038 0.3819106 0.4512028 0.3864673 0.4411038 0.3819106 0.4507299 0.3818324 0.4512028 0.3864673 0.4119386 0.3864316 0.4126954 0.3818435 0.4218474 0.3865539 0.4126954 0.3818435 0.422181 0.3820192 0.4218474 0.3865539 0.4218474 0.3865539 0.422181 0.3820192 0.4315124 0.3865012 0.422181 0.3820192 0.4316185 0.3819727 0.4315124 0.3865012 0.4316185 0.3819727 0.4411038 0.3819106 0.4412046 0.3864477 0.4315124 0.3865012 0.4316185 0.3819727 0.4412046 0.3864477 0.4411038 0.3819106 0.4408774 0.377317 0.4507299 0.3818324 0.4408774 0.377317 0.4499304 0.3771031 0.4507299 0.3818324 0.4126954 0.3818435 0.4137896 0.3772228 0.422181 0.3820192 0.4137896 0.3772228 0.422659 0.3774514 0.422181 0.3820192 0.422181 0.3820192 0.422659 0.3774514 0.4316185 0.3819727 0.422659 0.3774514 0.4317351 0.3774089 0.4316185 0.3819727 0.4317351 0.3774089 0.4408774 0.377317 0.4411038 0.3819106 0.4316185 0.3819727 0.4317351 0.3774089 0.4411038 0.3819106 0.4408774 0.377317 0.4404464 0.3724814 0.4499304 0.3771031 0.4404464 0.3724814 0.4489905 0.3722298 0.4499304 0.3771031 0.4137896 0.3772228 0.4147718 0.3724134 0.422659 0.3774514 0.4147718 0.3724134 0.4230006 0.3726419 0.422659 0.3774514 0.422659 0.3774514 0.4230006 0.3726419 0.4317351 0.3774089 0.4230006 0.3726419 0.4316691 0.3725903 0.4317351 0.3774089 0.4316691 0.3725903 0.4404464 0.3724814 0.4408774 0.377317 0.4317351 0.3774089 0.4316691 0.3725903 0.4408774 0.377317 0.4507299 0.3818324 0.4499304 0.3771031 0.4605102 0.3812296 0.4507299 0.3818324 0.4605102 0.3812296 0.4619826 0.3863636 0.4512028 0.3864673 0.4507299 0.3818324 0.4619826 0.3863636 0.4512028 0.3864673 0.4619826 0.3863636 0.4623231 0.3915864 0.451352 0.391187 0.4512028 0.3864673 0.4623231 0.3915864 0.451352 0.391187 0.4623231 0.3915864 0.4615958 0.3966991 0.4510812 0.3959084 0.451352 0.391187 0.4615958 0.3966991 0.4510812 0.3959084 0.4615958 0.3966991 0.459769 0.4015716 0.4503228 0.400497 0.4510812 0.3959084 0.459769 0.4015716 0.4503228 0.400497 0.459769 0.4015716 0.4574577 0.406293 0.4492269 0.4051178 0.4503228 0.400497 0.4574577 0.406293 0.4492269 0.4051178 0.4574577 0.406293 0.4555772 0.4110425 0.4482417 0.409927 0.4492269 0.4051178 0.4555772 0.4110425 0.4555772 0.4110425 0.4574577 0.406293 0.4624183 0.4133523 0.4574577 0.406293 0.464299 0.4085432 0.4624183 0.4133523 0.4574577 0.406293 0.459769 0.4015716 0.464299 0.4085432 0.459769 0.4015716 0.4662967 0.4036146 0.464299 0.4085432 0.459769 0.4015716 0.4615958 0.3966991 0.4662967 0.4036146 0.4615958 0.3966991 0.4680496 0.3981392 0.4662967 0.4036146 0.4615958 0.3966991 0.4623231 0.3915864 0.4680496 0.3981392 0.4623231 0.3915864 0.4690642 0.3919385 0.4680496 0.3981392 0.4623231 0.3915864 0.4619826 0.3863636 0.4690642 0.3919385 0.4619826 0.3863636 0.4685734 0.3856337 0.4690642 0.3919385 0.4619826 0.3863636 0.4605102 0.3812296 0.4685734 0.3856337 0.4605102 0.3812296 0.4672467 0.3798912 0.4685734 0.3856337 0.4605102 0.3812296 0.4584611 0.3762267 0.4672467 0.3798912 0.4499304 0.3771031 0.4584611 0.3762267 0.4605102 0.3812296 0.4584611 0.3762267 0.4655586 0.3746712 0.4672467 0.3798912 0.4499304 0.3771031 0.4489905 0.3722298 0.4584611 0.3762267 0.4489905 0.3722298 0.4567848 0.3713549 0.4584611 0.3762267 0.4584611 0.3762267 0.4567848 0.3713549 0.4655586 0.3746712 0.4567848 0.3713549 0.4639881 0.369689 0.4655586 0.3746712 0.397467 0.4076734 0.4045635 0.4061146 0.4062412 0.4109856 0.3990395 0.4126546 0.397467 0.4076734 0.4062412 0.4109856 0.4062412 0.4109856 0.4045635 0.4061146 0.4140331 0.4101075 0.4045635 0.4061146 0.4130925 0.4052348 0.4140331 0.4101075 0.397467 0.4076734 0.3957772 0.4024545 0.4045635 0.4061146 0.3957772 0.4024545 0.4025134 0.4011128 0.4045635 0.4061146 0.4045635 0.4061146 0.4025134 0.4011128 0.4130925 0.4052348 0.4025134 0.4011128 0.4122928 0.400506 0.4130925 0.4052348 0.3957772 0.4024545 0.3944489 0.3967133 0.4025134 0.4011128 0.3944489 0.3967133 0.40104 0.39598 0.4025134 0.4011128 0.4025134 0.4011128 0.40104 0.39598 0.4122928 0.400506 0.40104 0.39598 0.4118198 0.3958714 0.4122928 0.400506 0.3944489 0.3967133 0.3939562 0.3904098 0.40104 0.39598 0.3939562 0.3904098 0.4006975 0.390758 0.40104 0.39598 0.40104 0.39598 0.4006975 0.390758 0.4118198 0.3958714 0.4006975 0.390758 0.4116695 0.3911525 0.4118198 0.3958714 0.3939562 0.3904098 0.3949685 0.384209 0.4006975 0.390758 0.3949685 0.384209 0.4014226 0.3856456 0.4006975 0.390758 0.4006975 0.390758 0.4014226 0.3856456 0.4116695 0.3911525 0.4014226 0.3856456 0.4119386 0.3864316 0.4116695 0.3911525 0.3949685 0.384209 0.396719 0.3787338 0.4014226 0.3856456 0.396719 0.3787338 0.4032477 0.380773 0.4014226 0.3856456 0.4014226 0.3856456 0.4032477 0.380773 0.4119386 0.3864316 0.4032477 0.380773 0.4126954 0.3818435 0.4119386 0.3864316 0.396719 0.3787338 0.398714 0.3738046 0.4032477 0.380773 0.398714 0.3738046 0.4055567 0.376051 0.4032477 0.380773 0.4032477 0.380773 0.4055567 0.376051 0.4126954 0.3818435 0.4055567 0.376051 0.4137896 0.3772228 0.4126954 0.3818435 0.398714 0.3738046 0.4005916 0.3689946 0.4055567 0.376051 0.4005916 0.3689946 0.4074344 0.3713008 0.4055567 0.376051 0.4055567 0.376051 0.4074344 0.3713008 0.4137896 0.3772228 0.4074344 0.3713008 0.4147718 0.3724134 0.4137896 0.3772228 0.6435872 0.333661 0.6398773 0.3311198 0.6408598 0.3290508 0.645161 0.3319971 0.6435872 0.333661 0.6408598 0.3290508 0.6463303 0.3372242 0.6435872 0.333661 0.645161 0.3319971 0.6483415 0.3361281 0.6463303 0.3372242 0.645161 0.3319971 0.6478382 0.3414606 0.6463303 0.3372242 0.6483415 0.3361281 0.6500895 0.3410396 0.6478382 0.3414606 0.6483415 0.3361281 0.6479629 0.3459559 0.6478382 0.3414606 0.6500895 0.3410396 0.6502344 0.3462511 0.6479629 0.3459559 0.6500895 0.3410396 0.6466925 0.3502694 0.6479629 0.3459559 0.6502344 0.3462511 0.6487615 0.3512522 0.6466925 0.3502694 0.6502344 0.3462511 0.6441515 0.3539796 0.6466925 0.3502694 0.6487615 0.3512522 0.6458153 0.3555535 0.6441515 0.3539796 0.6487615 0.3512522 0.6405883 0.3567227 0.6441515 0.3539796 0.6458153 0.3555535 0.6416843 0.3587338 0.6405883 0.3567227 0.6458153 0.3555535 0.6363518 0.3582306 0.6405883 0.3567227 0.6416843 0.3587338 0.6367727 0.3604819 0.6363518 0.3582306 0.6416843 0.3587338 0.6318565 0.3583553 0.6363518 0.3582306 0.6367727 0.3604819 0.6315612 0.3606266 0.6318565 0.3583553 0.6367727 0.3604819 0.6275429 0.357085 0.6318565 0.3583553 0.6315612 0.3606266 0.6265602 0.3591539 0.6275429 0.357085 0.6315612 0.3606266 0.6238327 0.3545438 0.6275429 0.357085 0.6265602 0.3591539 0.622259 0.3562077 0.6238327 0.3545438 0.6265602 0.3591539 0.6210898 0.3509806 0.6238327 0.3545438 0.622259 0.3562077 0.6190786 0.3520767 0.6210898 0.3509806 0.622259 0.3562077 0.6195819 0.3467441 0.6210898 0.3509806 0.6190786 0.3520767 0.6173306 0.347165 0.6195819 0.3467441 0.6190786 0.3520767 0.6194571 0.342249 0.6195819 0.3467441 0.6173306 0.347165 0.6171857 0.3419536 0.6194571 0.342249 0.6173306 0.347165 0.6207274 0.3379352 0.6194571 0.342249 0.6171857 0.3419536 0.6186586 0.3369525 0.6207274 0.3379352 0.6171857 0.3419536 0.6232686 0.3342253 0.6207274 0.3379352 0.6186586 0.3369525 0.6216046 0.3326514 0.6232686 0.3342253 0.6186586 0.3369525 0.6268318 0.3314821 0.6232686 0.3342253 0.6216046 0.3326514 0.6257357 0.329471 0.6268318 0.3314821 0.6216046 0.3326514 0.6310685 0.3299742 0.6268318 0.3314821 0.6257357 0.329471 0.6306474 0.3277228 0.6310685 0.3299742 0.6257357 0.329471 0.6355636 0.3298494 0.6310685 0.3299742 0.6306474 0.3277228 0.6358587 0.3275781 0.6355636 0.3298494 0.6306474 0.3277228 0.6398773 0.3311198 0.6355636 0.3298494 0.6358587 0.3275781 0.6408598 0.3290508 0.6398773 0.3311198 0.6358587 0.3275781 0.6358587 0.3275781 0.6361501 0.3253371 0.6408598 0.3290508 0.6361501 0.3253371 0.6418296 0.3270096 0.6408598 0.3290508 0.6302319 0.3255014 0.6361501 0.3253371 0.6358587 0.3275781 0.6306474 0.3277228 0.6302319 0.3255014 0.6358587 0.3275781 0.6246542 0.3274865 0.6302319 0.3255014 0.6306474 0.3277228 0.6257357 0.329471 0.6246542 0.3274865 0.6306474 0.3277228 0.6199629 0.3310982 0.6246542 0.3274865 0.6257357 0.329471 0.6216046 0.3326514 0.6199629 0.3310982 0.6257357 0.329471 0.6166172 0.3359828 0.6199629 0.3310982 0.6216046 0.3326514 0.6186586 0.3369525 0.6166172 0.3359828 0.6216046 0.3326514 0.6149446 0.3416622 0.6166172 0.3359828 0.6186586 0.3369525 0.6171857 0.3419536 0.6149446 0.3416622 0.6186586 0.3369525 0.6151091 0.3475803 0.6149446 0.3416622 0.6171857 0.3419536 0.6173306 0.347165 0.6151091 0.3475803 0.6171857 0.3419536 0.6170942 0.3531582 0.6151091 0.3475803 0.6173306 0.347165 0.6190786 0.3520767 0.6170942 0.3531582 0.6173306 0.347165 0.6207059 0.3578495 0.6170942 0.3531582 0.6190786 0.3520767 0.622259 0.3562077 0.6207059 0.3578495 0.6190786 0.3520767 0.6255905 0.3611952 0.6207059 0.3578495 0.622259 0.3562077 0.6265602 0.3591539 0.6255905 0.3611952 0.622259 0.3562077 0.6312698 0.3628676 0.6255905 0.3611952 0.6265602 0.3591539 0.6315612 0.3606266 0.6312698 0.3628676 0.6265602 0.3591539 0.637188 0.3627033 0.6312698 0.3628676 0.6315612 0.3606266 0.6367727 0.3604819 0.637188 0.3627033 0.6315612 0.3606266 0.6427658 0.360718 0.637188 0.3627033 0.6367727 0.3604819 0.6416843 0.3587338 0.6427658 0.360718 0.6367727 0.3604819 0.6474572 0.3571066 0.6427658 0.360718 0.6416843 0.3587338 0.6458153 0.3555535 0.6474572 0.3571066 0.6416843 0.3587338 0.6508029 0.3522219 0.6474572 0.3571066 0.6458153 0.3555535 0.6487615 0.3512522 0.6508029 0.3522219 0.6458153 0.3555535 0.6524754 0.3465426 0.6508029 0.3522219 0.6487615 0.3512522 0.6502344 0.3462511 0.6524754 0.3465426 0.6487615 0.3512522 0.652311 0.3406243 0.6524754 0.3465426 0.6502344 0.3462511 0.6500895 0.3410396 0.652311 0.3406243 0.6502344 0.3462511 0.650326 0.3350464 0.652311 0.3406243 0.6500895 0.3410396 0.6483415 0.3361281 0.650326 0.3350464 0.6500895 0.3410396 0.6467142 0.3303551 0.650326 0.3350464 0.6483415 0.3361281 0.645161 0.3319971 0.6467142 0.3303551 0.6483415 0.3361281 0.6418296 0.3270096 0.6467142 0.3303551 0.645161 0.3319971 0.6408598 0.3290508 0.6418296 0.3270096 0.645161 0.3319971 0.8256676 0.3444858 0.8415029 0.3226902 0.8474631 0.3286504 0.8256676 0.3444858 0.8339924 0.3188635 0.8415029 0.3226902 0.8256676 0.3444858 0.8256676 0.317545 0.8339924 0.3188635 0.8256676 0.3444858 0.8173422 0.3188635 0.8256676 0.317545 0.8256676 0.3444858 0.809832 0.3226902 0.8173422 0.3188635 0.8256676 0.3444858 0.8038717 0.3286504 0.809832 0.3226902 0.8256676 0.3444858 0.8000452 0.3361607 0.8038717 0.3286504 0.8256676 0.3444858 0.7987264 0.3444859 0.8000452 0.3361607 0.8256676 0.3444858 0.8000452 0.352811 0.7987264 0.3444859 0.8256676 0.3444858 0.8038717 0.3603214 0.8000452 0.352811 0.8256676 0.3444858 0.8474631 0.3286504 0.8512897 0.3361607 0.8526083 0.3444859 0.8256676 0.3444858 0.8512897 0.3361607 0.8526083 0.3444859 0.8512897 0.352811 0.8256676 0.3444858 0.8512897 0.352811 0.8474631 0.3603214 0.8256676 0.3444858 0.8474631 0.3603214 0.8415029 0.3662816 0.8256676 0.3444858 0.8415029 0.3662816 0.8339924 0.3701081 0.8256676 0.3444858 0.8339924 0.3701081 0.8256676 0.3714268 0.8256676 0.3444858 0.8256676 0.3714268 0.8173422 0.3701081 0.8256676 0.3444858 0.8173422 0.3701081 0.809832 0.3662816 0.8256676 0.3444858 0.8256676 0.3444858 0.809832 0.3662816 0.8038717 0.3603214 0.754923 0.3584851 0.7575386 0.3665351 0.7549228 0.3669494 0.754923 0.3584851 0.7598982 0.3653329 0.7575386 0.3665351 0.754923 0.3584851 0.7549228 0.3669494 0.7523073 0.3665351 0.754923 0.358485 0.754923 0.3584851 0.7523073 0.3665351 0.754923 0.358485 0.754923 0.3584851 0.754923 0.358485 0.754923 0.358485 0.7523073 0.3665351 0.7499478 0.3653329 0.754923 0.358485 0.7499478 0.3653329 0.7480751 0.3634603 0.754923 0.358485 0.7480751 0.3634603 0.7468729 0.3611006 0.754923 0.358485 0.7468729 0.3611006 0.7464584 0.358485 0.754923 0.358485 0.7464584 0.358485 0.7468729 0.3558694 0.754923 0.358485 0.7617707 0.3634603 0.7598982 0.3653329 0.754923 0.3584851 0.754923 0.358485 0.7598982 0.3653329 0.754923 0.358485 0.7629731 0.3611006 0.7617707 0.3634603 0.754923 0.358485 0.7633872 0.358485 0.7629731 0.3611006 0.754923 0.358485 0.7629731 0.3558694 0.7633872 0.358485 0.754923 0.358485 0.7617707 0.3535098 0.7629731 0.3558694 0.754923 0.358485 0.7598982 0.3516372 0.7617707 0.3535098 0.7480751 0.3535098 0.754923 0.358485 0.7468729 0.3558694 0.7480751 0.3535098 0.7499478 0.3516372 0.754923 0.358485 0.7499478 0.3516372 0.7523073 0.3504348 0.754923 0.358485 0.754923 0.358485 0.7523073 0.3504348 0.7549228 0.3500207 0.754923 0.3584849 0.754923 0.358485 0.7549228 0.3500207 0.754923 0.3584849 0.754923 0.358485 0.754923 0.358485 0.754923 0.358485 0.754923 0.3584849 0.7598982 0.3516372 0.754923 0.3584849 0.7575386 0.3504348 0.7598982 0.3516372 0.754923 0.3584849 0.7549228 0.3500207 0.7575386 0.3504348 0.7403645 0.3436587 0.7347059 0.3436587 0.7347059 0.3406037 0.7403645 0.3406037 0.7403645 0.3436587 0.7347059 0.3406037 0.7460232 0.3436587 0.7403645 0.3436587 0.7403645 0.3406037 0.7460232 0.3406037 0.7460232 0.3436587 0.7403645 0.3406037 0.7516818 0.3436587 0.7460232 0.3436587 0.7460232 0.3406037 0.7516818 0.3406036 0.7516818 0.3436587 0.7460232 0.3406037 0.7573406 0.3436587 0.7516818 0.3436587 0.7516818 0.3406036 0.7573406 0.3406036 0.7573406 0.3436587 0.7516818 0.3406036 0.7629993 0.3436586 0.7573406 0.3436587 0.7573406 0.3406036 0.7629993 0.3406036 0.7629993 0.3436586 0.7573406 0.3406036 0.7686581 0.3436586 0.7629993 0.3436586 0.7629993 0.3406036 0.7686579 0.3406036 0.7686581 0.3436586 0.7629993 0.3406036 0.7743167 0.3436585 0.7686581 0.3436586 0.7686579 0.3406036 0.7743167 0.3406034 0.7743167 0.3436585 0.7686579 0.3406036 0.7347059 0.3406037 0.7347059 0.3436587 0.7290472 0.3406037 0.7290472 0.3406037 0.7290472 0.3436587 0.7233884 0.3406038 0.7290472 0.3436587 0.7233884 0.3436588 0.7233884 0.3406038 0.7233884 0.3406038 0.7233884 0.3436588 0.7177297 0.3406038 0.7233884 0.3436588 0.7177297 0.3436589 0.7177297 0.3406038 0.7177297 0.3406038 0.7177297 0.3436589 0.7120711 0.3406038 0.7177297 0.3436589 0.7120711 0.3436589 0.7120711 0.3406038 0.7120711 0.3406038 0.7120711 0.3436589 0.7064125 0.3406038 0.7120711 0.3436589 0.7064126 0.3436589 0.7064125 0.3406038 0.7064125 0.3406038 0.7064126 0.3436589 0.7007537 0.340604 0.7064126 0.3436589 0.7007537 0.3436591 0.7007537 0.340604 0.7007537 0.340604 0.7007537 0.3436591 0.695095 0.3406041 0.7007537 0.3436591 0.6950952 0.3436591 0.695095 0.3406041 0.695095 0.3406041 0.6950952 0.3436591 0.6894363 0.3406041 0.6950952 0.3436591 0.6894363 0.3436592 0.6894363 0.3406041 0.6894363 0.3406041 0.6894363 0.3436592 0.6837776 0.3406042 0.6894363 0.3436592 0.6837776 0.3436593 0.6837776 0.3406042 0.6837776 0.3406042 0.6837776 0.3436593 0.678119 0.3406043 0.6837776 0.3436593 0.678119 0.3436594 0.678119 0.3406043 0.678119 0.3406043 0.678119 0.3436594 0.6724601 0.3406044 0.678119 0.3436594 0.6724601 0.3436595 0.6724601 0.3406044 0.6724601 0.3406044 0.6724601 0.3436595 0.6668016 0.3406044 0.6724601 0.3436595 0.6668016 0.3436595 0.6668016 0.3406044 0.6668016 0.3406044 0.6668016 0.3436595 0.6611428 0.3406047 0.6668016 0.3436595 0.6611428 0.3436596 0.6611428 0.3406047 0.7347059 0.3436587 0.7290472 0.3436587 0.7290472 0.3406037 0.6931136 0.3341739 0.6990959 0.3341849 0.6990947 0.3356042 0.6931135 0.3355932 0.6931136 0.3341739 0.6990947 0.3356042 0.6871325 0.334163 0.6931136 0.3341739 0.6931135 0.3355932 0.6871288 0.3355822 0.6871325 0.334163 0.6931135 0.3355932 0.6811957 0.3341519 0.6871325 0.334163 0.6871288 0.3355822 0.6811927 0.3355713 0.6811957 0.3341519 0.6871288 0.3355822 0.6753725 0.3341413 0.6811957 0.3341519 0.6811927 0.3355713 0.6753737 0.3355605 0.6753725 0.3341413 0.6811927 0.3355713 0.6697239 0.3341308 0.6753725 0.3341413 0.6753737 0.3355605 0.6697286 0.3355501 0.6697239 0.3341308 0.6753737 0.3355605 0.6644025 0.3341211 0.6697239 0.3341308 0.6697286 0.3355501 0.6644049 0.3355403 0.6644025 0.3341211 0.6697286 0.3355501 0.6595094 0.3341121 0.6644025 0.3341211 0.6644049 0.3355403 0.6593151 0.335531 0.6595094 0.3341121 0.6644049 0.3355403 0.6990947 0.3356042 0.6990959 0.3341849 0.7050675 0.3356152 0.6595094 0.3341121 0.659664 0.3329592 0.6644025 0.3341211 0.659664 0.3329592 0.6643717 0.3329678 0.6644025 0.3341211 0.6644025 0.3341211 0.6643717 0.3329678 0.6697239 0.3341308 0.659664 0.3329592 0.6597113 0.3324884 0.6643717 0.3329678 0.6597113 0.3324884 0.6643445 0.332497 0.6643717 0.3329678 0.6597113 0.3324884 0.6597395 0.3320741 0.6643445 0.332497 0.6597395 0.3320741 0.6643117 0.3320825 0.6643445 0.332497 0.6597395 0.3320741 0.6597397 0.3318681 0.6643117 0.3320825 0.6597397 0.3318681 0.6642901 0.3318765 0.6643117 0.3320825 0.6597397 0.3318681 0.659621 0.3313712 0.6642901 0.3318765 0.659621 0.3313712 0.6642166 0.3313797 0.6642901 0.3318765 0.6642901 0.3318765 0.6642166 0.3313797 0.6696433 0.3318863 0.6642166 0.3313797 0.6696001 0.3313896 0.6696433 0.3318863 0.6696433 0.3318863 0.6696001 0.3313896 0.6753346 0.3318969 0.6696001 0.3313896 0.6753134 0.3314001 0.6753346 0.3318969 0.6753346 0.3318969 0.6753134 0.3314001 0.6811829 0.3319076 0.6753134 0.3314001 0.6811746 0.3314109 0.6811829 0.3319076 0.6811829 0.3319076 0.6811746 0.3314109 0.6871302 0.3319185 0.6811746 0.3314109 0.687127 0.3314217 0.6871302 0.3319185 0.6871302 0.3319185 0.687127 0.3314217 0.6931124 0.3319296 0.687127 0.3314217 0.693112 0.3314328 0.6931124 0.3319296 0.6931124 0.3319296 0.693112 0.3314328 0.6990989 0.3319406 0.693112 0.3314328 0.6990988 0.3314439 0.6990989 0.3319406 0.6990989 0.3319406 0.6990988 0.3314439 0.705076 0.3319515 0.6990988 0.3314439 0.7050762 0.3314548 0.705076 0.3319515 0.705076 0.3319515 0.7050762 0.3314548 0.7110578 0.3319625 0.7050762 0.3314548 0.7110592 0.3314658 0.7110578 0.3319625 0.7110578 0.3319625 0.7110592 0.3314658 0.7170637 0.3319736 0.7110592 0.3314658 0.7170643 0.3314769 0.7170637 0.3319736 0.7170637 0.3319736 0.7170643 0.3314769 0.7230654 0.3319848 0.7170643 0.3314769 0.723066 0.331488 0.7230654 0.3319848 0.7230654 0.3319848 0.723066 0.331488 0.729039 0.3319957 0.723066 0.331488 0.7290402 0.3314989 0.729039 0.3319957 0.729039 0.3319957 0.7290402 0.3314989 0.7350043 0.3320067 0.7290402 0.3314989 0.7350059 0.33151 0.7350043 0.3320067 0.7350043 0.3320067 0.7350059 0.33151 0.7409739 0.3320177 0.7350059 0.33151 0.7409767 0.331521 0.7409739 0.3320177 0.7409739 0.3320177 0.7409767 0.331521 0.7469395 0.3320286 0.7409767 0.331521 0.7469456 0.331532 0.7469395 0.3320286 0.7469395 0.3320286 0.7469456 0.331532 0.7528797 0.3320395 0.7469456 0.331532 0.7528911 0.331543 0.7528797 0.3320395 0.7528797 0.3320395 0.7528911 0.331543 0.7587367 0.3320505 0.7528911 0.331543 0.7587599 0.3315537 0.7587367 0.3320505 0.7587367 0.3320505 0.7587599 0.3315537 0.764441 0.3320609 0.7587599 0.3315537 0.7644847 0.3315643 0.764441 0.3320609 0.764441 0.3320609 0.7644847 0.3315643 0.7697952 0.3320707 0.7644847 0.3315643 0.7698701 0.3315742 0.7697952 0.3320707 0.7697952 0.3320707 0.7698701 0.3315742 0.7743405 0.3320791 0.7698701 0.3315742 0.774461 0.3315826 0.7743405 0.3320791 0.7698701 0.3315742 0.7699485 0.3311234 0.774461 0.3315826 0.7699485 0.3311234 0.7745853 0.3311318 0.774461 0.3315826 0.7645287 0.3311133 0.7699485 0.3311234 0.7698701 0.3315742 0.7644847 0.3315643 0.7645287 0.3311133 0.7698701 0.3315742 0.7587832 0.3311028 0.7645287 0.3311133 0.7644847 0.3315643 0.7587599 0.3315537 0.7587832 0.3311028 0.7644847 0.3315643 0.7529021 0.331092 0.7587832 0.3311028 0.7587599 0.3315537 0.7528911 0.331543 0.7529021 0.331092 0.7587599 0.3315537 0.7469522 0.3310809 0.7529021 0.331092 0.7528911 0.331543 0.7469456 0.331532 0.7469522 0.3310809 0.7528911 0.331543 0.74098 0.33107 0.7469522 0.3310809 0.7469456 0.331532 0.7409767 0.331521 0.74098 0.33107 0.7469456 0.331532 0.7350078 0.331059 0.74098 0.33107 0.7409767 0.331521 0.7350059 0.33151 0.7350078 0.331059 0.7409767 0.331521 0.7290413 0.331048 0.7350078 0.331059 0.7350059 0.33151 0.7290402 0.3314989 0.7290413 0.331048 0.7350059 0.33151 0.7230659 0.3310369 0.7290413 0.331048 0.7290402 0.3314989 0.723066 0.331488 0.7230659 0.3310369 0.7290402 0.3314989 0.7170652 0.331026 0.7230659 0.3310369 0.723066 0.331488 0.7170643 0.3314769 0.7170652 0.331026 0.723066 0.331488 0.7110604 0.3310149 0.7170652 0.331026 0.7170643 0.3314769 0.7110592 0.3314658 0.7110604 0.3310149 0.7170643 0.3314769 0.7050767 0.3310039 0.7110604 0.3310149 0.7110592 0.3314658 0.7050762 0.3314548 0.7050767 0.3310039 0.7110592 0.3314658 0.6990988 0.3309929 0.7050767 0.3310039 0.7050762 0.3314548 0.6990988 0.3314439 0.6990988 0.3309929 0.7050762 0.3314548 0.6931106 0.3309819 0.6990988 0.3309929 0.6990988 0.3314439 0.693112 0.3314328 0.6931106 0.3309819 0.6990988 0.3314439 0.6871239 0.3309709 0.6931106 0.3309819 0.693112 0.3314328 0.687127 0.3314217 0.6871239 0.3309709 0.693112 0.3314328 0.6811659 0.3309598 0.6871239 0.3309709 0.687127 0.3314217 0.6811746 0.3314109 0.6811659 0.3309598 0.687127 0.3314217 0.6752928 0.3309491 0.6811659 0.3309598 0.6811746 0.3314109 0.6753134 0.3314001 0.6752928 0.3309491 0.6811746 0.3314109 0.669557 0.3309385 0.6752928 0.3309491 0.6753134 0.3314001 0.6696001 0.3313896 0.669557 0.3309385 0.6753134 0.3314001 0.6641398 0.3309286 0.669557 0.3309385 0.6696001 0.3313896 0.6642166 0.3313797 0.6641398 0.3309286 0.6696001 0.3313896 0.6594984 0.3309199 0.6641398 0.3309286 0.6642166 0.3313797 0.659621 0.3313712 0.6594984 0.3309199 0.6642166 0.3313797 0.6871239 0.3309709 0.6871204 0.3305156 0.6931106 0.3309819 0.6871204 0.3305156 0.6931087 0.3305267 0.6931106 0.3309819 0.6871204 0.3305156 0.6871165 0.3299908 0.6931087 0.3305267 0.6871165 0.3299908 0.6931057 0.3300018 0.6931087 0.3305267 0.6931087 0.3305267 0.6931057 0.3300018 0.6990983 0.3305378 0.6931057 0.3300018 0.6990972 0.3300128 0.6990983 0.3305378 0.681146 0.3299798 0.6871165 0.3299908 0.6871204 0.3305156 0.681157 0.3305047 0.681146 0.3299798 0.6871204 0.3305156 0.6752433 0.3299689 0.681146 0.3299798 0.681157 0.3305047 0.6752709 0.3304939 0.6752433 0.3299689 0.681157 0.3305047 0.6694528 0.3299583 0.6752433 0.3299689 0.6752709 0.3304939 0.6695114 0.3304833 0.6694528 0.3299583 0.6752709 0.3304939 0.6639451 0.3299482 0.6694528 0.3299583 0.6695114 0.3304833 0.6640562 0.3304732 0.6639451 0.3299482 0.6695114 0.3304833 0.6592661 0.3299395 0.6639451 0.3299482 0.6640562 0.3304732 0.6593953 0.3304647 0.6592661 0.3299395 0.6640562 0.3304732 0.6990983 0.3305378 0.6990972 0.3300128 0.7050776 0.3305488 0.6990972 0.3300128 0.7050785 0.3300239 0.7050776 0.3305488 0.7050776 0.3305488 0.7050785 0.3300239 0.7110615 0.3305597 0.7050785 0.3300239 0.7110639 0.3300349 0.7110615 0.3305597 0.7110615 0.3305597 0.7110639 0.3300349 0.7170661 0.3305708 0.7110639 0.3300349 0.7170664 0.3300459 0.7170661 0.3305708 0.7170661 0.3305708 0.7170664 0.3300459 0.7230653 0.3305819 0.7170664 0.3300459 0.7230646 0.330057 0.7230653 0.3305819 0.7230653 0.3305819 0.7230646 0.330057 0.7290419 0.3305929 0.7230646 0.330057 0.7290423 0.330068 0.7290419 0.3305929 0.7290419 0.3305929 0.7290423 0.330068 0.7350096 0.3306038 0.7290423 0.330068 0.7350129 0.330079 0.7350096 0.3306038 0.7350096 0.3306038 0.7350129 0.330079 0.7409839 0.3306149 0.7350129 0.330079 0.7409894 0.33009 0.7409839 0.3306149 0.7409839 0.3306149 0.7409894 0.33009 0.7469585 0.3306259 0.7409894 0.33009 0.7469656 0.330101 0.7469585 0.3306259 0.7469585 0.3306259 0.7469656 0.330101 0.7529137 0.3306369 0.7469656 0.330101 0.7529284 0.330112 0.7529137 0.3306369 0.7529137 0.3306369 0.7529284 0.330112 0.758807 0.3306477 0.7529284 0.330112 0.7588372 0.330123 0.758807 0.3306477 0.758807 0.3306477 0.7588372 0.330123 0.7645757 0.3306583 0.7588372 0.330123 0.7646358 0.3301334 0.7645757 0.3306583 0.7645757 0.3306583 0.7646358 0.3301334 0.7700329 0.3306684 0.7646358 0.3301334 0.7701451 0.3301436 0.7700329 0.3306684 0.7700329 0.3306684 0.7701451 0.3301436 0.7746894 0.3306769 0.7701451 0.3301436 0.7748204 0.3301523 0.7746894 0.3306769 0.7700329 0.3306684 0.7746894 0.3306769 0.7745853 0.3311318 0.7699485 0.3311234 0.7700329 0.3306684 0.7745853 0.3311318 0.7645757 0.3306583 0.7700329 0.3306684 0.7699485 0.3311234 0.7645287 0.3311133 0.7645757 0.3306583 0.7699485 0.3311234 0.758807 0.3306477 0.7645757 0.3306583 0.7645287 0.3311133 0.7587832 0.3311028 0.758807 0.3306477 0.7645287 0.3311133 0.7529137 0.3306369 0.758807 0.3306477 0.7587832 0.3311028 0.7529021 0.331092 0.7529137 0.3306369 0.7587832 0.3311028 0.7469585 0.3306259 0.7529137 0.3306369 0.7529021 0.331092 0.7469522 0.3310809 0.7469585 0.3306259 0.7529021 0.331092 0.7409839 0.3306149 0.7469585 0.3306259 0.7469522 0.3310809 0.74098 0.33107 0.7409839 0.3306149 0.7469522 0.3310809 0.7350096 0.3306038 0.7409839 0.3306149 0.74098 0.33107 0.7350078 0.331059 0.7350096 0.3306038 0.74098 0.33107 0.7290419 0.3305929 0.7350096 0.3306038 0.7350078 0.331059 0.7290413 0.331048 0.7290419 0.3305929 0.7350078 0.331059 0.7230653 0.3305819 0.7290419 0.3305929 0.7290413 0.331048 0.7230659 0.3310369 0.7230653 0.3305819 0.7290413 0.331048 0.7170661 0.3305708 0.7230653 0.3305819 0.7230659 0.3310369 0.7170652 0.331026 0.7170661 0.3305708 0.7230659 0.3310369 0.7110615 0.3305597 0.7170661 0.3305708 0.7170652 0.331026 0.7110604 0.3310149 0.7110615 0.3305597 0.7170652 0.331026 0.7050776 0.3305488 0.7110615 0.3305597 0.7110604 0.3310149 0.7050767 0.3310039 0.7050776 0.3305488 0.7110604 0.3310149 0.6990983 0.3305378 0.7050776 0.3305488 0.7050767 0.3310039 0.6990988 0.3309929 0.6990983 0.3305378 0.7050767 0.3310039 0.6931087 0.3305267 0.6990983 0.3305378 0.6990988 0.3309929 0.6931106 0.3309819 0.6931087 0.3305267 0.6990988 0.3309929 0.7696763 0.3343148 0.7745622 0.3343239 0.7747506 0.3357434 0.7696702 0.3357341 0.7696763 0.3343148 0.7747506 0.3357434 0.7643535 0.3343051 0.7696763 0.3343148 0.7696702 0.3357341 0.7643445 0.3357244 0.7643535 0.3343051 0.7696702 0.3357341 0.7586916 0.3342946 0.7643535 0.3343051 0.7643445 0.3357244 0.7586859 0.3357139 0.7586916 0.3342946 0.7643445 0.3357244 0.7528563 0.3342838 0.7586916 0.3342946 0.7586859 0.3357139 0.7528526 0.3357033 0.7528563 0.3342838 0.7586859 0.3357139 0.7469268 0.334273 0.7528563 0.3342838 0.7528526 0.3357033 0.7469255 0.3356923 0.7469268 0.334273 0.7528526 0.3357033 0.7409635 0.334262 0.7469268 0.334273 0.7469255 0.3356923 0.7409583 0.3356813 0.7409635 0.334262 0.7469255 0.3356923 0.7349992 0.3342511 0.7409635 0.334262 0.7409583 0.3356813 0.7349956 0.3356702 0.7349992 0.3342511 0.7409583 0.3356813 0.7290353 0.3342401 0.7349992 0.3342511 0.7349956 0.3356702 0.729034 0.3356593 0.7290353 0.3342401 0.7349956 0.3356702 0.7230614 0.334229 0.7290353 0.3342401 0.729034 0.3356593 0.7230597 0.3356484 0.7230614 0.334229 0.729034 0.3356593 0.71706 0.3342181 0.7230614 0.334229 0.7230597 0.3356484 0.7170581 0.3356373 0.71706 0.3342181 0.7230597 0.3356484 0.7110533 0.3342069 0.71706 0.3342181 0.7170581 0.3356373 0.7110498 0.3356262 0.7110533 0.3342069 0.7170581 0.3356373 0.7050711 0.3341959 0.7110533 0.3342069 0.7110498 0.3356262 0.7050675 0.3356152 0.7050711 0.3341959 0.7110498 0.3356262 0.6990959 0.3341849 0.7050711 0.3341959 0.7050675 0.3356152 0.6990959 0.3341849 0.6990981 0.3330318 0.7050711 0.3341959 0.693113 0.3330208 0.6990981 0.3330318 0.6990959 0.3341849 0.693113 0.3330208 0.6931128 0.3325499 0.6990981 0.3330318 0.6871321 0.3325389 0.6931128 0.3325499 0.693113 0.3330208 0.6871321 0.3325389 0.6871306 0.3321245 0.6931128 0.3325499 0.6811853 0.3321136 0.6871306 0.3321245 0.6871321 0.3325389 0.6811853 0.3321136 0.6811829 0.3319076 0.6871306 0.3321245 0.6753346 0.3318969 0.6811829 0.3319076 0.6811853 0.3321136 0.6753405 0.3321029 0.6753346 0.3318969 0.6811853 0.3321136 0.6696433 0.3318863 0.6753346 0.3318969 0.6753405 0.3321029 0.669656 0.3320924 0.6696433 0.3318863 0.6753405 0.3321029 0.6642901 0.3318765 0.6696433 0.3318863 0.669656 0.3320924 0.6643117 0.3320825 0.6642901 0.3318765 0.669656 0.3320924 0.6811829 0.3319076 0.6871302 0.3319185 0.6871306 0.3321245 0.6871306 0.3321245 0.6871302 0.3319185 0.693113 0.3321354 0.6871306 0.3321245 0.693113 0.3321354 0.6931128 0.3325499 0.6871302 0.3319185 0.6931124 0.3319296 0.693113 0.3321354 0.693113 0.3321354 0.6931124 0.3319296 0.6990986 0.3321465 0.6931124 0.3319296 0.6990989 0.3319406 0.6990986 0.3321465 0.6990986 0.3321465 0.6990989 0.3319406 0.7050757 0.3321575 0.6990989 0.3319406 0.705076 0.3319515 0.7050757 0.3321575 0.7050757 0.3321575 0.705076 0.3319515 0.7110573 0.3321686 0.705076 0.3319515 0.7110578 0.3319625 0.7110573 0.3321686 0.7110573 0.3321686 0.7110578 0.3319625 0.7170633 0.3321796 0.7110578 0.3319625 0.7170637 0.3319736 0.7170633 0.3321796 0.7170633 0.3321796 0.7170637 0.3319736 0.7230657 0.3321906 0.7170637 0.3319736 0.7230654 0.3319848 0.7230657 0.3321906 0.7230657 0.3321906 0.7230654 0.3319848 0.7290385 0.3322017 0.7230654 0.3319848 0.729039 0.3319957 0.7290385 0.3322017 0.7290385 0.3322017 0.729039 0.3319957 0.7350038 0.3322126 0.729039 0.3319957 0.7350043 0.3320067 0.7350038 0.3322126 0.7350038 0.3322126 0.7350043 0.3320067 0.7409729 0.3322237 0.7350043 0.3320067 0.7409739 0.3320177 0.7409729 0.3322237 0.7409729 0.3322237 0.7409739 0.3320177 0.7469376 0.3322346 0.7409739 0.3320177 0.7469395 0.3320286 0.7469376 0.3322346 0.7469376 0.3322346 0.7469395 0.3320286 0.7528761 0.3322456 0.7469395 0.3320286 0.7528797 0.3320395 0.7528761 0.3322456 0.7528761 0.3322456 0.7528797 0.3320395 0.7587296 0.3322563 0.7528797 0.3320395 0.7587367 0.3320505 0.7587296 0.3322563 0.7587296 0.3322563 0.7587367 0.3320505 0.7644275 0.3322668 0.7587367 0.3320505 0.764441 0.3320609 0.7644275 0.3322668 0.7644275 0.3322668 0.764441 0.3320609 0.7697734 0.3322767 0.764441 0.3320609 0.7697952 0.3320707 0.7697734 0.3322767 0.7697734 0.3322767 0.7697952 0.3320707 0.7743405 0.3322851 0.7697952 0.3320707 0.7743405 0.3320791 0.7743405 0.3322851 0.7350038 0.3322126 0.7409729 0.3322237 0.740971 0.332638 0.7350028 0.3326271 0.7350038 0.3322126 0.740971 0.332638 0.7290385 0.3322017 0.7350038 0.3322126 0.7350028 0.3326271 0.7290379 0.332616 0.7290385 0.3322017 0.7350028 0.3326271 0.7230657 0.3321906 0.7290385 0.3322017 0.7290379 0.332616 0.7230647 0.332605 0.7230657 0.3321906 0.7290379 0.332616 0.7170633 0.3321796 0.7230657 0.3321906 0.7230647 0.332605 0.7170632 0.332594 0.7170633 0.3321796 0.7230647 0.332605 0.7110573 0.3321686 0.7170633 0.3321796 0.7170632 0.332594 0.7110565 0.332583 0.7110573 0.3321686 0.7170632 0.332594 0.7050757 0.3321575 0.7110573 0.3321686 0.7110565 0.332583 0.705075 0.332572 0.7050757 0.3321575 0.7110565 0.332583 0.6990986 0.3321465 0.7050757 0.3321575 0.705075 0.332572 0.6990986 0.3325609 0.6990986 0.3321465 0.705075 0.332572 0.693113 0.3321354 0.6990986 0.3321465 0.6990986 0.3325609 0.6931128 0.3325499 0.693113 0.3321354 0.6990986 0.3325609 0.6931128 0.3325499 0.6990986 0.3325609 0.6990981 0.3330318 0.6990986 0.3325609 0.705075 0.332572 0.7050739 0.3330428 0.6990981 0.3330318 0.6990986 0.3325609 0.7050739 0.3330428 0.705075 0.332572 0.7110565 0.332583 0.7110556 0.3330538 0.7050739 0.3330428 0.705075 0.332572 0.7110556 0.3330538 0.7110565 0.332583 0.7170632 0.332594 0.7170622 0.3330648 0.7110556 0.3330538 0.7110565 0.332583 0.7170622 0.3330648 0.7170632 0.332594 0.7230647 0.332605 0.7230639 0.3330759 0.7170622 0.3330648 0.7170632 0.332594 0.7230639 0.3330759 0.7230639 0.3330759 0.7230647 0.332605 0.729037 0.3330869 0.7230647 0.332605 0.7290379 0.332616 0.729037 0.3330869 0.729037 0.3330869 0.7290379 0.332616 0.7350018 0.3330978 0.7290379 0.332616 0.7350028 0.3326271 0.7350018 0.3330978 0.7350018 0.3330978 0.7350028 0.3326271 0.7409685 0.3331089 0.7350028 0.3326271 0.740971 0.332638 0.7409685 0.3331089 0.7409685 0.3331089 0.740971 0.332638 0.7469319 0.3331198 0.740971 0.332638 0.7469346 0.3326491 0.7469319 0.3331198 0.740971 0.332638 0.7409729 0.3322237 0.7469346 0.3326491 0.7409729 0.3322237 0.7469376 0.3322346 0.7469346 0.3326491 0.7469346 0.3326491 0.7469376 0.3322346 0.7528699 0.33266 0.7469376 0.3322346 0.7528761 0.3322456 0.7528699 0.33266 0.7528699 0.33266 0.7528761 0.3322456 0.7587177 0.3326707 0.7528761 0.3322456 0.7587296 0.3322563 0.7587177 0.3326707 0.7587177 0.3326707 0.7587296 0.3322563 0.7644045 0.3326812 0.7587296 0.3322563 0.7644275 0.3322668 0.7644045 0.3326812 0.7644045 0.3326812 0.7644275 0.3322668 0.7697392 0.332691 0.7644275 0.3322668 0.7697734 0.3322767 0.7697392 0.332691 0.7697392 0.332691 0.7697734 0.3322767 0.7743666 0.3326995 0.7697734 0.3322767 0.7743405 0.3322851 0.7743666 0.3326995 0.7469346 0.3326491 0.7528699 0.33266 0.7528643 0.3331307 0.7469319 0.3331198 0.7469346 0.3326491 0.7528643 0.3331307 0.7528699 0.33266 0.7587177 0.3326707 0.7587072 0.3331415 0.7528643 0.3331307 0.7528699 0.33266 0.7587072 0.3331415 0.7587177 0.3326707 0.7644045 0.3326812 0.7643837 0.3331519 0.7587072 0.3331415 0.7587177 0.3326707 0.7643837 0.3331519 0.7644045 0.3326812 0.7697392 0.332691 0.7697104 0.3331618 0.7643837 0.3331519 0.7644045 0.3326812 0.7697104 0.3331618 0.7697392 0.332691 0.7743666 0.3326995 0.7744122 0.3331704 0.7697104 0.3331618 0.7697392 0.332691 0.7744122 0.3331704 0.7528643 0.3331307 0.7587072 0.3331415 0.7586916 0.3342946 0.7528563 0.3342838 0.7528643 0.3331307 0.7586916 0.3342946 0.7469319 0.3331198 0.7528643 0.3331307 0.7528563 0.3342838 0.7469268 0.334273 0.7469319 0.3331198 0.7528563 0.3342838 0.7409685 0.3331089 0.7469319 0.3331198 0.7469268 0.334273 0.7409635 0.334262 0.7409685 0.3331089 0.7469268 0.334273 0.7350018 0.3330978 0.7409685 0.3331089 0.7409635 0.334262 0.7349992 0.3342511 0.7350018 0.3330978 0.7409635 0.334262 0.729037 0.3330869 0.7350018 0.3330978 0.7349992 0.3342511 0.7290353 0.3342401 0.729037 0.3330869 0.7349992 0.3342511 0.7230639 0.3330759 0.729037 0.3330869 0.7290353 0.3342401 0.7230614 0.334229 0.7230639 0.3330759 0.7290353 0.3342401 0.7170622 0.3330648 0.7230639 0.3330759 0.7230614 0.334229 0.71706 0.3342181 0.7170622 0.3330648 0.7230614 0.334229 0.7110556 0.3330538 0.7170622 0.3330648 0.71706 0.3342181 0.7110533 0.3342069 0.7110556 0.3330538 0.71706 0.3342181 0.7050739 0.3330428 0.7110556 0.3330538 0.7110533 0.3342069 0.7050711 0.3341959 0.7050739 0.3330428 0.7110533 0.3342069 0.6990981 0.3330318 0.7050739 0.3330428 0.7050711 0.3341959 0.6930943 0.3120407 0.699104 0.3120517 0.6990962 0.3161254 0.6930886 0.3161144 0.6930943 0.3120407 0.6990962 0.3161254 0.6870593 0.3120294 0.6930943 0.3120407 0.6930886 0.3161144 0.6870535 0.3161032 0.6870593 0.3120294 0.6930886 0.3161144 0.6809812 0.3120183 0.6870593 0.3120294 0.6870535 0.3161032 0.6809775 0.3160921 0.6809812 0.3120183 0.6870535 0.3161032 0.6747955 0.3120069 0.6809812 0.3120183 0.6809775 0.3160921 0.6748005 0.3160807 0.6747955 0.3120069 0.6809775 0.3160921 0.6683804 0.311995 0.6747955 0.3120069 0.6748005 0.3160807 0.6684018 0.3160689 0.6683804 0.311995 0.6748005 0.3160807 0.6613573 0.3119822 0.6683804 0.311995 0.6684018 0.3160689 0.6614432 0.3160561 0.6613573 0.3119822 0.6684018 0.3160689 0.6522666 0.3119655 0.6613573 0.3119822 0.6614432 0.3160561 0.6530262 0.3160406 0.6522666 0.3119655 0.6614432 0.3160561 0.6990962 0.3161254 0.699104 0.3120517 0.7050903 0.3161365 0.6870535 0.3161032 0.6930886 0.3161144 0.6930863 0.3195552 0.6870571 0.3195441 0.6870535 0.3161032 0.6930863 0.3195552 0.6809775 0.3160921 0.6870535 0.3161032 0.6870571 0.3195441 0.6870571 0.3195441 0.6930863 0.3195552 0.6930862 0.3228033 0.6870672 0.3227922 0.6870571 0.3195441 0.6930862 0.3228033 0.6870672 0.3227922 0.6930862 0.3228033 0.6930881 0.3258017 0.6870819 0.3257908 0.6870672 0.3227922 0.6930881 0.3258017 0.6870819 0.3257908 0.6930881 0.3258017 0.6930941 0.3280835 0.6870978 0.3280724 0.6870819 0.3257908 0.6930941 0.3280835 0.6870978 0.3280724 0.6930941 0.3280835 0.6931035 0.3297255 0.6871138 0.3297144 0.6870978 0.3280724 0.6931035 0.3297255 0.6871138 0.3297144 0.6931035 0.3297255 0.6931057 0.3300018 0.6871165 0.3299908 0.6871138 0.3297144 0.6931057 0.3300018 0.6811388 0.3297033 0.6871138 0.3297144 0.6871165 0.3299908 0.681146 0.3299798 0.6811388 0.3297033 0.6871165 0.3299908 0.6752253 0.3296926 0.6811388 0.3297033 0.681146 0.3299798 0.6752433 0.3299689 0.6752253 0.3296926 0.681146 0.3299798 0.6694139 0.3296819 0.6752253 0.3296926 0.6752433 0.3299689 0.6694528 0.3299583 0.6694139 0.3296819 0.6752433 0.3299689 0.6638667 0.3296718 0.6694139 0.3296819 0.6694528 0.3299583 0.6639451 0.3299482 0.6638667 0.3296718 0.6694528 0.3299583 0.6591188 0.3296629 0.6638667 0.3296718 0.6639451 0.3299482 0.6592661 0.3299395 0.6591188 0.3296629 0.6639451 0.3299482 0.6931057 0.3300018 0.6931035 0.3297255 0.6990972 0.3300128 0.6931035 0.3297255 0.699096 0.3297366 0.6990972 0.3300128 0.6990972 0.3300128 0.699096 0.3297366 0.7050785 0.3300239 0.699096 0.3297366 0.7050791 0.3297476 0.7050785 0.3300239 0.7050785 0.3300239 0.7050791 0.3297476 0.7110639 0.3300349 0.7050791 0.3297476 0.7110651 0.3297585 0.7110639 0.3300349 0.7110639 0.3300349 0.7110651 0.3297585 0.7170664 0.3300459 0.7110651 0.3297585 0.7170667 0.3297696 0.7170664 0.3300459 0.7170664 0.3300459 0.7170667 0.3297696 0.7230646 0.330057 0.7170667 0.3297696 0.7230639 0.3297807 0.7230646 0.330057 0.7230646 0.330057 0.7230639 0.3297807 0.7290423 0.330068 0.7230639 0.3297807 0.7290424 0.3297917 0.7290423 0.330068 0.7290423 0.330068 0.7290424 0.3297917 0.7350129 0.330079 0.7290424 0.3297917 0.7350152 0.3298026 0.7350129 0.330079 0.7350129 0.330079 0.7350152 0.3298026 0.7409894 0.33009 0.7350152 0.3298026 0.7409928 0.3298136 0.7409894 0.33009 0.7409894 0.33009 0.7409928 0.3298136 0.7469656 0.330101 0.7409928 0.3298136 0.7469702 0.3298247 0.7469656 0.330101 0.7469656 0.330101 0.7469702 0.3298247 0.7529284 0.330112 0.7469702 0.3298247 0.7529378 0.3298357 0.7529284 0.330112 0.7529284 0.330112 0.7529378 0.3298357 0.7588372 0.330123 0.7529378 0.3298357 0.7588569 0.3298466 0.7588372 0.330123 0.7588372 0.330123 0.7588569 0.3298466 0.7646358 0.3301334 0.7588569 0.3298466 0.7646756 0.3298574 0.7646358 0.3301334 0.7646358 0.3301334 0.7646756 0.3298574 0.7701451 0.3301436 0.7646756 0.3298574 0.770224 0.3298675 0.7701451 0.3301436 0.7701451 0.3301436 0.770224 0.3298675 0.7748204 0.3301523 0.770224 0.3298675 0.774968 0.3298762 0.7748204 0.3301523 0.770224 0.3298675 0.7706768 0.3282263 0.774968 0.3298762 0.7706768 0.3282263 0.7759866 0.3282361 0.774968 0.3298762 0.7648879 0.3282157 0.7706768 0.3282263 0.770224 0.3298675 0.7646756 0.3298574 0.7648879 0.3282157 0.770224 0.3298675 0.7589579 0.3282048 0.7648879 0.3282157 0.7646756 0.3298574 0.7588569 0.3298466 0.7589579 0.3282048 0.7646756 0.3298574 0.7529859 0.3281938 0.7589579 0.3282048 0.7588569 0.3298466 0.7529378 0.3298357 0.7529859 0.3281938 0.7588569 0.3298466 0.7469953 0.3281828 0.7529859 0.3281938 0.7529378 0.3298357 0.7469702 0.3298247 0.7469953 0.3281828 0.7529378 0.3298357 0.7410097 0.3281717 0.7469953 0.3281828 0.7469702 0.3298247 0.7409928 0.3298136 0.7410097 0.3281717 0.7469702 0.3298247 0.7350257 0.3281608 0.7410097 0.3281717 0.7409928 0.3298136 0.7350152 0.3298026 0.7350257 0.3281608 0.7409928 0.3298136 0.7290459 0.3281497 0.7350257 0.3281608 0.7350152 0.3298026 0.7290424 0.3297917 0.7290459 0.3281497 0.7350152 0.3298026 0.7230623 0.3281388 0.7290459 0.3281497 0.7290424 0.3297917 0.7230639 0.3297807 0.7230623 0.3281388 0.7290424 0.3297917 0.7170688 0.3281276 0.7230623 0.3281388 0.7230639 0.3297807 0.7170667 0.3297696 0.7170688 0.3281276 0.7230639 0.3297807 0.7110715 0.3281165 0.7170688 0.3281276 0.7170667 0.3297696 0.7110651 0.3297585 0.7110715 0.3281165 0.7170667 0.3297696 0.7050822 0.3281056 0.7110715 0.3281165 0.7110651 0.3297585 0.7050791 0.3297476 0.7050822 0.3281056 0.7110651 0.3297585 0.6990922 0.3280946 0.7050822 0.3281056 0.7050791 0.3297476 0.699096 0.3297366 0.6990922 0.3280946 0.7050791 0.3297476 0.6930941 0.3280835 0.6990922 0.3280946 0.699096 0.3297366 0.6931035 0.3297255 0.6930941 0.3280835 0.699096 0.3297366 0.7290459 0.3281497 0.7290523 0.325868 0.7350257 0.3281608 0.7230647 0.3258569 0.7290523 0.325868 0.7290459 0.3281497 0.7230623 0.3281388 0.7230647 0.3258569 0.7290459 0.3281497 0.717072 0.325846 0.7230647 0.3258569 0.7230623 0.3281388 0.7170688 0.3281276 0.717072 0.325846 0.7230623 0.3281388 0.7110767 0.3258349 0.717072 0.325846 0.7170688 0.3281276 0.7110715 0.3281165 0.7110767 0.3258349 0.7170688 0.3281276 0.7050837 0.3258239 0.7110767 0.3258349 0.7110715 0.3281165 0.7050822 0.3281056 0.7050837 0.3258239 0.7110715 0.3281165 0.6990895 0.3258128 0.7050837 0.3258239 0.7050822 0.3281056 0.6990922 0.3280946 0.6990895 0.3258128 0.7050822 0.3281056 0.6930881 0.3258017 0.6990895 0.3258128 0.6990922 0.3280946 0.6930941 0.3280835 0.6930881 0.3258017 0.6990922 0.3280946 0.7230647 0.3258569 0.7230692 0.3228585 0.7290523 0.325868 0.7230692 0.3228585 0.7290616 0.3228694 0.7290523 0.325868 0.7290523 0.325868 0.7290616 0.3228694 0.7350367 0.325879 0.7290523 0.325868 0.7350367 0.325879 0.7350257 0.3281608 0.7350257 0.3281608 0.7350367 0.325879 0.7410097 0.3281717 0.7350367 0.325879 0.7410262 0.3258901 0.7410097 0.3281717 0.7410097 0.3281717 0.7410262 0.3258901 0.7469953 0.3281828 0.7410262 0.3258901 0.7470224 0.325901 0.7469953 0.3281828 0.7469953 0.3281828 0.7470224 0.325901 0.7529859 0.3281938 0.7470224 0.325901 0.7530397 0.3259121 0.7529859 0.3281938 0.7529859 0.3281938 0.7530397 0.3259121 0.7589579 0.3282048 0.7530397 0.3259121 0.759071 0.3259233 0.7589579 0.3282048 0.7589579 0.3282048 0.759071 0.3259233 0.7648879 0.3282157 0.759071 0.3259233 0.765134 0.3259344 0.7648879 0.3282157 0.7648879 0.3282157 0.765134 0.3259344 0.7706768 0.3282263 0.765134 0.3259344 0.7712273 0.3259456 0.7706768 0.3282263 0.7706768 0.3282263 0.7712273 0.3259456 0.7759866 0.3282361 0.7712273 0.3259456 0.7772393 0.3259567 0.7759866 0.3282361 0.7712273 0.3259456 0.7718652 0.3229483 0.7772393 0.3259567 0.7718652 0.3229483 0.7787166 0.3229609 0.7772393 0.3259567 0.7654076 0.3229364 0.7718652 0.3229483 0.7712273 0.3259456 0.765134 0.3259344 0.7654076 0.3229364 0.7712273 0.3259456 0.7591929 0.3229249 0.7654076 0.3229364 0.765134 0.3259344 0.759071 0.3259233 0.7591929 0.3229249 0.765134 0.3259344 0.7530956 0.3229138 0.7591929 0.3229249 0.759071 0.3259233 0.7530397 0.3259121 0.7530956 0.3229138 0.759071 0.3259233 0.7470501 0.3229026 0.7530956 0.3229138 0.7530397 0.3259121 0.7470224 0.325901 0.7470501 0.3229026 0.7530397 0.3259121 0.7410417 0.3228915 0.7470501 0.3229026 0.7470224 0.325901 0.7410262 0.3258901 0.7410417 0.3228915 0.7470224 0.325901 0.7350503 0.3228805 0.7410417 0.3228915 0.7410262 0.3258901 0.7350367 0.325879 0.7350503 0.3228805 0.7410262 0.3258901 0.7290616 0.3228694 0.7350503 0.3228805 0.7350367 0.325879 0.7718652 0.3229483 0.7723702 0.3197012 0.7787166 0.3229609 0.7723702 0.3197012 0.780044 0.3197153 0.7787166 0.3229609 0.7656114 0.3196888 0.7723702 0.3197012 0.7718652 0.3229483 0.7654076 0.3229364 0.7656114 0.3196888 0.7718652 0.3229483 0.7592826 0.3196771 0.7656114 0.3196888 0.7654076 0.3229364 0.7591929 0.3229249 0.7592826 0.3196771 0.7654076 0.3229364 0.7531372 0.3196658 0.7592826 0.3196771 0.7591929 0.3229249 0.7530956 0.3229138 0.7531372 0.3196658 0.7591929 0.3229249 0.747075 0.3196547 0.7531372 0.3196658 0.7530956 0.3229138 0.7470501 0.3229026 0.747075 0.3196547 0.7530956 0.3229138 0.7410542 0.3196436 0.747075 0.3196547 0.7470501 0.3229026 0.7410417 0.3228915 0.7410542 0.3196436 0.7470501 0.3229026 0.7350591 0.3196325 0.7410542 0.3196436 0.7410417 0.3228915 0.7350503 0.3228805 0.7350591 0.3196325 0.7410417 0.3228915 0.7290723 0.3196215 0.7350591 0.3196325 0.7350503 0.3228805 0.7290616 0.3228694 0.7290723 0.3196215 0.7350503 0.3228805 0.7230762 0.3196105 0.7290723 0.3196215 0.7290616 0.3228694 0.7230692 0.3228585 0.7230762 0.3196105 0.7290616 0.3228694 0.7170827 0.3195994 0.7230762 0.3196105 0.7230692 0.3228585 0.7170773 0.3228474 0.7170827 0.3195994 0.7230692 0.3228585 0.7170773 0.3228474 0.7230692 0.3228585 0.7230647 0.3258569 0.717072 0.325846 0.7170773 0.3228474 0.7230647 0.3258569 0.7110832 0.3228364 0.7170773 0.3228474 0.717072 0.325846 0.7110767 0.3258349 0.7110832 0.3228364 0.717072 0.325846 0.7050852 0.3228254 0.7110832 0.3228364 0.7110767 0.3258349 0.7050837 0.3258239 0.7050852 0.3228254 0.7110767 0.3258349 0.6990882 0.3228143 0.7050852 0.3228254 0.7050837 0.3258239 0.6990895 0.3258128 0.6990882 0.3228143 0.7050837 0.3258239 0.6930862 0.3228033 0.6990882 0.3228143 0.6990895 0.3258128 0.6930881 0.3258017 0.6930862 0.3228033 0.6990895 0.3258128 0.711088 0.3195884 0.7170827 0.3195994 0.7170773 0.3228474 0.7110832 0.3228364 0.711088 0.3195884 0.7170773 0.3228474 0.7050873 0.3195773 0.711088 0.3195884 0.7110832 0.3228364 0.7050852 0.3228254 0.7050873 0.3195773 0.7110832 0.3228364 0.6990911 0.3195664 0.7050873 0.3195773 0.7050852 0.3228254 0.6990882 0.3228143 0.6990911 0.3195664 0.7050852 0.3228254 0.6930863 0.3195552 0.6990911 0.3195664 0.6990882 0.3228143 0.6930862 0.3228033 0.6930863 0.3195552 0.6990882 0.3228143 0.711088 0.3195884 0.7110926 0.3161476 0.7170827 0.3195994 0.7050903 0.3161365 0.7110926 0.3161476 0.711088 0.3195884 0.7050873 0.3195773 0.7050903 0.3161365 0.711088 0.3195884 0.7050903 0.3161365 0.7050965 0.3120627 0.7110926 0.3161476 0.7050965 0.3120627 0.7110999 0.3120737 0.7110926 0.3161476 0.7110926 0.3161476 0.7110999 0.3120737 0.7170894 0.3161587 0.7110999 0.3120737 0.7170966 0.3120848 0.7170894 0.3161587 0.7170894 0.3161587 0.7170966 0.3120848 0.7230841 0.3161696 0.7170966 0.3120848 0.7230926 0.3120958 0.7230841 0.3161696 0.7230841 0.3161696 0.7230926 0.3120958 0.7290809 0.3161807 0.7230926 0.3120958 0.72909 0.3121069 0.7290809 0.3161807 0.7290809 0.3161807 0.72909 0.3121069 0.7350665 0.3161917 0.72909 0.3121069 0.7350731 0.3121179 0.7350665 0.3161917 0.7350665 0.3161917 0.7350731 0.3121179 0.7410655 0.3162027 0.7350731 0.3121179 0.7410758 0.3121289 0.7410655 0.3162027 0.7410655 0.3162027 0.7410758 0.3121289 0.747093 0.3162139 0.7410758 0.3121289 0.7471033 0.31214 0.747093 0.3162139 0.747093 0.3162139 0.7471033 0.31214 0.7531631 0.3162251 0.7471033 0.31214 0.7531758 0.3121513 0.7531631 0.3162251 0.7531631 0.3162251 0.7531758 0.3121513 0.7593356 0.3162364 0.7531758 0.3121513 0.7593556 0.3121625 0.7593356 0.3162364 0.7593356 0.3162364 0.7593556 0.3121625 0.76573 0.3162481 0.7593556 0.3121625 0.7657651 0.3121743 0.76573 0.3162481 0.76573 0.3162481 0.7657651 0.3121743 0.7726875 0.3162608 0.7657651 0.3121743 0.7727882 0.3121873 0.7726875 0.3162608 0.7726875 0.3162608 0.7727882 0.3121873 0.7811039 0.3162764 0.7727882 0.3121873 0.7818798 0.3122041 0.7811039 0.3162764 0.7726875 0.3162608 0.7811039 0.3162764 0.780044 0.3197153 0.7723702 0.3197012 0.7726875 0.3162608 0.780044 0.3197153 0.76573 0.3162481 0.7726875 0.3162608 0.7723702 0.3197012 0.7656114 0.3196888 0.76573 0.3162481 0.7723702 0.3197012 0.7593356 0.3162364 0.76573 0.3162481 0.7656114 0.3196888 0.7592826 0.3196771 0.7593356 0.3162364 0.7656114 0.3196888 0.7531631 0.3162251 0.7593356 0.3162364 0.7592826 0.3196771 0.7531372 0.3196658 0.7531631 0.3162251 0.7592826 0.3196771 0.747093 0.3162139 0.7531631 0.3162251 0.7531372 0.3196658 0.747075 0.3196547 0.747093 0.3162139 0.7531372 0.3196658 0.7410655 0.3162027 0.747093 0.3162139 0.747075 0.3196547 0.7410542 0.3196436 0.7410655 0.3162027 0.747075 0.3196547 0.7350665 0.3161917 0.7410655 0.3162027 0.7410542 0.3196436 0.7350591 0.3196325 0.7350665 0.3161917 0.7410542 0.3196436 0.7290809 0.3161807 0.7350665 0.3161917 0.7350591 0.3196325 0.7290723 0.3196215 0.7290809 0.3161807 0.7350591 0.3196325 0.7230841 0.3161696 0.7290809 0.3161807 0.7290723 0.3196215 0.7230762 0.3196105 0.7230841 0.3161696 0.7290723 0.3196215 0.7170894 0.3161587 0.7230841 0.3161696 0.7230762 0.3196105 0.7170827 0.3195994 0.7170894 0.3161587 0.7230762 0.3196105 0.7110926 0.3161476 0.7170894 0.3161587 0.7170827 0.3195994 0.699104 0.3120517 0.7050965 0.3120627 0.7050903 0.3161365 0.6990962 0.3161254 0.7050903 0.3161365 0.7050873 0.3195773 0.6990911 0.3195664 0.6990962 0.3161254 0.7050873 0.3195773 0.6930886 0.3161144 0.6990962 0.3161254 0.6990911 0.3195664 0.6930863 0.3195552 0.6930886 0.3161144 0.6990911 0.3195664 0.6615089 0.2983885 0.6531169 0.2983831 0.653118 0.2967484 0.6615099 0.2967538 0.6615089 0.2983885 0.653118 0.2967484 0.669901 0.2983939 0.6615089 0.2983885 0.6615099 0.2967538 0.669902 0.2967593 0.669901 0.2983939 0.6615099 0.2967538 0.6782932 0.2983993 0.669901 0.2983939 0.669902 0.2967593 0.6782942 0.2967646 0.6782932 0.2983993 0.669902 0.2967593 0.6866855 0.2984046 0.6782932 0.2983993 0.6782942 0.2967646 0.6866864 0.2967699 0.6866855 0.2984046 0.6782942 0.2967646 0.6950775 0.2984101 0.6866855 0.2984046 0.6866864 0.2967699 0.6950786 0.2967753 0.6950775 0.2984101 0.6866864 0.2967699 0.7034697 0.2984154 0.6950775 0.2984101 0.6950786 0.2967753 0.7034707 0.2967806 0.7034697 0.2984154 0.6950786 0.2967753 0.7118617 0.2984208 0.7034697 0.2984154 0.7034707 0.2967806 0.7118628 0.2967861 0.7118617 0.2984208 0.7034707 0.2967806 0.7202538 0.2984262 0.7118617 0.2984208 0.7118628 0.2967861 0.7202547 0.2967914 0.7202538 0.2984262 0.7118628 0.2967861 0.728646 0.2984315 0.7202538 0.2984262 0.7202547 0.2967914 0.7286472 0.2967968 0.728646 0.2984315 0.7202547 0.2967914 0.7370381 0.2984369 0.728646 0.2984315 0.7286472 0.2967968 0.7370391 0.2968021 0.7370381 0.2984369 0.7286472 0.2967968 0.7454303 0.2984423 0.7370381 0.2984369 0.7370391 0.2968021 0.7454312 0.2968075 0.7454303 0.2984423 0.7370391 0.2968021 0.7538221 0.2984476 0.7454303 0.2984423 0.7454312 0.2968075 0.7538232 0.2968128 0.7538221 0.2984476 0.7454312 0.2968075 0.7622146 0.298453 0.7538221 0.2984476 0.7538232 0.2968128 0.7622156 0.2968183 0.7622146 0.298453 0.7538232 0.2968128 0.7706066 0.2984583 0.7622146 0.298453 0.7622156 0.2968183 0.7706077 0.2968236 0.7706066 0.2984583 0.7622156 0.2968183 0.7789988 0.2984637 0.7706066 0.2984583 0.7706077 0.2968236 0.7789998 0.296829 0.7789988 0.2984637 0.7706077 0.2968236 0.787391 0.2984692 0.7789988 0.2984637 0.7789998 0.296829 0.787392 0.2968344 0.787391 0.2984692 0.7789998 0.296829 0.6279404 0.2983671 0.6195482 0.2983617 0.6195493 0.296727 0.6279414 0.2967323 0.6279404 0.2983671 0.6195493 0.296727 0.6363325 0.2983725 0.6279404 0.2983671 0.6279414 0.2967323 0.6363335 0.2967377 0.6363325 0.2983725 0.6279414 0.2967323 0.6447247 0.2983778 0.6363325 0.2983725 0.6363335 0.2967377 0.6447257 0.296743 0.6447247 0.2983778 0.6363335 0.2967377 0.6531169 0.2983831 0.6447247 0.2983778 0.6447257 0.296743 0.653118 0.2967484 0.6531169 0.2983831 0.6447257 0.296743 0.6615051 0.304232 0.653113 0.3042268 0.653114 0.3027659 0.6615061 0.3027711 0.6615051 0.304232 0.653114 0.3027659 0.6698971 0.3042374 0.6615051 0.304232 0.6615061 0.3027711 0.6698982 0.3027766 0.6698971 0.3042374 0.6615061 0.3027711 0.6782894 0.3042429 0.6698971 0.3042374 0.6698982 0.3027766 0.6782905 0.3027819 0.6782894 0.3042429 0.6698982 0.3027766 0.6866816 0.3042482 0.6782894 0.3042429 0.6782905 0.3027819 0.6866826 0.3027873 0.6866816 0.3042482 0.6782905 0.3027819 0.6950737 0.3042536 0.6866816 0.3042482 0.6866826 0.3027873 0.6950747 0.3027926 0.6950737 0.3042536 0.6866826 0.3027873 0.7034659 0.304259 0.6950737 0.3042536 0.6950747 0.3027926 0.7034667 0.3027979 0.7034659 0.304259 0.6950747 0.3027926 0.711858 0.3042643 0.7034659 0.304259 0.7034667 0.3027979 0.7118589 0.3028033 0.711858 0.3042643 0.7034667 0.3027979 0.7202501 0.3042696 0.711858 0.3042643 0.7118589 0.3028033 0.720251 0.3028088 0.7202501 0.3042696 0.7118589 0.3028033 0.7286423 0.304275 0.7202501 0.3042696 0.720251 0.3028088 0.7286432 0.3028141 0.7286423 0.304275 0.720251 0.3028088 0.7370346 0.3042804 0.7286423 0.304275 0.7286432 0.3028141 0.7370351 0.3028195 0.7370346 0.3042804 0.7286432 0.3028141 0.7454264 0.3042858 0.7370346 0.3042804 0.7370351 0.3028195 0.7454274 0.3028249 0.7454264 0.3042858 0.7370351 0.3028195 0.7538185 0.3042912 0.7454264 0.3042858 0.7454274 0.3028249 0.7538195 0.3028302 0.7538185 0.3042912 0.7454274 0.3028249 0.7622106 0.3042965 0.7538185 0.3042912 0.7538195 0.3028302 0.7622117 0.3028356 0.7622106 0.3042965 0.7538195 0.3028302 0.7706031 0.304302 0.7622106 0.3042965 0.7622117 0.3028356 0.7706038 0.302841 0.7706031 0.304302 0.7622117 0.3028356 0.7789951 0.3043073 0.7706031 0.304302 0.7706038 0.302841 0.778996 0.3028463 0.7789951 0.3043073 0.7706038 0.302841 0.7873871 0.3043127 0.7789951 0.3043073 0.778996 0.3028463 0.7873881 0.3028517 0.7873871 0.3043127 0.778996 0.3028463 0.7370351 0.3028195 0.7286432 0.3028141 0.7286441 0.3013532 0.7286441 0.3013532 0.7286432 0.3028141 0.7202519 0.3013479 0.7286441 0.3013532 0.7202519 0.3013479 0.7202528 0.2998869 0.7202528 0.2998869 0.7202519 0.3013479 0.7118607 0.2998815 0.7202528 0.2998869 0.7118607 0.2998815 0.7118617 0.2984208 0.7118617 0.2984208 0.7118607 0.2998815 0.7034697 0.2984154 0.7118607 0.2998815 0.7034687 0.2998762 0.7034697 0.2984154 0.7034697 0.2984154 0.7034687 0.2998762 0.6950775 0.2984101 0.7034687 0.2998762 0.6950767 0.2998708 0.6950775 0.2984101 0.6950775 0.2984101 0.6950767 0.2998708 0.6866855 0.2984046 0.6950767 0.2998708 0.6866846 0.2998654 0.6866855 0.2984046 0.6866855 0.2984046 0.6866846 0.2998654 0.6782932 0.2983993 0.6866846 0.2998654 0.6782921 0.2998601 0.6782932 0.2983993 0.6782932 0.2983993 0.6782921 0.2998601 0.669901 0.2983939 0.6782921 0.2998601 0.6699 0.2998548 0.669901 0.2983939 0.669901 0.2983939 0.6699 0.2998548 0.6615089 0.2983885 0.6699 0.2998548 0.661508 0.2998493 0.6615089 0.2983885 0.7202538 0.2984262 0.7202528 0.2998869 0.7118617 0.2984208 0.7286451 0.2998922 0.7202528 0.2998869 0.7202538 0.2984262 0.728646 0.2984315 0.7286451 0.2998922 0.7202538 0.2984262 0.7370371 0.2998977 0.7286451 0.2998922 0.728646 0.2984315 0.7370381 0.2984369 0.7370371 0.2998977 0.728646 0.2984315 0.7454292 0.299903 0.7370371 0.2998977 0.7370381 0.2984369 0.7454303 0.2984423 0.7454292 0.299903 0.7370381 0.2984369 0.7538213 0.2999083 0.7454292 0.299903 0.7454303 0.2984423 0.7538221 0.2984476 0.7538213 0.2999083 0.7454303 0.2984423 0.7622135 0.2999138 0.7538213 0.2999083 0.7538221 0.2984476 0.7622146 0.298453 0.7622135 0.2999138 0.7538221 0.2984476 0.7706056 0.2999191 0.7622135 0.2999138 0.7622146 0.298453 0.7706066 0.2984583 0.7706056 0.2999191 0.7622146 0.298453 0.7789978 0.2999246 0.7706056 0.2999191 0.7706066 0.2984583 0.7789988 0.2984637 0.7789978 0.2999246 0.7706066 0.2984583 0.7873901 0.2999299 0.7789978 0.2999246 0.7789988 0.2984637 0.787391 0.2984692 0.7873901 0.2999299 0.7789988 0.2984637 0.7370371 0.2998977 0.7370361 0.3013586 0.7286451 0.2998922 0.7454283 0.3013641 0.7370361 0.3013586 0.7370371 0.2998977 0.7454292 0.299903 0.7454283 0.3013641 0.7370371 0.2998977 0.7538205 0.3013693 0.7454283 0.3013641 0.7454292 0.299903 0.7538213 0.2999083 0.7538205 0.3013693 0.7454292 0.299903 0.7622126 0.3013747 0.7538205 0.3013693 0.7538213 0.2999083 0.7622135 0.2999138 0.7622126 0.3013747 0.7538213 0.2999083 0.7706048 0.3013801 0.7622126 0.3013747 0.7622135 0.2999138 0.7706056 0.2999191 0.7706048 0.3013801 0.7622135 0.2999138 0.7789968 0.3013855 0.7706048 0.3013801 0.7706056 0.2999191 0.7789978 0.2999246 0.7789968 0.3013855 0.7706056 0.2999191 0.787389 0.3013909 0.7789968 0.3013855 0.7789978 0.2999246 0.7873901 0.2999299 0.787389 0.3013909 0.7789978 0.2999246 0.7454283 0.3013641 0.7454274 0.3028249 0.7370361 0.3013586 0.7454274 0.3028249 0.7370351 0.3028195 0.7370361 0.3013586 0.7370361 0.3013586 0.7370351 0.3028195 0.7286441 0.3013532 0.7370361 0.3013586 0.7286441 0.3013532 0.7286451 0.2998922 0.7286451 0.2998922 0.7286441 0.3013532 0.7202528 0.2998869 0.7538195 0.3028302 0.7454274 0.3028249 0.7454283 0.3013641 0.7538205 0.3013693 0.7538195 0.3028302 0.7454283 0.3013641 0.7622117 0.3028356 0.7538195 0.3028302 0.7538205 0.3013693 0.7622126 0.3013747 0.7622117 0.3028356 0.7538205 0.3013693 0.7706038 0.302841 0.7622117 0.3028356 0.7622126 0.3013747 0.7706048 0.3013801 0.7706038 0.302841 0.7622126 0.3013747 0.778996 0.3028463 0.7706038 0.302841 0.7706048 0.3013801 0.7789968 0.3013855 0.778996 0.3028463 0.7706048 0.3013801 0.7873881 0.3028517 0.778996 0.3028463 0.7789968 0.3013855 0.787389 0.3013909 0.7873881 0.3028517 0.7789968 0.3013855 0.6279364 0.3042106 0.6195445 0.3042052 0.6195454 0.3027443 0.6279375 0.3027497 0.6279364 0.3042106 0.6195454 0.3027443 0.6363288 0.304216 0.6279364 0.3042106 0.6279375 0.3027497 0.6363296 0.3027551 0.6363288 0.304216 0.6279375 0.3027497 0.644721 0.3042213 0.6363288 0.304216 0.6363296 0.3027551 0.6447218 0.3027605 0.644721 0.3042213 0.6363296 0.3027551 0.653113 0.3042268 0.644721 0.3042213 0.6447218 0.3027605 0.653114 0.3027659 0.653113 0.3042268 0.6447218 0.3027605 0.6279375 0.3027497 0.6195454 0.3027443 0.6195463 0.3012835 0.6279385 0.3012887 0.6279375 0.3027497 0.6195463 0.3012835 0.6363296 0.3027551 0.6279375 0.3027497 0.6279385 0.3012887 0.6279385 0.3012887 0.6195463 0.3012835 0.6195473 0.2998225 0.6279393 0.2998278 0.6279385 0.3012887 0.6195473 0.2998225 0.6279393 0.2998278 0.6195473 0.2998225 0.6195482 0.2983617 0.6279404 0.2983671 0.6279393 0.2998278 0.6195482 0.2983617 0.6363316 0.2998332 0.6279393 0.2998278 0.6279404 0.2983671 0.6363325 0.2983725 0.6363316 0.2998332 0.6279404 0.2983671 0.6447238 0.2998387 0.6363316 0.2998332 0.6363325 0.2983725 0.6447247 0.2983778 0.6447238 0.2998387 0.6363325 0.2983725 0.653116 0.299844 0.6447238 0.2998387 0.6447247 0.2983778 0.6531169 0.2983831 0.653116 0.299844 0.6447247 0.2983778 0.661508 0.2998493 0.653116 0.299844 0.6531169 0.2983831 0.6615089 0.2983885 0.661508 0.2998493 0.6531169 0.2983831 0.6363305 0.3012942 0.6279385 0.3012887 0.6279393 0.2998278 0.6363316 0.2998332 0.6363305 0.3012942 0.6279393 0.2998278 0.6447228 0.3012995 0.6363305 0.3012942 0.6363316 0.2998332 0.6447238 0.2998387 0.6447228 0.3012995 0.6363316 0.2998332 0.6531151 0.3013049 0.6447228 0.3012995 0.6447238 0.2998387 0.653116 0.299844 0.6531151 0.3013049 0.6447238 0.2998387 0.6615071 0.3013103 0.6531151 0.3013049 0.653116 0.299844 0.661508 0.2998493 0.6615071 0.3013103 0.653116 0.299844 0.6698991 0.3013157 0.6615071 0.3013103 0.661508 0.2998493 0.6699 0.2998548 0.6698991 0.3013157 0.661508 0.2998493 0.6782913 0.3013211 0.6698991 0.3013157 0.6699 0.2998548 0.6782921 0.2998601 0.6782913 0.3013211 0.6699 0.2998548 0.6866835 0.3013264 0.6782913 0.3013211 0.6782921 0.2998601 0.6866846 0.2998654 0.6866835 0.3013264 0.6782921 0.2998601 0.6950756 0.3013318 0.6866835 0.3013264 0.6866846 0.2998654 0.6950767 0.2998708 0.6950756 0.3013318 0.6866846 0.2998654 0.7034678 0.3013371 0.6950756 0.3013318 0.6950767 0.2998708 0.7034687 0.2998762 0.7034678 0.3013371 0.6950767 0.2998708 0.7118598 0.3013425 0.7034678 0.3013371 0.7034687 0.2998762 0.7118607 0.2998815 0.7118598 0.3013425 0.7034687 0.2998762 0.7202519 0.3013479 0.7118598 0.3013425 0.7118607 0.2998815 0.6698991 0.3013157 0.6698982 0.3027766 0.6615071 0.3013103 0.6698982 0.3027766 0.6615061 0.3027711 0.6615071 0.3013103 0.6782905 0.3027819 0.6698982 0.3027766 0.6698991 0.3013157 0.6782913 0.3013211 0.6782905 0.3027819 0.6698991 0.3013157 0.6866826 0.3027873 0.6782905 0.3027819 0.6782913 0.3013211 0.6866835 0.3013264 0.6866826 0.3027873 0.6782913 0.3013211 0.6950747 0.3027926 0.6866826 0.3027873 0.6866835 0.3013264 0.6950756 0.3013318 0.6950747 0.3027926 0.6866835 0.3013264 0.7034667 0.3027979 0.6950747 0.3027926 0.6950756 0.3013318 0.7034678 0.3013371 0.7034667 0.3027979 0.6950756 0.3013318 0.7118589 0.3028033 0.7034667 0.3027979 0.7034678 0.3013371 0.7118598 0.3013425 0.7118589 0.3028033 0.7034678 0.3013371 0.720251 0.3028088 0.7118589 0.3028033 0.7118598 0.3013425 0.7202519 0.3013479 0.720251 0.3028088 0.7118598 0.3013425 0.7286432 0.3028141 0.720251 0.3028088 0.7202519 0.3013479 0.6615061 0.3027711 0.653114 0.3027659 0.6531151 0.3013049 0.6531151 0.3013049 0.653114 0.3027659 0.6447228 0.3012995 0.653114 0.3027659 0.6447218 0.3027605 0.6447228 0.3012995 0.6447228 0.3012995 0.6447218 0.3027605 0.6363305 0.3012942 0.6447218 0.3027605 0.6363296 0.3027551 0.6363305 0.3012942 0.6363305 0.3012942 0.6363296 0.3027551 0.6279385 0.3012887 0.6615071 0.3013103 0.6615061 0.3027711 0.6531151 0.3013049 0.661504 0.3060541 0.653112 0.3060487 0.653113 0.3042268 0.6615051 0.304232 0.661504 0.3060541 0.653113 0.3042268 0.669896 0.3060594 0.661504 0.3060541 0.6615051 0.304232 0.6698971 0.3042374 0.669896 0.3060594 0.6615051 0.304232 0.6782882 0.3060649 0.669896 0.3060594 0.6698971 0.3042374 0.6782894 0.3042429 0.6782882 0.3060649 0.6698971 0.3042374 0.6866806 0.3060701 0.6782882 0.3060649 0.6782894 0.3042429 0.6866816 0.3042482 0.6866806 0.3060701 0.6782894 0.3042429 0.6950725 0.3060756 0.6866806 0.3060701 0.6866816 0.3042482 0.6950737 0.3042536 0.6950725 0.3060756 0.6866816 0.3042482 0.7034646 0.3060809 0.6950725 0.3060756 0.6950737 0.3042536 0.7034659 0.304259 0.7034646 0.3060809 0.6950737 0.3042536 0.7118567 0.3060863 0.7034646 0.3060809 0.7034659 0.304259 0.711858 0.3042643 0.7118567 0.3060863 0.7034659 0.304259 0.7202489 0.3060917 0.7118567 0.3060863 0.711858 0.3042643 0.7202501 0.3042696 0.7202489 0.3060917 0.711858 0.3042643 0.7286411 0.3060969 0.7202489 0.3060917 0.7202501 0.3042696 0.7286423 0.304275 0.7286411 0.3060969 0.7202501 0.3042696 0.7370331 0.3061024 0.7286411 0.3060969 0.7286423 0.304275 0.7370346 0.3042804 0.7370331 0.3061024 0.7286423 0.304275 0.7454254 0.3061078 0.7370331 0.3061024 0.7370346 0.3042804 0.7454264 0.3042858 0.7454254 0.3061078 0.7370346 0.3042804 0.7538173 0.3061131 0.7454254 0.3061078 0.7454264 0.3042858 0.7538185 0.3042912 0.7538173 0.3061131 0.7454264 0.3042858 0.7622096 0.3061185 0.7538173 0.3061131 0.7538185 0.3042912 0.7622106 0.3042965 0.7622096 0.3061185 0.7538185 0.3042912 0.7706018 0.3061239 0.7622096 0.3061185 0.7622106 0.3042965 0.7706031 0.304302 0.7706018 0.3061239 0.7622106 0.3042965 0.778994 0.3061293 0.7706018 0.3061239 0.7706031 0.304302 0.7789951 0.3043073 0.778994 0.3061293 0.7706031 0.304302 0.7873859 0.3061347 0.778994 0.3061293 0.7789951 0.3043073 0.7873871 0.3043127 0.7873859 0.3061347 0.7789951 0.3043073 0.6279354 0.3060325 0.6195433 0.3060272 0.6195445 0.3042052 0.6279364 0.3042106 0.6279354 0.3060325 0.6195445 0.3042052 0.6363275 0.3060379 0.6279354 0.3060325 0.6279364 0.3042106 0.6363288 0.304216 0.6363275 0.3060379 0.6279364 0.3042106 0.6447197 0.3060433 0.6363275 0.3060379 0.6363288 0.304216 0.644721 0.3042213 0.6447197 0.3060433 0.6363288 0.304216 0.653112 0.3060487 0.6447197 0.3060433 0.644721 0.3042213 0.653113 0.3042268 0.653112 0.3060487 0.644721 0.3042213 0.6615035 0.306701 0.6531115 0.3066956 0.653112 0.3060487 0.661504 0.3060541 0.6615035 0.306701 0.653112 0.3060487 0.6698957 0.3067064 0.6615035 0.306701 0.661504 0.3060541 0.669896 0.3060594 0.6698957 0.3067064 0.661504 0.3060541 0.6782878 0.3067117 0.6698957 0.3067064 0.669896 0.3060594 0.6782882 0.3060649 0.6782878 0.3067117 0.669896 0.3060594 0.6866801 0.3067171 0.6782878 0.3067117 0.6782882 0.3060649 0.6866806 0.3060701 0.6866801 0.3067171 0.6782882 0.3060649 0.6950722 0.3067225 0.6866801 0.3067171 0.6866806 0.3060701 0.6950725 0.3060756 0.6950722 0.3067225 0.6866806 0.3060701 0.7034644 0.3067279 0.6950722 0.3067225 0.6950725 0.3060756 0.7034646 0.3060809 0.7034644 0.3067279 0.6950725 0.3060756 0.7118563 0.3067332 0.7034644 0.3067279 0.7034646 0.3060809 0.7118567 0.3060863 0.7118563 0.3067332 0.7034646 0.3060809 0.7202485 0.3067386 0.7118563 0.3067332 0.7118567 0.3060863 0.7202489 0.3060917 0.7202485 0.3067386 0.7118567 0.3060863 0.7286406 0.306744 0.7202485 0.3067386 0.7202489 0.3060917 0.7286411 0.3060969 0.7286406 0.306744 0.7202489 0.3060917 0.7370329 0.3067494 0.7286406 0.306744 0.7286411 0.3060969 0.7370331 0.3061024 0.7370329 0.3067494 0.7286411 0.3060969 0.7454249 0.3067548 0.7370329 0.3067494 0.7370331 0.3061024 0.7454254 0.3061078 0.7454249 0.3067548 0.7370331 0.3061024 0.753817 0.3067601 0.7454249 0.3067548 0.7454254 0.3061078 0.7538173 0.3061131 0.753817 0.3067601 0.7454254 0.3061078 0.7622092 0.3067654 0.753817 0.3067601 0.7538173 0.3061131 0.7622096 0.3061185 0.7622092 0.3067654 0.7538173 0.3061131 0.7706013 0.3067709 0.7622092 0.3067654 0.7622096 0.3061185 0.7706018 0.3061239 0.7706013 0.3067709 0.7622096 0.3061185 0.7789936 0.3067763 0.7706013 0.3067709 0.7706018 0.3061239 0.778994 0.3061293 0.7789936 0.3067763 0.7706018 0.3061239 0.7873856 0.3067816 0.7789936 0.3067763 0.778994 0.3061293 0.7873859 0.3061347 0.7873856 0.3067816 0.778994 0.3061293 0.6279349 0.3066796 0.619543 0.3066741 0.6195433 0.3060272 0.6279354 0.3060325 0.6279349 0.3066796 0.6195433 0.3060272 0.6363272 0.306685 0.6279349 0.3066796 0.6279354 0.3060325 0.6363275 0.3060379 0.6363272 0.306685 0.6279354 0.3060325 0.6447194 0.3066902 0.6363272 0.306685 0.6363275 0.3060379 0.6447197 0.3060433 0.6447194 0.3066902 0.6363275 0.3060379 0.6531115 0.3066956 0.6447194 0.3066902 0.6447197 0.3060433 0.653112 0.3060487 0.6531115 0.3066956 0.6447197 0.3060433 0.802635 0.3796226 0.8147971 0.3796226 0.8147971 0.3804607 0.802635 0.3804607 0.802635 0.3796226 0.8147971 0.3804607 0.7904729 0.3796226 0.802635 0.3796226 0.802635 0.3804607 0.7904729 0.3804607 0.7904729 0.3796226 0.802635 0.3804607 0.7783108 0.3796226 0.7904729 0.3796226 0.7904729 0.3804607 0.7783108 0.3804607 0.7783108 0.3796226 0.7904729 0.3804607 0.7661486 0.3796226 0.7783108 0.3796226 0.7783108 0.3804607 0.7661486 0.3804607 0.7661486 0.3796226 0.7783108 0.3804607 0.7539862 0.3796226 0.7661486 0.3796226 0.7661486 0.3804607 0.7539865 0.3804607 0.7539862 0.3796226 0.7661486 0.3804607 0.7418242 0.3796226 0.7539862 0.3796226 0.7539865 0.3804607 0.7418242 0.3804607 0.7418242 0.3796226 0.7539865 0.3804607 0.7296621 0.3796226 0.7418242 0.3796226 0.7418242 0.3804607 0.7296621 0.3804607 0.7296621 0.3796226 0.7418242 0.3804607 0.7174998 0.3796226 0.7296621 0.3796226 0.7296621 0.3804607 0.7175 0.3804607 0.7174998 0.3796226 0.7296621 0.3804607 0.7053378 0.3796226 0.7174998 0.3796226 0.7175 0.3804607 0.7053377 0.3804607 0.7053378 0.3796226 0.7175 0.3804607 0.6931754 0.3796226 0.7053378 0.3796226 0.7053377 0.3804607 0.6931754 0.3804607 0.6931754 0.3796226 0.7053377 0.3804607 0.6810133 0.3796226 0.6931754 0.3796226 0.6931754 0.3804607 0.6810133 0.3804607 0.6810133 0.3796226 0.6931754 0.3804607 0.6688514 0.3796226 0.6810133 0.3796226 0.6810133 0.3804607 0.6688514 0.3804607 0.6688514 0.3796226 0.6810133 0.3804607 0.6566892 0.3796226 0.6688514 0.3796226 0.6688514 0.3804607 0.6566891 0.3804607 0.6566892 0.3796226 0.6688514 0.3804607 0.644527 0.3796226 0.6566892 0.3796226 0.6566891 0.3804607 0.6445271 0.3804607 0.644527 0.3796226 0.6566891 0.3804607 0.6323647 0.3796226 0.644527 0.3796226 0.6445271 0.3804607 0.6323647 0.3804607 0.6323647 0.3796226 0.6445271 0.3804607 0.6202028 0.3796226 0.6323647 0.3796226 0.6323647 0.3804607 0.6202027 0.3804607 0.6202028 0.3796226 0.6323647 0.3804607 0.8512838 0.3796226 0.8634459 0.3796226 0.8634459 0.3804607 0.8512837 0.3804607 0.8512838 0.3796226 0.8634459 0.3804607 0.8391216 0.3796226 0.8512838 0.3796226 0.8512837 0.3804607 0.8391216 0.3804607 0.8391216 0.3796226 0.8512837 0.3804607 0.8269594 0.3796226 0.8391216 0.3796226 0.8391216 0.3804607 0.8269594 0.3804607 0.8269594 0.3796226 0.8391216 0.3804607 0.8147971 0.3796226 0.8269594 0.3796226 0.8269594 0.3804607 0.8147971 0.3804607 0.8147971 0.3796226 0.8269594 0.3804607 0.681157 0.3305047 0.6871204 0.3305156 0.6871239 0.3309709 0.6811659 0.3309598 0.681157 0.3305047 0.6871239 0.3309709 0.6752709 0.3304939 0.681157 0.3305047 0.6811659 0.3309598 0.6752928 0.3309491 0.6752709 0.3304939 0.6811659 0.3309598 0.6695114 0.3304833 0.6752709 0.3304939 0.6752928 0.3309491 0.669557 0.3309385 0.6695114 0.3304833 0.6752928 0.3309491 0.6640562 0.3304732 0.6695114 0.3304833 0.669557 0.3309385 0.6641398 0.3309286 0.6640562 0.3304732 0.669557 0.3309385 0.6593953 0.3304647 0.6640562 0.3304732 0.6641398 0.3309286 0.6594984 0.3309199 0.6593953 0.3304647 0.6641398 0.3309286 0.6643117 0.3320825 0.669656 0.3320924 0.669678 0.3325068 0.6643445 0.332497 0.6643117 0.3320825 0.669678 0.3325068 0.669678 0.3325068 0.669656 0.3320924 0.6753516 0.3325172 0.669656 0.3320924 0.6753405 0.3321029 0.6753516 0.3325172 0.6753516 0.3325172 0.6753405 0.3321029 0.6811893 0.332528 0.6753405 0.3321029 0.6811853 0.3321136 0.6811893 0.332528 0.6811893 0.332528 0.6811853 0.3321136 0.6871321 0.3325389 0.6643445 0.332497 0.669678 0.3325068 0.6696973 0.3329777 0.6643717 0.3329678 0.6643445 0.332497 0.6696973 0.3329777 0.669678 0.3325068 0.6753516 0.3325172 0.6753605 0.332988 0.6696973 0.3329777 0.669678 0.3325068 0.6753605 0.332988 0.6753516 0.3325172 0.6811893 0.332528 0.6811927 0.3329988 0.6753605 0.332988 0.6753516 0.3325172 0.6811927 0.3329988 0.6811893 0.332528 0.6871321 0.3325389 0.6871328 0.3330097 0.6811927 0.3329988 0.6811893 0.332528 0.6871328 0.3330097 0.6871328 0.3330097 0.6871321 0.3325389 0.693113 0.3330208 0.6643717 0.3329678 0.6696973 0.3329777 0.6697239 0.3341308 0.6696973 0.3329777 0.6753605 0.332988 0.6753725 0.3341413 0.6697239 0.3341308 0.6696973 0.3329777 0.6753725 0.3341413 0.6753605 0.332988 0.6811927 0.3329988 0.6811957 0.3341519 0.6753725 0.3341413 0.6753605 0.332988 0.6811957 0.3341519 0.6811927 0.3329988 0.6871328 0.3330097 0.6871325 0.334163 0.6811957 0.3341519 0.6811927 0.3329988 0.6871325 0.334163 0.6871328 0.3330097 0.693113 0.3330208 0.6931136 0.3341739 0.6871325 0.334163 0.6871328 0.3330097 0.6931136 0.3341739 0.6931136 0.3341739 0.693113 0.3330208 0.6990959 0.3341849 0.7587072 0.3331415 0.7643837 0.3331519 0.7643535 0.3343051 0.7586916 0.3342946 0.7587072 0.3331415 0.7643535 0.3343051 0.7643535 0.3343051 0.7643837 0.3331519 0.7696763 0.3343148 0.7643837 0.3331519 0.7697104 0.3331618 0.7696763 0.3343148 0.7696763 0.3343148 0.7697104 0.3331618 0.7745622 0.3343239 0.7697104 0.3331618 0.7744122 0.3331704 0.7745622 0.3343239 0.6811002 0.3280615 0.6870978 0.3280724 0.6871138 0.3297144 0.6811388 0.3297033 0.6811002 0.3280615 0.6871138 0.3297144 0.6751323 0.3280505 0.6811002 0.3280615 0.6811388 0.3297033 0.6752253 0.3296926 0.6751323 0.3280505 0.6811388 0.3297033 0.6692064 0.3280395 0.6751323 0.3280505 0.6752253 0.3296926 0.6694139 0.3296819 0.6692064 0.3280395 0.6752253 0.3296926 0.6634185 0.3280289 0.6692064 0.3280395 0.6694139 0.3296819 0.6638667 0.3296718 0.6634185 0.3280289 0.6694139 0.3296819 0.6581048 0.328019 0.6634185 0.3280289 0.6638667 0.3296718 0.6591188 0.3296629 0.6581048 0.328019 0.6638667 0.3296718 0.6811002 0.3280615 0.6810587 0.3257797 0.6870978 0.3280724 0.6810587 0.3257797 0.6870819 0.3257908 0.6870978 0.3280724 0.675029 0.3257685 0.6810587 0.3257797 0.6811002 0.3280615 0.6751323 0.3280505 0.675029 0.3257685 0.6811002 0.3280615 0.6689674 0.3257573 0.675029 0.3257685 0.6751323 0.3280505 0.6692064 0.3280395 0.6689674 0.3257573 0.6751323 0.3280505 0.6628749 0.3257462 0.6689674 0.3257573 0.6692064 0.3280395 0.6634185 0.3280289 0.6628749 0.3257462 0.6692064 0.3280395 0.6568583 0.325735 0.6628749 0.3257462 0.6634185 0.3280289 0.6581048 0.328019 0.6568583 0.325735 0.6634185 0.3280289 0.6810587 0.3257797 0.681016 0.322781 0.6870819 0.3257908 0.681016 0.322781 0.6870672 0.3227922 0.6870819 0.3257908 0.6749188 0.3227698 0.681016 0.322781 0.6810587 0.3257797 0.675029 0.3257685 0.6749188 0.3227698 0.6810587 0.3257797 0.6687037 0.3227583 0.6749188 0.3227698 0.675029 0.3257685 0.6689674 0.3257573 0.6687037 0.3227583 0.675029 0.3257685 0.662245 0.3227464 0.6687037 0.3227583 0.6689674 0.3257573 0.6628749 0.3257462 0.662245 0.3227464 0.6689674 0.3257573 0.65539 0.3227339 0.662245 0.3227464 0.6628749 0.3257462 0.6568583 0.325735 0.65539 0.3227339 0.6628749 0.3257462 0.681016 0.322781 0.6809895 0.319533 0.6870672 0.3227922 0.6809895 0.319533 0.6870571 0.3195441 0.6870672 0.3227922 0.6748409 0.3195217 0.6809895 0.319533 0.681016 0.322781 0.6749188 0.3227698 0.6748409 0.3195217 0.681016 0.322781 0.6685095 0.31951 0.6748409 0.3195217 0.6749188 0.3227698 0.6687037 0.3227583 0.6685095 0.31951 0.6749188 0.3227698 0.66175 0.3194976 0.6685095 0.31951 0.6687037 0.3227583 0.662245 0.3227464 0.66175 0.3194976 0.6687037 0.3227583 0.6540735 0.3194834 0.66175 0.3194976 0.662245 0.3227464 0.65539 0.3227339 0.6540735 0.3194834 0.662245 0.3227464 0.6809895 0.319533 0.6809775 0.3160921 0.6870571 0.3195441 0.6748005 0.3160807 0.6809775 0.3160921 0.6809895 0.319533 0.6748409 0.3195217 0.6748005 0.3160807 0.6809895 0.319533 0.6684018 0.3160689 0.6748005 0.3160807 0.6748409 0.3195217 0.6685095 0.31951 0.6684018 0.3160689 0.6748409 0.3195217 0.6614432 0.3160561 0.6684018 0.3160689 0.6685095 0.31951 0.66175 0.3194976 0.6614432 0.3160561 0.6685095 0.31951 0.6530262 0.3160406 0.6614432 0.3160561 0.66175 0.3194976 0.6540735 0.3194834 0.6530262 0.3160406 0.66175 0.3194976 0.6389677 0.3330342 0.6352901 0.3319512 0.6355636 0.3298494 0.6398773 0.3311198 0.6389677 0.3330342 0.6355636 0.3298494 0.6355636 0.3298494 0.6352901 0.3319512 0.6310685 0.3299742 0.6352901 0.3319512 0.6314579 0.3320576 0.6310685 0.3299742 0.6310685 0.3299742 0.6314579 0.3320576 0.6268318 0.3314821 0.6314579 0.3320576 0.627846 0.3333432 0.6268318 0.3314821 0.6268318 0.3314821 0.627846 0.3333432 0.6232686 0.3342253 0.627846 0.3333432 0.6248081 0.3356818 0.6232686 0.3342253 0.6232686 0.3342253 0.6248081 0.3356818 0.6207274 0.3379352 0.6248081 0.3356818 0.6226417 0.3388447 0.6207274 0.3379352 0.6207274 0.3379352 0.6226417 0.3388447 0.6194571 0.342249 0.6226417 0.3388447 0.6215588 0.3425223 0.6194571 0.342249 0.6194571 0.342249 0.6215588 0.3425223 0.6195819 0.3467441 0.6215588 0.3425223 0.6216652 0.3463545 0.6195819 0.3467441 0.6195819 0.3467441 0.6216652 0.3463545 0.6210898 0.3509806 0.6216652 0.3463545 0.6229507 0.3499663 0.6210898 0.3509806 0.6210898 0.3509806 0.6229507 0.3499663 0.6238327 0.3545438 0.6229507 0.3499663 0.6252894 0.3530041 0.6238327 0.3545438 0.6238327 0.3545438 0.6252894 0.3530041 0.6275429 0.357085 0.6252894 0.3530041 0.6284523 0.3551706 0.6275429 0.357085 0.6275429 0.357085 0.6284523 0.3551706 0.6318565 0.3583553 0.6284523 0.3551706 0.63213 0.3562535 0.6318565 0.3583553 0.6318565 0.3583553 0.63213 0.3562535 0.6363518 0.3582306 0.63213 0.3562535 0.6359622 0.3561472 0.6363518 0.3582306 0.6363518 0.3582306 0.6359622 0.3561472 0.6405883 0.3567227 0.6359622 0.3561472 0.6395739 0.3548616 0.6405883 0.3567227 0.6405883 0.3567227 0.6395739 0.3548616 0.6441515 0.3539796 0.6395739 0.3548616 0.6426116 0.352523 0.6441515 0.3539796 0.6441515 0.3539796 0.6426116 0.352523 0.6466925 0.3502694 0.6426116 0.352523 0.6447782 0.3493601 0.6466925 0.3502694 0.6466925 0.3502694 0.6447782 0.3493601 0.6479629 0.3459559 0.6447782 0.3493601 0.6458612 0.3456825 0.6479629 0.3459559 0.6479629 0.3459559 0.6458612 0.3456825 0.6478382 0.3414606 0.6458612 0.3456825 0.6457548 0.3418502 0.6478382 0.3414606 0.6478382 0.3414606 0.6457548 0.3418502 0.6463303 0.3372242 0.6457548 0.3418502 0.6444693 0.3382385 0.6463303 0.3372242 0.6463303 0.3372242 0.6444693 0.3382385 0.6435872 0.333661 0.6444693 0.3382385 0.6421305 0.3352007 0.6435872 0.333661 0.6435872 0.333661 0.6421305 0.3352007 0.6398773 0.3311198 0.6421305 0.3352007 0.6389677 0.3330342 0.6398773 0.3311198 0.6395739 0.3548616 0.6387078 0.3532723 0.6426116 0.352523 0.6356294 0.354368 0.6387078 0.3532723 0.6395739 0.3548616 0.6387078 0.3532723 0.641297 0.3512791 0.6426116 0.352523 0.6426116 0.352523 0.641297 0.3512791 0.6447782 0.3493601 0.641297 0.3512791 0.6431432 0.3485834 0.6447782 0.3493601 0.6447782 0.3493601 0.6431432 0.3485834 0.6458612 0.3456825 0.6431432 0.3485834 0.6440664 0.3454491 0.6458612 0.3456825 0.6458612 0.3456825 0.6440664 0.3454491 0.6457548 0.3418502 0.6440664 0.3454491 0.6439756 0.3421829 0.6457548 0.3418502 0.6457548 0.3418502 0.6439756 0.3421829 0.6444693 0.3382385 0.6439756 0.3421829 0.6428799 0.3391045 0.6444693 0.3382385 0.6444693 0.3382385 0.6428799 0.3391045 0.6421305 0.3352007 0.6428799 0.3391045 0.6408869 0.3365156 0.6421305 0.3352007 0.6421305 0.3352007 0.6408869 0.3365156 0.6389677 0.3330342 0.6408869 0.3365156 0.6381909 0.334669 0.6389677 0.3330342 0.6389677 0.3330342 0.6381909 0.334669 0.6352901 0.3319512 0.6381909 0.334669 0.6350567 0.3337461 0.6352901 0.3319512 0.6352901 0.3319512 0.6350567 0.3337461 0.6314579 0.3320576 0.6350567 0.3337461 0.6317905 0.3338367 0.6314579 0.3320576 0.6314579 0.3320576 0.6317905 0.3338367 0.627846 0.3333432 0.6317905 0.3338367 0.6287122 0.3349325 0.627846 0.3333432 0.627846 0.3333432 0.6287122 0.3349325 0.6248081 0.3356818 0.6287122 0.3349325 0.6261233 0.3369256 0.6248081 0.3356818 0.6248081 0.3356818 0.6261233 0.3369256 0.6226417 0.3388447 0.6261233 0.3369256 0.6242767 0.3396213 0.6226417 0.3388447 0.6226417 0.3388447 0.6242767 0.3396213 0.6215588 0.3425223 0.6242767 0.3396213 0.6233538 0.3427557 0.6215588 0.3425223 0.6215588 0.3425223 0.6233538 0.3427557 0.6216652 0.3463545 0.6233538 0.3427557 0.6234445 0.3460218 0.6216652 0.3463545 0.6216652 0.3463545 0.6234445 0.3460218 0.6229507 0.3499663 0.6234445 0.3460218 0.6245402 0.3491001 0.6229507 0.3499663 0.6229507 0.3499663 0.6245402 0.3491001 0.6252894 0.3530041 0.6245402 0.3491001 0.6265332 0.3516892 0.6252894 0.3530041 0.6252894 0.3530041 0.6265332 0.3516892 0.6284523 0.3551706 0.6265332 0.3516892 0.6292289 0.3535357 0.6284523 0.3551706 0.6284523 0.3551706 0.6292289 0.3535357 0.63213 0.3562535 0.6292289 0.3535357 0.6323633 0.3544586 0.63213 0.3562535 0.63213 0.3562535 0.6323633 0.3544586 0.6359622 0.3561472 0.6323633 0.3544586 0.6356294 0.354368 0.6359622 0.3561472 0.6359622 0.3561472 0.6356294 0.354368 0.6395739 0.3548616 0.6242767 0.3396213 0.6257107 0.3403024 0.6233538 0.3427557 0.6272764 0.3380165 0.6257107 0.3403024 0.6242767 0.3396213 0.6261233 0.3369256 0.6272764 0.3380165 0.6242767 0.3396213 0.6294721 0.3363261 0.6272764 0.3380165 0.6261233 0.3369256 0.6287122 0.3349325 0.6294721 0.3363261 0.6261233 0.3369256 0.6320824 0.3353973 0.6294721 0.3363261 0.6287122 0.3349325 0.6317905 0.3338367 0.6320824 0.3353973 0.6287122 0.3349325 0.6348519 0.3353202 0.6320824 0.3353973 0.6317905 0.3338367 0.6350567 0.3337461 0.6348519 0.3353202 0.6317905 0.3338367 0.63751 0.336103 0.6348519 0.3353202 0.6350567 0.3337461 0.6381909 0.334669 0.63751 0.336103 0.6350567 0.3337461 0.6323633 0.3544586 0.6325678 0.3528844 0.6356294 0.354368 0.62991 0.3521018 0.6325678 0.3528844 0.6323633 0.3544586 0.6292289 0.3535357 0.62991 0.3521018 0.6323633 0.3544586 0.6276242 0.350536 0.62991 0.3521018 0.6292289 0.3535357 0.6265332 0.3516892 0.6276242 0.350536 0.6292289 0.3535357 0.625934 0.3483404 0.6276242 0.350536 0.6265332 0.3516892 0.6245402 0.3491001 0.625934 0.3483404 0.6265332 0.3516892 0.6250048 0.3457301 0.625934 0.3483404 0.6245402 0.3491001 0.6234445 0.3460218 0.6250048 0.3457301 0.6245402 0.3491001 0.6249278 0.3429604 0.6250048 0.3457301 0.6234445 0.3460218 0.6233538 0.3427557 0.6249278 0.3429604 0.6234445 0.3460218 0.6257107 0.3403024 0.6249278 0.3429604 0.6233538 0.3427557 0.6397959 0.3376687 0.63751 0.336103 0.6381909 0.334669 0.6408869 0.3365156 0.6397959 0.3376687 0.6381909 0.334669 0.6414861 0.3398643 0.6397959 0.3376687 0.6408869 0.3365156 0.6428799 0.3391045 0.6414861 0.3398643 0.6408869 0.3365156 0.6424153 0.3424746 0.6414861 0.3398643 0.6428799 0.3391045 0.6439756 0.3421829 0.6424153 0.3424746 0.6428799 0.3391045 0.6424921 0.3452444 0.6424153 0.3424746 0.6439756 0.3421829 0.6440664 0.3454491 0.6424921 0.3452444 0.6439756 0.3421829 0.6417094 0.3479023 0.6424921 0.3452444 0.6440664 0.3454491 0.6431432 0.3485834 0.6417094 0.3479023 0.6440664 0.3454491 0.6401435 0.3501883 0.6417094 0.3479023 0.6431432 0.3485834 0.641297 0.3512791 0.6401435 0.3501883 0.6431432 0.3485834 0.6379482 0.3518785 0.6401435 0.3501883 0.641297 0.3512791 0.6387078 0.3532723 0.6379482 0.3518785 0.641297 0.3512791 0.6353378 0.3528075 0.6379482 0.3518785 0.6387078 0.3532723 0.6356294 0.354368 0.6353378 0.3528075 0.6387078 0.3532723 0.6325678 0.3528844 0.6353378 0.3528075 0.6356294 0.354368 0.8512837 0.4044288 0.8634459 0.4044288 0.8634459 0.4056174 0.8512837 0.4056174 0.8512837 0.4044288 0.8634459 0.4056174 0.8391215 0.4044288 0.8512837 0.4044288 0.8512837 0.4056174 0.8391216 0.4056174 0.8391215 0.4044288 0.8512837 0.4056174 0.8269594 0.4044288 0.8391215 0.4044288 0.8391216 0.4056174 0.8269594 0.4056174 0.8269594 0.4044288 0.8391216 0.4056174 0.8147971 0.4044288 0.8269594 0.4044288 0.8269594 0.4056174 0.8147971 0.4056174 0.8147971 0.4044288 0.8269594 0.4056174 0.802635 0.4044288 0.8147971 0.4044288 0.8147971 0.4056174 0.802635 0.4056174 0.802635 0.4044288 0.8147971 0.4056174 0.7904729 0.4044288 0.802635 0.4044288 0.802635 0.4056174 0.7904729 0.4056174 0.7904729 0.4044288 0.802635 0.4056174 0.7783108 0.4044288 0.7904729 0.4044288 0.7904729 0.4056174 0.7783108 0.4056174 0.7783108 0.4044288 0.7904729 0.4056174 0.7661487 0.4044288 0.7783108 0.4044288 0.7783108 0.4056174 0.7661486 0.4056174 0.7661487 0.4044288 0.7783108 0.4056174 0.7539865 0.4044288 0.7661487 0.4044288 0.7661486 0.4056174 0.7539865 0.4056174 0.7539865 0.4044288 0.7661486 0.4056174 0.7418243 0.4044288 0.7539865 0.4044288 0.7539865 0.4056174 0.7418242 0.4056174 0.7418243 0.4044288 0.7539865 0.4056174 0.7296621 0.4044288 0.7418243 0.4044288 0.7418242 0.4056174 0.7296621 0.4056174 0.7296621 0.4044288 0.7418242 0.4056174 0.7175 0.4044288 0.7296621 0.4044288 0.7296621 0.4056174 0.7175 0.4056174 0.7175 0.4044288 0.7296621 0.4056174 0.7053377 0.4044288 0.7175 0.4044288 0.7175 0.4056174 0.7053377 0.4056174 0.7053377 0.4044288 0.7175 0.4056174 0.6931755 0.4044288 0.7053377 0.4044288 0.7053377 0.4056174 0.6931755 0.4056174 0.6931755 0.4044288 0.7053377 0.4056174 0.6810134 0.4044288 0.6931755 0.4044288 0.6931755 0.4056174 0.6810134 0.4056174 0.6810134 0.4044288 0.6931755 0.4056174 0.6688514 0.4044288 0.6810134 0.4044288 0.6810134 0.4056174 0.6688514 0.4056174 0.6688514 0.4044288 0.6810134 0.4056174 0.6566892 0.4044288 0.6688514 0.4044288 0.6688514 0.4056174 0.6566892 0.4056174 0.6566892 0.4044288 0.6688514 0.4056174 0.6445268 0.4044288 0.6566892 0.4044288 0.6566892 0.4056174 0.6445268 0.4056174 0.6445268 0.4044288 0.6566892 0.4056174 0.632365 0.4044288 0.6445268 0.4044288 0.6445268 0.4056174 0.632365 0.4056174 0.632365 0.4044288 0.6445268 0.4056174 0.6202027 0.4044288 0.632365 0.4044288 0.632365 0.4056174 0.6202027 0.4056174 0.6202027 0.4044288 0.632365 0.4056174 0.6202027 0.4044288 0.6214774 0.4029465 0.632365 0.4044288 0.6214746 0.3830348 0.6214774 0.4029465 0.6202027 0.4044288 0.6215636 0.4028444 0.6214774 0.4029465 0.6214746 0.3830348 0.6215607 0.3831368 0.6215636 0.4028444 0.6214746 0.3830348 0.6216397 0.4027624 0.6215636 0.4028444 0.6215607 0.3831368 0.6216369 0.3832188 0.6216397 0.4027624 0.6215607 0.3831368 0.6214746 0.3830348 0.6310913 0.3830365 0.6215607 0.3831368 0.6310913 0.3830365 0.6310052 0.3831384 0.6215607 0.3831368 0.6215607 0.3831368 0.6310052 0.3831384 0.6216369 0.3832188 0.6310052 0.3831384 0.6309291 0.3832204 0.6216369 0.3832188 0.6215636 0.4028444 0.6310054 0.4028461 0.6214774 0.4029465 0.6310054 0.4028461 0.6310915 0.402948 0.6214774 0.4029465 0.6310915 0.402948 0.6310054 0.4028461 0.6310052 0.3831384 0.6310913 0.3830365 0.6310915 0.402948 0.6310052 0.3831384 0.6214774 0.4029465 0.6310915 0.402948 0.632365 0.4044288 0.6309293 0.4027641 0.6310054 0.4028461 0.6215636 0.4028444 0.6216397 0.4027624 0.6309293 0.4027641 0.6215636 0.4028444 0.6310052 0.3831384 0.6310054 0.4028461 0.6309291 0.3832204 0.6310054 0.4028461 0.6309293 0.4027641 0.6309291 0.3832204 0.6310913 0.3830365 0.6214746 0.3830348 0.6202027 0.3815559 0.6202027 0.3815559 0.6214746 0.3830348 0.6202027 0.4044288 0.6323647 0.3815559 0.6310913 0.3830365 0.6202027 0.3815559 0.6310915 0.402948 0.6310913 0.3830365 0.6323647 0.3815559 0.6202027 0.3815559 0.6202027 0.3804607 0.6323647 0.3815559 0.6202027 0.3804607 0.6323647 0.3804607 0.6323647 0.3815559 0.6323647 0.3815559 0.6323647 0.3804607 0.6445267 0.3815559 0.6323647 0.3804607 0.6445271 0.3804607 0.6445267 0.3815559 0.6445267 0.3815559 0.6445271 0.3804607 0.6566891 0.3815559 0.6445271 0.3804607 0.6566891 0.3804607 0.6566891 0.3815559 0.6566891 0.3815559 0.6566891 0.3804607 0.6688514 0.3815559 0.6566891 0.3804607 0.6688514 0.3804607 0.6688514 0.3815559 0.6688514 0.3815559 0.6688514 0.3804607 0.6810133 0.3815559 0.6688514 0.3804607 0.6810133 0.3804607 0.6810133 0.3815559 0.6810133 0.3815559 0.6810133 0.3804607 0.6931754 0.3815559 0.6810133 0.3804607 0.6931754 0.3804607 0.6931754 0.3815559 0.6931754 0.3815559 0.6931754 0.3804607 0.7053378 0.3815559 0.6931754 0.3804607 0.7053377 0.3804607 0.7053378 0.3815559 0.7053378 0.3815559 0.7053377 0.3804607 0.7174999 0.3815559 0.7053377 0.3804607 0.7175 0.3804607 0.7174999 0.3815559 0.7174999 0.3815559 0.7175 0.3804607 0.7296621 0.3815559 0.7175 0.3804607 0.7296621 0.3804607 0.7296621 0.3815559 0.7296621 0.3815559 0.7296621 0.3804607 0.7418242 0.3815559 0.7296621 0.3804607 0.7418242 0.3804607 0.7418242 0.3815559 0.7418242 0.3815559 0.7418242 0.3804607 0.7539865 0.3815559 0.7418242 0.3804607 0.7539865 0.3804607 0.7539865 0.3815559 0.7539865 0.3815559 0.7539865 0.3804607 0.7661486 0.3815559 0.7539865 0.3804607 0.7661486 0.3804607 0.7661486 0.3815559 0.7661486 0.3815559 0.7661486 0.3804607 0.7783108 0.3815559 0.7661486 0.3804607 0.7783108 0.3804607 0.7783108 0.3815559 0.7783108 0.3815559 0.7783108 0.3804607 0.7904729 0.3815559 0.7783108 0.3804607 0.7904729 0.3804607 0.7904729 0.3815559 0.7904729 0.3815559 0.7904729 0.3804607 0.802635 0.3815559 0.7904729 0.3804607 0.802635 0.3804607 0.802635 0.3815559 0.802635 0.3815559 0.802635 0.3804607 0.8147971 0.3815559 0.802635 0.3804607 0.8147971 0.3804607 0.8147971 0.3815559 0.8147971 0.3815559 0.8147971 0.3804607 0.8269594 0.3815559 0.8147971 0.3804607 0.8269594 0.3804607 0.8269594 0.3815559 0.8269594 0.3815559 0.8269594 0.3804607 0.8391216 0.3815559 0.8269594 0.3804607 0.8391216 0.3804607 0.8391216 0.3815559 0.8391216 0.3815559 0.8391216 0.3804607 0.8512837 0.3815559 0.8391216 0.3804607 0.8512837 0.3804607 0.8512837 0.3815559 0.8512837 0.3815559 0.8512837 0.3804607 0.8634459 0.3815559 0.8512837 0.3804607 0.8634459 0.3804607 0.8634459 0.3815559 0.8391216 0.3815559 0.8378483 0.3830364 0.8269594 0.3815559 0.8378483 0.3830364 0.8282304 0.3830338 0.8269594 0.3815559 0.8282304 0.3830338 0.8378483 0.3830364 0.8283163 0.3831354 0.8283163 0.3831354 0.8283205 0.4028441 0.8282304 0.3830338 0.8283205 0.4028441 0.8282345 0.4029459 0.8282304 0.3830338 0.8283965 0.4027622 0.8283205 0.4028441 0.8283163 0.3831354 0.8283925 0.3832175 0.8283965 0.4027622 0.8283163 0.3831354 0.8378483 0.3830364 0.8377621 0.3831383 0.8283163 0.3831354 0.8283163 0.3831354 0.8377621 0.3831383 0.8283925 0.3832175 0.8377621 0.3831383 0.837686 0.3832203 0.8283925 0.3832175 0.8378483 0.3830364 0.8378482 0.402948 0.8377621 0.3831383 0.8378482 0.402948 0.8377621 0.4028461 0.8377621 0.3831383 0.8282345 0.4029459 0.8283205 0.4028441 0.8377621 0.4028461 0.8378482 0.402948 0.8282345 0.4029459 0.8377621 0.4028461 0.8377621 0.3831383 0.8377621 0.4028461 0.837686 0.3832203 0.8377621 0.4028461 0.837686 0.4027641 0.837686 0.3832203 0.8377621 0.4028461 0.8283205 0.4028441 0.837686 0.4027641 0.8283205 0.4028441 0.8283965 0.4027622 0.837686 0.4027641 0.8378482 0.402948 0.8378483 0.3830364 0.8391216 0.3815559 0.8391215 0.4044288 0.8378482 0.402948 0.8391216 0.3815559 0.8282345 0.4029459 0.8378482 0.402948 0.8391215 0.4044288 0.8269594 0.4044288 0.8282345 0.4029459 0.8391215 0.4044288 0.8282304 0.3830338 0.8282345 0.4029459 0.8269594 0.4044288 0.8269594 0.3815559 0.8282304 0.3830338 0.8269594 0.4044288 0.8269594 0.4044288 0.8256877 0.4029502 0.8269594 0.3815559 0.8256877 0.4029502 0.8256843 0.3830388 0.8269594 0.3815559 0.8256843 0.3830388 0.8256877 0.4029502 0.8255984 0.3831406 0.8256843 0.3830388 0.8255984 0.3831406 0.8161566 0.3831388 0.8161566 0.3831388 0.8255984 0.3831406 0.8162328 0.3832208 0.8255984 0.3831406 0.8255223 0.3832225 0.8162328 0.3832208 0.8160706 0.3830369 0.8256843 0.3830388 0.8161566 0.3831388 0.8161566 0.3831388 0.8161568 0.4028461 0.8160706 0.3830369 0.8161568 0.4028461 0.8160707 0.402948 0.8160706 0.3830369 0.8160707 0.402948 0.8256877 0.4029502 0.8269594 0.4044288 0.8162329 0.4027641 0.8161568 0.4028461 0.8161566 0.3831388 0.8162328 0.3832208 0.8162329 0.4027641 0.8161566 0.3831388 0.8256018 0.4028484 0.8256877 0.4029502 0.8160707 0.402948 0.8161568 0.4028461 0.8256018 0.4028484 0.8160707 0.402948 0.8256877 0.4029502 0.8256018 0.4028484 0.8255984 0.3831406 0.8255255 0.4027663 0.8256018 0.4028484 0.8161568 0.4028461 0.8162329 0.4027641 0.8255255 0.4027663 0.8161568 0.4028461 0.8255984 0.3831406 0.8256018 0.4028484 0.8255223 0.3832225 0.8256018 0.4028484 0.8255255 0.4027663 0.8255223 0.3832225 0.8160706 0.3830369 0.8160707 0.402948 0.8147971 0.4044288 0.8147971 0.3815559 0.8160706 0.3830369 0.8147971 0.4044288 0.8256843 0.3830388 0.8160706 0.3830369 0.8147971 0.3815559 0.8269594 0.3815559 0.8256843 0.3830388 0.8147971 0.3815559 0.8147971 0.4044288 0.8160707 0.402948 0.8269594 0.4044288 0.8162328 0.3832208 0.8175294 0.3844884 0.8162329 0.4027641 0.8175294 0.3844884 0.8175294 0.4014964 0.8162329 0.4027641 0.8255255 0.4027663 0.824227 0.4014964 0.8255223 0.3832225 0.824227 0.4014964 0.824227 0.3844884 0.8255223 0.3832225 0.8162329 0.4027641 0.8175294 0.4014964 0.8255255 0.4027663 0.8175294 0.4014964 0.824227 0.4014964 0.8255255 0.4027663 0.8147971 0.4044288 0.8135256 0.4029502 0.8147971 0.3815559 0.8135256 0.4029502 0.8135222 0.3830385 0.8147971 0.3815559 0.8135222 0.3830385 0.8135256 0.4029502 0.8134362 0.3831403 0.8135222 0.3830385 0.8134362 0.3831403 0.8039924 0.3831363 0.8039924 0.3831363 0.8134362 0.3831403 0.8040686 0.3832183 0.8134362 0.3831403 0.81336 0.3832222 0.8040686 0.3832183 0.8039065 0.3830345 0.8135222 0.3830385 0.8039924 0.3831363 0.8039924 0.3831363 0.8039969 0.4028437 0.8039065 0.3830345 0.8039969 0.4028437 0.8039106 0.4029458 0.8039065 0.3830345 0.8040731 0.4027616 0.8039969 0.4028437 0.8039924 0.3831363 0.8040686 0.3832183 0.8040731 0.4027616 0.8039924 0.3831363 0.8134397 0.4028485 0.8135256 0.4029502 0.8039106 0.4029458 0.8039969 0.4028437 0.8134397 0.4028485 0.8039106 0.4029458 0.8135256 0.4029502 0.8134397 0.4028485 0.8134362 0.3831403 0.8133635 0.4027664 0.8134397 0.4028485 0.8039969 0.4028437 0.8040731 0.4027616 0.8133635 0.4027664 0.8039969 0.4028437 0.8134362 0.3831403 0.8134397 0.4028485 0.81336 0.3832222 0.8134397 0.4028485 0.8133635 0.4027664 0.81336 0.3832222 0.8039065 0.3830345 0.8039106 0.4029458 0.802635 0.4044288 0.802635 0.3815559 0.8039065 0.3830345 0.802635 0.4044288 0.802635 0.4044288 0.8013616 0.4029482 0.802635 0.3815559 0.8013616 0.4029482 0.8013617 0.3830366 0.802635 0.3815559 0.8013617 0.3830366 0.8013616 0.4029482 0.8012757 0.3831385 0.8013617 0.3830366 0.8012757 0.3831385 0.7918342 0.3831408 0.7918342 0.3831408 0.8012757 0.3831385 0.7919103 0.3832228 0.8012757 0.3831385 0.8011995 0.3832206 0.7919103 0.3832228 0.7917482 0.383039 0.8013617 0.3830366 0.7918342 0.3831408 0.7918342 0.3831408 0.7918304 0.4028487 0.7917482 0.383039 0.7918304 0.4028487 0.7917444 0.4029504 0.7917482 0.383039 0.7917444 0.4029504 0.8013616 0.4029482 0.802635 0.4044288 0.7919066 0.4027665 0.7918304 0.4028487 0.7918342 0.3831408 0.7919103 0.3832228 0.7919066 0.4027665 0.7918342 0.3831408 0.8012755 0.4028463 0.8013616 0.4029482 0.7917444 0.4029504 0.7918304 0.4028487 0.8012755 0.4028463 0.7917444 0.4029504 0.8013616 0.4029482 0.8012755 0.4028463 0.8012757 0.3831385 0.8011994 0.4027643 0.8012755 0.4028463 0.7918304 0.4028487 0.7919066 0.4027665 0.8011994 0.4027643 0.7918304 0.4028487 0.8012757 0.3831385 0.8012755 0.4028463 0.8011995 0.3832206 0.8012755 0.4028463 0.8011994 0.4027643 0.8011995 0.3832206 0.7917482 0.383039 0.7917444 0.4029504 0.7904729 0.4044288 0.7904729 0.3815559 0.7917482 0.383039 0.7904729 0.4044288 0.7904729 0.4044288 0.7891994 0.402948 0.7904729 0.3815559 0.7891994 0.402948 0.7891997 0.3830366 0.7904729 0.3815559 0.7891997 0.3830366 0.7891994 0.402948 0.7891136 0.3831385 0.7891997 0.3830366 0.7891136 0.3831385 0.7796718 0.3831406 0.7796718 0.3831406 0.7891136 0.3831385 0.7797479 0.3832225 0.7891136 0.3831385 0.7890375 0.3832206 0.7797479 0.3832225 0.7795858 0.3830387 0.7891997 0.3830366 0.7796718 0.3831406 0.7796718 0.3831406 0.7796684 0.4028484 0.7795858 0.3830387 0.7796684 0.4028484 0.7795825 0.4029502 0.7795858 0.3830387 0.7795825 0.4029502 0.7891994 0.402948 0.7904729 0.4044288 0.7797446 0.4027663 0.7796684 0.4028484 0.7796718 0.3831406 0.7797479 0.3832225 0.7797446 0.4027663 0.7796718 0.3831406 0.7891133 0.4028461 0.7891994 0.402948 0.7795825 0.4029502 0.7796684 0.4028484 0.7891133 0.4028461 0.7795825 0.4029502 0.7891994 0.402948 0.7891133 0.4028461 0.7891136 0.3831385 0.7890371 0.4027641 0.7891133 0.4028461 0.7796684 0.4028484 0.7797446 0.4027663 0.7890371 0.4027641 0.7796684 0.4028484 0.7891136 0.3831385 0.7891133 0.4028461 0.7890375 0.3832206 0.7891133 0.4028461 0.7890371 0.4027641 0.7890375 0.3832206 0.7795858 0.3830387 0.7795825 0.4029502 0.7783108 0.4044288 0.7783108 0.3815559 0.7795858 0.3830387 0.7783108 0.4044288 0.7783108 0.4044288 0.7770357 0.4029458 0.7783108 0.3815559 0.7770357 0.4029458 0.7770392 0.3830344 0.7783108 0.3815559 0.7770392 0.3830344 0.7770357 0.4029458 0.7769532 0.383136 0.7770392 0.3830344 0.7769532 0.383136 0.7675065 0.3831364 0.7675065 0.3831364 0.7769532 0.383136 0.7675827 0.3832185 0.7769532 0.383136 0.776877 0.3832182 0.7675827 0.3832185 0.7674205 0.3830347 0.7770392 0.3830344 0.7675065 0.3831364 0.7675065 0.3831364 0.7675096 0.4028441 0.7674205 0.3830347 0.7675096 0.4028441 0.7674236 0.402946 0.7674205 0.3830347 0.7674236 0.402946 0.7770357 0.4029458 0.7783108 0.4044288 0.7675857 0.4027622 0.7675096 0.4028441 0.7675065 0.3831364 0.7675827 0.3832185 0.7675857 0.4027622 0.7675065 0.3831364 0.7769497 0.402844 0.7770357 0.4029458 0.7674236 0.402946 0.7675096 0.4028441 0.7769497 0.402844 0.7674236 0.402946 0.7770357 0.4029458 0.7769497 0.402844 0.7769532 0.383136 0.7768735 0.4027619 0.7769497 0.402844 0.7675096 0.4028441 0.7675857 0.4027622 0.7768735 0.4027619 0.7675096 0.4028441 0.7769532 0.383136 0.7769497 0.402844 0.776877 0.3832182 0.7769497 0.402844 0.7768735 0.4027619 0.776877 0.3832182 0.7674205 0.3830347 0.7674236 0.402946 0.7661487 0.4044288 0.7661486 0.3815559 0.7674205 0.3830347 0.7661487 0.4044288 0.7661487 0.4044288 0.7648736 0.402946 0.7661486 0.3815559 0.7648736 0.402946 0.7648769 0.3830345 0.7661486 0.3815559 0.7648769 0.3830345 0.7648736 0.402946 0.764791 0.3831363 0.7648769 0.3830345 0.764791 0.3831363 0.7553458 0.3831383 0.7553458 0.3831383 0.764791 0.3831363 0.755422 0.3832203 0.764791 0.3831363 0.7647147 0.3832184 0.755422 0.3832203 0.7552598 0.3830364 0.7648769 0.3830345 0.7553458 0.3831383 0.7553458 0.3831383 0.755346 0.4028459 0.7552598 0.3830364 0.755346 0.4028459 0.7552599 0.4029478 0.7552598 0.3830364 0.7552599 0.4029478 0.7648736 0.402946 0.7661487 0.4044288 0.7554221 0.4027639 0.755346 0.4028459 0.7553458 0.3831383 0.755422 0.3832203 0.7554221 0.4027639 0.7553458 0.3831383 0.7647876 0.4028442 0.7648736 0.402946 0.7552599 0.4029478 0.755346 0.4028459 0.7647876 0.4028442 0.7552599 0.4029478 0.7648736 0.402946 0.7647876 0.4028442 0.764791 0.3831363 0.7647116 0.4027623 0.7647876 0.4028442 0.755346 0.4028459 0.7554221 0.4027639 0.7647116 0.4027623 0.755346 0.4028459 0.764791 0.3831363 0.7647876 0.4028442 0.7647147 0.3832184 0.7647876 0.4028442 0.7647116 0.4027623 0.7647147 0.3832184 0.7552598 0.3830364 0.7552599 0.4029478 0.7539865 0.4044288 0.7539865 0.3815559 0.7552598 0.3830364 0.7539865 0.4044288 0.7539865 0.4044288 0.7527131 0.4029482 0.7539865 0.3815559 0.7527131 0.4029482 0.7527129 0.3830369 0.7539865 0.3815559 0.7527129 0.3830369 0.7527131 0.4029482 0.7526268 0.3831388 0.7527129 0.3830369 0.7526268 0.3831388 0.7431845 0.3831396 0.7431845 0.3831396 0.7526268 0.3831388 0.7432606 0.3832215 0.7526268 0.3831388 0.7525507 0.3832209 0.7432606 0.3832215 0.7430983 0.3830376 0.7527129 0.3830369 0.7431845 0.3831396 0.7431845 0.3831396 0.7431831 0.4028468 0.7430983 0.3830376 0.7431831 0.4028468 0.7430971 0.4029487 0.7430983 0.3830376 0.7430971 0.4029487 0.7527131 0.4029482 0.7539865 0.4044288 0.7432592 0.4027649 0.7431831 0.4028468 0.7431845 0.3831396 0.7432606 0.3832215 0.7432592 0.4027649 0.7431845 0.3831396 0.752627 0.4028463 0.7527131 0.4029482 0.7430971 0.4029487 0.7431831 0.4028468 0.752627 0.4028463 0.7430971 0.4029487 0.7527131 0.4029482 0.752627 0.4028463 0.7526268 0.3831388 0.7525508 0.4027643 0.752627 0.4028463 0.7431831 0.4028468 0.7432592 0.4027649 0.7525508 0.4027643 0.7431831 0.4028468 0.7526268 0.3831388 0.752627 0.4028463 0.7525507 0.3832209 0.752627 0.4028463 0.7525508 0.4027643 0.7525507 0.3832209 0.7430983 0.3830376 0.7430971 0.4029487 0.7418243 0.4044288 0.7418242 0.3815559 0.7430983 0.3830376 0.7418243 0.4044288 0.7418243 0.4044288 0.74055 0.4029471 0.7418242 0.3815559 0.74055 0.4029471 0.7405515 0.3830358 0.7418242 0.3815559 0.7405515 0.3830358 0.74055 0.4029471 0.7404655 0.3831377 0.7405515 0.3830358 0.7404655 0.3831377 0.7310216 0.3831385 0.7310216 0.3831385 0.7404655 0.3831377 0.7310978 0.3832206 0.7404655 0.3831377 0.7403895 0.3832196 0.7310978 0.3832206 0.7309355 0.3830366 0.7405515 0.3830358 0.7310216 0.3831385 0.7310216 0.3831385 0.7310214 0.4028462 0.7309355 0.3830366 0.7310214 0.4028462 0.7309353 0.4029482 0.7309355 0.3830366 0.7309353 0.4029482 0.74055 0.4029471 0.7418243 0.4044288 0.7310976 0.4027642 0.7310214 0.4028462 0.7310216 0.3831385 0.7310978 0.3832206 0.7310976 0.4027642 0.7310216 0.3831385 0.7404639 0.4028452 0.74055 0.4029471 0.7309353 0.4029482 0.7310214 0.4028462 0.7404639 0.4028452 0.7309353 0.4029482 0.74055 0.4029471 0.7404639 0.4028452 0.7404655 0.3831377 0.7403877 0.4027631 0.7404639 0.4028452 0.7310214 0.4028462 0.7310976 0.4027642 0.7403877 0.4027631 0.7310214 0.4028462 0.7404655 0.3831377 0.7404639 0.4028452 0.7403895 0.3832196 0.7404639 0.4028452 0.7403877 0.4027631 0.7403895 0.3832196 0.7309355 0.3830366 0.7309353 0.4029482 0.7296621 0.4044288 0.7296621 0.3815559 0.7309355 0.3830366 0.7296621 0.4044288 0.7296621 0.4044288 0.7283887 0.402948 0.7296621 0.3815559 0.7283887 0.402948 0.7283888 0.3830365 0.7296621 0.3815559 0.7283888 0.3830365 0.7283887 0.402948 0.7283027 0.3831384 0.7283888 0.3830365 0.7283027 0.3831384 0.7188593 0.3831384 0.7188593 0.3831384 0.7283027 0.3831384 0.7189354 0.3832205 0.7283027 0.3831384 0.7282266 0.3832204 0.7189354 0.3832205 0.7187734 0.3830368 0.7283888 0.3830365 0.7188593 0.3831384 0.7188593 0.3831384 0.7188592 0.4028465 0.7187734 0.3830368 0.7188592 0.4028465 0.7187734 0.4029481 0.7187734 0.3830368 0.7187734 0.4029481 0.7283887 0.402948 0.7296621 0.4044288 0.7189354 0.4027644 0.7188592 0.4028465 0.7188593 0.3831384 0.7189354 0.3832205 0.7189354 0.4027644 0.7188593 0.3831384 0.7283025 0.4028461 0.7283887 0.402948 0.7187734 0.4029481 0.7188592 0.4028465 0.7283025 0.4028461 0.7187734 0.4029481 0.7283887 0.402948 0.7283025 0.4028461 0.7283027 0.3831384 0.7282264 0.4027641 0.7283025 0.4028461 0.7188592 0.4028465 0.7189354 0.4027644 0.7282264 0.4027641 0.7188592 0.4028465 0.7283027 0.3831384 0.7283025 0.4028461 0.7282266 0.3832204 0.7283025 0.4028461 0.7282264 0.4027641 0.7282266 0.3832204 0.7187734 0.3830368 0.7187734 0.4029481 0.7175 0.4044288 0.7174999 0.3815559 0.7187734 0.3830368 0.7175 0.4044288 0.7175 0.4044288 0.7162248 0.402946 0.7174999 0.3815559 0.7162248 0.402946 0.7162283 0.3830345 0.7174999 0.3815559 0.7162283 0.3830345 0.7162248 0.402946 0.7161424 0.3831363 0.7162283 0.3830345 0.7161424 0.3831363 0.7066991 0.3831406 0.7066991 0.3831406 0.7161424 0.3831363 0.7067751 0.3832226 0.7161424 0.3831363 0.7160661 0.3832184 0.7067751 0.3832226 0.7066131 0.3830388 0.7162283 0.3830345 0.7066991 0.3831406 0.7066991 0.3831406 0.7066955 0.4028481 0.7066131 0.3830388 0.7066955 0.4028481 0.7066096 0.4029499 0.7066131 0.3830388 0.7066096 0.4029499 0.7162248 0.402946 0.7175 0.4044288 0.7067717 0.402766 0.7066955 0.4028481 0.7066991 0.3831406 0.7067751 0.3832226 0.7067717 0.402766 0.7066991 0.3831406 0.7161388 0.4028442 0.7162248 0.402946 0.7066096 0.4029499 0.7066955 0.4028481 0.7161388 0.4028442 0.7066096 0.4029499 0.7162248 0.402946 0.7161388 0.4028442 0.7161424 0.3831363 0.7160627 0.4027622 0.7161388 0.4028442 0.7066955 0.4028481 0.7067717 0.402766 0.7160627 0.4027622 0.7066955 0.4028481 0.7161424 0.3831363 0.7161388 0.4028442 0.7160661 0.3832184 0.7161388 0.4028442 0.7160627 0.4027622 0.7160661 0.3832184 0.7066131 0.3830388 0.7066096 0.4029499 0.7053377 0.4044288 0.7053378 0.3815559 0.7066131 0.3830388 0.7053377 0.4044288 0.7053377 0.4044288 0.7040644 0.4029482 0.7053378 0.3815559 0.7040644 0.4029482 0.7040643 0.3830368 0.7053378 0.3815559 0.7040643 0.3830368 0.7040644 0.4029482 0.7039784 0.3831385 0.7040643 0.3830368 0.7039784 0.3831385 0.6945349 0.3831384 0.6945349 0.3831384 0.7039784 0.3831385 0.694611 0.3832205 0.7039784 0.3831385 0.7039023 0.3832205 0.694611 0.3832205 0.6944488 0.3830365 0.7040643 0.3830368 0.6945349 0.3831384 0.6945349 0.3831384 0.694535 0.4028462 0.6944488 0.3830365 0.694535 0.4028462 0.6944489 0.402948 0.6944488 0.3830365 0.6944489 0.402948 0.7040644 0.4029482 0.7053377 0.4044288 0.6946111 0.4027641 0.694535 0.4028462 0.6945349 0.3831384 0.694611 0.3832205 0.6946111 0.4027641 0.6945349 0.3831384 0.7039785 0.4028465 0.7040644 0.4029482 0.6944489 0.402948 0.694535 0.4028462 0.7039785 0.4028465 0.6944489 0.402948 0.7040644 0.4029482 0.7039785 0.4028465 0.7039784 0.3831385 0.7039024 0.4027644 0.7039785 0.4028465 0.694535 0.4028462 0.6946111 0.4027641 0.7039024 0.4027644 0.694535 0.4028462 0.7039784 0.3831385 0.7039785 0.4028465 0.7039023 0.3832205 0.7039785 0.4028465 0.7039024 0.4027644 0.7039023 0.3832205 0.6944488 0.3830365 0.6944489 0.402948 0.6931755 0.4044288 0.6931754 0.3815559 0.6944488 0.3830365 0.6931755 0.4044288 0.6931755 0.4044288 0.6919021 0.4029482 0.6931754 0.3815559 0.6919021 0.4029482 0.6919022 0.3830365 0.6931754 0.3815559 0.6919022 0.3830365 0.6919021 0.4029482 0.6918162 0.3831384 0.6919022 0.3830365 0.6918162 0.3831384 0.6823736 0.3831394 0.6823736 0.3831394 0.6918162 0.3831384 0.6824497 0.3832214 0.6918162 0.3831384 0.69174 0.3832204 0.6824497 0.3832214 0.6822875 0.3830375 0.6919022 0.3830365 0.6823736 0.3831394 0.6823736 0.3831394 0.6823722 0.402847 0.6822875 0.3830375 0.6823722 0.402847 0.6822862 0.4029489 0.6822875 0.3830375 0.6822862 0.4029489 0.6919021 0.4029482 0.6931755 0.4044288 0.6824482 0.402765 0.6823722 0.402847 0.6823736 0.3831394 0.6824497 0.3832214 0.6824482 0.402765 0.6823736 0.3831394 0.691816 0.4028462 0.6919021 0.4029482 0.6822862 0.4029489 0.6823722 0.402847 0.691816 0.4028462 0.6822862 0.4029489 0.6919021 0.4029482 0.691816 0.4028462 0.6918162 0.3831384 0.6917399 0.4027642 0.691816 0.4028462 0.6823722 0.402847 0.6824482 0.402765 0.6917399 0.4027642 0.6823722 0.402847 0.6918162 0.3831384 0.691816 0.4028462 0.69174 0.3832204 0.691816 0.4028462 0.6917399 0.4027642 0.69174 0.3832204 0.6822875 0.3830375 0.6822862 0.4029489 0.6810134 0.4044288 0.6810133 0.3815559 0.6822875 0.3830375 0.6810134 0.4044288 0.6810134 0.4044288 0.6797394 0.4029473 0.6810133 0.3815559 0.6797394 0.4029473 0.6797405 0.383036 0.6810133 0.3815559 0.6797405 0.383036 0.6797394 0.4029473 0.6796545 0.3831378 0.6797405 0.383036 0.6796545 0.3831378 0.6702108 0.3831386 0.6702108 0.3831386 0.6796545 0.3831378 0.670287 0.3832207 0.6796545 0.3831378 0.6795784 0.3832198 0.670287 0.3832207 0.6701248 0.3830367 0.6797405 0.383036 0.6702108 0.3831386 0.6702108 0.3831386 0.6702108 0.4028461 0.6701248 0.3830367 0.6702108 0.4028461 0.6701248 0.402948 0.6701248 0.3830367 0.6701248 0.402948 0.6797394 0.4029473 0.6810134 0.4044288 0.670287 0.4027641 0.6702108 0.4028461 0.6702108 0.3831386 0.670287 0.3832207 0.670287 0.4027641 0.6702108 0.3831386 0.6796532 0.4028454 0.6797394 0.4029473 0.6701248 0.402948 0.6702108 0.4028461 0.6796532 0.4028454 0.6701248 0.402948 0.6797394 0.4029473 0.6796532 0.4028454 0.6796545 0.3831378 0.6795771 0.4027634 0.6796532 0.4028454 0.6702108 0.4028461 0.670287 0.4027641 0.6795771 0.4027634 0.6702108 0.4028461 0.6796545 0.3831378 0.6796532 0.4028454 0.6795784 0.3832198 0.6796532 0.4028454 0.6795771 0.4027634 0.6795784 0.3832198 0.6701248 0.3830367 0.6701248 0.402948 0.6688514 0.4044288 0.6688514 0.3815559 0.6701248 0.3830367 0.6688514 0.4044288 0.6688514 0.4044288 0.6675779 0.402948 0.6688514 0.3815559 0.6675779 0.402948 0.6675778 0.3830369 0.6688514 0.3815559 0.6675778 0.3830369 0.6675779 0.402948 0.6674917 0.3831388 0.6675778 0.3830369 0.6674917 0.3831388 0.6580482 0.3831382 0.6580482 0.3831382 0.6674917 0.3831388 0.6581243 0.3832203 0.6674917 0.3831388 0.6674156 0.3832208 0.6581243 0.3832203 0.6579623 0.3830366 0.6675778 0.3830369 0.6580482 0.3831382 0.6580482 0.3831382 0.6580483 0.4028465 0.6579623 0.3830366 0.6580483 0.4028465 0.6579625 0.4029482 0.6579623 0.3830366 0.6579625 0.4029482 0.6675779 0.402948 0.6688514 0.4044288 0.6581245 0.4027644 0.6580483 0.4028465 0.6580482 0.3831382 0.6581243 0.3832203 0.6581245 0.4027644 0.6580482 0.3831382 0.6674919 0.4028461 0.6675779 0.402948 0.6579625 0.4029482 0.6580483 0.4028465 0.6674919 0.4028461 0.6579625 0.4029482 0.6675779 0.402948 0.6674919 0.4028461 0.6674917 0.3831388 0.6674157 0.4027641 0.6674919 0.4028461 0.6580483 0.4028465 0.6581245 0.4027644 0.6674157 0.4027641 0.6580483 0.4028465 0.6674917 0.3831388 0.6674919 0.4028461 0.6674156 0.3832208 0.6674919 0.4028461 0.6674157 0.4027641 0.6674156 0.3832208 0.6579623 0.3830366 0.6579625 0.4029482 0.6566892 0.4044288 0.6566891 0.3815559 0.6579623 0.3830366 0.6566892 0.4044288 0.6566892 0.4044288 0.6554155 0.4029479 0.6566891 0.3815559 0.6554155 0.4029479 0.6554158 0.3830366 0.6566891 0.3815559 0.6554158 0.3830366 0.6554155 0.4029479 0.6553297 0.3831386 0.6554158 0.3830366 0.6553297 0.3831386 0.6458881 0.3831407 0.6458881 0.3831407 0.6553297 0.3831386 0.6459642 0.3832226 0.6553297 0.3831386 0.6552535 0.3832206 0.6459642 0.3832226 0.645802 0.3830389 0.6554158 0.3830366 0.6458881 0.3831407 0.6458881 0.3831407 0.6458848 0.4028483 0.645802 0.3830389 0.6458848 0.4028483 0.6457988 0.40295 0.645802 0.3830389 0.6457988 0.40295 0.6554155 0.4029479 0.6566892 0.4044288 0.645961 0.4027661 0.6458848 0.4028483 0.6458881 0.3831407 0.6459642 0.3832226 0.645961 0.4027661 0.6458881 0.3831407 0.6553294 0.402846 0.6554155 0.4029479 0.6457988 0.40295 0.6458848 0.4028483 0.6553294 0.402846 0.6457988 0.40295 0.6554155 0.4029479 0.6553294 0.402846 0.6553297 0.3831386 0.6552532 0.402764 0.6553294 0.402846 0.6458848 0.4028483 0.645961 0.4027661 0.6552532 0.402764 0.6458848 0.4028483 0.6553297 0.3831386 0.6553294 0.402846 0.6552535 0.3832206 0.6553294 0.402846 0.6552532 0.402764 0.6552535 0.3832206 0.645802 0.3830389 0.6457988 0.40295 0.6445268 0.4044288 0.6445267 0.3815559 0.645802 0.3830389 0.6445268 0.4044288 0.6445268 0.4044288 0.6432533 0.402948 0.6445267 0.3815559 0.6432533 0.402948 0.6432535 0.3830367 0.6445267 0.3815559 0.6432535 0.3830367 0.6432533 0.402948 0.6431676 0.3831383 0.6432535 0.3830367 0.6431676 0.3831383 0.633725 0.3831395 0.633725 0.3831395 0.6431676 0.3831383 0.6338011 0.3832215 0.6431676 0.3831383 0.6430914 0.3832204 0.6338011 0.3832215 0.6336389 0.3830375 0.6432535 0.3830367 0.633725 0.3831395 0.633725 0.3831395 0.6337233 0.4028474 0.6336389 0.3830375 0.6337233 0.4028474 0.6336374 0.4029492 0.6336389 0.3830375 0.6336374 0.4029492 0.6432533 0.402948 0.6445268 0.4044288 0.6337994 0.4027654 0.6337233 0.4028474 0.633725 0.3831395 0.6338011 0.3832215 0.6337994 0.4027654 0.633725 0.3831395 0.6431674 0.4028463 0.6432533 0.402948 0.6336374 0.4029492 0.6337233 0.4028474 0.6431674 0.4028463 0.6336374 0.4029492 0.6432533 0.402948 0.6431674 0.4028463 0.6431676 0.3831383 0.6430912 0.4027643 0.6431674 0.4028463 0.6337233 0.4028474 0.6337994 0.4027654 0.6430912 0.4027643 0.6337233 0.4028474 0.6431676 0.3831383 0.6431674 0.4028463 0.6430914 0.3832204 0.6431674 0.4028463 0.6430912 0.4027643 0.6430914 0.3832204 0.6336389 0.3830375 0.6336374 0.4029492 0.632365 0.4044288 0.6323647 0.3815559 0.6336389 0.3830375 0.632365 0.4044288 0.632365 0.4044288 0.6310915 0.402948 0.6323647 0.3815559 0.6432535 0.3830367 0.6336389 0.3830375 0.6323647 0.3815559 0.6445267 0.3815559 0.6432535 0.3830367 0.6323647 0.3815559 0.632365 0.4044288 0.6336374 0.4029492 0.6445268 0.4044288 0.6338011 0.3832215 0.6350972 0.3844884 0.6337994 0.4027654 0.6350972 0.3844884 0.6350972 0.4014964 0.6337994 0.4027654 0.6430912 0.4027643 0.6417943 0.4014964 0.6430914 0.3832204 0.6417943 0.4014964 0.6417945 0.3844884 0.6430914 0.3832204 0.6337994 0.4027654 0.6350972 0.4014964 0.6430912 0.4027643 0.6350972 0.4014964 0.6417943 0.4014964 0.6430912 0.4027643 0.6554158 0.3830366 0.645802 0.3830389 0.6445267 0.3815559 0.6566891 0.3815559 0.6554158 0.3830366 0.6445267 0.3815559 0.6445268 0.4044288 0.6457988 0.40295 0.6566892 0.4044288 0.6675778 0.3830369 0.6579623 0.3830366 0.6566891 0.3815559 0.6688514 0.3815559 0.6675778 0.3830369 0.6566891 0.3815559 0.6566892 0.4044288 0.6579625 0.4029482 0.6688514 0.4044288 0.6797405 0.383036 0.6701248 0.3830367 0.6688514 0.3815559 0.6810133 0.3815559 0.6797405 0.383036 0.6688514 0.3815559 0.6688514 0.4044288 0.6701248 0.402948 0.6810134 0.4044288 0.6919022 0.3830365 0.6822875 0.3830375 0.6810133 0.3815559 0.6931754 0.3815559 0.6919022 0.3830365 0.6810133 0.3815559 0.6810134 0.4044288 0.6822862 0.4029489 0.6931755 0.4044288 0.7040643 0.3830368 0.6944488 0.3830365 0.6931754 0.3815559 0.7053378 0.3815559 0.7040643 0.3830368 0.6931754 0.3815559 0.6931755 0.4044288 0.6944489 0.402948 0.7053377 0.4044288 0.7162283 0.3830345 0.7066131 0.3830388 0.7053378 0.3815559 0.7174999 0.3815559 0.7162283 0.3830345 0.7053378 0.3815559 0.7053377 0.4044288 0.7066096 0.4029499 0.7175 0.4044288 0.7283888 0.3830365 0.7187734 0.3830368 0.7174999 0.3815559 0.7296621 0.3815559 0.7283888 0.3830365 0.7174999 0.3815559 0.7175 0.4044288 0.7187734 0.4029481 0.7296621 0.4044288 0.7405515 0.3830358 0.7309355 0.3830366 0.7296621 0.3815559 0.7418242 0.3815559 0.7405515 0.3830358 0.7296621 0.3815559 0.7296621 0.4044288 0.7309353 0.4029482 0.7418243 0.4044288 0.7527129 0.3830369 0.7430983 0.3830376 0.7418242 0.3815559 0.7539865 0.3815559 0.7527129 0.3830369 0.7418242 0.3815559 0.7418243 0.4044288 0.7430971 0.4029487 0.7539865 0.4044288 0.7648769 0.3830345 0.7552598 0.3830364 0.7539865 0.3815559 0.7661486 0.3815559 0.7648769 0.3830345 0.7539865 0.3815559 0.7539865 0.4044288 0.7552599 0.4029478 0.7661487 0.4044288 0.7770392 0.3830344 0.7674205 0.3830347 0.7661486 0.3815559 0.7783108 0.3815559 0.7770392 0.3830344 0.7661486 0.3815559 0.7661487 0.4044288 0.7674236 0.402946 0.7783108 0.4044288 0.7891997 0.3830366 0.7795858 0.3830387 0.7783108 0.3815559 0.7904729 0.3815559 0.7891997 0.3830366 0.7783108 0.3815559 0.7783108 0.4044288 0.7795825 0.4029502 0.7904729 0.4044288 0.8013617 0.3830366 0.7917482 0.383039 0.7904729 0.3815559 0.802635 0.3815559 0.8013617 0.3830366 0.7904729 0.3815559 0.7904729 0.4044288 0.7917444 0.4029504 0.802635 0.4044288 0.8135222 0.3830385 0.8039065 0.3830345 0.802635 0.3815559 0.8147971 0.3815559 0.8135222 0.3830385 0.802635 0.3815559 0.802635 0.4044288 0.8039106 0.4029458 0.8147971 0.4044288 0.8039106 0.4029458 0.8135256 0.4029502 0.8147971 0.4044288 0.8363891 0.4014964 0.8296917 0.4014964 0.8296917 0.3844884 0.8363892 0.3844884 0.8363891 0.4014964 0.8296917 0.3844884 0.8607135 0.4014964 0.8540162 0.4014964 0.8540162 0.3844884 0.8607135 0.3844884 0.8607135 0.4014964 0.8540162 0.3844884 0.6296323 0.3844884 0.6296322 0.4014964 0.6229352 0.4014964 0.6229352 0.3844884 0.6296323 0.3844884 0.6229352 0.4014964 0.6417945 0.3844884 0.6417943 0.4014964 0.6350972 0.4014964 0.6350972 0.3844884 0.6417945 0.3844884 0.6350972 0.4014964 0.6539567 0.3844884 0.6539567 0.4014964 0.6472596 0.4014964 0.6472595 0.3844884 0.6539567 0.3844884 0.6472596 0.4014964 0.6661191 0.3844884 0.6661191 0.4014964 0.6594216 0.4014964 0.6594215 0.3844884 0.6661191 0.3844884 0.6594216 0.4014964 0.6782809 0.3844884 0.6782809 0.4014964 0.6715837 0.4014964 0.6715836 0.3844884 0.6782809 0.3844884 0.6715837 0.4014964 0.6904431 0.3844884 0.6904432 0.4014964 0.6837458 0.4014964 0.6837458 0.3844884 0.6904431 0.3844884 0.6837458 0.4014964 0.7026054 0.3844884 0.7026054 0.4014964 0.6959079 0.4014964 0.695908 0.3844884 0.7026054 0.3844884 0.6959079 0.4014964 0.7147675 0.3844884 0.7147675 0.4014964 0.7080702 0.4014964 0.7080702 0.3844884 0.7147675 0.3844884 0.7080702 0.4014964 0.7269296 0.3844884 0.7269297 0.4014964 0.7202323 0.4014964 0.7202323 0.3844884 0.7269296 0.3844884 0.7202323 0.4014964 0.7390918 0.3844884 0.7390918 0.4014964 0.7323945 0.4014964 0.7323946 0.3844884 0.7390918 0.3844884 0.7323945 0.4014964 0.751254 0.3844884 0.751254 0.4014964 0.7445566 0.4014964 0.7445565 0.3844884 0.751254 0.3844884 0.7445566 0.4014964 0.7634162 0.3844884 0.7634162 0.4014964 0.7567188 0.4014964 0.7567188 0.3844884 0.7634162 0.3844884 0.7567188 0.4014964 0.7755784 0.3844884 0.7755784 0.4014964 0.7688811 0.4014964 0.768881 0.3844884 0.7755784 0.3844884 0.7688811 0.4014964 0.7877405 0.3844884 0.7877405 0.4014964 0.7810431 0.4014964 0.7810431 0.3844884 0.7877405 0.3844884 0.7810431 0.4014964 0.7999026 0.3844884 0.7999026 0.4014964 0.7932053 0.4014964 0.7932053 0.3844884 0.7999026 0.3844884 0.7932053 0.4014964 0.8120648 0.3844884 0.8120648 0.4014964 0.8053675 0.4014964 0.8053675 0.3844884 0.8120648 0.3844884 0.8053675 0.4014964 0.824227 0.3844884 0.824227 0.4014964 0.8175294 0.4014964 0.8175294 0.3844884 0.824227 0.3844884 0.8175294 0.4014964 0.8485513 0.3844884 0.8485513 0.4014964 0.8418539 0.4014964 0.841854 0.3844884 0.8485513 0.3844884 0.8418539 0.4014964 0.8526433 0.4028461 0.8525573 0.402948 0.8525573 0.3830369 0.8526433 0.3831388 0.8526433 0.4028461 0.8525573 0.3830369 0.8527194 0.4027641 0.8526433 0.4028461 0.8526433 0.3831388 0.8527195 0.3832208 0.8527194 0.4027641 0.8526433 0.3831388 0.8525573 0.3830369 0.8621717 0.3830376 0.8526433 0.3831388 0.8621717 0.3830376 0.8620856 0.3831396 0.8526433 0.3831388 0.8526433 0.3831388 0.8620856 0.3831396 0.8527195 0.3832208 0.8620856 0.3831396 0.8620095 0.3832215 0.8527195 0.3832208 0.8621717 0.3830376 0.8621734 0.402949 0.8620856 0.3831396 0.8621734 0.402949 0.8620873 0.4028472 0.8620856 0.3831396 0.8525573 0.402948 0.8526433 0.4028461 0.8620873 0.4028472 0.8621734 0.402949 0.8525573 0.402948 0.8620873 0.4028472 0.8620856 0.3831396 0.8620873 0.4028472 0.8620095 0.3832215 0.8620873 0.4028472 0.8620113 0.4027652 0.8620095 0.3832215 0.8620873 0.4028472 0.8526433 0.4028461 0.8620113 0.4027652 0.8526433 0.4028461 0.8527194 0.4027641 0.8620113 0.4027652 0.8621717 0.3830376 0.8525573 0.3830369 0.8512837 0.3815559 0.8634459 0.3815559 0.8621717 0.3830376 0.8512837 0.3815559 0.8621734 0.402949 0.8621717 0.3830376 0.8634459 0.3815559 0.8634459 0.4044288 0.8621734 0.402949 0.8634459 0.3815559 0.8525573 0.402948 0.8621734 0.402949 0.8634459 0.4044288 0.8512837 0.4044288 0.8525573 0.402948 0.8634459 0.4044288 0.8525573 0.3830369 0.8525573 0.402948 0.8512837 0.4044288 0.8512837 0.3815559 0.8525573 0.3830369 0.8512837 0.4044288 0.8512837 0.4044288 0.8500111 0.4029488 0.8512837 0.3815559 0.8500111 0.4029488 0.8500097 0.3830371 0.8512837 0.3815559 0.8500097 0.3830371 0.8500111 0.4029488 0.8499236 0.3831391 0.8500097 0.3830371 0.8499236 0.3831391 0.8404793 0.3831364 0.8404793 0.3831364 0.8499236 0.3831391 0.8405556 0.3832185 0.8499236 0.3831391 0.8498475 0.3832211 0.8405556 0.3832185 0.8403934 0.3830347 0.8500097 0.3830371 0.8404793 0.3831364 0.8404793 0.3831364 0.8404829 0.4028438 0.8403934 0.3830347 0.8404829 0.4028438 0.8403969 0.4029456 0.8403934 0.3830347 0.8403969 0.4029456 0.8500111 0.4029488 0.8512837 0.4044288 0.840559 0.4027619 0.8404829 0.4028438 0.8404793 0.3831364 0.8405556 0.3832185 0.840559 0.4027619 0.8404793 0.3831364 0.8499251 0.4028469 0.8500111 0.4029488 0.8403969 0.4029456 0.8404829 0.4028438 0.8499251 0.4028469 0.8403969 0.4029456 0.8500111 0.4029488 0.8499251 0.4028469 0.8499236 0.3831391 0.849849 0.402765 0.8499251 0.4028469 0.8404829 0.4028438 0.840559 0.4027619 0.849849 0.402765 0.8404829 0.4028438 0.8499236 0.3831391 0.8499251 0.4028469 0.8498475 0.3832211 0.8499251 0.4028469 0.849849 0.402765 0.8498475 0.3832211 0.8403934 0.3830347 0.8403969 0.4029456 0.8391215 0.4044288 0.8391216 0.3815559 0.8403934 0.3830347 0.8391215 0.4044288 0.8500097 0.3830371 0.8403934 0.3830347 0.8391216 0.3815559 0.8512837 0.3815559 0.8500097 0.3830371 0.8391216 0.3815559 0.8391215 0.4044288 0.8403969 0.4029456 0.8512837 0.4044288 0.8405556 0.3832185 0.841854 0.3844884 0.840559 0.4027619 0.841854 0.3844884 0.8418539 0.4014964 0.840559 0.4027619 0.849849 0.402765 0.8485513 0.4014964 0.8498475 0.3832211 0.8485513 0.4014964 0.8485513 0.3844884 0.8498475 0.3832211 0.840559 0.4027619 0.8418539 0.4014964 0.849849 0.402765 0.8418539 0.4014964 0.8485513 0.4014964 0.849849 0.402765 0.8363892 0.3844884 0.8296917 0.3844884 0.8283925 0.3832175 0.837686 0.3832203 0.8363892 0.3844884 0.8283925 0.3832175 0.8363891 0.4014964 0.8363892 0.3844884 0.837686 0.3832203 0.837686 0.4027641 0.8363891 0.4014964 0.837686 0.3832203 0.8296917 0.4014964 0.8363891 0.4014964 0.837686 0.4027641 0.8283965 0.4027622 0.8296917 0.4014964 0.837686 0.4027641 0.8296917 0.3844884 0.8296917 0.4014964 0.8283965 0.4027622 0.8283925 0.3832175 0.8296917 0.3844884 0.8283965 0.4027622 0.8607135 0.3844884 0.8540162 0.3844884 0.8527195 0.3832208 0.8620095 0.3832215 0.8607135 0.3844884 0.8527195 0.3832208 0.8607135 0.4014964 0.8607135 0.3844884 0.8620095 0.3832215 0.8620113 0.4027652 0.8607135 0.4014964 0.8620095 0.3832215 0.8540162 0.4014964 0.8607135 0.4014964 0.8620113 0.4027652 0.8527194 0.4027641 0.8540162 0.4014964 0.8620113 0.4027652 0.8540162 0.3844884 0.8540162 0.4014964 0.8527194 0.4027641 0.8527195 0.3832208 0.8540162 0.3844884 0.8527194 0.4027641 0.6229352 0.3844884 0.6229352 0.4014964 0.6216397 0.4027624 0.6216369 0.3832188 0.6229352 0.3844884 0.6216397 0.4027624 0.6296323 0.3844884 0.6229352 0.3844884 0.6216369 0.3832188 0.6309291 0.3832204 0.6296323 0.3844884 0.6216369 0.3832188 0.6296322 0.4014964 0.6296323 0.3844884 0.6309291 0.3832204 0.6309293 0.4027641 0.6296322 0.4014964 0.6309291 0.3832204 0.6229352 0.4014964 0.6296322 0.4014964 0.6309293 0.4027641 0.6216397 0.4027624 0.6229352 0.4014964 0.6309293 0.4027641 0.6417945 0.3844884 0.6350972 0.3844884 0.6338011 0.3832215 0.6430914 0.3832204 0.6417945 0.3844884 0.6338011 0.3832215 0.6472595 0.3844884 0.6472596 0.4014964 0.645961 0.4027661 0.6459642 0.3832226 0.6472595 0.3844884 0.645961 0.4027661 0.6539567 0.3844884 0.6472595 0.3844884 0.6459642 0.3832226 0.6552535 0.3832206 0.6539567 0.3844884 0.6459642 0.3832226 0.6539567 0.4014964 0.6539567 0.3844884 0.6552535 0.3832206 0.6552532 0.402764 0.6539567 0.4014964 0.6552535 0.3832206 0.6472596 0.4014964 0.6539567 0.4014964 0.6552532 0.402764 0.645961 0.4027661 0.6472596 0.4014964 0.6552532 0.402764 0.6594215 0.3844884 0.6594216 0.4014964 0.6581245 0.4027644 0.6581243 0.3832203 0.6594215 0.3844884 0.6581245 0.4027644 0.6661191 0.3844884 0.6594215 0.3844884 0.6581243 0.3832203 0.6674156 0.3832208 0.6661191 0.3844884 0.6581243 0.3832203 0.6661191 0.4014964 0.6661191 0.3844884 0.6674156 0.3832208 0.6674157 0.4027641 0.6661191 0.4014964 0.6674156 0.3832208 0.6594216 0.4014964 0.6661191 0.4014964 0.6674157 0.4027641 0.6581245 0.4027644 0.6594216 0.4014964 0.6674157 0.4027641 0.6715836 0.3844884 0.6715837 0.4014964 0.670287 0.4027641 0.670287 0.3832207 0.6715836 0.3844884 0.670287 0.4027641 0.6782809 0.3844884 0.6715836 0.3844884 0.670287 0.3832207 0.6795784 0.3832198 0.6782809 0.3844884 0.670287 0.3832207 0.6782809 0.4014964 0.6782809 0.3844884 0.6795784 0.3832198 0.6795771 0.4027634 0.6782809 0.4014964 0.6795784 0.3832198 0.6715837 0.4014964 0.6782809 0.4014964 0.6795771 0.4027634 0.670287 0.4027641 0.6715837 0.4014964 0.6795771 0.4027634 0.6837458 0.3844884 0.6837458 0.4014964 0.6824482 0.402765 0.6824497 0.3832214 0.6837458 0.3844884 0.6824482 0.402765 0.6904431 0.3844884 0.6837458 0.3844884 0.6824497 0.3832214 0.69174 0.3832204 0.6904431 0.3844884 0.6824497 0.3832214 0.6904432 0.4014964 0.6904431 0.3844884 0.69174 0.3832204 0.6917399 0.4027642 0.6904432 0.4014964 0.69174 0.3832204 0.6837458 0.4014964 0.6904432 0.4014964 0.6917399 0.4027642 0.6824482 0.402765 0.6837458 0.4014964 0.6917399 0.4027642 0.695908 0.3844884 0.6959079 0.4014964 0.6946111 0.4027641 0.694611 0.3832205 0.695908 0.3844884 0.6946111 0.4027641 0.7026054 0.3844884 0.695908 0.3844884 0.694611 0.3832205 0.7039023 0.3832205 0.7026054 0.3844884 0.694611 0.3832205 0.7026054 0.4014964 0.7026054 0.3844884 0.7039023 0.3832205 0.7039024 0.4027644 0.7026054 0.4014964 0.7039023 0.3832205 0.6959079 0.4014964 0.7026054 0.4014964 0.7039024 0.4027644 0.6946111 0.4027641 0.6959079 0.4014964 0.7039024 0.4027644 0.7080702 0.3844884 0.7080702 0.4014964 0.7067717 0.402766 0.7067751 0.3832226 0.7080702 0.3844884 0.7067717 0.402766 0.7147675 0.3844884 0.7080702 0.3844884 0.7067751 0.3832226 0.7160661 0.3832184 0.7147675 0.3844884 0.7067751 0.3832226 0.7147675 0.4014964 0.7147675 0.3844884 0.7160661 0.3832184 0.7160627 0.4027622 0.7147675 0.4014964 0.7160661 0.3832184 0.7080702 0.4014964 0.7147675 0.4014964 0.7160627 0.4027622 0.7067717 0.402766 0.7080702 0.4014964 0.7160627 0.4027622 0.7202323 0.3844884 0.7202323 0.4014964 0.7189354 0.4027644 0.7189354 0.3832205 0.7202323 0.3844884 0.7189354 0.4027644 0.7269296 0.3844884 0.7202323 0.3844884 0.7189354 0.3832205 0.7282266 0.3832204 0.7269296 0.3844884 0.7189354 0.3832205 0.7269297 0.4014964 0.7269296 0.3844884 0.7282266 0.3832204 0.7282264 0.4027641 0.7269297 0.4014964 0.7282266 0.3832204 0.7202323 0.4014964 0.7269297 0.4014964 0.7282264 0.4027641 0.7189354 0.4027644 0.7202323 0.4014964 0.7282264 0.4027641 0.7323946 0.3844884 0.7323945 0.4014964 0.7310976 0.4027642 0.7310978 0.3832206 0.7323946 0.3844884 0.7310976 0.4027642 0.7390918 0.3844884 0.7323946 0.3844884 0.7310978 0.3832206 0.7403895 0.3832196 0.7390918 0.3844884 0.7310978 0.3832206 0.7390918 0.4014964 0.7390918 0.3844884 0.7403895 0.3832196 0.7403877 0.4027631 0.7390918 0.4014964 0.7403895 0.3832196 0.7323945 0.4014964 0.7390918 0.4014964 0.7403877 0.4027631 0.7310976 0.4027642 0.7323945 0.4014964 0.7403877 0.4027631 0.7445565 0.3844884 0.7445566 0.4014964 0.7432592 0.4027649 0.7432606 0.3832215 0.7445565 0.3844884 0.7432592 0.4027649 0.751254 0.3844884 0.7445565 0.3844884 0.7432606 0.3832215 0.7525507 0.3832209 0.751254 0.3844884 0.7432606 0.3832215 0.751254 0.4014964 0.751254 0.3844884 0.7525507 0.3832209 0.7525508 0.4027643 0.751254 0.4014964 0.7525507 0.3832209 0.7445566 0.4014964 0.751254 0.4014964 0.7525508 0.4027643 0.7432592 0.4027649 0.7445566 0.4014964 0.7525508 0.4027643 0.7567188 0.3844884 0.7567188 0.4014964 0.7554221 0.4027639 0.755422 0.3832203 0.7567188 0.3844884 0.7554221 0.4027639 0.7634162 0.3844884 0.7567188 0.3844884 0.755422 0.3832203 0.7647147 0.3832184 0.7634162 0.3844884 0.755422 0.3832203 0.7634162 0.4014964 0.7634162 0.3844884 0.7647147 0.3832184 0.7647116 0.4027623 0.7634162 0.4014964 0.7647147 0.3832184 0.7567188 0.4014964 0.7634162 0.4014964 0.7647116 0.4027623 0.7554221 0.4027639 0.7567188 0.4014964 0.7647116 0.4027623 0.768881 0.3844884 0.7688811 0.4014964 0.7675857 0.4027622 0.7675827 0.3832185 0.768881 0.3844884 0.7675857 0.4027622 0.7755784 0.3844884 0.768881 0.3844884 0.7675827 0.3832185 0.776877 0.3832182 0.7755784 0.3844884 0.7675827 0.3832185 0.7755784 0.4014964 0.7755784 0.3844884 0.776877 0.3832182 0.7768735 0.4027619 0.7755784 0.4014964 0.776877 0.3832182 0.7688811 0.4014964 0.7755784 0.4014964 0.7768735 0.4027619 0.7675857 0.4027622 0.7688811 0.4014964 0.7768735 0.4027619 0.7810431 0.3844884 0.7810431 0.4014964 0.7797446 0.4027663 0.7797479 0.3832225 0.7810431 0.3844884 0.7797446 0.4027663 0.7877405 0.3844884 0.7810431 0.3844884 0.7797479 0.3832225 0.7890375 0.3832206 0.7877405 0.3844884 0.7797479 0.3832225 0.7877405 0.4014964 0.7877405 0.3844884 0.7890375 0.3832206 0.7890371 0.4027641 0.7877405 0.4014964 0.7890375 0.3832206 0.7810431 0.4014964 0.7877405 0.4014964 0.7890371 0.4027641 0.7797446 0.4027663 0.7810431 0.4014964 0.7890371 0.4027641 0.7932053 0.3844884 0.7932053 0.4014964 0.7919066 0.4027665 0.7919103 0.3832228 0.7932053 0.3844884 0.7919066 0.4027665 0.7999026 0.3844884 0.7932053 0.3844884 0.7919103 0.3832228 0.8011995 0.3832206 0.7999026 0.3844884 0.7919103 0.3832228 0.7999026 0.4014964 0.7999026 0.3844884 0.8011995 0.3832206 0.8011994 0.4027643 0.7999026 0.4014964 0.8011995 0.3832206 0.7932053 0.4014964 0.7999026 0.4014964 0.8011994 0.4027643 0.7919066 0.4027665 0.7932053 0.4014964 0.8011994 0.4027643 0.824227 0.3844884 0.8175294 0.3844884 0.8162328 0.3832208 0.8255223 0.3832225 0.824227 0.3844884 0.8162328 0.3832208 0.8485513 0.3844884 0.841854 0.3844884 0.8405556 0.3832185 0.8498475 0.3832211 0.8485513 0.3844884 0.8405556 0.3832185 0.8053675 0.3844884 0.8053675 0.4014964 0.8040731 0.4027616 0.8040686 0.3832183 0.8053675 0.3844884 0.8040731 0.4027616 0.8120648 0.3844884 0.8053675 0.3844884 0.8040686 0.3832183 0.81336 0.3832222 0.8120648 0.3844884 0.8040686 0.3832183 0.8120648 0.4014964 0.8120648 0.3844884 0.81336 0.3832222 0.8133635 0.4027664 0.8120648 0.4014964 0.81336 0.3832222 0.8053675 0.4014964 0.8120648 0.4014964 0.8133635 0.4027664 0.8040731 0.4027616 0.8053675 0.4014964 0.8133635 0.4027664 0.4475587 0.2661388 0.3871054 0.2661388 0.3730841 0.1552299 0.4615801 0.1552298 0.4475587 0.2661388 0.3730841 0.1552299 0.4615801 0.1552298 0.3730841 0.1552299 0.373017 0.1551729 0.461647 0.1551727 0.4615801 0.1552298 0.373017 0.1551729 0.4475587 0.2661388 0.4615801 0.1552298 0.461647 0.1551727 0.4476113 0.2661958 0.4475587 0.2661388 0.461647 0.1551727 0.3871054 0.2661388 0.4475587 0.2661388 0.4476113 0.2661958 0.3870528 0.2661958 0.3871054 0.2661388 0.4476113 0.2661958 0.3730841 0.1552299 0.3871054 0.2661388 0.3870528 0.2661958 0.373017 0.1551729 0.3730841 0.1552299 0.3870528 0.2661958 0.4784928 0.1548495 0.4924445 0.265208 0.552598 0.265208 0.5665497 0.1548495 0.4784928 0.1548495 0.552598 0.265208 0.5665497 0.1548495 0.552598 0.265208 0.5526502 0.2652648 0.5666163 0.1547927 0.5665497 0.1548495 0.5526502 0.2652648 0.4784928 0.1548495 0.5665497 0.1548495 0.5666163 0.1547927 0.478426 0.1547927 0.4784928 0.1548495 0.5666163 0.1547927 0.4924445 0.265208 0.4784928 0.1548495 0.478426 0.1547927 0.4923923 0.2652648 0.4924445 0.265208 0.478426 0.1547927 0.552598 0.265208 0.4924445 0.265208 0.4923923 0.2652648 0.5526502 0.2652648 0.552598 0.265208 0.4923923 0.2652648 0.5845887 0.1537318 0.5985811 0.2644112 0.6589094 0.2644112 0.6729018 0.1537318 0.5845887 0.1537318 0.6589094 0.2644112 0.6729018 0.1537318 0.6589094 0.2644112 0.6589618 0.2644681 0.6729686 0.1536749 0.6729018 0.1537318 0.6589618 0.2644681 0.5845887 0.1537318 0.6729018 0.1537318 0.6729686 0.1536749 0.5845218 0.1536749 0.5845887 0.1537318 0.6729686 0.1536749 0.5985811 0.2644112 0.5845887 0.1537318 0.5845218 0.1536749 0.5985287 0.2644681 0.5985811 0.2644112 0.5845218 0.1536749 0.6589094 0.2644112 0.5985811 0.2644112 0.5985287 0.2644681 0.6589618 0.2644681 0.6589094 0.2644112 0.5985287 0.2644681 0.7781575 0.1533058 0.7642225 0.2635315 0.7041416 0.2635315 0.6902066 0.1533057 0.7781575 0.1533058 0.7041416 0.2635315 0.6902066 0.1533057 0.7041416 0.2635315 0.7040894 0.2635882 0.69014 0.1532489 0.6902066 0.1533057 0.7040894 0.2635882 0.7781575 0.1533058 0.6902066 0.1533057 0.69014 0.1532489 0.7782241 0.153249 0.7781575 0.1533058 0.69014 0.1532489 0.7642225 0.2635315 0.7781575 0.1533058 0.7782241 0.153249 0.7642748 0.2635882 0.7642225 0.2635315 0.7782241 0.153249 0.7041416 0.2635315 0.7642225 0.2635315 0.7642748 0.2635882 0.7040894 0.2635882 0.7041416 0.2635315 0.7642748 0.2635882 0.9415857 0.2213788 0.9414083 0.2225455 0.9348245 0.2239288 0.9348739 0.2227738 0.9415857 0.2213788 0.9348245 0.2239288 0.9415857 0.2213788 0.9482976 0.2180439 0.9414083 0.2225455 0.9482976 0.2180439 0.9480977 0.2192853 0.9414083 0.2225455 0.9480977 0.2192853 0.9482976 0.2180439 0.9550092 0.2129194 0.9548348 0.2142369 0.9480977 0.2192853 0.9550092 0.2129194 0.9548348 0.2142369 0.9550092 0.2129194 0.9617214 0.2060304 0.9615609 0.2074414 0.9548348 0.2142369 0.9617214 0.2060304 0.9414083 0.2225455 0.9414083 0.2840718 0.9348245 0.2239288 0.9414083 0.2840718 0.9348245 0.2826885 0.9348245 0.2239288 0.9348245 0.2826885 0.9414083 0.2840718 0.9348739 0.2838434 0.9414083 0.2840718 0.9415857 0.2852385 0.9348739 0.2838434 0.9414083 0.2840718 0.9480977 0.2873319 0.9415857 0.2852385 0.9480977 0.2873319 0.9414083 0.2840718 0.9414083 0.2225455 0.9480977 0.2192853 0.9480977 0.2873319 0.9414083 0.2225455 0.9480977 0.2873319 0.9482976 0.2885733 0.9415857 0.2852385 0.9482976 0.2885733 0.9480977 0.2873319 0.9548348 0.2923803 0.9548348 0.2923803 0.9480977 0.2873319 0.9480977 0.2192853 0.9548348 0.2142369 0.9548348 0.2923803 0.9480977 0.2192853 0.9550092 0.2936978 0.9482976 0.2885733 0.9548348 0.2923803 0.9550092 0.2936978 0.9548348 0.2923803 0.9615609 0.2991759 0.9615609 0.2991759 0.9548348 0.2923803 0.9548348 0.2142369 0.9615609 0.2074414 0.9615609 0.2991759 0.9548348 0.2142369 0.9617214 0.3005868 0.9550092 0.2936978 0.9615609 0.2991759 0.9615609 0.2074414 0.9617214 0.2060304 0.9679799 0.1974828 0.9679515 0.1985585 0.9615609 0.2074414 0.9679799 0.1974828 0.968433 0.1980179 0.9679515 0.1985585 0.9679799 0.1974828 0.968433 0.1968638 0.968433 0.1980179 0.9679799 0.1974828 0.968433 0.1980179 0.968433 0.3085995 0.9679515 0.1985585 0.968433 0.3085995 0.9679515 0.308059 0.9679515 0.1985585 0.9617214 0.3005868 0.9615609 0.2991759 0.9679515 0.308059 0.9679515 0.308059 0.968433 0.3085995 0.968433 0.3097535 0.9679799 0.3091346 0.9679515 0.308059 0.968433 0.3097535 0.9679799 0.3091346 0.9617214 0.3005868 0.9679515 0.308059 0.9679515 0.308059 0.9615609 0.2991759 0.9615609 0.2074414 0.9679515 0.1985585 0.9679515 0.308059 0.9615609 0.2074414 0.9547075 0.1280226 0.9545301 0.1268559 0.9612418 0.1282508 0.9612912 0.1294058 0.9547075 0.1280226 0.9612418 0.1282508 0.9547075 0.1280226 0.948018 0.1247624 0.9545301 0.1268559 0.948018 0.1247624 0.9478182 0.123521 0.9545301 0.1268559 0.9478182 0.123521 0.948018 0.1247624 0.9412807 0.1197139 0.9411062 0.1183965 0.9478182 0.123521 0.9412807 0.1197139 0.9411062 0.1183965 0.9412807 0.1197139 0.9345548 0.1129183 0.9343944 0.1115073 0.9411062 0.1183965 0.9345548 0.1129183 0.9547075 0.1280226 0.9612912 0.1294058 0.9547075 0.189549 0.9612912 0.1294058 0.9612912 0.1881657 0.9547075 0.189549 0.9545301 0.1907156 0.9547075 0.189549 0.9612912 0.1881657 0.9612418 0.1893208 0.9545301 0.1907156 0.9612912 0.1881657 0.9545301 0.1907156 0.9478182 0.1940505 0.9547075 0.189549 0.9478182 0.1940505 0.948018 0.1928091 0.9547075 0.189549 0.9547075 0.1280226 0.9547075 0.189549 0.948018 0.1928091 0.948018 0.1247624 0.9547075 0.1280226 0.948018 0.1928091 0.948018 0.1928091 0.9478182 0.1940505 0.9411062 0.1991751 0.9412807 0.1978576 0.948018 0.1928091 0.9411062 0.1991751 0.948018 0.1247624 0.948018 0.1928091 0.9412807 0.1978576 0.9412807 0.1197139 0.948018 0.1247624 0.9412807 0.1978576 0.9412807 0.1978576 0.9411062 0.1991751 0.9343944 0.206064 0.9345548 0.2046531 0.9412807 0.1978576 0.9343944 0.206064 0.9412807 0.1197139 0.9412807 0.1978576 0.9345548 0.2046531 0.9345548 0.1129183 0.9412807 0.1197139 0.9345548 0.2046531 0.9343944 0.1115073 0.9345548 0.1129183 0.9281646 0.1040362 0.9281358 0.1029601 0.9343944 0.1115073 0.9281646 0.1040362 0.9281358 0.1029601 0.9281646 0.1040362 0.9276826 0.1023411 0.9281646 0.1040362 0.9276826 0.1034952 0.9276826 0.1023411 0.9281646 0.1040362 0.9281641 0.2135361 0.9276826 0.1034952 0.9281641 0.2135361 0.9276826 0.2140766 0.9276826 0.1034952 0.9276826 0.2140766 0.9281641 0.2135361 0.9281357 0.2146118 0.9345548 0.2046531 0.9343944 0.206064 0.9281357 0.2146118 0.9281641 0.2135361 0.9345548 0.2046531 0.9281357 0.2146118 0.9276826 0.2152307 0.9276826 0.2140766 0.9281357 0.2146118 0.9345548 0.1129183 0.9345548 0.2046531 0.9281641 0.2135361 0.9281646 0.1040362 0.9345548 0.1129183 0.9281641 0.2135361 0.9612418 0.1893208 0.9612912 0.1881657 0.983353 0.1876123 0.9833496 0.1887553 0.9612418 0.1893208 0.983353 0.1876123 0.9836224 0.1887484 0.9833496 0.1887553 0.983353 0.1876123 0.9836224 0.1875882 0.9836224 0.1887484 0.983353 0.1876123 0.9836224 0.1875882 0.983353 0.1876123 0.983353 0.1299591 0.983353 0.1299591 0.983353 0.1876123 0.9612912 0.1881657 0.9836224 0.1299831 0.9836224 0.1875882 0.983353 0.1299591 0.983353 0.1299591 0.9833496 0.128816 0.9836224 0.1299831 0.9833496 0.128816 0.9836224 0.128823 0.9836224 0.1299831 0.983353 0.1299591 0.9612912 0.1294058 0.9833496 0.128816 0.9612912 0.1294058 0.983353 0.1299591 0.9612912 0.1881657 0.9612912 0.1294058 0.9612418 0.1282508 0.9833496 0.128816 0.9448517 0.09490656 0.9450291 0.09607321 0.9383174 0.09467828 0.938268 0.09352326 0.9448517 0.09490656 0.9383174 0.09467828 0.9448517 0.09490656 0.9515411 0.09816676 0.9450291 0.09607321 0.9515411 0.09816676 0.9517409 0.0994082 0.9450291 0.09607321 0.9517409 0.0994082 0.9515411 0.09816676 0.9582782 0.1032151 0.9584526 0.1045326 0.9517409 0.0994082 0.9582782 0.1032151 0.9584526 0.1045326 0.9582782 0.1032151 0.9650043 0.1100106 0.9651648 0.1114216 0.9584526 0.1045326 0.9650043 0.1100106 0.938268 0.09352326 0.938268 0.03476345 0.9448517 0.09490656 0.938268 0.03476345 0.9448517 0.03338015 0.9448517 0.09490656 0.9448517 0.09490656 0.9448517 0.03338015 0.9515411 0.09816676 0.9450291 0.0322135 0.9448517 0.03338015 0.938268 0.03476345 0.9383174 0.03360849 0.9450291 0.0322135 0.938268 0.03476345 0.9450291 0.0322135 0.9517409 0.0288785 0.9448517 0.03338015 0.9517409 0.0288785 0.9515411 0.03011995 0.9448517 0.03338015 0.9515411 0.09816676 0.9515411 0.03011995 0.9582782 0.1032151 0.9448517 0.03338015 0.9515411 0.03011995 0.9515411 0.09816676 0.9515411 0.03011995 0.9517409 0.0288785 0.9584526 0.02375406 0.9582782 0.0250715 0.9515411 0.03011995 0.9584526 0.02375406 0.9582782 0.1032151 0.9582782 0.0250715 0.9650043 0.1100106 0.9515411 0.03011995 0.9582782 0.0250715 0.9582782 0.1032151 0.9582782 0.0250715 0.9584526 0.02375406 0.9651648 0.01686507 0.9650043 0.01827597 0.9582782 0.0250715 0.9651648 0.01686507 0.9582782 0.0250715 0.9650043 0.01827597 0.9650043 0.1100106 0.9651648 0.1114216 0.9650043 0.1100106 0.9713945 0.1188931 0.9650043 0.1100106 0.9650043 0.01827597 0.9713945 0.1188931 0.9714234 0.1199693 0.9651648 0.1114216 0.9713945 0.1188931 0.9714234 0.1199693 0.9713945 0.1188931 0.9718765 0.1205881 0.9713945 0.1188931 0.9718765 0.1194341 0.9718765 0.1205881 0.9713945 0.1188931 0.9713945 0.009393513 0.9718765 0.1194341 0.9650043 0.01827597 0.9713945 0.009393513 0.9713945 0.1188931 0.9713945 0.009393513 0.9718765 0.008852481 0.9718765 0.1194341 0.9718765 0.008852481 0.9713945 0.009393513 0.9714234 0.008317351 0.9650043 0.01827597 0.9651648 0.01686507 0.9714234 0.008317351 0.9713945 0.009393513 0.9650043 0.01827597 0.9714234 0.008317351 0.9718765 0.007698476 0.9718765 0.008852481 0.9714234 0.008317351 0.9383174 0.03360849 0.938268 0.03476345 0.9162074 0.03531664 0.9162096 0.03417372 0.9383174 0.03360849 0.9162074 0.03531664 0.9159368 0.0341807 0.9162096 0.03417372 0.9162074 0.03531664 0.9159368 0.03534084 0.9159368 0.0341807 0.9162074 0.03531664 0.9159368 0.03534084 0.9162074 0.03531664 0.9162074 0.09297007 0.9159368 0.09294587 0.9159368 0.03534084 0.9162074 0.09297007 0.9162074 0.09297007 0.9162096 0.09411299 0.9159368 0.09294587 0.9162096 0.09411299 0.9159368 0.09410601 0.9159368 0.09294587 0.9162074 0.09297007 0.938268 0.09352326 0.9162096 0.09411299 0.9162074 0.03531664 0.938268 0.03476345 0.938268 0.09352326 0.9162074 0.09297007 0.9162074 0.03531664 0.938268 0.09352326 0.938268 0.09352326 0.9383174 0.09467828 0.9162096 0.09411299 0.9655379 0.3854925 0.9656053 0.3843258 0.9721088 0.3829424 0.9722496 0.3840975 0.9655379 0.3854925 0.9721088 0.3829424 0.9655379 0.3854925 0.9588257 0.3888275 0.9656053 0.3843258 0.9588257 0.3888275 0.9588313 0.387586 0.9656053 0.3843258 0.9588313 0.387586 0.9588257 0.3888275 0.9521142 0.3939519 0.9516645 0.3926344 0.9588313 0.387586 0.9521142 0.3939519 0.9516645 0.3926344 0.9521142 0.3939519 0.9430999 0.400841 0.9432643 0.39943 0.9516645 0.3926344 0.9430999 0.400841 0.9721088 0.3829424 0.9656053 0.3843258 0.9721087 0.3241826 0.9656053 0.3843258 0.9656053 0.3227995 0.9721087 0.3241826 0.9656053 0.3843258 0.9588313 0.387586 0.9656053 0.3227995 0.9721087 0.3241826 0.9656053 0.3227995 0.9722496 0.3230276 0.9656053 0.3227995 0.9655379 0.3216328 0.9722496 0.3230276 0.9656053 0.3227995 0.9588314 0.3195392 0.9655379 0.3216328 0.9588313 0.387586 0.9516645 0.3926344 0.9588314 0.3195392 0.9588313 0.387586 0.9588314 0.3195392 0.9656053 0.3227995 0.9588314 0.3195392 0.9588257 0.3182978 0.9655379 0.3216328 0.9588257 0.3182978 0.9588314 0.3195392 0.9516645 0.3144907 0.9516645 0.3926344 0.9432643 0.39943 0.9516645 0.3144907 0.9516645 0.3926344 0.9516645 0.3144907 0.9588314 0.3195392 0.9521143 0.3131732 0.9588257 0.3182978 0.9516645 0.3144907 0.9521143 0.3131732 0.9516645 0.3144907 0.9432643 0.3076952 0.9432643 0.39943 0.9432643 0.3076952 0.9516645 0.3144907 0.9430999 0.3062843 0.9521143 0.3131732 0.9432643 0.3076952 0.9432643 0.39943 0.9430999 0.400841 0.9351718 0.4093883 0.9352058 0.4083122 0.9432643 0.39943 0.9351718 0.4093883 0.9432643 0.39943 0.9352058 0.4083122 0.9432643 0.3076952 0.9345977 0.4088532 0.9352058 0.4083122 0.9351718 0.4093883 0.9345977 0.4100071 0.9345977 0.4088532 0.9351718 0.4093883 0.9336608 0.4090197 0.9345977 0.4088532 0.9345977 0.4100071 0.9336451 0.4100071 0.9336608 0.4090197 0.9345977 0.4100071 0.9345977 0.4088532 0.9345977 0.2982717 0.9352058 0.4083122 0.9345977 0.2982717 0.9352052 0.2988122 0.9352058 0.4083122 0.9430999 0.3062843 0.9432643 0.3076952 0.9352052 0.2988122 0.9352058 0.4083122 0.9352052 0.2988122 0.9432643 0.3076952 0.9336607 0.2981051 0.9345977 0.2982717 0.9345977 0.4088532 0.9336608 0.4090197 0.9336607 0.2981051 0.9345977 0.4088532 0.9345977 0.2982717 0.9336607 0.2981051 0.9336451 0.2971176 0.9345977 0.2971176 0.9345977 0.2982717 0.9336451 0.2971176 0.9352052 0.2988122 0.9345977 0.2982717 0.9345977 0.2971176 0.9351717 0.2977365 0.9352052 0.2988122 0.9345977 0.2971176 0.9351717 0.2977365 0.9430999 0.3062843 0.9352052 0.2988122 0.9336451 0.4100071 0.9267596 0.4100072 0.9336608 0.4090197 0.9267596 0.4100072 0.926754 0.4089004 0.9336608 0.4090197 0.9336608 0.4090197 0.926754 0.4089004 0.9336607 0.2981051 0.9262108 0.4088528 0.926754 0.4089004 0.9267596 0.4100072 0.9262108 0.4100072 0.9262108 0.4088528 0.9267596 0.4100072 0.9262108 0.4088528 0.9262108 0.2982721 0.926754 0.4089004 0.9262108 0.2982721 0.926754 0.2982245 0.926754 0.4089004 0.9336607 0.2981051 0.926754 0.2982245 0.9336451 0.2971176 0.926754 0.4089004 0.926754 0.2982245 0.9336607 0.2981051 0.926754 0.2982245 0.9262108 0.2982721 0.9262108 0.2971177 0.9267596 0.2971177 0.926754 0.2982245 0.9262108 0.2971177 0.926754 0.2982245 0.9267596 0.2971177 0.9336451 0.2971176 0.7997725 0.2951025 0.8009248 0.2951399 0.7998303 0.2966386 0.798431 0.2966386 0.7997725 0.2951025 0.7998303 0.2966386 0.7997725 0.2951025 0.8008441 0.2932496 0.8009248 0.2951399 0.8008441 0.2932496 0.801939 0.293263 0.8009248 0.2951399 0.801939 0.293263 0.8008441 0.2932496 0.8015379 0.2915166 0.8025312 0.2916458 0.801939 0.293263 0.8015379 0.2915166 0.8025312 0.2916458 0.8015379 0.2915166 0.801638 0.2902299 0.801638 0.2902299 0.8023554 0.2902299 0.8025312 0.2916458 0.8023554 0.2902299 0.8026124 0.2905238 0.8025312 0.2916458 0.7998303 0.2966386 0.8009248 0.2951399 0.8942173 0.2966386 0.8009248 0.2951399 0.8931229 0.2951399 0.8942173 0.2966386 0.8009248 0.2951399 0.801939 0.293263 0.8931229 0.2951399 0.8942173 0.2966386 0.8931229 0.2951399 0.8956166 0.2966386 0.8931229 0.2951399 0.8942751 0.2951025 0.8956166 0.2966386 0.8931229 0.2951399 0.8921087 0.293263 0.8942751 0.2951025 0.801939 0.293263 0.8921087 0.293263 0.8931229 0.2951399 0.801939 0.293263 0.8025312 0.2916458 0.8921087 0.293263 0.8921087 0.293263 0.8932034 0.2932496 0.8942751 0.2951025 0.8932034 0.2932496 0.8921087 0.293263 0.8915165 0.2916454 0.8025312 0.2916458 0.8915165 0.2916454 0.8921087 0.293263 0.8025312 0.2916458 0.8026124 0.2905238 0.8915165 0.2916454 0.8925097 0.2915166 0.8932034 0.2932496 0.8915165 0.2916454 0.8925097 0.2915166 0.8915165 0.2916454 0.8914388 0.2905216 0.8026124 0.2905238 0.8914388 0.2905216 0.8915165 0.2916454 0.8914388 0.2905216 0.8026124 0.2905238 0.8913461 0.2902299 0.8914388 0.2905216 0.8913461 0.2902299 0.8924096 0.2902299 0.8924312 0.2905073 0.8914388 0.2905216 0.8924096 0.2902299 0.8924312 0.2905073 0.8925097 0.2915166 0.8914388 0.2905216 0.8026124 0.2905238 0.8027015 0.2902299 0.8913461 0.2902299 0.8027015 0.2902299 0.8026124 0.2905238 0.8023554 0.2902299 0.8923298 0.2228888 0.8934792 0.2228562 0.894772 0.2244085 0.8933806 0.2244064 0.8923298 0.2228888 0.894772 0.2244085 0.8923298 0.2228888 0.8913675 0.2209883 0.8934792 0.2228562 0.8913675 0.2209883 0.8924564 0.2209818 0.8934792 0.2228562 0.8924564 0.2209818 0.8913675 0.2209883 0.8908168 0.2193504 0.8918099 0.2192238 0.8924564 0.2209818 0.8908168 0.2193504 0.8918099 0.2192238 0.8908168 0.2193504 0.8906774 0.2179152 0.8917232 0.2179119 0.8918099 0.2192238 0.8906774 0.2179152 0.8906774 0.2179152 0.8908168 0.2193504 0.8030596 0.2195238 0.8035132 0.2181937 0.8906774 0.2179152 0.8030596 0.2195238 0.8035132 0.2181937 0.8030596 0.2195238 0.8024675 0.218197 0.8030596 0.2195238 0.8017091 0.2192515 0.8024675 0.218197 0.8030596 0.2195238 0.8021689 0.2210509 0.8017091 0.2192515 0.8908168 0.2193504 0.8913675 0.2209883 0.8021689 0.2210509 0.8030596 0.2195238 0.8908168 0.2193504 0.8021689 0.2210509 0.8021689 0.2210509 0.8005675 0.2208577 0.8017091 0.2192515 0.8005675 0.2208577 0.8021689 0.2210509 0.8008456 0.2228358 0.8913675 0.2209883 0.8923298 0.2228888 0.8008456 0.2228358 0.8021689 0.2210509 0.8913675 0.2209883 0.8008456 0.2228358 0.7992812 0.2226651 0.8005675 0.2208577 0.8008456 0.2228358 0.7992812 0.2226651 0.8008456 0.2228358 0.7995285 0.224268 0.7981371 0.2242659 0.7992812 0.2226651 0.7995285 0.224268 0.8008456 0.2228358 0.8923298 0.2228888 0.7995285 0.224268 0.8923298 0.2228888 0.8933806 0.2244064 0.7995285 0.224268 0.8008452 0.244826 0.8019978 0.244863 0.8009032 0.2463622 0.7995038 0.2463622 0.8008452 0.244826 0.8009032 0.2463622 0.8008452 0.244826 0.8019167 0.242973 0.8019978 0.244863 0.8019167 0.242973 0.803012 0.2429858 0.8019978 0.244863 0.803012 0.2429858 0.8019167 0.242973 0.8026105 0.24124 0.8036041 0.2413686 0.803012 0.2429858 0.8026105 0.24124 0.8009032 0.2463622 0.8019978 0.244863 0.8941954 0.2448632 0.8952899 0.2463622 0.8009032 0.2463622 0.8941954 0.2448632 0.8952899 0.2463622 0.8941954 0.2448632 0.8966892 0.2463622 0.8941954 0.2448632 0.8953477 0.244826 0.8966892 0.2463622 0.8941954 0.2448632 0.8931813 0.2429862 0.8953477 0.244826 0.8019978 0.244863 0.803012 0.2429858 0.8931813 0.2429862 0.8941954 0.2448632 0.8019978 0.244863 0.8931813 0.2429862 0.8931813 0.2429862 0.8942761 0.242973 0.8953477 0.244826 0.8942761 0.242973 0.8931813 0.2429862 0.8925892 0.241369 0.803012 0.2429858 0.8036041 0.2413686 0.8925892 0.241369 0.8931813 0.2429862 0.803012 0.2429858 0.8925892 0.241369 0.8935825 0.24124 0.8942761 0.242973 0.8925892 0.241369 0.8935825 0.24124 0.8925892 0.241369 0.8925071 0.2402442 0.8935825 0.24124 0.8925071 0.2402442 0.8927649 0.2399533 0.8927649 0.2399533 0.8934824 0.2399533 0.8935825 0.24124 0.8036041 0.2413686 0.8026105 0.24124 0.8026891 0.2402307 0.8036817 0.240245 0.8036041 0.2413686 0.8026891 0.2402307 0.8925892 0.241369 0.8036041 0.2413686 0.8036817 0.240245 0.8925071 0.2402442 0.8925892 0.241369 0.8036817 0.240245 0.8037743 0.2399533 0.8036817 0.240245 0.8026891 0.2402307 0.8027108 0.2399533 0.8037743 0.2399533 0.8026891 0.2402307 0.8924189 0.2399533 0.8925071 0.2402442 0.8036817 0.240245 0.8037743 0.2399533 0.8924189 0.2399533 0.8036817 0.240245 0.8925071 0.2402442 0.8924189 0.2399533 0.8927649 0.2399533 0.8933754 0.272283 0.8945277 0.2722455 0.8958691 0.2737818 0.8944699 0.2737818 0.8933754 0.272283 0.8958691 0.2737818 0.8933754 0.272283 0.8923612 0.270406 0.8945277 0.2722455 0.8923612 0.270406 0.8934562 0.2703926 0.8945277 0.2722455 0.8934562 0.2703926 0.8923612 0.270406 0.8917689 0.2687888 0.8927622 0.2686596 0.8934562 0.2703926 0.8917689 0.2687888 0.8927622 0.2686596 0.8917689 0.2687888 0.8915987 0.2673729 0.8926622 0.2673729 0.8927622 0.2686596 0.8915987 0.2673729 0.8029541 0.2673729 0.8915987 0.2673729 0.8917689 0.2687888 0.8027837 0.2687885 0.8029541 0.2673729 0.8917689 0.2687888 0.8027837 0.2687885 0.8917689 0.2687888 0.8923612 0.270406 0.8029541 0.2673729 0.8027837 0.2687885 0.8018906 0.2673729 0.8027837 0.2687885 0.8017904 0.2686596 0.8018906 0.2673729 0.8027837 0.2687885 0.8021915 0.270406 0.8017904 0.2686596 0.8021915 0.270406 0.8923612 0.270406 0.8933754 0.272283 0.8021915 0.270406 0.8027837 0.2687885 0.8923612 0.270406 0.8021915 0.270406 0.8010966 0.2703926 0.8017904 0.2686596 0.8010966 0.2703926 0.8021915 0.270406 0.8011773 0.2722831 0.8011773 0.2722831 0.8933754 0.272283 0.8944699 0.2737818 0.8011773 0.2722831 0.8021915 0.270406 0.8933754 0.272283 0.8000251 0.2722457 0.8010966 0.2703926 0.8011773 0.2722831 0.8000251 0.2722457 0.8011773 0.2722831 0.8000829 0.2737818 0.8000829 0.2737818 0.8011773 0.2722831 0.8944699 0.2737818 0.7986836 0.2737818 0.8000251 0.2722457 0.8000829 0.2737818 0.8881709 0.2129388 0.8892301 0.2129369 0.8917232 0.2155392 0.8906774 0.2155426 0.8881709 0.2129388 0.8917232 0.2155392 0.8881709 0.2129388 0.8906774 0.2155426 0.8035132 0.2158211 0.8055448 0.2130818 0.8881709 0.2129388 0.8035132 0.2158211 0.8044856 0.2130836 0.8055448 0.2130818 0.8035132 0.2158211 0.8024675 0.2158244 0.8044856 0.2130836 0.8035132 0.2158211 0.8890262 0.2624588 0.8900967 0.2624588 0.8926622 0.2650243 0.8915987 0.2650243 0.8890262 0.2624588 0.8926622 0.2650243 0.8055266 0.2624588 0.8890262 0.2624588 0.8915987 0.2650243 0.8029541 0.2650243 0.8055266 0.2624588 0.8915987 0.2650243 0.8044561 0.2624588 0.8055266 0.2624588 0.8029541 0.2650243 0.8018906 0.2650243 0.8044561 0.2624588 0.8029541 0.2650243 0.8922491 0.2377837 0.8898463 0.2354107 0.8909168 0.2354107 0.8909168 0.2354107 0.8934824 0.2379761 0.8922491 0.2377837 0.8934824 0.2379761 0.8927649 0.2379761 0.8922491 0.2377837 0.8922491 0.2377837 0.8039581 0.2377708 0.8898463 0.2354107 0.8039581 0.2377708 0.8922491 0.2377837 0.8037743 0.2379761 0.8039581 0.2377708 0.8037743 0.2379761 0.8027108 0.2379761 0.8029083 0.2377786 0.8039581 0.2377708 0.8027108 0.2379761 0.8922491 0.2377837 0.8924189 0.2379761 0.8037743 0.2379761 0.8924189 0.2379761 0.8922491 0.2377837 0.8927649 0.2379761 0.8029083 0.2377786 0.8052763 0.2354107 0.8039581 0.2377708 0.8052763 0.2354107 0.8063467 0.2354107 0.8039581 0.2377708 0.8039581 0.2377708 0.8063467 0.2354107 0.8898463 0.2354107 0.4735103 0.1506041 0.4746616 0.150604 0.4739097 0.1429737 0.4727583 0.1429737 0.4735103 0.1506041 0.4739097 0.1429737 0.4735103 0.1506041 0.4884147 0.2704948 0.4746616 0.150604 0.4884147 0.2704948 0.4895691 0.2704948 0.4746616 0.150604 0.4739097 0.1429737 0.4746616 0.150604 0.5711329 0.1429737 0.4746616 0.150604 0.5703808 0.150604 0.5711329 0.1429737 0.5711329 0.1429737 0.5703808 0.150604 0.5722844 0.1429736 0.5703808 0.150604 0.5715324 0.150604 0.5722844 0.1429736 0.5703808 0.150604 0.5554733 0.2704948 0.5715324 0.150604 0.5554733 0.2704948 0.5566279 0.2704948 0.5715324 0.150604 0.5703808 0.150604 0.5692458 0.1529601 0.5554733 0.2704948 0.5692458 0.1529601 0.5549283 0.2681387 0.5554733 0.2704948 0.5554733 0.2704948 0.5549283 0.2681387 0.4895691 0.2704948 0.5549283 0.2681387 0.5692458 0.1529601 0.5545468 0.2677085 0.5692458 0.1529601 0.5687599 0.1533578 0.5545468 0.2677085 0.5545468 0.2677085 0.5687599 0.1533578 0.5542761 0.2673674 0.5687599 0.1533578 0.5684133 0.1536067 0.5542761 0.2673674 0.5545468 0.2677085 0.4904957 0.2677085 0.5549283 0.2681387 0.4904957 0.2677085 0.4901142 0.2681387 0.5549283 0.2681387 0.5549283 0.2681387 0.4901142 0.2681387 0.4895691 0.2704948 0.4907664 0.2673674 0.4904957 0.2677085 0.5545468 0.2677085 0.5542761 0.2673674 0.4907664 0.2673674 0.5545468 0.2677085 0.5692458 0.1529601 0.4757967 0.1529601 0.5687599 0.1533578 0.4757967 0.1529601 0.5692458 0.1529601 0.5703808 0.150604 0.4757967 0.1529601 0.4762826 0.1533578 0.5687599 0.1533578 0.4901142 0.2681387 0.4904957 0.2677085 0.4762826 0.1533578 0.4757967 0.1529601 0.4901142 0.2681387 0.4762826 0.1533578 0.5687599 0.1533578 0.4762826 0.1533578 0.5684133 0.1536067 0.4762826 0.1533578 0.4766291 0.1536067 0.5684133 0.1536067 0.4762826 0.1533578 0.4904957 0.2677085 0.4766291 0.1536067 0.4904957 0.2677085 0.4907664 0.2673674 0.4766291 0.1536067 0.5684133 0.1536067 0.5666163 0.1547927 0.5542761 0.2673674 0.5666163 0.1547927 0.5526502 0.2652648 0.5542761 0.2673674 0.4766291 0.1536067 0.478426 0.1547927 0.5684133 0.1536067 0.478426 0.1547927 0.5666163 0.1547927 0.5684133 0.1536067 0.4907664 0.2673674 0.4923923 0.2652648 0.4766291 0.1536067 0.4923923 0.2652648 0.478426 0.1547927 0.4766291 0.1536067 0.5542761 0.2673674 0.5526502 0.2652648 0.4907664 0.2673674 0.5526502 0.2652648 0.4923923 0.2652648 0.4907664 0.2673674 0.4746616 0.150604 0.4757967 0.1529601 0.5703808 0.150604 0.4901142 0.2681387 0.4757967 0.1529601 0.4746616 0.150604 0.4895691 0.2704948 0.4901142 0.2681387 0.4746616 0.150604 0.4895691 0.2704948 0.4884147 0.2704948 0.4896864 0.2785968 0.4908455 0.2785968 0.4895691 0.2704948 0.4896864 0.2785968 0.4908126 0.2787697 0.4908455 0.2785968 0.4896864 0.2785968 0.4896529 0.2787697 0.4908126 0.2787697 0.4896864 0.2785968 0.4908126 0.2787697 0.5542299 0.2787697 0.4908455 0.2785968 0.5542299 0.2787697 0.5541972 0.2785968 0.4908455 0.2785968 0.5541972 0.2785968 0.5542299 0.2787697 0.5553897 0.2787697 0.5553562 0.2785968 0.5541972 0.2785968 0.5553897 0.2787697 0.5553562 0.2785968 0.5566279 0.2704948 0.5541972 0.2785968 0.5566279 0.2704948 0.5554733 0.2704948 0.5541972 0.2785968 0.4908455 0.2785968 0.5541972 0.2785968 0.5554733 0.2704948 0.4895691 0.2704948 0.4908455 0.2785968 0.5554733 0.2704948 0.3692338 0.1509636 0.3680766 0.1509633 0.3673209 0.143295 0.3684782 0.143295 0.3692338 0.1509636 0.3673209 0.143295 0.3692338 0.1509636 0.3842155 0.2714517 0.3680766 0.1509633 0.3842155 0.2714517 0.3830554 0.271452 0.3680766 0.1509633 0.3692338 0.1509636 0.3684782 0.143295 0.4661859 0.143295 0.4654302 0.1509635 0.3692338 0.1509636 0.4661859 0.143295 0.4665875 0.1509631 0.4654302 0.1509635 0.4661859 0.143295 0.4673432 0.143295 0.4665875 0.1509631 0.4661859 0.143295 0.4665875 0.1509631 0.4516087 0.271452 0.4654302 0.1509635 0.4516087 0.271452 0.4504485 0.2714517 0.4654302 0.1509635 0.4654302 0.1509635 0.4642896 0.153331 0.3692338 0.1509636 0.4642896 0.153331 0.3703746 0.1533311 0.3692338 0.1509636 0.3692338 0.1509636 0.3703746 0.1533311 0.3842155 0.2714517 0.3708628 0.1537308 0.3703746 0.1533311 0.4642896 0.153331 0.4638014 0.1537306 0.3708628 0.1537308 0.4642896 0.153331 0.4642896 0.153331 0.4499008 0.2690841 0.4638014 0.1537306 0.4499008 0.2690841 0.4642896 0.153331 0.4654302 0.1509635 0.4504485 0.2714517 0.4499008 0.2690841 0.4654302 0.1509635 0.4499008 0.2690841 0.4495172 0.2686519 0.4638014 0.1537306 0.4638014 0.1537306 0.4495172 0.2686519 0.463453 0.1539808 0.4495172 0.2686519 0.4492452 0.268309 0.463453 0.1539808 0.3712112 0.1539808 0.3708628 0.1537308 0.4638014 0.1537306 0.463453 0.1539808 0.3712112 0.1539808 0.4638014 0.1537306 0.3708628 0.1537308 0.3851469 0.2686519 0.3703746 0.1533311 0.3851469 0.2686519 0.3847634 0.2690841 0.3703746 0.1533311 0.3847634 0.2690841 0.3851469 0.2686519 0.4495172 0.2686519 0.4499008 0.2690841 0.3847634 0.2690841 0.4495172 0.2686519 0.3847634 0.2690841 0.4499008 0.2690841 0.4504485 0.2714517 0.385419 0.268309 0.3851469 0.2686519 0.3708628 0.1537308 0.3712112 0.1539808 0.385419 0.268309 0.3708628 0.1537308 0.4495172 0.2686519 0.3851469 0.2686519 0.4492452 0.268309 0.3851469 0.2686519 0.385419 0.268309 0.4492452 0.268309 0.463453 0.1539808 0.461647 0.1551727 0.3712112 0.1539808 0.461647 0.1551727 0.373017 0.1551729 0.3712112 0.1539808 0.4492452 0.268309 0.4476113 0.2661958 0.463453 0.1539808 0.4476113 0.2661958 0.461647 0.1551727 0.463453 0.1539808 0.385419 0.268309 0.3870528 0.2661958 0.4492452 0.268309 0.3870528 0.2661958 0.4476113 0.2661958 0.4492452 0.268309 0.3712112 0.1539808 0.373017 0.1551729 0.385419 0.268309 0.373017 0.1551729 0.3870528 0.2661958 0.385419 0.268309 0.3842155 0.2714517 0.3847634 0.2690841 0.4504485 0.2714517 0.3703746 0.1533311 0.3847634 0.2690841 0.3842155 0.2714517 0.3854982 0.2795946 0.3842155 0.2714517 0.4504485 0.2714517 0.3830554 0.271452 0.3842155 0.2714517 0.3854982 0.2795946 0.3843334 0.2795946 0.3830554 0.271452 0.3854982 0.2795946 0.3843334 0.2795946 0.3854982 0.2795946 0.3842998 0.2797682 0.3854982 0.2795946 0.3854652 0.2797682 0.3842998 0.2797682 0.3854982 0.2795946 0.4491659 0.2795946 0.3854652 0.2797682 0.4491659 0.2795946 0.3854982 0.2795946 0.4504485 0.2714517 0.4491659 0.2795946 0.4491989 0.2797682 0.3854652 0.2797682 0.4491989 0.2797682 0.4491659 0.2795946 0.4503307 0.2795946 0.4491659 0.2795946 0.4504485 0.2714517 0.4503307 0.2795946 0.4503644 0.2797682 0.4491989 0.2797682 0.4503307 0.2795946 0.4504485 0.2714517 0.4516087 0.271452 0.4503307 0.2795946 0.5795916 0.149474 0.5807465 0.149474 0.5799925 0.1418217 0.5788375 0.1418217 0.5795916 0.149474 0.5799925 0.1418217 0.5795916 0.149474 0.5945395 0.2697134 0.5807465 0.149474 0.5945395 0.2697134 0.5956974 0.2697134 0.5807465 0.149474 0.5799925 0.1418217 0.5807465 0.149474 0.6767441 0.149474 0.6774982 0.1418217 0.5799925 0.1418217 0.6767441 0.149474 0.6774982 0.1418217 0.6767441 0.149474 0.678653 0.1418217 0.6767441 0.149474 0.6778988 0.149474 0.678653 0.1418217 0.6767441 0.149474 0.6617933 0.2697134 0.6778988 0.149474 0.6617933 0.2697134 0.6629511 0.2697134 0.6778988 0.149474 0.6767441 0.149474 0.6756057 0.1518369 0.6617933 0.2697134 0.6756057 0.1518369 0.6612466 0.2673504 0.6617933 0.2697134 0.6617933 0.2697134 0.6612466 0.2673504 0.5956974 0.2697134 0.6612466 0.2673504 0.6756057 0.1518369 0.6608639 0.2669191 0.6756057 0.1518369 0.6751185 0.1522358 0.6608639 0.2669191 0.6608639 0.2669191 0.6751185 0.1522358 0.6605924 0.2665769 0.6751185 0.1522358 0.6747709 0.1524856 0.6605924 0.2665769 0.6608639 0.2669191 0.5966267 0.266919 0.6612466 0.2673504 0.5966267 0.266919 0.5962439 0.2673503 0.6612466 0.2673504 0.6612466 0.2673504 0.5962439 0.2673503 0.5956974 0.2697134 0.5968981 0.2665769 0.5966267 0.266919 0.6608639 0.2669191 0.6605924 0.2665769 0.5968981 0.2665769 0.6608639 0.2669191 0.6756057 0.1518369 0.5818848 0.1518369 0.6751185 0.1522358 0.5818848 0.1518369 0.582372 0.1522358 0.6751185 0.1522358 0.5962439 0.2673503 0.5966267 0.266919 0.582372 0.1522358 0.5818848 0.1518369 0.5962439 0.2673503 0.582372 0.1522358 0.6751185 0.1522358 0.582372 0.1522358 0.6747709 0.1524856 0.582372 0.1522358 0.5827196 0.1524856 0.6747709 0.1524856 0.582372 0.1522358 0.5966267 0.266919 0.5827196 0.1524856 0.5966267 0.266919 0.5968981 0.2665769 0.5827196 0.1524856 0.6747709 0.1524856 0.6729686 0.1536749 0.6605924 0.2665769 0.6729686 0.1536749 0.6589618 0.2644681 0.6605924 0.2665769 0.5827196 0.1524856 0.5845218 0.1536749 0.6747709 0.1524856 0.5845218 0.1536749 0.6729686 0.1536749 0.6747709 0.1524856 0.5968981 0.2665769 0.5985287 0.2644681 0.5827196 0.1524856 0.5985287 0.2644681 0.5845218 0.1536749 0.5827196 0.1524856 0.6605924 0.2665769 0.6589618 0.2644681 0.5968981 0.2665769 0.6589618 0.2644681 0.5985287 0.2644681 0.5968981 0.2665769 0.5818848 0.1518369 0.6756057 0.1518369 0.6767441 0.149474 0.5807465 0.149474 0.5818848 0.1518369 0.6767441 0.149474 0.5962439 0.2673503 0.5818848 0.1518369 0.5807465 0.149474 0.5956974 0.2697134 0.5962439 0.2673503 0.5807465 0.149474 0.5956974 0.2697134 0.5945395 0.2697134 0.5958149 0.2778391 0.5969772 0.2778391 0.5956974 0.2697134 0.5958149 0.2778391 0.5969444 0.2780124 0.5969772 0.2778391 0.5958149 0.2778391 0.5957813 0.2780124 0.5969444 0.2780124 0.5958149 0.2778391 0.5969444 0.2780124 0.6605463 0.2780124 0.5969772 0.2778391 0.6605463 0.2780124 0.6605134 0.2778391 0.5969772 0.2778391 0.5956974 0.2697134 0.5969772 0.2778391 0.6605134 0.2778391 0.6605134 0.2778391 0.6605463 0.2780124 0.6617093 0.2780124 0.6616758 0.2778391 0.6605134 0.2778391 0.6617093 0.2780124 0.6616758 0.2778391 0.6629511 0.2697134 0.6605134 0.2778391 0.6629511 0.2697134 0.6617933 0.2697134 0.6605134 0.2778391 0.6617933 0.2697134 0.5956974 0.2697134 0.6605134 0.2778391 0.68638 0.1490653 0.68523 0.1490653 0.684479 0.1414445 0.6856291 0.1414445 0.68638 0.1490653 0.684479 0.1414445 0.68638 0.1490653 0.7012696 0.2688121 0.68523 0.1490653 0.7012696 0.2688121 0.7001165 0.268812 0.68523 0.1490653 0.781984 0.1490654 0.68638 0.1490653 0.6856291 0.1414445 0.7827351 0.1414445 0.781984 0.1490654 0.6856291 0.1414445 0.7831341 0.1490654 0.781984 0.1490654 0.7827351 0.1414445 0.7838853 0.1414445 0.7831341 0.1490654 0.7827351 0.1414445 0.7831341 0.1490654 0.7682476 0.2688121 0.781984 0.1490654 0.7682476 0.2688121 0.7670946 0.2688121 0.781984 0.1490654 0.68638 0.1490653 0.6875137 0.1514186 0.7012696 0.2688121 0.6875137 0.1514186 0.701814 0.2664586 0.7012696 0.2688121 0.7012696 0.2688121 0.701814 0.2664586 0.7670946 0.2688121 0.7021951 0.2660291 0.701814 0.2664586 0.6875137 0.1514186 0.687999 0.1518157 0.7021951 0.2660291 0.6875137 0.1514186 0.6875137 0.1514186 0.7808504 0.1514187 0.687999 0.1518157 0.7808504 0.1514187 0.6875137 0.1514186 0.68638 0.1490653 0.781984 0.1490654 0.7808504 0.1514187 0.68638 0.1490653 0.7808504 0.1514187 0.7803651 0.1518159 0.687999 0.1518157 0.687999 0.1518157 0.7803651 0.1518159 0.6883451 0.1520645 0.7803651 0.1518159 0.7800189 0.1520645 0.6883451 0.1520645 0.7024655 0.2656883 0.7021951 0.2660291 0.687999 0.1518157 0.6883451 0.1520645 0.7024655 0.2656883 0.687999 0.1518157 0.7021951 0.2660291 0.766169 0.2660291 0.701814 0.2664586 0.766169 0.2660291 0.7665501 0.2664586 0.701814 0.2664586 0.7665501 0.2664586 0.766169 0.2660291 0.7803651 0.1518159 0.7808504 0.1514187 0.7665501 0.2664586 0.7803651 0.1518159 0.701814 0.2664586 0.7665501 0.2664586 0.7670946 0.2688121 0.7658987 0.2656883 0.766169 0.2660291 0.7021951 0.2660291 0.7024655 0.2656883 0.7658987 0.2656883 0.7021951 0.2660291 0.7803651 0.1518159 0.766169 0.2660291 0.7800189 0.1520645 0.766169 0.2660291 0.7658987 0.2656883 0.7800189 0.1520645 0.6883451 0.1520645 0.69014 0.1532489 0.7024655 0.2656883 0.69014 0.1532489 0.7040894 0.2635882 0.7024655 0.2656883 0.7800189 0.1520645 0.7782241 0.153249 0.6883451 0.1520645 0.7782241 0.153249 0.69014 0.1532489 0.6883451 0.1520645 0.7658987 0.2656883 0.7642748 0.2635882 0.7800189 0.1520645 0.7642748 0.2635882 0.7782241 0.153249 0.7800189 0.1520645 0.7024655 0.2656883 0.7040894 0.2635882 0.7658987 0.2656883 0.7040894 0.2635882 0.7642748 0.2635882 0.7658987 0.2656883 0.7665501 0.2664586 0.7808504 0.1514187 0.781984 0.1490654 0.7670946 0.2688121 0.7665501 0.2664586 0.781984 0.1490654 0.7670946 0.2688121 0.7682476 0.2688121 0.7669774 0.2769044 0.7658199 0.2769044 0.7670946 0.2688121 0.7669774 0.2769044 0.7658526 0.277077 0.7658199 0.2769044 0.7669774 0.2769044 0.7658199 0.2769044 0.7658526 0.277077 0.7025116 0.277077 0.7025443 0.2769044 0.7658199 0.2769044 0.7025116 0.277077 0.7025443 0.2769044 0.7025116 0.277077 0.7013533 0.277077 0.7013868 0.2769044 0.7025443 0.2769044 0.7013533 0.277077 0.7670109 0.277077 0.7658526 0.277077 0.7669774 0.2769044 0.7013868 0.2769044 0.7001165 0.268812 0.7025443 0.2769044 0.7001165 0.268812 0.7012696 0.2688121 0.7025443 0.2769044 0.7658199 0.2769044 0.7025443 0.2769044 0.7012696 0.2688121 0.7670946 0.2688121 0.7658199 0.2769044 0.7012696 0.2688121 0.9235972 0.1034952 0.9226602 0.1033287 0.9226446 0.1023411 0.9235972 0.1023411 0.9235972 0.1034952 0.9226446 0.1023411 0.9235972 0.1034952 0.9235972 0.2140766 0.9226602 0.1033287 0.9235972 0.2140766 0.9226602 0.2142431 0.9226602 0.1033287 0.9226602 0.2142431 0.9235972 0.2140766 0.9235972 0.2152307 0.9226446 0.2152307 0.9226602 0.2142431 0.9235972 0.2152307 0.9226602 0.1033287 0.9157537 0.1034479 0.9226446 0.1023411 0.9157537 0.1034479 0.9157592 0.1023411 0.9226446 0.1023411 0.9157592 0.1023411 0.9157537 0.1034479 0.9152106 0.1023411 0.9157537 0.1034479 0.9152106 0.1034955 0.9152106 0.1023411 0.9157537 0.1034479 0.9157537 0.2141239 0.9152106 0.1034955 0.9157537 0.2141239 0.9157537 0.1034479 0.9226602 0.1033287 0.9226602 0.2142431 0.9157537 0.2141239 0.9226602 0.1033287 0.9157537 0.2141239 0.9152106 0.2140762 0.9152106 0.1034955 0.9152106 0.2140762 0.9157537 0.2141239 0.9157593 0.2152307 0.9157593 0.2152307 0.9157537 0.2141239 0.9226602 0.2142431 0.9226446 0.2152307 0.9157593 0.2152307 0.9226602 0.2142431 0.9152106 0.2152307 0.9152106 0.2140762 0.9157593 0.2152307 0.9741361 0.1978514 0.9731991 0.1980179 0.9731991 0.1968638 0.9741517 0.1968638 0.9741361 0.1978514 0.9731991 0.1968638 0.9741361 0.1978514 0.9741361 0.308766 0.9731991 0.1980179 0.9741361 0.308766 0.9731991 0.3085995 0.9731991 0.1980179 0.9731991 0.3085995 0.9741361 0.308766 0.9741517 0.3097535 0.9731991 0.3097535 0.9731991 0.3085995 0.9741517 0.3097535 0.9741517 0.1968638 0.9810374 0.1968638 0.9741361 0.1978514 0.9810374 0.1968638 0.9810417 0.1979706 0.9741361 0.1978514 0.9815861 0.1980183 0.9810417 0.1979706 0.9810374 0.1968638 0.9815861 0.1968638 0.9815861 0.1980183 0.9810374 0.1968638 0.9815861 0.1980183 0.9815861 0.3085991 0.9810417 0.1979706 0.9815861 0.3085991 0.9810417 0.3086468 0.9810417 0.1979706 0.9741361 0.308766 0.9810417 0.3086468 0.9741517 0.3097535 0.9810417 0.3086468 0.9741361 0.308766 0.9741361 0.1978514 0.9810417 0.1979706 0.9810417 0.3086468 0.9741361 0.1978514 0.9810417 0.3086468 0.9815861 0.3085991 0.9815861 0.3097535 0.9810374 0.3097535 0.9810417 0.3086468 0.9815861 0.3097535 0.9810417 0.3086468 0.9810374 0.3097535 0.9741517 0.3097535 0.9759619 0.1194342 0.9768989 0.1196007 0.9769145 0.1205882 0.9759619 0.1205882 0.9759619 0.1194342 0.9769145 0.1205882 0.9759619 0.1194342 0.9759619 0.008852422 0.9768989 0.1196007 0.9759619 0.008852422 0.9768989 0.008685946 0.9768989 0.1196007 0.9768989 0.008685946 0.9759619 0.008852422 0.9759619 0.007698416 0.9769145 0.007698416 0.9768989 0.008685946 0.9759619 0.007698416 0.9768989 0.1196007 0.9838042 0.1194815 0.9769145 0.1205882 0.9768989 0.1196007 0.9768989 0.008685946 0.9838042 0.1194815 0.9838042 0.1194815 0.9837999 0.1205882 0.9769145 0.1205882 0.9837999 0.1205882 0.9838042 0.1194815 0.9843486 0.1205882 0.9838042 0.1194815 0.9843486 0.1194338 0.9843486 0.1205882 0.9838042 0.1194815 0.9838042 0.008805155 0.9843486 0.1194338 0.9768989 0.008685946 0.9838042 0.008805155 0.9838042 0.1194815 0.9838042 0.008805155 0.9843486 0.008852899 0.9843486 0.1194338 0.9843486 0.008852899 0.9838042 0.008805155 0.9837999 0.007698476 0.9837999 0.007698476 0.9838042 0.008805155 0.9768989 0.008685946 0.9769145 0.007698416 0.9837999 0.007698476 0.9768989 0.008685946 0.9843486 0.007698476 0.9843486 0.008852899 0.9837999 0.007698476 0.898016 0.2789282 0.897962 0.2784531 0.8987221 0.2785748 0.8990755 0.2789282 0.898016 0.2789282 0.8987221 0.2785748 0.898016 0.2789282 0.7965362 0.2789282 0.897962 0.2784531 0.7965362 0.2789282 0.7965903 0.2784531 0.897962 0.2784531 0.7965903 0.2784531 0.7965362 0.2789282 0.7954768 0.2789282 0.7958302 0.2785748 0.7965903 0.2784531 0.7954768 0.2789282 0.897962 0.2784531 0.8944699 0.2757213 0.8987221 0.2785748 0.8944699 0.2757213 0.8958691 0.2757213 0.8987221 0.2785748 0.7958302 0.2785748 0.7986836 0.2757213 0.7965903 0.2784531 0.7986836 0.2757213 0.8000829 0.2757213 0.7965903 0.2784531 0.8000829 0.2757213 0.8944699 0.2757213 0.897962 0.2784531 0.7965903 0.2784531 0.8000829 0.2757213 0.897962 0.2784531 0.7966805 0.2291529 0.7967316 0.2296587 0.7956866 0.2296589 0.7959566 0.2292825 0.7966805 0.2291529 0.7956866 0.2296589 0.7966805 0.2291529 0.8967872 0.2291487 0.7967316 0.2296587 0.8967872 0.2291487 0.8968332 0.2296296 0.7967316 0.2296587 0.8968332 0.2296296 0.8967872 0.2291487 0.8975359 0.2292718 0.8978782 0.2296293 0.8968332 0.2296296 0.8975359 0.2292718 0.8967872 0.2291487 0.8933806 0.2263836 0.8975359 0.2292718 0.8933806 0.2263836 0.8967872 0.2291487 0.7966805 0.2291529 0.8933806 0.2263836 0.894772 0.2263857 0.8975359 0.2292718 0.7959566 0.2292825 0.7981371 0.2262431 0.7966805 0.2291529 0.7981371 0.2262431 0.7995285 0.2262452 0.7966805 0.2291529 0.7995285 0.2262452 0.8933806 0.2263836 0.7966805 0.2291529 0.8988366 0.2515464 0.8987825 0.2510712 0.8995426 0.2511929 0.899896 0.2515464 0.8988366 0.2515464 0.8995426 0.2511929 0.8988366 0.2515464 0.7973562 0.2515464 0.8987825 0.2510712 0.7973562 0.2515464 0.7974103 0.2510712 0.8987825 0.2510712 0.7974103 0.2510712 0.7973562 0.2515464 0.7962968 0.2515464 0.7966502 0.2511929 0.7974103 0.2510712 0.7962968 0.2515464 0.7966502 0.2511929 0.7995038 0.2483394 0.7974103 0.2510712 0.7995038 0.2483394 0.8009032 0.2483394 0.7974103 0.2510712 0.8987825 0.2510712 0.8952899 0.2483394 0.8995426 0.2511929 0.7974103 0.2510712 0.8009032 0.2483394 0.8952899 0.2483394 0.8987825 0.2510712 0.7974103 0.2510712 0.8952899 0.2483394 0.8952899 0.2483394 0.8966892 0.2483394 0.8995426 0.2511929 0.7963381 0.3015872 0.796284 0.3020623 0.7952246 0.3020623 0.795578 0.3017088 0.7963381 0.3015872 0.7952246 0.3020623 0.7963381 0.3015872 0.8977099 0.3015871 0.796284 0.3020623 0.8977099 0.3015871 0.897764 0.3020622 0.796284 0.3020623 0.897764 0.3020622 0.8977099 0.3015871 0.89847 0.3017088 0.8988234 0.3020622 0.897764 0.3020622 0.89847 0.3017088 0.795578 0.3017088 0.798431 0.2988554 0.7963381 0.3015872 0.798431 0.2988554 0.7998303 0.2988554 0.7963381 0.3015872 0.7963381 0.3015872 0.7998303 0.2988554 0.8977099 0.3015871 0.8977099 0.3015871 0.8942173 0.2988554 0.89847 0.3017088 0.7998303 0.2988554 0.8942173 0.2988554 0.8977099 0.3015871 0.8942173 0.2988554 0.8956166 0.2988554 0.89847 0.3017088 0.8028713 0.2876822 0.8023554 0.2878746 0.801638 0.2878746 0.801638 0.2878746 0.805274 0.2853091 0.8028713 0.2876822 0.801638 0.2878746 0.8042035 0.2853091 0.805274 0.2853091 0.8028713 0.2876822 0.805274 0.2853091 0.8911622 0.2876693 0.8027015 0.2878746 0.8028713 0.2876822 0.8911622 0.2876693 0.8028713 0.2876822 0.8027015 0.2878746 0.8023554 0.2878746 0.8913461 0.2878746 0.8027015 0.2878746 0.8911622 0.2876693 0.8913461 0.2878746 0.8911622 0.2876693 0.8922121 0.2876771 0.8924096 0.2878746 0.8913461 0.2878746 0.8922121 0.2876771 0.8911622 0.2876693 0.8887737 0.2853091 0.8922121 0.2876771 0.805274 0.2853091 0.8887737 0.2853091 0.8911622 0.2876693 0.8887737 0.2853091 0.8898441 0.2853091 0.8922121 0.2876771 0.9102914 0.1768056 0.9104194 0.1767024 0.9104194 0.1777855 0.9103052 0.1778997 0.9102914 0.1768056 0.9104194 0.1777855 0.9102914 0.1768056 0.9102914 0.121979 0.9104194 0.1767024 0.9102914 0.121979 0.9104194 0.1220822 0.9104194 0.1767024 0.9104194 0.1220822 0.9102914 0.121979 0.9103052 0.120885 0.9104194 0.1209992 0.9104194 0.1220822 0.9103052 0.120885 0.9103052 0.1778997 0.9073489 0.1808563 0.9102914 0.1768056 0.9073489 0.1808563 0.9073501 0.1797451 0.9102914 0.1768056 0.9102914 0.1768056 0.9073501 0.1797451 0.9102914 0.121979 0.9072126 0.179876 0.9073501 0.1797451 0.9073489 0.1808563 0.9072126 0.1809926 0.9072126 0.179876 0.9073489 0.1808563 0.9072126 0.179876 0.9072126 0.1189088 0.9073501 0.1797451 0.9072126 0.1189088 0.9073501 0.1190396 0.9073501 0.1797451 0.9102914 0.121979 0.9073501 0.1190396 0.9103052 0.120885 0.9073501 0.1797451 0.9073501 0.1190396 0.9102914 0.121979 0.9073501 0.1190396 0.9072126 0.1189088 0.9072126 0.1177922 0.9073489 0.1179285 0.9073501 0.1190396 0.9072126 0.1177922 0.9073501 0.1190396 0.9073489 0.1179285 0.9103052 0.120885 0.881255 0.2034727 0.8813572 0.203346 0.8824523 0.2033585 0.8823381 0.2034727 0.881255 0.2034727 0.8824523 0.2033585 0.881255 0.2034727 0.8266348 0.2034727 0.8813572 0.203346 0.8266348 0.2034727 0.8265327 0.203346 0.8813572 0.203346 0.8265327 0.203346 0.8266348 0.2034727 0.8255518 0.2034727 0.8254376 0.2033585 0.8265327 0.203346 0.8255518 0.2034727 0.8813572 0.203346 0.8842964 0.2004045 0.8824523 0.2033585 0.8842964 0.2004045 0.8813572 0.203346 0.8265327 0.203346 0.8842964 0.2004045 0.8854088 0.2004019 0.8824523 0.2033585 0.8854088 0.2004019 0.8842964 0.2004045 0.885545 0.2002657 0.8842964 0.2004045 0.8844285 0.2002657 0.885545 0.2002657 0.8842964 0.2004045 0.8235937 0.2004045 0.8844285 0.2002657 0.8235937 0.2004045 0.8842964 0.2004045 0.8265327 0.203346 0.8235937 0.2004045 0.8234616 0.2002657 0.8844285 0.2002657 0.8234616 0.2002657 0.8235937 0.2004045 0.8224813 0.2004019 0.8224813 0.2004019 0.8235937 0.2004045 0.8265327 0.203346 0.8254376 0.2033585 0.8224813 0.2004019 0.8265327 0.203346 0.822345 0.2002657 0.8234616 0.2002657 0.8224813 0.2004019 0.8813592 0.09504216 0.881255 0.09491294 0.8823381 0.09491294 0.8824523 0.09502714 0.8813592 0.09504216 0.8823381 0.09491294 0.8813592 0.09504216 0.8265305 0.09504222 0.881255 0.09491294 0.8265305 0.09504222 0.8266347 0.094913 0.881255 0.09491294 0.8266347 0.094913 0.8265305 0.09504222 0.8254374 0.0950272 0.8255516 0.094913 0.8266347 0.094913 0.8254374 0.0950272 0.8824523 0.09502714 0.8854088 0.09798371 0.8813592 0.09504216 0.8854088 0.09798371 0.8842964 0.09798127 0.8813592 0.09504216 0.8844285 0.09812003 0.8842964 0.09798127 0.8854088 0.09798371 0.885545 0.09812003 0.8844285 0.09812003 0.8854088 0.09798371 0.8844285 0.09812003 0.8234616 0.09812003 0.8842964 0.09798127 0.8234616 0.09812003 0.8235936 0.09798127 0.8842964 0.09798127 0.8265305 0.09504222 0.8235936 0.09798127 0.8254374 0.0950272 0.8813592 0.09504216 0.8842964 0.09798127 0.8235936 0.09798127 0.8265305 0.09504222 0.8813592 0.09504216 0.8235936 0.09798127 0.8235936 0.09798127 0.8234616 0.09812003 0.822345 0.09812003 0.8224813 0.09798371 0.8235936 0.09798127 0.822345 0.09812003 0.8235936 0.09798127 0.8224813 0.09798371 0.8254374 0.0950272 0.7985502 0.1767024 0.7986782 0.1768056 0.7986644 0.1778997 0.7985502 0.1777855 0.7985502 0.1767024 0.7986644 0.1778997 0.7985502 0.1767024 0.7985502 0.1220822 0.7986782 0.1768056 0.7985502 0.1220822 0.7986782 0.121979 0.7986782 0.1768056 0.7986782 0.121979 0.7985502 0.1220822 0.7985502 0.1209992 0.7986644 0.120885 0.7986782 0.121979 0.7985502 0.1209992 0.7986782 0.1768056 0.8016195 0.1797451 0.7986644 0.1778997 0.8016195 0.1797451 0.8016208 0.1808563 0.7986644 0.1778997 0.8016208 0.1808563 0.8016195 0.1797451 0.801757 0.1809926 0.8016195 0.1797451 0.801757 0.179876 0.801757 0.1809926 0.8016195 0.1797451 0.8016197 0.1190397 0.801757 0.179876 0.8016197 0.1190397 0.8016195 0.1797451 0.7986782 0.1768056 0.7986782 0.121979 0.8016197 0.1190397 0.7986782 0.1768056 0.8016197 0.1190397 0.8017572 0.1189088 0.801757 0.179876 0.8017572 0.1189088 0.8016197 0.1190397 0.8016209 0.1179285 0.8016209 0.1179285 0.8016197 0.1190397 0.7986782 0.121979 0.7986644 0.120885 0.8016209 0.1179285 0.7986782 0.121979 0.8017572 0.1177923 0.8017572 0.1189088 0.8016209 0.1179285 0.8844285 0.1974722 0.8845179 0.1973009 0.8856025 0.1972904 0.885545 0.1974722 0.8844285 0.1974722 0.8856025 0.1972904 0.8844285 0.1974722 0.8234616 0.1974722 0.8845179 0.1973009 0.8234616 0.1974722 0.8233721 0.1973009 0.8845179 0.1973009 0.8233721 0.1973009 0.8234616 0.1974722 0.822345 0.1974722 0.8222875 0.1972904 0.8233721 0.1973009 0.822345 0.1974722 0.8845179 0.1973009 0.8860908 0.1923797 0.8856025 0.1972904 0.8860908 0.1923797 0.8845179 0.1973009 0.8233721 0.1973009 0.8860908 0.1923797 0.8871485 0.1924017 0.8856025 0.1972904 0.8222875 0.1972904 0.8207414 0.1924017 0.8233721 0.1973009 0.8207414 0.1924017 0.8217992 0.1923797 0.8233721 0.1973009 0.8217992 0.1923797 0.8860908 0.1923797 0.8233721 0.1973009 0.8860908 0.1923797 0.8861036 0.1862342 0.8871485 0.1924017 0.8861036 0.1862342 0.8860908 0.1923797 0.8217992 0.1923797 0.8861036 0.1862342 0.8871485 0.1862366 0.8871485 0.1924017 0.8871485 0.1859878 0.8871485 0.1862366 0.8861036 0.1862342 0.8860863 0.1859878 0.8871485 0.1859878 0.8861036 0.1862342 0.8861036 0.1862342 0.8217863 0.1862342 0.8860863 0.1859878 0.8217863 0.1862342 0.8861036 0.1862342 0.8217992 0.1923797 0.8217863 0.1862342 0.8218036 0.1859878 0.8860863 0.1859878 0.8217863 0.1862342 0.8207414 0.1862366 0.8218036 0.1859878 0.8207414 0.1862366 0.8217863 0.1862342 0.8217992 0.1923797 0.8207414 0.1924017 0.8207414 0.1862366 0.8217992 0.1923797 0.8207414 0.1862366 0.8207414 0.1859878 0.8218036 0.1859878 0.9030494 0.1799661 0.903222 0.179876 0.903222 0.1809926 0.9030402 0.1810501 0.9030494 0.1799661 0.903222 0.1809926 0.9030494 0.1799661 0.9030494 0.1188187 0.903222 0.179876 0.9030494 0.1188187 0.903222 0.1189088 0.903222 0.179876 0.903222 0.1189088 0.9030494 0.1188187 0.9030402 0.1177347 0.903222 0.1177922 0.903222 0.1189088 0.9030402 0.1177347 0.9030402 0.1810501 0.8981515 0.182596 0.9030494 0.1799661 0.8981515 0.182596 0.8981295 0.1815382 0.9030494 0.1799661 0.9030494 0.1799661 0.8981295 0.1815382 0.9030494 0.1188187 0.9030494 0.1188187 0.8981295 0.1172465 0.9030402 0.1177347 0.8981295 0.1815382 0.8981295 0.1172465 0.9030494 0.1188187 0.8981295 0.1172465 0.8981515 0.1161887 0.9030402 0.1177347 0.8981515 0.182596 0.8919864 0.1825959 0.8981295 0.1815382 0.8919864 0.1825959 0.8919839 0.181551 0.8981295 0.1815382 0.8981295 0.1815382 0.8919839 0.181551 0.8981295 0.1172465 0.8919839 0.181551 0.8919864 0.1825959 0.8917376 0.1815337 0.8919864 0.1825959 0.8917376 0.1825959 0.8917376 0.1815337 0.8917376 0.1815337 0.8917376 0.1172509 0.8919839 0.181551 0.8917376 0.1172509 0.8919839 0.1172336 0.8919839 0.181551 0.8981295 0.1172465 0.8919839 0.1172336 0.8981515 0.1161887 0.8919839 0.181551 0.8919839 0.1172336 0.8981295 0.1172465 0.8917376 0.1172509 0.8917376 0.1161887 0.8919839 0.1172336 0.8917376 0.1161887 0.8919864 0.1161887 0.8919839 0.1172336 0.8919839 0.1172336 0.8919864 0.1161887 0.8981515 0.1161887 0.8845173 0.101682 0.8844285 0.1015119 0.885545 0.1015119 0.8856025 0.1016938 0.8845173 0.101682 0.885545 0.1015119 0.8845173 0.101682 0.8233728 0.101682 0.8844285 0.1015119 0.8233728 0.101682 0.8234616 0.1015119 0.8844285 0.1015119 0.8234616 0.1015119 0.8233728 0.101682 0.8222875 0.1016938 0.822345 0.1015119 0.8234616 0.1015119 0.8222875 0.1016938 0.8856025 0.1016938 0.8871485 0.1065825 0.8845173 0.101682 0.8871485 0.1065825 0.8860908 0.1066044 0.8845173 0.101682 0.8233728 0.101682 0.8217992 0.1066044 0.8222875 0.1016938 0.8845173 0.101682 0.8860908 0.1066044 0.8217992 0.1066044 0.8233728 0.101682 0.8845173 0.101682 0.8217992 0.1066044 0.8217992 0.1066044 0.8207414 0.1065825 0.8222875 0.1016938 0.8871485 0.1065825 0.8871485 0.1127475 0.8860908 0.1066044 0.8871485 0.1127475 0.8861036 0.11275 0.8860908 0.1066044 0.8861036 0.11275 0.8871485 0.1127475 0.8860863 0.1129963 0.8871485 0.1127475 0.8871485 0.1129963 0.8860863 0.1129963 0.8860863 0.1129963 0.8218036 0.1129963 0.8861036 0.11275 0.8218036 0.1129963 0.8217863 0.11275 0.8861036 0.11275 0.8217992 0.1066044 0.8217863 0.11275 0.8207414 0.1065825 0.8860908 0.1066044 0.8861036 0.11275 0.8217863 0.11275 0.8217992 0.1066044 0.8860908 0.1066044 0.8217863 0.11275 0.8218036 0.1129963 0.8207414 0.1129963 0.8217863 0.11275 0.8207414 0.1129963 0.8207414 0.1127475 0.8217863 0.11275 0.8217863 0.11275 0.8207414 0.1127475 0.8207414 0.1065825 0.8051499 0.179876 0.8053225 0.1799661 0.8053318 0.1810501 0.8051499 0.1809926 0.8051499 0.179876 0.8053318 0.1810501 0.8051499 0.179876 0.80515 0.1189088 0.8053225 0.1799661 0.80515 0.1189088 0.8053227 0.1188187 0.8053225 0.1799661 0.8053227 0.1188187 0.80515 0.1189088 0.80515 0.1177923 0.8053319 0.1177347 0.8053227 0.1188187 0.80515 0.1177923 0.8053225 0.1799661 0.8102424 0.1815382 0.8053318 0.1810501 0.8102424 0.1815382 0.8102205 0.182596 0.8053318 0.1810501 0.8053319 0.1177347 0.8102205 0.1161887 0.8053227 0.1188187 0.8102205 0.1161887 0.8102425 0.1172465 0.8053227 0.1188187 0.8102425 0.1172465 0.8102424 0.1815382 0.8053225 0.1799661 0.8053227 0.1188187 0.8102425 0.1172465 0.8053225 0.1799661 0.8102424 0.1815382 0.8163881 0.181551 0.8102205 0.182596 0.8163881 0.181551 0.8163856 0.1825959 0.8102205 0.182596 0.8166344 0.1825959 0.8163856 0.1825959 0.8163881 0.181551 0.8166344 0.1815337 0.8166344 0.1825959 0.8163881 0.181551 0.8163881 0.181551 0.8163881 0.1172336 0.8166344 0.1815337 0.8163881 0.1172336 0.8163881 0.181551 0.8102424 0.1815382 0.8102425 0.1172465 0.8163881 0.1172336 0.8102424 0.1815382 0.8163881 0.1172336 0.8166344 0.1172509 0.8166344 0.1815337 0.8163881 0.1172336 0.8163856 0.1161887 0.8166344 0.1172509 0.8163856 0.1161887 0.8163881 0.1172336 0.8102425 0.1172465 0.8102205 0.1161887 0.8163856 0.1161887 0.8102425 0.1172465 0.8163856 0.1161887 0.8166344 0.1161887 0.8166344 0.1172509 0.8868814 0.1823288 0.8871485 0.1825959 0.8860863 0.1825959 0.8860573 0.182482 0.8868814 0.1823288 0.8860863 0.1825959 0.8860863 0.1825959 0.8218036 0.1825959 0.8860573 0.182482 0.8218036 0.1825959 0.8218325 0.182482 0.8860573 0.182482 0.8218036 0.1825959 0.8207414 0.1825959 0.8218325 0.182482 0.8207414 0.1825959 0.8210085 0.1823288 0.8218325 0.182482 0.8871485 0.1825959 0.8868814 0.1823288 0.8870351 0.1815049 0.8871485 0.1815337 0.8871485 0.1825959 0.8870351 0.1815049 0.8870351 0.1815049 0.8870351 0.1172798 0.8871485 0.1815337 0.8870351 0.1172798 0.8870351 0.1815049 0.8868814 0.1823288 0.8870351 0.1172798 0.8871485 0.1172509 0.8871485 0.1815337 0.8870351 0.1172798 0.8868814 0.1164559 0.8871485 0.1172509 0.8868814 0.1823288 0.8868814 0.1164559 0.8870351 0.1172798 0.8868814 0.1823288 0.8860573 0.182482 0.8868814 0.1164559 0.8868814 0.1164559 0.8871485 0.1161887 0.8871485 0.1172509 0.8210085 0.1823288 0.8207414 0.1825959 0.8207414 0.1815337 0.8208547 0.1815049 0.8210085 0.1823288 0.8207414 0.1815337 0.8207414 0.1815337 0.8207414 0.1172509 0.8208547 0.1815049 0.8207414 0.1172509 0.8208547 0.1172798 0.8208547 0.1815049 0.8207414 0.1172509 0.8207414 0.1161887 0.8208547 0.1172798 0.8207414 0.1161887 0.8210085 0.1164559 0.8208547 0.1172798 0.8210085 0.1823288 0.8208547 0.1815049 0.8210085 0.1164559 0.8208547 0.1815049 0.8208547 0.1172798 0.8210085 0.1164559 0.8871485 0.1161887 0.8868814 0.1164559 0.8860573 0.1163027 0.8860863 0.1161887 0.8871485 0.1161887 0.8860573 0.1163027 0.8860573 0.1163027 0.8218325 0.1163027 0.8860863 0.1161887 0.8210085 0.1823288 0.8210085 0.1164559 0.8218325 0.1163027 0.8218325 0.1163027 0.8218036 0.1161887 0.8860863 0.1161887 0.8210085 0.1164559 0.8207414 0.1161887 0.8218036 0.1161887 0.8218325 0.1163027 0.8210085 0.1164559 0.8218036 0.1161887 0.8860573 0.182482 0.8860573 0.1163027 0.8868814 0.1164559 0.8860573 0.182482 0.8218325 0.182482 0.8860573 0.1163027 0.8218325 0.182482 0.8218325 0.1163027 0.8860573 0.1163027 0.8218325 0.182482 0.8210085 0.1823288 0.8218325 0.1163027 0.8476932 0.03128343 0.847809 0.0313149 0.8477873 0.08411645 0.8476714 0.08414787 0.8476932 0.03128343 0.8477873 0.08411645 0.8477873 0.08411645 0.8479419 0.08494162 0.8476714 0.08414787 0.8479419 0.08494162 0.847671 0.08521246 0.8476714 0.08414787 0.8476932 0.03128343 0.8476936 0.03021878 0.847809 0.0313149 0.8476936 0.03021878 0.8479642 0.03048986 0.847809 0.0313149 0.847671 0.08521246 0.8479419 0.08494162 0.8487665 0.08509683 0.8487356 0.08521294 0.847671 0.08521246 0.8487665 0.08509683 0.8487665 0.08509683 0.9015695 0.08511841 0.8487356 0.08521294 0.9015695 0.08511841 0.8487665 0.08509683 0.8479419 0.08494162 0.9015695 0.08511841 0.9016003 0.08523452 0.8487356 0.08521294 0.9015695 0.08511841 0.9023942 0.08496385 0.9016003 0.08523452 0.9023942 0.08496385 0.8479419 0.08494162 0.8477873 0.08411645 0.9023942 0.08496385 0.9015695 0.08511841 0.8479419 0.08494162 0.9023942 0.08496385 0.9026649 0.08523494 0.9016003 0.08523452 0.8479642 0.03048986 0.8476936 0.03021878 0.8487582 0.03021919 0.848789 0.0303353 0.8479642 0.03048986 0.8487582 0.03021919 0.8487582 0.03021919 0.9016227 0.03024101 0.848789 0.0303353 0.9016227 0.03024101 0.9015919 0.03035706 0.848789 0.0303353 0.9016227 0.03024101 0.9026874 0.03024142 0.9015919 0.03035706 0.9026874 0.03024142 0.9024165 0.03051227 0.9015919 0.03035706 0.848789 0.0303353 0.9015919 0.03035706 0.9024165 0.03051227 0.9024165 0.03051227 0.8479642 0.03048986 0.848789 0.0303353 0.9026649 0.08523494 0.9023942 0.08496385 0.9025495 0.08413881 0.9026653 0.08417028 0.9026649 0.08523494 0.9025495 0.08413881 0.9025495 0.08413881 0.902571 0.03133744 0.9026653 0.08417028 0.9024165 0.03051227 0.902571 0.03133744 0.8479642 0.03048986 0.902571 0.03133744 0.902687 0.03130602 0.9026653 0.08417028 0.9024165 0.03051227 0.9026874 0.03024142 0.902687 0.03130602 0.902571 0.03133744 0.9024165 0.03051227 0.902687 0.03130602 0.902571 0.03133744 0.9025495 0.08413881 0.847809 0.0313149 0.902571 0.03133744 0.847809 0.0313149 0.8479642 0.03048986 0.9025495 0.08413881 0.8477873 0.08411645 0.847809 0.0313149 0.9025495 0.08413881 0.9023942 0.08496385 0.8477873 0.08411645 0.912764 0.2821354 0.9124934 0.2821112 0.9124934 0.2245061 0.912764 0.2244819 0.912764 0.2821354 0.9124934 0.2245061 0.9124934 0.2245061 0.9124934 0.2233459 0.912764 0.2244819 0.9124934 0.2233459 0.9127662 0.223339 0.912764 0.2244819 0.912764 0.2821354 0.9127662 0.2832782 0.9124934 0.2821112 0.9127662 0.2832782 0.9124934 0.2832713 0.9124934 0.2821112 0.9127662 0.223339 0.9348739 0.2227738 0.912764 0.2244819 0.9348739 0.2227738 0.9348245 0.2239288 0.912764 0.2244819 0.912764 0.2821354 0.9348245 0.2826885 0.9127662 0.2832782 0.9348245 0.2826885 0.912764 0.2821354 0.912764 0.2244819 0.9348245 0.2239288 0.9348245 0.2826885 0.912764 0.2244819 0.9348245 0.2826885 0.9348739 0.2838434 0.9127662 0.2832782 0.9920842 0.3247359 0.9923278 0.32476 0.9923278 0.3823651 0.9920842 0.3823892 0.9920842 0.3247359 0.9923278 0.3823651 0.9923278 0.3823651 0.9923278 0.3835253 0.9920842 0.3823892 0.9923278 0.3835253 0.9920831 0.3835322 0.9920842 0.3823892 0.9920842 0.3247359 0.9920831 0.3235929 0.9923278 0.32476 0.9920831 0.3235929 0.9923278 0.3235998 0.9923278 0.32476 0.9920831 0.3835322 0.9722496 0.3840975 0.9920842 0.3823892 0.9722496 0.3840975 0.9721088 0.3829424 0.9920842 0.3823892 0.9920842 0.3247359 0.9721087 0.3241826 0.9920831 0.3235929 0.9920842 0.3823892 0.9721088 0.3829424 0.9721087 0.3241826 0.9920842 0.3247359 0.9920842 0.3823892 0.9721087 0.3241826 0.9721087 0.3241826 0.9722496 0.3230276 0.9920831 0.3235929</float_array>
          <technique_common>
            <accessor source="#LanternPole_Lantern-mesh-map-0-array" count="9822" stride="2">
              <param name="S" type="float"/>
              <param name="T" type="float"/>
            </accessor>
          </technique_common>
        </source>
        <vertices id="LanternPole_Lantern-mesh-vertices">
          <input semantic="POSITION" source="#LanternPole_Lantern-mesh-positions"/>
        </vertices>
        <triangles material="LanternPost_Mat-material" count="3274">
          <input semantic="VERTEX" source="#LanternPole_Lantern-mesh-vertices" offset="0"/>
          <input semantic="NORMAL" source="#LanternPole_Lantern-mesh-normals" offset="1"/>
          <input semantic="TEXCOORD" source="#LanternPole_Lantern-mesh-map-0" offset="2" set="0"/>
          <p>2 0 0 1 1 1 0 2 2 3 3 3 2 0 4 0 2 5 4 4 6 2 0 7 3 3 8 5 5 9 4 4 10 3 3 11 2 0 12 6 6 13 1 1 14 6 6 15 7 7 16 1 1 17 8 8 18 6 6 19 2 0 20 4 4 21 8 8 22 2 0 23 6 6 24 9 9 25 7 7 26 9 9 27 10 10 28 7 7 29 11 11 30 9 9 31 6 6 32 8 8 33 11 11 34 6 6 35 9 9 36 12 12 37 10 10 38 12 12 39 13 13 40 10 10 41 14 14 42 12 12 43 9 9 44 11 11 45 14 14 46 9 9 47 12 12 48 15 15 49 13 13 50 15 15 51 16 16 52 13 13 53 17 17 54 15 15 55 12 12 56 14 14 57 17 17 58 12 12 59 15 15 60 18 18 61 16 16 62 18 18 63 19 19 64 16 16 65 20 20 66 18 18 67 15 15 68 17 17 69 20 20 70 15 15 71 18 18 72 21 21 73 19 19 74 21 21 75 22 22 76 19 19 77 23 23 78 21 21 79 18 18 80 20 20 81 23 23 82 18 18 83 21 21 84 24 24 85 22 22 86 24 24 87 25 25 88 22 22 89 26 26 90 24 24 91 21 21 92 23 23 93 26 26 94 21 21 95 13 13 96 16 16 97 27 27 98 13 13 99 27 27 100 28 28 101 10 10 102 13 13 103 28 28 104 10 10 105 28 28 106 29 29 107 7 7 108 10 10 109 29 29 110 7 7 111 29 29 112 30 30 113 1 1 114 7 7 115 30 30 116 1 1 117 30 30 118 31 31 119 0 2 120 1 1 121 31 31 122 31 31 123 30 30 124 32 32 125 30 30 126 33 33 127 32 32 128 30 30 129 29 29 130 33 33 131 32 32 132 33 33 133 34 34 134 33 33 135 35 35 136 34 34 137 34 34 138 35 35 139 36 36 140 35 35 141 37 37 142 36 36 143 36 36 144 37 37 145 38 38 146 37 37 147 39 39 148 38 38 149 38 38 150 39 39 151 40 40 152 39 39 153 41 41 154 40 40 155 33 33 156 42 42 157 35 35 158 42 42 159 43 43 160 35 35 161 35 35 162 43 43 163 37 37 164 43 43 165 44 44 166 37 37 167 37 37 168 44 44 169 39 39 170 44 44 171 45 45 172 39 39 173 39 39 174 45 45 175 41 41 176 45 45 177 46 46 178 41 41 179 42 42 180 47 47 181 43 43 182 47 47 183 48 48 184 43 43 185 43 43 186 48 48 187 44 44 188 48 48 189 49 49 190 44 44 191 44 44 192 49 49 193 45 45 194 49 49 195 50 50 196 45 45 197 45 45 198 50 50 199 46 46 200 50 50 201 51 51 202 46 46 203 47 47 204 52 52 205 48 48 206 52 52 207 53 53 208 48 48 209 48 48 210 53 53 211 49 49 212 53 53 213 54 54 214 49 49 215 49 49 216 54 54 217 50 50 218 54 54 219 55 55 220 50 50 221 50 50 222 55 55 223 51 51 224 55 55 225 56 56 226 51 51 227 52 52 228 57 57 229 53 53 230 57 57 231 58 58 232 53 53 233 53 53 234 58 58 235 54 54 236 58 58 237 59 59 238 54 54 239 54 54 240 59 59 241 55 55 242 59 59 243 60 60 244 55 55 245 55 55 246 60 60 247 56 56 248 60 60 249 61 61 250 56 56 251 57 57 252 62 62 253 58 58 254 62 62 255 63 63 256 58 58 257 58 58 258 63 63 259 59 59 260 63 63 261 64 64 262 59 59 263 59 59 264 64 64 265 60 60 266 64 64 267 65 65 268 60 60 269 60 60 270 65 65 271 61 61 272 65 65 273 66 66 274 61 61 275 62 62 276 67 67 277 63 63 278 67 67 279 68 68 280 63 63 281 63 63 282 68 68 283 64 64 284 68 68 285 69 69 286 64 64 287 64 64 288 69 69 289 65 65 290 69 69 291 70 70 292 65 65 293 65 65 294 70 70 295 66 66 296 70 70 297 71 71 298 66 66 299 67 67 300 72 72 301 68 68 302 72 72 303 73 73 304 68 68 305 68 68 306 73 73 307 69 69 308 73 73 309 74 74 310 69 69 311 69 69 312 74 74 313 70 70 314 74 74 315 75 75 316 70 70 317 70 70 318 75 75 319 71 71 320 75 75 321 76 76 322 71 71 323 61 61 324 66 66 325 77 77 326 61 61 327 77 77 328 78 78 329 56 56 330 61 61 331 78 78 332 56 56 333 78 78 334 79 79 335 51 51 336 56 56 337 79 79 338 51 51 339 79 79 340 80 80 341 46 46 342 51 51 343 80 80 344 46 46 345 80 80 346 81 81 347 41 41 348 46 46 349 81 81 350 41 41 351 81 81 352 82 82 353 40 40 354 41 41 355 82 82 356 82 82 357 81 81 358 83 83 359 81 81 360 84 84 361 83 83 362 81 81 363 80 80 364 84 84 365 83 83 366 84 84 367 85 85 368 84 84 369 86 86 370 85 85 371 85 85 372 86 86 373 87 87 374 86 86 375 88 88 376 87 87 377 84 84 378 89 89 379 86 86 380 80 80 381 89 89 382 84 84 383 80 80 384 79 79 385 89 89 386 89 89 387 90 90 388 86 86 389 86 86 390 90 90 391 88 88 392 90 90 393 91 91 394 88 88 395 89 89 396 92 92 397 90 90 398 92 92 399 93 93 400 90 90 401 90 90 402 93 93 403 91 91 404 93 93 405 94 94 406 91 91 407 92 92 408 95 95 409 93 93 410 95 95 411 96 96 412 93 93 413 93 93 414 96 96 415 94 94 416 96 96 417 97 97 418 94 94 419 95 95 420 98 98 421 96 96 422 98 98 423 99 99 424 96 96 425 96 96 426 99 99 427 97 97 428 99 99 429 100 100 430 97 97 431 98 98 432 101 101 433 99 99 434 101 101 435 102 102 436 99 99 437 99 99 438 102 102 439 100 100 440 102 102 441 103 103 442 100 100 443 101 101 444 104 104 445 102 102 446 104 104 447 105 105 448 102 102 449 102 102 450 105 105 451 103 103 452 105 105 453 106 106 454 103 103 455 104 104 456 107 107 457 105 105 458 107 107 459 108 108 460 105 105 461 105 105 462 108 108 463 106 106 464 108 108 465 109 109 466 106 106 467 77 77 468 98 98 469 95 95 470 78 78 471 77 77 472 95 95 473 110 110 474 101 101 475 98 98 476 77 77 477 110 110 478 98 98 479 66 66 480 110 110 481 77 77 482 66 66 483 71 71 484 110 110 485 71 71 486 111 111 487 110 110 488 111 111 489 104 104 490 101 101 491 110 110 492 111 111 493 101 101 494 71 71 495 76 76 496 111 111 497 76 76 498 112 112 499 111 111 500 112 112 501 107 107 502 104 104 503 111 111 504 112 112 505 104 104 506 78 78 507 95 95 508 92 92 509 79 79 510 78 78 511 92 92 512 79 79 513 92 92 514 89 89 515 29 29 516 42 42 517 33 33 518 29 29 519 28 28 520 42 42 521 28 28 522 47 47 523 42 42 524 28 28 525 27 27 526 47 47 527 27 27 528 52 52 529 47 47 530 27 27 531 113 113 532 52 52 533 16 16 534 113 113 535 27 27 536 113 113 537 57 57 538 52 52 539 16 16 540 19 19 541 113 113 542 19 19 543 114 114 544 113 113 545 113 113 546 114 114 547 57 57 548 114 114 549 62 62 550 57 57 551 19 19 552 22 22 553 114 114 554 22 22 555 115 115 556 114 114 557 114 114 558 115 115 559 62 62 560 115 115 561 67 67 562 62 62 563 22 22 564 25 25 565 115 115 566 25 25 567 116 116 568 115 115 569 115 115 570 116 116 571 67 67 572 116 116 573 72 72 574 67 67 575 119 117 576 118 118 577 117 119 578 120 120 579 119 117 580 117 119 581 121 121 582 119 117 583 120 120 584 122 122 585 121 121 586 120 120 587 123 123 588 121 121 589 122 122 590 124 124 591 123 123 592 122 122 593 125 125 594 123 123 595 124 124 596 126 126 597 125 125 598 124 124 599 119 117 600 127 127 601 118 118 602 127 127 603 128 128 604 118 118 605 125 125 606 129 129 607 123 123 608 129 129 609 130 130 610 123 123 611 123 123 612 130 130 613 121 121 614 130 130 615 131 131 616 121 121 617 131 131 618 127 127 619 119 117 620 121 121 621 131 131 622 119 117 623 127 127 624 132 132 625 128 128 626 132 132 627 133 133 628 128 128 629 129 129 630 134 134 631 130 130 632 134 134 633 135 135 634 130 130 635 130 130 636 135 135 637 131 131 638 135 135 639 136 136 640 131 131 641 136 136 642 132 132 643 127 127 644 131 131 645 136 136 646 127 127 647 132 132 648 137 137 649 133 133 650 137 137 651 138 138 652 133 133 653 134 134 654 139 139 655 135 135 656 139 139 657 140 140 658 135 135 659 135 135 660 140 140 661 136 136 662 140 140 663 141 141 664 136 136 665 141 141 666 137 137 667 132 132 668 136 136 669 141 141 670 132 132 671 137 137 672 142 142 673 138 138 674 142 142 675 143 143 676 138 138 677 139 139 678 144 144 679 140 140 680 144 144 681 145 145 682 140 140 683 140 140 684 145 145 685 141 141 686 145 145 687 146 146 688 141 141 689 146 146 690 142 142 691 137 137 692 141 141 693 146 146 694 137 137 695 142 142 696 147 147 697 143 143 698 147 147 699 148 148 700 143 143 701 144 144 702 149 149 703 145 145 704 149 149 705 150 150 706 145 145 707 145 145 708 150 150 709 146 146 710 150 150 711 151 151 712 146 146 713 151 151 714 147 147 715 142 142 716 146 146 717 151 151 718 142 142 719 147 147 720 152 152 721 148 148 722 152 152 723 153 153 724 148 148 725 149 149 726 154 154 727 150 150 728 154 154 729 155 155 730 150 150 731 150 150 732 155 155 733 151 151 734 155 155 735 156 156 736 151 151 737 156 156 738 152 152 739 147 147 740 151 151 741 156 156 742 147 147 743 152 152 744 157 157 745 153 153 746 157 157 747 158 158 748 153 153 749 154 154 750 159 159 751 155 155 752 159 159 753 160 160 754 155 155 755 155 155 756 160 160 757 156 156 758 160 160 759 161 161 760 156 156 761 161 161 762 157 157 763 152 152 764 156 156 765 161 161 766 152 152 767 148 148 768 153 153 769 162 162 770 148 148 771 162 162 772 163 163 773 143 143 774 148 148 775 163 163 776 143 143 777 163 163 778 164 164 779 138 138 780 143 143 781 164 164 782 138 138 783 164 164 784 165 165 785 133 133 786 138 138 787 165 165 788 133 133 789 165 165 790 166 166 791 128 128 792 133 133 793 166 166 794 128 128 795 166 166 796 167 167 797 118 118 798 128 128 799 167 167 800 118 118 801 167 167 802 168 168 803 117 119 804 118 118 805 168 168 806 168 168 807 167 167 808 169 169 809 167 167 810 170 170 811 169 169 812 167 167 813 166 166 814 170 170 815 166 166 816 171 171 817 170 170 818 166 166 819 165 165 820 171 171 821 165 165 822 172 172 823 171 171 824 165 165 825 164 164 826 172 172 827 164 164 828 173 173 829 172 172 830 164 164 831 163 163 832 173 173 833 163 163 834 174 174 835 173 173 836 163 163 837 162 162 838 174 174 839 162 162 840 175 175 841 174 174 842 162 162 843 176 176 844 175 175 845 153 153 846 176 176 847 162 162 848 176 176 849 177 177 850 175 175 851 153 153 852 158 158 853 176 176 854 158 158 855 178 178 856 176 176 857 176 176 858 178 178 859 177 177 860 178 178 861 179 179 862 177 177 863 182 180 864 181 181 865 180 182 866 183 183 867 182 180 868 180 182 869 180 182 870 181 181 871 126 126 872 181 181 873 125 125 874 126 126 875 182 180 876 184 184 877 181 181 878 184 184 879 185 185 880 181 181 881 181 181 882 185 185 883 125 125 884 185 185 885 129 129 886 125 125 887 184 184 888 186 186 889 185 185 890 186 186 891 187 187 892 185 185 893 185 185 894 187 187 895 129 129 896 187 187 897 134 134 898 129 129 899 186 186 900 188 188 901 187 187 902 188 188 903 189 189 904 187 187 905 187 187 906 189 189 907 134 134 908 189 189 909 139 139 910 134 134 911 188 188 912 190 190 913 189 189 914 190 190 915 191 191 916 189 189 917 189 189 918 191 191 919 139 139 920 191 191 921 144 144 922 139 139 923 190 190 924 192 192 925 191 191 926 192 192 927 193 193 928 191 191 929 191 191 930 193 193 931 144 144 932 193 193 933 149 149 934 144 144 935 192 192 936 194 194 937 193 193 938 194 194 939 195 195 940 193 193 941 193 193 942 195 195 943 149 149 944 195 195 945 154 154 946 149 149 947 194 194 948 196 196 949 195 195 950 196 196 951 197 197 952 195 195 953 195 195 954 197 197 955 154 154 956 197 197 957 159 159 958 154 154 959 200 198 960 199 199 961 198 200 962 201 201 963 200 198 964 198 200 965 202 202 966 200 198 967 201 201 968 203 203 969 202 202 970 201 201 971 204 204 972 202 202 973 203 203 974 205 205 975 204 204 976 203 203 977 206 206 978 204 204 979 205 205 980 207 207 981 206 206 982 205 205 983 208 208 984 206 206 985 207 207 986 209 209 987 208 208 988 207 207 989 210 210 990 208 208 991 209 209 992 211 211 993 210 210 994 209 209 995 212 212 996 210 210 997 211 211 998 213 213 999 212 212 1000 211 211 1001 214 214 1002 212 212 1003 213 213 1004 215 215 1005 214 214 1006 213 213 1007 216 216 1008 214 214 1009 215 215 1010 217 217 1011 216 216 1012 215 215 1013 218 218 1014 216 216 1015 217 217 1016 219 219 1017 218 218 1018 217 217 1019 220 220 1020 218 218 1021 219 219 1022 221 221 1023 220 220 1024 219 219 1025 222 222 1026 220 220 1027 221 221 1028 223 223 1029 222 222 1030 221 221 1031 224 224 1032 222 222 1033 223 223 1034 225 225 1035 224 224 1036 223 223 1037 226 226 1038 224 224 1039 225 225 1040 227 227 1041 226 226 1042 225 225 1043 228 228 1044 226 226 1045 227 227 1046 229 229 1047 228 228 1048 227 227 1049 230 230 1050 228 228 1051 229 229 1052 231 231 1053 230 230 1054 229 229 1055 232 232 1056 230 230 1057 231 231 1058 233 233 1059 232 232 1060 231 231 1061 234 234 1062 232 232 1063 233 233 1064 235 235 1065 234 234 1066 233 233 1067 236 236 1068 234 234 1069 235 235 1070 237 237 1071 236 236 1072 235 235 1073 199 199 1074 236 236 1075 237 237 1076 198 200 1077 199 199 1078 237 237 1079 237 237 1080 238 238 1081 198 200 1082 238 238 1083 239 239 1084 198 200 1085 240 240 1086 238 238 1087 237 237 1088 235 235 1089 240 240 1090 237 237 1091 241 241 1092 240 240 1093 235 235 1094 233 233 1095 241 241 1096 235 235 1097 242 242 1098 241 241 1099 233 233 1100 231 231 1101 242 242 1102 233 233 1103 243 243 1104 242 242 1105 231 231 1106 229 229 1107 243 243 1108 231 231 1109 244 244 1110 243 243 1111 229 229 1112 227 227 1113 244 244 1114 229 229 1115 245 245 1116 244 244 1117 227 227 1118 225 225 1119 245 245 1120 227 227 1121 246 246 1122 245 245 1123 225 225 1124 223 223 1125 246 246 1126 225 225 1127 247 247 1128 246 246 1129 223 223 1130 221 221 1131 247 247 1132 223 223 1133 248 248 1134 247 247 1135 221 221 1136 219 219 1137 248 248 1138 221 221 1139 249 249 1140 248 248 1141 219 219 1142 217 217 1143 249 249 1144 219 219 1145 250 250 1146 249 249 1147 217 217 1148 215 215 1149 250 250 1150 217 217 1151 251 251 1152 250 250 1153 215 215 1154 213 213 1155 251 251 1156 215 215 1157 252 252 1158 251 251 1159 213 213 1160 211 211 1161 252 252 1162 213 213 1163 253 253 1164 252 252 1165 211 211 1166 209 209 1167 253 253 1168 211 211 1169 254 254 1170 253 253 1171 209 209 1172 207 207 1173 254 254 1174 209 209 1175 255 255 1176 254 254 1177 207 207 1178 205 205 1179 255 255 1180 207 207 1181 256 256 1182 255 255 1183 205 205 1184 203 203 1185 256 256 1186 205 205 1187 257 257 1188 256 256 1189 203 203 1190 201 201 1191 257 257 1192 203 203 1193 239 239 1194 257 257 1195 201 201 1196 198 200 1197 239 239 1198 201 201 1199 260 258 1200 259 258 1201 258 258 1202 260 259 1203 261 259 1204 259 259 1205 260 260 1206 262 260 1207 261 260 1208 260 261 1209 263 261 1210 262 261 1211 260 262 1212 264 262 1213 263 262 1214 260 263 1215 265 263 1216 264 263 1217 260 264 1218 266 264 1219 265 264 1220 260 258 1221 267 258 1222 266 258 1223 260 258 1224 268 258 1225 267 258 1226 260 258 1227 269 258 1228 268 258 1229 260 265 1230 258 265 1231 270 265 1232 271 258 1233 260 258 1234 270 258 1235 271 258 1236 272 258 1237 260 258 1238 272 258 1239 273 258 1240 260 258 1241 273 258 1242 274 258 1243 260 258 1244 274 258 1245 275 258 1246 260 258 1247 275 258 1248 276 258 1249 260 258 1250 276 258 1251 277 258 1252 260 258 1253 277 258 1254 278 258 1255 260 258 1256 260 266 1257 278 266 1258 269 266 1259 281 267 1260 280 267 1261 279 267 1262 281 268 1263 282 268 1264 280 268 1265 281 269 1266 279 269 1267 283 269 1268 284 270 1269 281 270 1270 283 270 1271 285 270 1272 281 270 1273 284 270 1274 284 271 1275 283 271 1276 286 271 1277 284 270 1278 286 270 1279 287 270 1280 284 272 1281 287 272 1282 288 272 1283 284 273 1284 288 273 1285 289 273 1286 284 274 1287 289 274 1288 290 274 1289 292 270 1290 291 270 1291 282 270 1292 293 270 1293 292 270 1294 282 270 1295 285 275 1296 294 275 1297 291 275 1298 285 270 1299 295 270 1300 294 270 1301 285 270 1302 296 270 1303 295 270 1304 285 276 1305 297 276 1306 296 276 1307 285 277 1308 298 277 1309 297 277 1310 300 278 1311 299 278 1312 290 278 1313 300 270 1314 301 270 1315 299 270 1316 301 270 1317 302 270 1318 299 270 1319 299 279 1320 302 279 1321 303 279 1322 304 270 1323 299 270 1324 303 270 1325 304 280 1326 305 281 1327 299 282 1328 305 283 1329 304 284 1330 298 285 1331 304 286 1332 306 286 1333 298 286 1334 304 287 1335 303 287 1336 306 287 1337 309 288 1338 308 289 1339 307 290 1340 310 291 1341 309 288 1342 307 290 1343 311 292 1344 309 288 1345 310 291 1346 312 293 1347 311 292 1348 310 291 1349 313 294 1350 311 292 1351 312 293 1352 314 295 1353 313 294 1354 312 293 1355 315 296 1356 313 294 1357 314 295 1358 316 297 1359 315 296 1360 314 295 1361 317 298 1362 315 296 1363 316 297 1364 318 299 1365 317 298 1366 316 297 1367 319 300 1368 317 298 1369 318 299 1370 320 301 1371 319 300 1372 318 299 1373 321 302 1374 319 300 1375 320 301 1376 322 303 1377 321 302 1378 320 301 1379 307 290 1380 308 289 1381 323 304 1382 323 304 1383 325 305 1384 324 306 1385 325 305 1386 326 307 1387 324 306 1388 324 306 1389 326 307 1390 327 308 1391 326 307 1392 328 309 1393 327 308 1394 327 308 1395 328 309 1396 329 310 1397 328 309 1398 330 311 1399 329 310 1400 329 310 1401 330 311 1402 331 312 1403 330 311 1404 332 313 1405 331 312 1406 331 312 1407 332 313 1408 333 314 1409 332 313 1410 334 315 1411 333 314 1412 333 314 1413 334 315 1414 335 316 1415 334 315 1416 336 317 1417 335 316 1418 335 316 1419 336 317 1420 337 318 1421 336 317 1422 338 319 1423 337 318 1424 337 318 1425 338 319 1426 339 320 1427 338 319 1428 340 321 1429 339 320 1430 339 320 1431 340 321 1432 341 322 1433 340 321 1434 342 323 1435 341 322 1436 341 322 1437 342 323 1438 343 324 1439 342 323 1440 344 325 1441 343 324 1442 343 324 1443 344 325 1444 345 326 1445 344 325 1446 346 327 1447 345 326 1448 345 326 1449 346 327 1450 347 328 1451 346 327 1452 348 329 1453 347 328 1454 308 289 1455 325 305 1456 323 304 1457 351 330 1458 350 331 1459 349 332 1460 352 333 1461 351 330 1462 349 332 1463 353 334 1464 351 330 1465 352 333 1466 354 335 1467 353 334 1468 352 333 1469 355 336 1470 353 334 1471 354 335 1472 356 337 1473 355 336 1474 354 335 1475 357 338 1476 355 336 1477 356 337 1478 358 339 1479 357 338 1480 356 337 1481 359 340 1482 357 338 1483 358 339 1484 360 341 1485 359 340 1486 358 339 1487 361 342 1488 359 340 1489 360 341 1490 362 343 1491 361 342 1492 360 341 1493 363 344 1494 361 342 1495 362 343 1496 364 345 1497 363 344 1498 362 343 1499 349 332 1500 350 331 1501 365 346 1502 363 344 1503 366 347 1504 361 342 1505 366 347 1506 367 348 1507 361 342 1508 361 342 1509 367 348 1510 359 340 1511 366 347 1512 368 349 1513 367 348 1514 368 349 1515 369 350 1516 367 348 1517 368 349 1518 370 351 1519 369 350 1520 370 351 1521 371 352 1522 369 350 1523 370 351 1524 372 353 1525 371 352 1526 372 353 1527 373 354 1528 371 352 1529 372 353 1530 374 355 1531 373 354 1532 374 355 1533 375 356 1534 373 354 1535 373 354 1536 375 356 1537 376 357 1538 375 356 1539 377 358 1540 376 357 1541 376 357 1542 377 358 1543 378 359 1544 377 358 1545 379 360 1546 378 359 1547 378 359 1548 379 360 1549 380 361 1550 379 360 1551 381 362 1552 380 361 1553 380 361 1554 381 362 1555 382 363 1556 381 362 1557 383 364 1558 382 363 1559 382 363 1560 383 364 1561 384 365 1562 383 364 1563 385 366 1564 384 365 1565 384 365 1566 385 366 1567 386 367 1568 385 366 1569 387 368 1570 386 367 1571 386 367 1572 387 368 1573 388 369 1574 387 368 1575 389 370 1576 388 369 1577 388 369 1578 389 370 1579 390 371 1580 389 370 1581 391 372 1582 390 371 1583 390 371 1584 391 372 1585 392 373 1586 391 372 1587 393 374 1588 392 373 1589 392 373 1590 393 374 1591 394 375 1592 393 374 1593 395 376 1594 394 375 1595 394 375 1596 395 376 1597 396 377 1598 395 376 1599 397 378 1600 396 377 1601 396 377 1602 397 378 1603 398 379 1604 397 378 1605 399 380 1606 398 379 1607 398 379 1608 399 380 1609 400 381 1610 399 380 1611 401 382 1612 400 381 1613 400 381 1614 401 382 1615 402 383 1616 401 382 1617 403 384 1618 402 383 1619 402 383 1620 403 384 1621 404 385 1622 403 384 1623 405 386 1624 404 385 1625 404 385 1626 405 386 1627 406 387 1628 405 386 1629 407 388 1630 406 387 1631 406 387 1632 407 388 1633 408 389 1634 407 388 1635 409 390 1636 408 389 1637 408 389 1638 409 390 1639 410 391 1640 409 390 1641 411 392 1642 410 391 1643 410 391 1644 411 392 1645 412 393 1646 411 392 1647 413 394 1648 412 393 1649 411 392 1650 414 395 1651 413 394 1652 414 395 1653 415 396 1654 413 394 1655 416 397 1656 414 395 1657 411 392 1658 409 390 1659 416 397 1660 411 392 1661 417 398 1662 416 397 1663 409 390 1664 407 388 1665 417 398 1666 409 390 1667 418 399 1668 417 398 1669 407 388 1670 405 386 1671 418 399 1672 407 388 1673 419 400 1674 418 399 1675 405 386 1676 403 384 1677 419 400 1678 405 386 1679 420 401 1680 419 400 1681 403 384 1682 401 382 1683 420 401 1684 403 384 1685 421 402 1686 420 401 1687 401 382 1688 399 380 1689 421 402 1690 401 382 1691 422 403 1692 421 402 1693 399 380 1694 397 378 1695 422 403 1696 399 380 1697 423 404 1698 422 403 1699 397 378 1700 395 376 1701 423 404 1702 397 378 1703 424 405 1704 423 404 1705 395 376 1706 393 374 1707 424 405 1708 395 376 1709 425 406 1710 424 405 1711 393 374 1712 391 372 1713 425 406 1714 393 374 1715 426 407 1716 425 406 1717 391 372 1718 389 370 1719 426 407 1720 391 372 1721 427 408 1722 426 407 1723 389 370 1724 387 368 1725 427 408 1726 389 370 1727 428 409 1728 427 408 1729 387 368 1730 385 366 1731 428 409 1732 387 368 1733 429 410 1734 428 409 1735 385 366 1736 383 364 1737 429 410 1738 385 366 1739 430 411 1740 429 410 1741 383 364 1742 381 362 1743 430 411 1744 383 364 1745 431 412 1746 430 411 1747 381 362 1748 379 360 1749 431 412 1750 381 362 1751 432 413 1752 431 412 1753 379 360 1754 377 358 1755 432 413 1756 379 360 1757 433 414 1758 432 413 1759 377 358 1760 375 356 1761 433 414 1762 377 358 1763 434 415 1764 433 414 1765 375 356 1766 374 355 1767 434 415 1768 375 356 1769 429 410 1770 435 416 1771 428 409 1772 435 416 1773 436 417 1774 428 409 1775 435 416 1776 437 418 1777 436 417 1778 437 418 1779 438 419 1780 436 417 1781 436 417 1782 438 419 1783 439 420 1784 438 419 1785 440 421 1786 439 420 1787 441 422 1788 437 418 1789 435 416 1790 442 423 1791 441 422 1792 435 416 1793 443 424 1794 441 422 1795 442 423 1796 444 425 1797 443 424 1798 442 423 1799 445 426 1800 443 424 1801 444 425 1802 446 427 1803 445 426 1804 444 425 1805 447 428 1806 445 426 1807 446 427 1808 448 429 1809 447 428 1810 446 427 1811 449 430 1812 447 428 1813 448 429 1814 450 431 1815 449 430 1816 448 429 1817 439 420 1818 440 421 1819 451 432 1820 440 421 1821 452 433 1822 451 432 1823 451 432 1824 452 433 1825 453 434 1826 452 433 1827 454 435 1828 453 434 1829 453 434 1830 454 435 1831 455 436 1832 454 435 1833 456 437 1834 455 436 1835 455 436 1836 456 437 1837 457 438 1838 456 437 1839 458 439 1840 457 438 1841 457 438 1842 458 439 1843 459 440 1844 458 439 1845 460 441 1846 459 440 1847 459 440 1848 460 441 1849 461 442 1850 460 441 1851 462 443 1852 461 442 1853 461 442 1854 462 443 1855 463 444 1856 462 443 1857 464 445 1858 463 444 1859 463 444 1860 464 445 1861 465 446 1862 464 445 1863 466 447 1864 465 446 1865 465 446 1866 466 447 1867 467 448 1868 466 447 1869 468 449 1870 467 448 1871 467 448 1872 468 449 1873 469 450 1874 468 449 1875 470 451 1876 469 450 1877 469 450 1878 470 451 1879 471 452 1880 470 451 1881 472 453 1882 471 452 1883 471 452 1884 472 453 1885 473 454 1886 472 453 1887 474 455 1888 473 454 1889 473 454 1890 474 455 1891 475 456 1892 474 455 1893 476 457 1894 475 456 1895 473 454 1896 475 456 1897 415 396 1898 414 395 1899 473 454 1900 415 396 1901 471 452 1902 473 454 1903 414 395 1904 416 397 1905 471 452 1906 414 395 1907 469 450 1908 471 452 1909 416 397 1910 417 398 1911 469 450 1912 416 397 1913 467 448 1914 469 450 1915 417 398 1916 418 399 1917 467 448 1918 417 398 1919 465 446 1920 467 448 1921 418 399 1922 419 400 1923 465 446 1924 418 399 1925 463 444 1926 465 446 1927 419 400 1928 420 401 1929 463 444 1930 419 400 1931 461 442 1932 463 444 1933 420 401 1934 421 402 1935 461 442 1936 420 401 1937 459 440 1938 461 442 1939 421 402 1940 422 403 1941 459 440 1942 421 402 1943 457 438 1944 459 440 1945 422 403 1946 423 404 1947 457 438 1948 422 403 1949 455 436 1950 457 438 1951 423 404 1952 424 405 1953 455 436 1954 423 404 1955 453 434 1956 455 436 1957 424 405 1958 425 406 1959 453 434 1960 424 405 1961 451 432 1962 453 434 1963 425 406 1964 426 407 1965 451 432 1966 425 406 1967 439 420 1968 451 432 1969 426 407 1970 427 408 1971 439 420 1972 426 407 1973 436 417 1974 439 420 1975 427 408 1976 428 409 1977 436 417 1978 427 408 1979 479 458 1980 478 459 1981 477 460 1982 480 461 1983 479 458 1984 477 460 1985 481 462 1986 479 458 1987 480 461 1988 482 463 1989 481 462 1990 480 461 1991 483 464 1992 481 462 1993 482 463 1994 484 465 1995 483 464 1996 482 463 1997 485 466 1998 483 464 1999 484 465 2000 486 467 2001 485 466 2002 484 465 2003 487 468 2004 485 466 2005 486 467 2006 488 469 2007 487 468 2008 486 467 2009 489 470 2010 487 468 2011 488 469 2012 490 471 2013 489 470 2014 488 469 2015 491 472 2016 489 470 2017 490 471 2018 492 473 2019 491 472 2020 490 471 2021 493 474 2022 491 472 2023 492 473 2024 494 475 2025 493 474 2026 492 473 2027 495 476 2028 493 474 2029 494 475 2030 496 477 2031 495 476 2032 494 475 2033 497 478 2034 495 476 2035 496 477 2036 498 479 2037 497 478 2038 496 477 2039 499 480 2040 497 478 2041 498 479 2042 500 481 2043 499 480 2044 498 479 2045 501 482 2046 499 480 2047 500 481 2048 365 346 2049 501 482 2050 500 481 2051 350 331 2052 501 482 2053 365 346 2054 350 331 2055 502 483 2056 501 482 2057 503 484 2058 502 483 2059 350 331 2060 503 484 2061 504 485 2062 502 483 2063 505 486 2064 504 485 2065 503 484 2066 505 486 2067 506 487 2068 504 485 2069 507 488 2070 506 487 2071 505 486 2072 507 488 2073 380 361 2074 506 487 2075 378 359 2076 380 361 2077 507 488 2078 508 489 2079 378 359 2080 507 488 2081 376 357 2082 378 359 2083 508 489 2084 509 490 2085 376 357 2086 508 489 2087 373 354 2088 376 357 2089 509 490 2090 371 352 2091 373 354 2092 509 490 2093 380 361 2094 382 363 2095 506 487 2096 506 487 2097 382 363 2098 510 491 2099 506 487 2100 510 491 2101 504 485 2102 382 363 2103 384 365 2104 510 491 2105 510 491 2106 384 365 2107 511 492 2108 384 365 2109 386 367 2110 511 492 2111 511 492 2112 386 367 2113 512 493 2114 386 367 2115 388 369 2116 512 493 2117 512 493 2118 388 369 2119 513 494 2120 388 369 2121 390 371 2122 513 494 2123 513 494 2124 390 371 2125 514 495 2126 390 371 2127 392 373 2128 514 495 2129 514 495 2130 392 373 2131 515 496 2132 392 373 2133 394 375 2134 515 496 2135 515 496 2136 394 375 2137 516 497 2138 394 375 2139 396 377 2140 516 497 2141 516 497 2142 396 377 2143 517 498 2144 396 377 2145 398 379 2146 517 498 2147 517 498 2148 398 379 2149 518 499 2150 398 379 2151 400 381 2152 518 499 2153 518 499 2154 400 381 2155 519 500 2156 400 381 2157 402 383 2158 519 500 2159 519 500 2160 402 383 2161 520 501 2162 402 383 2163 404 385 2164 520 501 2165 520 501 2166 404 385 2167 521 502 2168 404 385 2169 406 387 2170 521 502 2171 521 502 2172 406 387 2173 522 503 2174 406 387 2175 408 389 2176 522 503 2177 522 503 2178 408 389 2179 523 504 2180 408 389 2181 410 391 2182 523 504 2183 523 504 2184 410 391 2185 524 505 2186 410 391 2187 412 393 2188 524 505 2189 517 498 2190 518 499 2191 525 506 2192 526 507 2193 517 498 2194 525 506 2195 516 497 2196 517 498 2197 526 507 2198 527 508 2199 516 497 2200 526 507 2201 515 496 2202 516 497 2203 527 508 2204 528 509 2205 515 496 2206 527 508 2207 514 495 2208 515 496 2209 528 509 2210 529 510 2211 514 495 2212 528 509 2213 513 494 2214 514 495 2215 529 510 2216 530 511 2217 513 494 2218 529 510 2219 512 493 2220 513 494 2221 530 511 2222 531 512 2223 512 493 2224 530 511 2225 511 492 2226 512 493 2227 531 512 2228 532 513 2229 511 492 2230 531 512 2231 510 491 2232 511 492 2233 532 513 2234 504 485 2235 510 491 2236 532 513 2237 504 485 2238 532 513 2239 502 483 2240 532 513 2241 531 512 2242 533 514 2243 502 483 2244 532 513 2245 533 514 2246 531 512 2247 530 511 2248 534 515 2249 533 514 2250 531 512 2251 534 515 2252 530 511 2253 529 510 2254 535 516 2255 534 515 2256 530 511 2257 535 516 2258 529 510 2259 528 509 2260 536 517 2261 535 516 2262 529 510 2263 536 517 2264 536 517 2265 528 509 2266 537 518 2267 528 509 2268 527 508 2269 537 518 2270 537 518 2271 527 508 2272 538 519 2273 527 508 2274 526 507 2275 538 519 2276 538 519 2277 526 507 2278 539 520 2279 526 507 2280 525 506 2281 539 520 2282 539 520 2283 525 506 2284 540 521 2285 525 506 2286 541 522 2287 540 521 2288 525 506 2289 518 499 2290 541 522 2291 518 499 2292 519 500 2293 541 522 2294 541 522 2295 519 500 2296 542 523 2297 519 500 2298 520 501 2299 542 523 2300 542 523 2301 520 501 2302 543 524 2303 520 501 2304 521 502 2305 543 524 2306 543 524 2307 521 502 2308 544 525 2309 521 502 2310 522 503 2311 544 525 2312 544 525 2313 522 503 2314 545 526 2315 522 503 2316 523 504 2317 545 526 2318 545 526 2319 523 504 2320 546 527 2321 523 504 2322 524 505 2323 546 527 2324 541 522 2325 542 523 2326 547 528 2327 540 521 2328 541 522 2329 547 528 2330 542 523 2331 543 524 2332 548 529 2333 547 528 2334 542 523 2335 548 529 2336 543 524 2337 544 525 2338 549 530 2339 548 529 2340 543 524 2341 549 530 2342 544 525 2343 545 526 2344 550 531 2345 549 530 2346 544 525 2347 550 531 2348 545 526 2349 546 527 2350 551 532 2351 550 531 2352 545 526 2353 551 532 2354 547 528 2355 548 529 2356 483 464 2357 485 466 2358 547 528 2359 483 464 2360 540 521 2361 547 528 2362 485 466 2363 487 468 2364 540 521 2365 485 466 2366 539 520 2367 540 521 2368 487 468 2369 489 470 2370 539 520 2371 487 468 2372 538 519 2373 539 520 2374 489 470 2375 491 472 2376 538 519 2377 489 470 2378 537 518 2379 538 519 2380 491 472 2381 493 474 2382 537 518 2383 491 472 2384 536 517 2385 537 518 2386 493 474 2387 495 476 2388 536 517 2389 493 474 2390 535 516 2391 536 517 2392 495 476 2393 497 478 2394 535 516 2395 495 476 2396 534 515 2397 535 516 2398 497 478 2399 499 480 2400 534 515 2401 497 478 2402 533 514 2403 534 515 2404 499 480 2405 501 482 2406 533 514 2407 499 480 2408 502 483 2409 533 514 2410 501 482 2411 554 533 2412 553 534 2413 552 535 2414 555 536 2415 554 533 2416 552 535 2417 556 537 2418 554 533 2419 555 536 2420 557 538 2421 556 537 2422 555 536 2423 558 539 2424 556 537 2425 557 538 2426 559 540 2427 558 539 2428 557 538 2429 560 541 2430 558 539 2431 559 540 2432 561 542 2433 560 541 2434 559 540 2435 562 543 2436 560 541 2437 561 542 2438 563 544 2439 562 543 2440 561 542 2441 564 545 2442 562 543 2443 563 544 2444 565 546 2445 564 545 2446 563 544 2447 566 547 2448 564 545 2449 565 546 2450 567 548 2451 566 547 2452 565 546 2453 552 535 2454 553 534 2455 568 549 2456 557 538 2457 555 536 2458 569 550 2459 570 551 2460 557 538 2461 569 550 2462 559 540 2463 557 538 2464 570 551 2465 570 551 2466 569 550 2467 571 552 2468 572 553 2469 570 551 2470 571 552 2471 572 553 2472 571 552 2473 573 554 2474 574 555 2475 572 553 2476 573 554 2477 574 555 2478 573 554 2479 575 556 2480 576 557 2481 574 555 2482 575 556 2483 576 557 2484 575 556 2485 577 558 2486 578 559 2487 576 557 2488 577 558 2489 578 559 2490 577 558 2491 438 419 2492 437 418 2493 578 559 2494 438 419 2495 579 560 2496 578 559 2497 437 418 2498 441 422 2499 579 560 2500 437 418 2501 580 561 2502 579 560 2503 441 422 2504 443 424 2505 580 561 2506 441 422 2507 581 562 2508 580 561 2509 443 424 2510 445 426 2511 581 562 2512 443 424 2513 582 563 2514 581 562 2515 445 426 2516 447 428 2517 582 563 2518 445 426 2519 583 564 2520 582 563 2521 447 428 2522 449 430 2523 583 564 2524 447 428 2525 438 419 2526 577 558 2527 440 421 2528 577 558 2529 584 565 2530 440 421 2531 440 421 2532 584 565 2533 452 433 2534 584 565 2535 585 566 2536 452 433 2537 452 433 2538 585 566 2539 454 435 2540 585 566 2541 586 567 2542 454 435 2543 454 435 2544 586 567 2545 456 437 2546 586 567 2547 587 568 2548 456 437 2549 456 437 2550 587 568 2551 458 439 2552 587 568 2553 588 569 2554 458 439 2555 458 439 2556 588 569 2557 460 441 2558 588 569 2559 589 570 2560 460 441 2561 460 441 2562 589 570 2563 462 443 2564 589 570 2565 590 571 2566 462 443 2567 462 443 2568 590 571 2569 464 445 2570 590 571 2571 591 572 2572 464 445 2573 464 445 2574 591 572 2575 466 447 2576 591 572 2577 592 573 2578 466 447 2579 466 447 2580 592 573 2581 468 449 2582 592 573 2583 593 574 2584 468 449 2585 468 449 2586 593 574 2587 470 451 2588 593 574 2589 594 575 2590 470 451 2591 470 451 2592 594 575 2593 472 453 2594 594 575 2595 595 576 2596 472 453 2597 472 453 2598 595 576 2599 474 455 2600 595 576 2601 596 577 2602 474 455 2603 474 455 2604 596 577 2605 476 457 2606 596 577 2607 597 578 2608 476 457 2609 596 577 2610 598 579 2611 597 578 2612 598 579 2613 599 580 2614 597 578 2615 600 581 2616 598 579 2617 596 577 2618 595 576 2619 600 581 2620 596 577 2621 601 582 2622 600 581 2623 595 576 2624 594 575 2625 601 582 2626 595 576 2627 602 583 2628 601 582 2629 594 575 2630 593 574 2631 602 583 2632 594 575 2633 603 584 2634 602 583 2635 593 574 2636 592 573 2637 603 584 2638 593 574 2639 604 585 2640 603 584 2641 592 573 2642 591 572 2643 604 585 2644 592 573 2645 605 586 2646 604 585 2647 591 572 2648 590 571 2649 605 586 2650 591 572 2651 606 587 2652 605 586 2653 590 571 2654 589 570 2655 606 587 2656 590 571 2657 607 588 2658 606 587 2659 589 570 2660 588 569 2661 607 588 2662 589 570 2663 608 589 2664 607 588 2665 588 569 2666 587 568 2667 608 589 2668 588 569 2669 609 590 2670 608 589 2671 587 568 2672 586 567 2673 609 590 2674 587 568 2675 610 591 2676 609 590 2677 586 567 2678 585 566 2679 610 591 2680 586 567 2681 611 592 2682 610 591 2683 585 566 2684 584 565 2685 611 592 2686 585 566 2687 575 556 2688 611 592 2689 584 565 2690 577 558 2691 575 556 2692 584 565 2693 606 587 2694 612 593 2695 605 586 2696 613 594 2697 612 593 2698 606 587 2699 607 588 2700 613 594 2701 606 587 2702 614 595 2703 613 594 2704 607 588 2705 608 589 2706 614 595 2707 607 588 2708 615 596 2709 614 595 2710 608 589 2711 609 590 2712 615 596 2713 608 589 2714 616 597 2715 615 596 2716 609 590 2717 610 591 2718 616 597 2719 609 590 2720 617 598 2721 616 597 2722 610 591 2723 611 592 2724 617 598 2725 610 591 2726 573 554 2727 617 598 2728 611 592 2729 575 556 2730 573 554 2731 611 592 2732 613 594 2733 618 599 2734 612 593 2735 618 599 2736 619 600 2737 612 593 2738 612 593 2739 619 600 2740 620 601 2741 612 593 2742 620 601 2743 605 586 2744 605 586 2745 620 601 2746 604 585 2747 620 601 2748 621 602 2749 604 585 2750 604 585 2751 621 602 2752 603 584 2753 621 602 2754 622 603 2755 603 584 2756 603 584 2757 622 603 2758 602 583 2759 622 603 2760 623 604 2761 602 583 2762 602 583 2763 623 604 2764 601 582 2765 623 604 2766 624 605 2767 601 582 2768 601 582 2769 624 605 2770 600 581 2771 624 605 2772 625 606 2773 600 581 2774 600 581 2775 625 606 2776 598 579 2777 625 606 2778 626 607 2779 598 579 2780 598 579 2781 626 607 2782 599 580 2783 626 607 2784 627 608 2785 599 580 2786 626 607 2787 628 609 2788 627 608 2789 628 609 2790 629 610 2791 627 608 2792 630 611 2793 628 609 2794 626 607 2795 625 606 2796 630 611 2797 626 607 2798 631 612 2799 630 611 2800 625 606 2801 624 605 2802 631 612 2803 625 606 2804 632 613 2805 631 612 2806 624 605 2807 623 604 2808 632 613 2809 624 605 2810 633 614 2811 632 613 2812 623 604 2813 622 603 2814 633 614 2815 623 604 2816 634 615 2817 633 614 2818 622 603 2819 621 602 2820 634 615 2821 622 603 2822 635 616 2823 634 615 2824 621 602 2825 620 601 2826 635 616 2827 621 602 2828 619 600 2829 635 616 2830 620 601 2831 628 609 2832 636 617 2833 629 610 2834 636 617 2835 637 618 2836 629 610 2837 638 619 2838 636 617 2839 628 609 2840 630 611 2841 638 619 2842 628 609 2843 639 620 2844 638 619 2845 630 611 2846 631 612 2847 639 620 2848 630 611 2849 640 621 2850 639 620 2851 631 612 2852 632 613 2853 640 621 2854 631 612 2855 641 622 2856 640 621 2857 632 613 2858 633 614 2859 641 622 2860 632 613 2861 642 623 2862 641 622 2863 633 614 2864 634 615 2865 642 623 2866 633 614 2867 643 624 2868 642 623 2869 634 615 2870 635 616 2871 643 624 2872 634 615 2873 644 625 2874 643 624 2875 635 616 2876 619 600 2877 644 625 2878 635 616 2879 645 626 2880 644 625 2881 619 600 2882 618 599 2883 645 626 2884 619 600 2885 646 627 2886 645 626 2887 618 599 2888 647 628 2889 646 627 2890 618 599 2891 647 628 2892 618 599 2893 613 594 2894 614 595 2895 647 628 2896 613 594 2897 648 629 2898 647 628 2899 614 595 2900 615 596 2901 648 629 2902 614 595 2903 649 630 2904 648 629 2905 615 596 2906 616 597 2907 649 630 2908 615 596 2909 650 631 2910 649 630 2911 616 597 2912 617 598 2913 650 631 2914 616 597 2915 571 552 2916 650 631 2917 617 598 2918 573 554 2919 571 552 2920 617 598 2921 651 632 2922 646 627 2923 647 628 2924 648 629 2925 651 632 2926 647 628 2927 652 633 2928 651 632 2929 648 629 2930 649 630 2931 652 633 2932 648 629 2933 653 634 2934 652 633 2935 649 630 2936 650 631 2937 653 634 2938 649 630 2939 569 550 2940 653 634 2941 650 631 2942 571 552 2943 569 550 2944 650 631 2945 651 632 2946 654 635 2947 646 627 2948 568 549 2949 654 635 2950 651 632 2951 652 633 2952 568 549 2953 651 632 2954 568 549 2955 655 636 2956 654 635 2957 655 636 2958 656 637 2959 654 635 2960 654 635 2961 656 637 2962 657 638 2963 656 637 2964 658 639 2965 657 638 2966 657 638 2967 658 639 2968 659 640 2969 658 639 2970 660 641 2971 659 640 2972 659 640 2973 660 641 2974 661 642 2975 660 641 2976 662 643 2977 661 642 2978 661 642 2979 662 643 2980 663 644 2981 662 643 2982 664 645 2983 663 644 2984 663 644 2985 664 645 2986 665 646 2987 664 645 2988 666 647 2989 665 646 2990 665 646 2991 666 647 2992 667 648 2993 666 647 2994 668 649 2995 667 648 2996 667 648 2997 668 649 2998 669 650 2999 668 649 3000 670 651 3001 669 650 3002 669 650 3003 670 651 3004 671 652 3005 670 651 3006 672 653 3007 671 652 3008 671 652 3009 672 653 3010 673 654 3011 672 653 3012 674 655 3013 673 654 3014 673 654 3015 674 655 3016 675 656 3017 674 655 3018 676 657 3019 675 656 3020 675 656 3021 676 657 3022 677 658 3023 676 657 3024 678 659 3025 677 658 3026 675 656 3027 677 658 3028 637 618 3029 636 617 3030 675 656 3031 637 618 3032 673 654 3033 675 656 3034 636 617 3035 638 619 3036 673 654 3037 636 617 3038 671 652 3039 673 654 3040 638 619 3041 639 620 3042 671 652 3043 638 619 3044 669 650 3045 671 652 3046 639 620 3047 640 621 3048 669 650 3049 639 620 3050 667 648 3051 669 650 3052 640 621 3053 641 622 3054 667 648 3055 640 621 3056 665 646 3057 667 648 3058 641 622 3059 642 623 3060 665 646 3061 641 622 3062 663 644 3063 665 646 3064 642 623 3065 643 624 3066 663 644 3067 642 623 3068 661 642 3069 663 644 3070 643 624 3071 644 625 3072 661 642 3073 643 624 3074 659 640 3075 661 642 3076 644 625 3077 645 626 3078 659 640 3079 644 625 3080 657 638 3081 659 640 3082 645 626 3083 646 627 3084 657 638 3085 645 626 3086 654 635 3087 657 638 3088 646 627 3089 553 534 3090 655 636 3091 568 549 3092 552 535 3093 568 549 3094 652 633 3095 653 634 3096 552 535 3097 652 633 3098 555 536 3099 552 535 3100 653 634 3101 569 550 3102 555 536 3103 653 634 3104 681 660 3105 680 661 3106 679 662 3107 682 663 3108 681 660 3109 679 662 3110 683 664 3111 681 660 3112 682 663 3113 684 665 3114 683 664 3115 682 663 3116 685 666 3117 683 664 3118 684 665 3119 686 667 3120 685 666 3121 684 665 3122 687 668 3123 685 666 3124 686 667 3125 688 669 3126 687 668 3127 686 667 3128 689 670 3129 687 668 3130 688 669 3131 690 671 3132 689 670 3133 688 669 3134 691 672 3135 689 670 3136 690 671 3137 692 673 3138 691 672 3139 690 671 3140 693 674 3141 691 672 3142 692 673 3143 694 675 3144 693 674 3145 692 673 3146 695 676 3147 693 674 3148 694 675 3149 696 677 3150 695 676 3151 694 675 3152 697 678 3153 695 676 3154 696 677 3155 698 679 3156 697 678 3157 696 677 3158 699 680 3159 697 678 3160 698 679 3161 700 681 3162 699 680 3163 698 679 3164 701 682 3165 699 680 3166 700 681 3167 702 683 3168 701 682 3169 700 681 3170 703 684 3171 701 682 3172 702 683 3173 704 685 3174 703 684 3175 702 683 3176 705 686 3177 703 684 3178 704 685 3179 706 687 3180 705 686 3181 704 685 3182 707 688 3183 705 686 3184 706 687 3185 708 689 3186 707 688 3187 706 687 3188 709 690 3189 707 688 3190 708 689 3191 710 691 3192 709 690 3193 708 689 3194 711 692 3195 709 690 3196 710 691 3197 712 693 3198 711 692 3199 710 691 3200 715 694 3201 714 695 3202 713 696 3203 716 697 3204 715 694 3205 713 696 3206 717 698 3207 715 694 3208 716 697 3209 718 699 3210 717 698 3211 716 697 3212 719 700 3213 717 698 3214 718 699 3215 720 701 3216 719 700 3217 718 699 3218 680 661 3219 719 700 3220 720 701 3221 679 662 3222 680 661 3223 720 701 3224 723 702 3225 722 703 3226 721 704 3227 724 705 3228 723 702 3229 721 704 3230 725 706 3231 723 702 3232 724 705 3233 726 707 3234 725 706 3235 724 705 3236 727 708 3237 725 706 3238 726 707 3239 728 709 3240 727 708 3241 726 707 3242 729 710 3243 727 708 3244 728 709 3245 730 711 3246 729 710 3247 728 709 3248 731 712 3249 729 710 3250 730 711 3251 732 713 3252 731 712 3253 730 711 3254 733 714 3255 731 712 3256 732 713 3257 734 715 3258 733 714 3259 732 713 3260 735 716 3261 733 714 3262 734 715 3263 736 717 3264 735 716 3265 734 715 3266 737 718 3267 735 716 3268 736 717 3269 738 719 3270 737 718 3271 736 717 3272 739 720 3273 737 718 3274 738 719 3275 740 721 3276 739 720 3277 738 719 3278 741 722 3279 739 720 3280 740 721 3281 742 723 3282 741 722 3283 740 721 3284 743 724 3285 741 722 3286 742 723 3287 744 725 3288 743 724 3289 742 723 3290 745 726 3291 743 724 3292 744 725 3293 746 727 3294 745 726 3295 744 725 3296 747 728 3297 745 726 3298 746 727 3299 748 729 3300 747 728 3301 746 727 3302 749 730 3303 747 728 3304 748 729 3305 750 731 3306 749 730 3307 748 729 3308 751 732 3309 749 730 3310 750 731 3311 752 733 3312 751 732 3313 750 731 3314 753 734 3315 751 732 3316 752 733 3317 754 735 3318 753 734 3319 752 733 3320 742 723 3321 740 721 3322 755 736 3323 755 736 3324 740 721 3325 756 737 3326 755 736 3327 756 737 3328 757 738 3329 757 738 3330 756 737 3331 758 739 3332 757 738 3333 758 739 3334 759 740 3335 759 740 3336 758 739 3337 760 741 3338 758 739 3339 761 742 3340 760 741 3341 760 741 3342 761 742 3343 762 743 3344 761 742 3345 763 744 3346 762 743 3347 762 743 3348 763 744 3349 764 745 3350 763 744 3351 765 746 3352 764 745 3353 764 745 3354 765 746 3355 766 747 3356 765 746 3357 767 748 3358 766 747 3359 766 747 3360 767 748 3361 768 749 3362 767 748 3363 769 750 3364 768 749 3365 768 749 3366 769 750 3367 770 751 3368 769 750 3369 771 752 3370 770 751 3371 772 753 3372 757 738 3373 759 740 3374 773 754 3375 757 738 3376 772 753 3377 774 755 3378 773 754 3379 772 753 3380 775 756 3381 773 754 3382 774 755 3383 776 757 3384 775 756 3385 774 755 3386 777 758 3387 775 756 3388 776 757 3389 778 759 3390 777 758 3391 776 757 3392 779 760 3393 777 758 3394 778 759 3395 780 761 3396 779 760 3397 778 759 3398 781 762 3399 779 760 3400 780 761 3401 782 763 3402 781 762 3403 780 761 3404 783 764 3405 781 762 3406 782 763 3407 784 765 3408 783 764 3409 782 763 3410 785 766 3411 783 764 3412 784 765 3413 786 767 3414 785 766 3415 784 765 3416 787 768 3417 785 766 3418 786 767 3419 788 769 3420 787 768 3421 786 767 3422 775 756 3423 789 770 3424 773 754 3425 790 771 3426 789 770 3427 775 756 3428 777 758 3429 790 771 3430 775 756 3431 791 772 3432 790 771 3433 777 758 3434 779 760 3435 791 772 3436 777 758 3437 792 773 3438 791 772 3439 779 760 3440 781 762 3441 792 773 3442 779 760 3443 793 774 3444 792 773 3445 781 762 3446 783 764 3447 793 774 3448 781 762 3449 794 775 3450 793 774 3451 783 764 3452 785 766 3453 794 775 3454 783 764 3455 795 776 3456 794 775 3457 785 766 3458 787 768 3459 795 776 3460 785 766 3461 790 771 3462 744 725 3463 789 770 3464 744 725 3465 742 723 3466 789 770 3467 789 770 3468 742 723 3469 755 736 3470 789 770 3471 755 736 3472 773 754 3473 773 754 3474 755 736 3475 757 738 3476 746 727 3477 744 725 3478 790 771 3479 791 772 3480 746 727 3481 790 771 3482 748 729 3483 746 727 3484 791 772 3485 792 773 3486 748 729 3487 791 772 3488 750 731 3489 748 729 3490 792 773 3491 793 774 3492 750 731 3493 792 773 3494 752 733 3495 750 731 3496 793 774 3497 794 775 3498 752 733 3499 793 774 3500 754 735 3501 752 733 3502 794 775 3503 795 776 3504 754 735 3505 794 775 3506 798 777 3507 797 778 3508 796 779 3509 799 780 3510 798 777 3511 796 779 3512 800 781 3513 798 777 3514 799 780 3515 801 782 3516 800 781 3517 799 780 3518 802 783 3519 800 781 3520 801 782 3521 803 784 3522 802 783 3523 801 782 3524 722 703 3525 802 783 3526 803 784 3527 721 704 3528 722 703 3529 803 784 3530 799 780 3531 796 779 3532 804 785 3533 805 786 3534 799 780 3535 804 785 3536 801 782 3537 799 780 3538 805 786 3539 805 786 3540 804 785 3541 806 787 3542 807 788 3543 805 786 3544 806 787 3545 807 788 3546 806 787 3547 808 789 3548 809 790 3549 807 788 3550 808 789 3551 810 791 3552 807 788 3553 809 790 3554 811 792 3555 810 791 3556 809 790 3557 812 793 3558 810 791 3559 811 792 3560 813 794 3561 812 793 3562 811 792 3563 814 795 3564 812 793 3565 813 794 3566 815 796 3567 814 795 3568 813 794 3569 771 752 3570 814 795 3571 815 796 3572 770 751 3573 771 752 3574 815 796 3575 816 797 3576 805 786 3577 807 788 3578 810 791 3579 816 797 3580 807 788 3581 817 798 3582 816 797 3583 810 791 3584 812 793 3585 817 798 3586 810 791 3587 818 799 3588 817 798 3589 812 793 3590 814 795 3591 818 799 3592 812 793 3593 819 800 3594 818 799 3595 814 795 3596 771 752 3597 819 800 3598 814 795 3599 820 801 3600 819 800 3601 771 752 3602 769 750 3603 820 801 3604 771 752 3605 821 802 3606 820 801 3607 769 750 3608 767 748 3609 821 802 3610 769 750 3611 822 803 3612 821 802 3613 767 748 3614 765 746 3615 822 803 3616 767 748 3617 823 804 3618 822 803 3619 765 746 3620 763 744 3621 823 804 3622 765 746 3623 824 805 3624 823 804 3625 763 744 3626 761 742 3627 824 805 3628 763 744 3629 825 806 3630 824 805 3631 761 742 3632 758 739 3633 825 806 3634 761 742 3635 756 737 3636 825 806 3637 758 739 3638 820 801 3639 726 707 3640 819 800 3641 726 707 3642 724 705 3643 819 800 3644 728 709 3645 726 707 3646 820 801 3647 821 802 3648 728 709 3649 820 801 3650 730 711 3651 728 709 3652 821 802 3653 822 803 3654 730 711 3655 821 802 3656 732 713 3657 730 711 3658 822 803 3659 823 804 3660 732 713 3661 822 803 3662 734 715 3663 732 713 3664 823 804 3665 824 805 3666 734 715 3667 823 804 3668 736 717 3669 734 715 3670 824 805 3671 825 806 3672 736 717 3673 824 805 3674 738 719 3675 736 717 3676 825 806 3677 756 737 3678 738 719 3679 825 806 3680 740 721 3681 738 719 3682 756 737 3683 724 705 3684 721 704 3685 818 799 3686 818 799 3687 721 704 3688 817 798 3689 721 704 3690 803 784 3691 817 798 3692 817 798 3693 803 784 3694 816 797 3695 803 784 3696 801 782 3697 816 797 3698 816 797 3699 801 782 3700 805 786 3701 819 800 3702 724 705 3703 818 799 3704 828 807 3705 827 808 3706 826 809 3707 829 810 3708 828 807 3709 826 809 3710 830 811 3711 828 807 3712 829 810 3713 831 812 3714 830 811 3715 829 810 3716 832 813 3717 830 811 3718 831 812 3719 833 814 3720 832 813 3721 831 812 3722 834 815 3723 832 813 3724 833 814 3725 835 816 3726 834 815 3727 833 814 3728 836 817 3729 834 815 3730 835 816 3731 837 818 3732 836 817 3733 835 816 3734 838 819 3735 836 817 3736 837 818 3737 839 820 3738 838 819 3739 837 818 3740 840 821 3741 838 819 3742 839 820 3743 841 822 3744 840 821 3745 839 820 3746 842 823 3747 840 821 3748 841 822 3749 843 824 3750 842 823 3751 841 822 3752 844 825 3753 842 823 3754 843 824 3755 845 826 3756 844 825 3757 843 824 3758 846 827 3759 844 825 3760 845 826 3761 847 828 3762 846 827 3763 845 826 3764 848 829 3765 846 827 3766 847 828 3767 849 830 3768 848 829 3769 847 828 3770 850 831 3771 848 829 3772 849 830 3773 851 832 3774 850 831 3775 849 830 3776 852 833 3777 850 831 3778 851 832 3779 853 834 3780 852 833 3781 851 832 3782 854 835 3783 852 833 3784 853 834 3785 855 836 3786 854 835 3787 853 834 3788 856 837 3789 854 835 3790 855 836 3791 857 838 3792 856 837 3793 855 836 3794 858 839 3795 856 837 3796 857 838 3797 859 840 3798 858 839 3799 857 838 3800 862 841 3801 861 842 3802 860 843 3803 863 844 3804 862 841 3805 860 843 3806 864 845 3807 862 841 3808 863 844 3809 865 846 3810 864 845 3811 863 844 3812 866 847 3813 864 845 3814 865 846 3815 867 848 3816 866 847 3817 865 846 3818 827 808 3819 866 847 3820 867 848 3821 826 809 3822 827 808 3823 867 848 3824 870 849 3825 869 850 3826 868 851 3827 871 852 3828 870 849 3829 868 851 3830 872 853 3831 870 849 3832 871 852 3833 873 854 3834 872 853 3835 871 852 3836 874 855 3837 872 853 3838 873 854 3839 875 856 3840 874 855 3841 873 854 3842 876 857 3843 874 855 3844 875 856 3845 877 858 3846 876 857 3847 875 856 3848 878 859 3849 876 857 3850 877 858 3851 879 860 3852 878 859 3853 877 858 3854 880 861 3855 878 859 3856 879 860 3857 881 862 3858 880 861 3859 879 860 3860 882 863 3861 880 861 3862 881 862 3863 883 864 3864 882 863 3865 881 862 3866 884 865 3867 882 863 3868 883 864 3869 885 866 3870 884 865 3871 883 864 3872 886 867 3873 884 865 3874 885 866 3875 887 868 3876 886 867 3877 885 866 3878 888 869 3879 886 867 3880 887 868 3881 889 870 3882 888 869 3883 887 868 3884 890 871 3885 888 869 3886 889 870 3887 891 872 3888 890 871 3889 889 870 3890 892 873 3891 890 871 3892 891 872 3893 893 874 3894 892 873 3895 891 872 3896 894 875 3897 892 873 3898 893 874 3899 895 876 3900 894 875 3901 893 874 3902 896 877 3903 894 875 3904 895 876 3905 897 878 3906 896 877 3907 895 876 3908 898 879 3909 896 877 3910 897 878 3911 899 880 3912 898 879 3913 897 878 3914 900 881 3915 898 879 3916 899 880 3917 901 882 3918 900 881 3919 899 880 3920 904 883 3921 903 884 3922 902 885 3923 905 886 3924 904 883 3925 902 885 3926 906 887 3927 904 883 3928 905 886 3929 907 888 3930 906 887 3931 905 886 3932 908 889 3933 906 887 3934 907 888 3935 909 890 3936 908 889 3937 907 888 3938 869 850 3939 908 889 3940 909 890 3941 868 851 3942 869 850 3943 909 890 3944 912 891 3945 911 892 3946 910 893 3947 913 894 3948 912 891 3949 910 893 3950 914 895 3951 912 891 3952 913 894 3953 915 896 3954 914 895 3955 913 894 3956 916 897 3957 914 895 3958 915 896 3959 917 898 3960 916 897 3961 915 896 3962 918 899 3963 916 897 3964 917 898 3965 919 900 3966 918 899 3967 917 898 3968 920 901 3969 918 899 3970 919 900 3971 921 902 3972 920 901 3973 919 900 3974 922 903 3975 920 901 3976 921 902 3977 923 904 3978 922 903 3979 921 902 3980 924 905 3981 922 903 3982 923 904 3983 925 906 3984 924 905 3985 923 904 3986 926 907 3987 924 905 3988 925 906 3989 927 908 3990 926 907 3991 925 906 3992 928 909 3993 926 907 3994 927 908 3995 929 910 3996 928 909 3997 927 908 3998 930 911 3999 928 909 4000 929 910 4001 931 912 4002 930 911 4003 929 910 4004 932 913 4005 930 911 4006 931 912 4007 933 914 4008 932 913 4009 931 912 4010 934 915 4011 932 913 4012 933 914 4013 935 916 4014 934 915 4015 933 914 4016 936 917 4017 934 915 4018 935 916 4019 937 918 4020 936 917 4021 935 916 4022 938 919 4023 936 917 4024 937 918 4025 939 920 4026 938 919 4027 937 918 4028 940 921 4029 938 919 4030 939 920 4031 941 922 4032 940 921 4033 939 920 4034 942 923 4035 940 921 4036 941 922 4037 943 924 4038 942 923 4039 941 922 4040 946 925 4041 945 926 4042 944 927 4043 947 928 4044 946 925 4045 944 927 4046 948 929 4047 946 925 4048 947 928 4049 949 930 4050 948 929 4051 947 928 4052 950 931 4053 948 929 4054 949 930 4055 951 932 4056 950 931 4057 949 930 4058 911 892 4059 950 931 4060 951 932 4061 910 893 4062 911 892 4063 951 932 4064 442 423 4065 435 416 4066 429 410 4067 430 411 4068 442 423 4069 429 410 4070 444 425 4071 442 423 4072 430 411 4073 431 412 4074 444 425 4075 430 411 4076 446 427 4077 444 425 4078 431 412 4079 432 413 4080 446 427 4081 431 412 4082 448 429 4083 446 427 4084 432 413 4085 433 414 4086 448 429 4087 432 413 4088 450 431 4089 448 429 4090 433 414 4091 434 415 4092 450 431 4093 433 414 4094 371 352 4095 509 490 4096 952 933 4097 369 350 4098 371 352 4099 952 933 4100 952 933 4101 509 490 4102 953 934 4103 509 490 4104 508 489 4105 953 934 4106 953 934 4107 508 489 4108 954 935 4109 508 489 4110 507 488 4111 954 935 4112 954 935 4113 507 488 4114 505 486 4115 369 350 4116 952 933 4117 955 936 4118 367 348 4119 369 350 4120 955 936 4121 952 933 4122 953 934 4123 956 937 4124 955 936 4125 952 933 4126 956 937 4127 953 934 4128 954 935 4129 957 938 4130 956 937 4131 953 934 4132 957 938 4133 954 935 4134 505 486 4135 958 939 4136 957 938 4137 954 935 4138 958 939 4139 958 939 4140 505 486 4141 503 484 4142 367 348 4143 955 936 4144 359 340 4145 955 936 4146 956 937 4147 357 338 4148 359 340 4149 955 936 4150 357 338 4151 956 937 4152 957 938 4153 355 336 4154 357 338 4155 956 937 4156 355 336 4157 957 938 4158 958 939 4159 353 334 4160 355 336 4161 957 938 4162 353 334 4163 958 939 4164 503 484 4165 351 330 4166 353 334 4167 958 939 4168 351 330 4169 351 330 4170 503 484 4171 350 331 4172 548 529 4173 549 530 4174 481 462 4175 483 464 4176 548 529 4177 481 462 4178 481 462 4179 549 530 4180 479 458 4181 549 530 4182 550 531 4183 479 458 4184 479 458 4185 550 531 4186 478 459 4187 550 531 4188 551 532 4189 478 459 4190 959 940 4191 576 557 4192 578 559 4193 579 560 4194 959 940 4195 578 559 4196 960 941 4197 959 940 4198 579 560 4199 580 561 4200 960 941 4201 579 560 4202 961 942 4203 960 941 4204 580 561 4205 581 562 4206 961 942 4207 580 561 4208 962 943 4209 961 942 4210 581 562 4211 582 563 4212 962 943 4213 581 562 4214 963 944 4215 962 943 4216 582 563 4217 583 564 4218 963 944 4219 582 563 4220 959 940 4221 964 945 4222 576 557 4223 964 945 4224 574 555 4225 576 557 4226 965 946 4227 964 945 4228 959 940 4229 960 941 4230 965 946 4231 959 940 4232 966 947 4233 965 946 4234 960 941 4235 961 942 4236 966 947 4237 960 941 4238 967 948 4239 966 947 4240 961 942 4241 962 943 4242 967 948 4243 961 942 4244 968 949 4245 967 948 4246 962 943 4247 963 944 4248 968 949 4249 962 943 4250 964 945 4251 969 950 4252 574 555 4253 969 950 4254 572 553 4255 574 555 4256 970 951 4257 969 950 4258 964 945 4259 965 946 4260 970 951 4261 964 945 4262 971 952 4263 970 951 4264 965 946 4265 966 947 4266 971 952 4267 965 946 4268 972 953 4269 971 952 4270 966 947 4271 967 948 4272 972 953 4273 966 947 4274 973 954 4275 972 953 4276 967 948 4277 968 949 4278 973 954 4279 967 948 4280 969 950 4281 974 955 4282 572 553 4283 974 955 4284 570 551 4285 572 553 4286 975 956 4287 974 955 4288 969 950 4289 970 951 4290 975 956 4291 969 950 4292 976 957 4293 975 956 4294 970 951 4295 971 952 4296 976 957 4297 970 951 4298 977 958 4299 976 957 4300 971 952 4301 972 953 4302 977 958 4303 971 952 4304 978 959 4305 977 958 4306 972 953 4307 973 954 4308 978 959 4309 972 953 4310 974 955 4311 559 540 4312 570 551 4313 561 542 4314 559 540 4315 974 955 4316 975 956 4317 561 542 4318 974 955 4319 563 544 4320 561 542 4321 975 956 4322 976 957 4323 563 544 4324 975 956 4325 565 546 4326 563 544 4327 976 957 4328 977 958 4329 565 546 4330 976 957 4331 567 548 4332 565 546 4333 977 958 4334 978 959 4335 567 548 4336 977 958 4337 980 960 4338 979 961 4339 236 236 4340 199 199 4341 980 960 4342 236 236 4343 236 236 4344 979 961 4345 234 234 4346 979 961 4347 981 962 4348 234 234 4349 234 234 4350 981 962 4351 232 232 4352 981 962 4353 982 963 4354 232 232 4355 232 232 4356 982 963 4357 230 230 4358 982 963 4359 983 964 4360 230 230 4361 230 230 4362 983 964 4363 228 228 4364 983 964 4365 984 965 4366 228 228 4367 228 228 4368 984 965 4369 226 226 4370 984 965 4371 985 966 4372 226 226 4373 226 226 4374 985 966 4375 224 224 4376 985 966 4377 986 967 4378 224 224 4379 224 224 4380 986 967 4381 222 222 4382 986 967 4383 987 968 4384 222 222 4385 222 222 4386 987 968 4387 220 220 4388 987 968 4389 988 969 4390 220 220 4391 220 220 4392 988 969 4393 218 218 4394 988 969 4395 989 970 4396 218 218 4397 218 218 4398 989 970 4399 216 216 4400 989 970 4401 990 971 4402 216 216 4403 216 216 4404 990 971 4405 214 214 4406 990 971 4407 991 972 4408 214 214 4409 214 214 4410 991 972 4411 212 212 4412 991 972 4413 992 973 4414 212 212 4415 212 212 4416 992 973 4417 210 210 4418 992 973 4419 993 974 4420 210 210 4421 210 210 4422 993 974 4423 208 208 4424 993 974 4425 994 975 4426 208 208 4427 208 208 4428 994 975 4429 206 206 4430 994 975 4431 995 976 4432 206 206 4433 206 206 4434 995 976 4435 204 204 4436 995 976 4437 996 977 4438 204 204 4439 204 204 4440 996 977 4441 202 202 4442 996 977 4443 997 978 4444 202 202 4445 202 202 4446 997 978 4447 200 198 4448 997 978 4449 998 979 4450 200 198 4451 200 198 4452 998 979 4453 199 199 4454 998 979 4455 980 960 4456 199 199 4457 992 973 4458 999 980 4459 993 974 4460 1000 981 4461 999 980 4462 992 973 4463 999 980 4464 1001 982 4465 993 974 4466 993 974 4467 1001 982 4468 994 975 4469 1001 982 4470 1002 983 4471 994 975 4472 994 975 4473 1002 983 4474 995 976 4475 1002 983 4476 1003 984 4477 995 976 4478 995 976 4479 1003 984 4480 996 977 4481 1003 984 4482 1004 985 4483 996 977 4484 996 977 4485 1004 985 4486 997 978 4487 1004 985 4488 1005 986 4489 997 978 4490 997 978 4491 1005 986 4492 998 979 4493 1005 986 4494 1006 987 4495 998 979 4496 998 979 4497 1006 987 4498 980 960 4499 1006 987 4500 1007 988 4501 980 960 4502 980 960 4503 1007 988 4504 979 961 4505 1007 988 4506 1008 989 4507 979 961 4508 979 961 4509 1008 989 4510 981 962 4511 1008 989 4512 1009 990 4513 981 962 4514 981 962 4515 1009 990 4516 982 963 4517 1009 990 4518 1010 991 4519 982 963 4520 982 963 4521 1010 991 4522 983 964 4523 1010 991 4524 1011 992 4525 983 964 4526 983 964 4527 1011 992 4528 984 965 4529 1011 992 4530 1012 993 4531 984 965 4532 984 965 4533 1012 993 4534 985 966 4535 1012 993 4536 1013 994 4537 985 966 4538 985 966 4539 1013 994 4540 986 967 4541 1013 994 4542 1014 995 4543 986 967 4544 986 967 4545 1014 995 4546 987 968 4547 1014 995 4548 1015 996 4549 987 968 4550 987 968 4551 1015 996 4552 988 969 4553 1015 996 4554 1016 997 4555 988 969 4556 988 969 4557 1016 997 4558 989 970 4559 1016 997 4560 1017 998 4561 989 970 4562 989 970 4563 1017 998 4564 990 971 4565 1017 998 4566 1018 999 4567 990 971 4568 990 971 4569 1018 999 4570 991 972 4571 1018 999 4572 1000 981 4573 991 972 4574 991 972 4575 1000 981 4576 992 973 4577 1012 993 4578 1019 1000 4579 1013 994 4580 1020 1001 4581 1019 1000 4582 1012 993 4583 1011 992 4584 1020 1001 4585 1012 993 4586 1021 1002 4587 1020 1001 4588 1011 992 4589 1010 991 4590 1021 1002 4591 1011 992 4592 1022 1003 4593 1021 1002 4594 1010 991 4595 1009 990 4596 1022 1003 4597 1010 991 4598 1023 1004 4599 1022 1003 4600 1009 990 4601 1008 989 4602 1023 1004 4603 1009 990 4604 1024 1005 4605 1023 1004 4606 1008 989 4607 1007 988 4608 1024 1005 4609 1008 989 4610 1018 999 4611 1025 1006 4612 1000 981 4613 1026 1007 4614 1025 1006 4615 1018 999 4616 1017 998 4617 1026 1007 4618 1018 999 4619 1027 1008 4620 1026 1007 4621 1017 998 4622 1016 997 4623 1027 1008 4624 1017 998 4625 1028 1009 4626 1027 1008 4627 1016 997 4628 1015 996 4629 1028 1009 4630 1016 997 4631 1029 1010 4632 1028 1009 4633 1015 996 4634 1014 995 4635 1029 1010 4636 1015 996 4637 1030 1011 4638 1029 1010 4639 1014 995 4640 1013 994 4641 1030 1011 4642 1014 995 4643 1019 1000 4644 1030 1011 4645 1013 994 4646 1031 1012 4647 1024 1005 4648 1007 988 4649 1006 987 4650 1031 1012 4651 1007 988 4652 1032 1013 4653 1031 1012 4654 1006 987 4655 1005 986 4656 1032 1013 4657 1006 987 4658 1033 1014 4659 1032 1013 4660 1005 986 4661 1004 985 4662 1033 1014 4663 1005 986 4664 1034 1015 4665 1033 1014 4666 1004 985 4667 1003 984 4668 1034 1015 4669 1004 985 4670 1035 1016 4671 1034 1015 4672 1003 984 4673 1002 983 4674 1035 1016 4675 1003 984 4676 1036 1017 4677 1035 1016 4678 1002 983 4679 1001 982 4680 1036 1017 4681 1002 983 4682 1037 1018 4683 1036 1017 4684 1001 982 4685 999 980 4686 1037 1018 4687 1001 982 4688 1038 1019 4689 1037 1018 4690 999 980 4691 1000 981 4692 1038 1019 4693 999 980 4694 1025 1006 4695 1038 1019 4696 1000 981 4697 1041 1020 4698 1040 1021 4699 1039 1022 4700 1042 1023 4701 1041 1020 4702 1039 1022 4703 1043 1024 4704 1041 1020 4705 1042 1023 4706 1044 1025 4707 1043 1024 4708 1042 1023 4709 1045 1026 4710 1043 1024 4711 1044 1025 4712 1046 1027 4713 1045 1026 4714 1044 1025 4715 1047 1028 4716 1045 1026 4717 1046 1027 4718 1048 1029 4719 1047 1028 4720 1046 1027 4721 1049 1030 4722 1047 1028 4723 1048 1029 4724 1050 1031 4725 1049 1030 4726 1048 1029 4727 1051 1032 4728 1049 1030 4729 1050 1031 4730 1052 1033 4731 1051 1032 4732 1050 1031 4733 1053 1034 4734 1051 1032 4735 1052 1033 4736 1054 1035 4737 1053 1034 4738 1052 1033 4739 1055 1036 4740 1053 1034 4741 1054 1035 4742 1056 1037 4743 1055 1036 4744 1054 1035 4745 1057 1038 4746 1055 1036 4747 1056 1037 4748 1058 1039 4749 1057 1038 4750 1056 1037 4751 1059 1040 4752 1057 1038 4753 1058 1039 4754 1060 1041 4755 1059 1040 4756 1058 1039 4757 1061 1042 4758 1059 1040 4759 1060 1041 4760 1062 1043 4761 1061 1042 4762 1060 1041 4763 1063 1044 4764 1061 1042 4765 1062 1043 4766 1064 1045 4767 1063 1044 4768 1062 1043 4769 1065 1046 4770 1063 1044 4771 1064 1045 4772 1066 1047 4773 1065 1046 4774 1064 1045 4775 1067 1048 4776 1065 1046 4777 1066 1047 4778 1068 1049 4779 1067 1048 4780 1066 1047 4781 1069 1050 4782 1067 1048 4783 1068 1049 4784 1070 1051 4785 1069 1050 4786 1068 1049 4787 1071 1052 4788 1069 1050 4789 1070 1051 4790 1072 1053 4791 1071 1052 4792 1070 1051 4793 1073 1054 4794 1071 1052 4795 1072 1053 4796 1074 1055 4797 1073 1054 4798 1072 1053 4799 1075 1056 4800 1073 1054 4801 1074 1055 4802 1076 1057 4803 1075 1056 4804 1074 1055 4805 1077 1058 4806 1075 1056 4807 1076 1057 4808 1078 1059 4809 1077 1058 4810 1076 1057 4811 1079 1060 4812 1077 1058 4813 1078 1059 4814 1080 1061 4815 1079 1060 4816 1078 1059 4817 1079 1060 4818 1081 1062 4819 1077 1058 4820 1082 1063 4821 1081 1062 4822 1079 1060 4823 1083 1064 4824 1081 1062 4825 1082 1063 4826 1084 1065 4827 1083 1064 4828 1082 1063 4829 1085 1066 4830 1083 1064 4831 1084 1065 4832 1086 1067 4833 1085 1066 4834 1084 1065 4835 1082 1063 4836 1087 1068 4837 1084 1065 4838 1087 1068 4839 1088 1069 4840 1084 1065 4841 1084 1065 4842 1088 1069 4843 1089 1070 4844 1088 1069 4845 1090 1071 4846 1089 1070 4847 1083 1064 4848 1091 1072 4849 1081 1062 4850 1091 1072 4851 1092 1073 4852 1081 1062 4853 1092 1073 4854 1091 1072 4855 1088 1069 4856 1087 1068 4857 1092 1073 4858 1088 1069 4859 1081 1062 4860 1092 1073 4861 1077 1058 4862 1093 1074 4863 1091 1072 4864 1083 1064 4865 1094 1075 4866 1093 1074 4867 1083 1064 4868 1088 1069 4869 1091 1072 4870 1095 1076 4871 1091 1072 4872 1096 1077 4873 1095 1076 4874 1087 1068 4875 1082 1063 4876 1097 1078 4877 1097 1078 4878 1082 1063 4879 1079 1060 4880 1098 1079 4881 1087 1068 4882 1097 1078 4883 1092 1073 4884 1087 1068 4885 1098 1079 4886 1097 1078 4887 1099 1080 4888 1098 1079 4889 1099 1080 4890 1100 1081 4891 1098 1079 4892 1098 1079 4893 1100 1081 4894 1101 1082 4895 1100 1081 4896 1102 1083 4897 1101 1082 4898 1101 1082 4899 1102 1083 4900 1103 1084 4901 1102 1083 4902 1104 1085 4903 1103 1084 4904 1103 1084 4905 1104 1085 4906 1105 1086 4907 1104 1085 4908 1106 1087 4909 1105 1086 4910 1105 1086 4911 1106 1087 4912 1107 1088 4913 1106 1087 4914 1108 1089 4915 1107 1088 4916 1107 1088 4917 1108 1089 4918 1109 1090 4919 1108 1089 4920 1110 1091 4921 1109 1090 4922 1109 1090 4923 1110 1091 4924 1111 1092 4925 1110 1091 4926 1112 1093 4927 1111 1092 4928 1111 1092 4929 1112 1093 4930 1113 1094 4931 1112 1093 4932 1114 1095 4933 1113 1094 4934 1113 1094 4935 1114 1095 4936 1115 1096 4937 1114 1095 4938 1116 1097 4939 1115 1096 4940 1115 1096 4941 1116 1097 4942 1117 1098 4943 1116 1097 4944 1118 1099 4945 1117 1098 4946 1117 1098 4947 1118 1099 4948 1119 1100 4949 1118 1099 4950 1120 1101 4951 1119 1100 4952 1119 1100 4953 1120 1101 4954 1121 1102 4955 1120 1101 4956 1122 1103 4957 1121 1102 4958 1121 1102 4959 1122 1103 4960 1123 1104 4961 1122 1103 4962 1124 1105 4963 1123 1104 4964 1123 1104 4965 1124 1105 4966 1125 1106 4967 1124 1105 4968 1126 1107 4969 1125 1106 4970 1125 1106 4971 1126 1107 4972 1127 1108 4973 1126 1107 4974 1128 1109 4975 1127 1108 4976 1127 1108 4977 1128 1109 4978 1129 1110 4979 1128 1109 4980 1130 1111 4981 1129 1110 4982 1129 1110 4983 1130 1111 4984 1131 1112 4985 1130 1111 4986 1132 1113 4987 1131 1112 4988 1131 1112 4989 1132 1113 4990 1133 1114 4991 1132 1113 4992 1134 1115 4993 1133 1114 4994 1133 1114 4995 1134 1115 4996 1135 1116 4997 1134 1115 4998 1136 1117 4999 1135 1116 5000 1135 1116 5001 1136 1117 5002 1137 1118 5003 1136 1117 5004 1138 1119 5005 1137 1118 5006 1133 1114 5007 1139 1120 5008 1131 1112 5009 1139 1120 5010 1140 1121 5011 1131 1112 5012 1140 1121 5013 1139 1120 5014 1141 1122 5015 1141 1122 5016 1142 1123 5017 1140 1121 5018 1142 1123 5019 1143 1124 5020 1140 1121 5021 1144 1125 5022 1142 1123 5023 1141 1122 5024 1145 1126 5025 1144 1125 5026 1141 1122 5027 1139 1120 5028 1146 1127 5029 1141 1122 5030 1141 1122 5031 1146 1127 5032 1147 1128 5033 1146 1127 5034 1148 1129 5035 1147 1128 5036 1139 1120 5037 1149 1130 5038 1146 1127 5039 1149 1130 5040 1150 1131 5041 1146 1127 5042 1143 1124 5043 1142 1123 5044 1150 1131 5045 1149 1130 5046 1143 1124 5047 1150 1131 5048 1146 1127 5049 1150 1131 5050 1151 1132 5051 1150 1131 5052 1152 1133 5053 1151 1132 5054 1150 1131 5055 1142 1123 5056 1153 1134 5057 1142 1123 5058 1154 1135 5059 1153 1134 5060 1149 1130 5061 1139 1120 5062 1133 1114 5063 1043 1024 5064 1149 1130 5065 1133 1114 5066 1143 1124 5067 1149 1130 5068 1043 1024 5069 1045 1026 5070 1143 1124 5071 1043 1024 5072 1140 1121 5073 1143 1124 5074 1045 1026 5075 1131 1112 5076 1140 1121 5077 1045 1026 5078 1045 1026 5079 1155 1136 5080 1131 1112 5081 1155 1136 5082 1156 1137 5083 1131 1112 5084 1156 1137 5085 1155 1136 5086 1157 1138 5087 1156 1137 5088 1157 1138 5089 1158 1139 5090 1158 1139 5091 1157 1138 5092 1159 1140 5093 1157 1138 5094 1160 1141 5095 1159 1140 5096 1161 1142 5097 1156 1137 5098 1158 1139 5099 1158 1139 5100 1162 1143 5101 1161 1142 5102 1162 1143 5103 1163 1144 5104 1161 1142 5105 1163 1144 5106 1155 1136 5107 1045 1026 5108 1164 1145 5109 1162 1143 5110 1158 1139 5111 1165 1146 5112 1164 1145 5113 1158 1139 5114 1166 1147 5115 1155 1136 5116 1163 1144 5117 1162 1143 5118 1166 1147 5119 1163 1144 5120 1155 1136 5121 1166 1147 5122 1157 1138 5123 1167 1148 5124 1166 1147 5125 1162 1143 5126 1168 1149 5127 1167 1148 5128 1162 1143 5129 1157 1138 5130 1166 1147 5131 1169 1150 5132 1166 1147 5133 1170 1151 5134 1169 1150 5135 1161 1142 5136 1163 1144 5137 1047 1028 5138 1129 1110 5139 1161 1142 5140 1047 1028 5141 1156 1137 5142 1161 1142 5143 1129 1110 5144 1131 1112 5145 1156 1137 5146 1129 1110 5147 1047 1028 5148 1163 1144 5149 1045 1026 5150 1165 1146 5151 1171 1152 5152 1164 1145 5153 1171 1152 5154 1172 1153 5155 1164 1145 5156 1170 1151 5157 1173 1154 5158 1169 1150 5159 1173 1154 5160 1174 1155 5161 1169 1150 5162 1168 1149 5163 1175 1156 5164 1167 1148 5165 1175 1156 5166 1176 1157 5167 1167 1148 5168 1047 1028 5169 1177 1158 5170 1129 1110 5171 1177 1158 5172 1178 1159 5173 1129 1110 5174 1178 1159 5175 1177 1158 5176 1179 1160 5177 1178 1159 5178 1179 1160 5179 1180 1161 5180 1180 1161 5181 1179 1160 5182 1181 1162 5183 1179 1160 5184 1182 1163 5185 1181 1162 5186 1183 1164 5187 1178 1159 5188 1180 1161 5189 1180 1161 5190 1184 1165 5191 1183 1164 5192 1184 1165 5193 1185 1166 5194 1183 1164 5195 1186 1167 5196 1184 1165 5197 1180 1161 5198 1187 1168 5199 1186 1167 5200 1180 1161 5201 1188 1169 5202 1177 1158 5203 1185 1166 5204 1184 1165 5205 1188 1169 5206 1185 1166 5207 1177 1158 5208 1188 1169 5209 1179 1160 5210 1189 1170 5211 1188 1169 5212 1184 1165 5213 1190 1171 5214 1189 1170 5215 1184 1165 5216 1179 1160 5217 1188 1169 5218 1191 1172 5219 1188 1169 5220 1192 1173 5221 1191 1172 5222 1183 1164 5223 1185 1166 5224 1049 1030 5225 1127 1108 5226 1183 1164 5227 1049 1030 5228 1049 1030 5229 1193 1174 5230 1127 1108 5231 1193 1174 5232 1194 1175 5233 1127 1108 5234 1194 1175 5235 1193 1174 5236 1195 1176 5237 1194 1175 5238 1195 1176 5239 1196 1177 5240 1196 1177 5241 1195 1176 5242 1197 1178 5243 1195 1176 5244 1198 1179 5245 1197 1178 5246 1199 1180 5247 1194 1175 5248 1196 1177 5249 1196 1177 5250 1200 1181 5251 1199 1180 5252 1200 1181 5253 1201 1182 5254 1199 1180 5255 1201 1182 5256 1193 1174 5257 1049 1030 5258 1202 1183 5259 1200 1181 5260 1196 1177 5261 1203 1184 5262 1202 1183 5263 1196 1177 5264 1204 1185 5265 1193 1174 5266 1201 1182 5267 1200 1181 5268 1204 1185 5269 1201 1182 5270 1193 1174 5271 1204 1185 5272 1195 1176 5273 1205 1186 5274 1204 1185 5275 1200 1181 5276 1206 1187 5277 1205 1186 5278 1200 1181 5279 1195 1176 5280 1204 1185 5281 1207 1188 5282 1204 1185 5283 1208 1189 5284 1207 1188 5285 1199 1180 5286 1201 1182 5287 1051 1032 5288 1125 1106 5289 1199 1180 5290 1051 1032 5291 1051 1032 5292 1209 1190 5293 1125 1106 5294 1209 1190 5295 1210 1191 5296 1125 1106 5297 1210 1191 5298 1209 1190 5299 1211 1192 5300 1210 1191 5301 1211 1192 5302 1212 1193 5303 1212 1193 5304 1211 1192 5305 1213 1194 5306 1211 1192 5307 1214 1195 5308 1213 1194 5309 1215 1196 5310 1210 1191 5311 1212 1193 5312 1212 1193 5313 1216 1197 5314 1215 1196 5315 1216 1197 5316 1217 1198 5317 1215 1196 5318 1217 1198 5319 1209 1190 5320 1051 1032 5321 1218 1199 5322 1216 1197 5323 1212 1193 5324 1219 1200 5325 1218 1199 5326 1212 1193 5327 1220 1201 5328 1209 1190 5329 1217 1198 5330 1216 1197 5331 1220 1201 5332 1217 1198 5333 1209 1190 5334 1220 1201 5335 1211 1192 5336 1221 1202 5337 1220 1201 5338 1216 1197 5339 1222 1203 5340 1221 1202 5341 1216 1197 5342 1211 1192 5343 1220 1201 5344 1223 1204 5345 1220 1201 5346 1224 1205 5347 1223 1204 5348 1215 1196 5349 1217 1198 5350 1053 1034 5351 1123 1104 5352 1215 1196 5353 1053 1034 5354 1053 1034 5355 1225 1206 5356 1123 1104 5357 1225 1206 5358 1226 1207 5359 1123 1104 5360 1226 1207 5361 1225 1206 5362 1227 1208 5363 1226 1207 5364 1227 1208 5365 1228 1209 5366 1228 1209 5367 1227 1208 5368 1229 1210 5369 1227 1208 5370 1230 1211 5371 1229 1210 5372 1231 1212 5373 1226 1207 5374 1228 1209 5375 1228 1209 5376 1232 1213 5377 1231 1212 5378 1232 1213 5379 1233 1214 5380 1231 1212 5381 1233 1214 5382 1225 1206 5383 1053 1034 5384 1234 1215 5385 1232 1213 5386 1228 1209 5387 1235 1216 5388 1234 1215 5389 1228 1209 5390 1236 1217 5391 1225 1206 5392 1233 1214 5393 1232 1213 5394 1236 1217 5395 1233 1214 5396 1225 1206 5397 1236 1217 5398 1227 1208 5399 1237 1218 5400 1236 1217 5401 1232 1213 5402 1238 1219 5403 1237 1218 5404 1232 1213 5405 1227 1208 5406 1236 1217 5407 1239 1220 5408 1236 1217 5409 1240 1221 5410 1239 1220 5411 1231 1212 5412 1233 1214 5413 1055 1036 5414 1121 1102 5415 1231 1212 5416 1055 1036 5417 1055 1036 5418 1241 1222 5419 1121 1102 5420 1241 1222 5421 1242 1223 5422 1121 1102 5423 1242 1223 5424 1241 1222 5425 1243 1224 5426 1242 1223 5427 1243 1224 5428 1244 1225 5429 1244 1225 5430 1243 1224 5431 1245 1226 5432 1243 1224 5433 1246 1227 5434 1245 1226 5435 1247 1228 5436 1242 1223 5437 1244 1225 5438 1244 1225 5439 1248 1229 5440 1247 1228 5441 1248 1229 5442 1249 1230 5443 1247 1228 5444 1249 1230 5445 1241 1222 5446 1055 1036 5447 1250 1231 5448 1248 1229 5449 1244 1225 5450 1251 1232 5451 1250 1231 5452 1244 1225 5453 1252 1233 5454 1241 1222 5455 1249 1230 5456 1248 1229 5457 1252 1233 5458 1249 1230 5459 1241 1222 5460 1252 1233 5461 1243 1224 5462 1253 1234 5463 1252 1233 5464 1248 1229 5465 1254 1235 5466 1253 1234 5467 1248 1229 5468 1243 1224 5469 1252 1233 5470 1255 1236 5471 1252 1233 5472 1256 1237 5473 1255 1236 5474 1247 1228 5475 1249 1230 5476 1057 1038 5477 1119 1100 5478 1247 1228 5479 1057 1038 5480 1057 1038 5481 1257 1238 5482 1119 1100 5483 1257 1238 5484 1258 1239 5485 1119 1100 5486 1258 1239 5487 1257 1238 5488 1259 1240 5489 1258 1239 5490 1259 1240 5491 1260 1241 5492 1260 1241 5493 1259 1240 5494 1261 1242 5495 1259 1240 5496 1262 1243 5497 1261 1242 5498 1263 1244 5499 1258 1239 5500 1260 1241 5501 1260 1241 5502 1264 1245 5503 1263 1244 5504 1264 1245 5505 1265 1246 5506 1263 1244 5507 1265 1246 5508 1257 1238 5509 1057 1038 5510 1266 1247 5511 1264 1245 5512 1260 1241 5513 1267 1248 5514 1266 1247 5515 1260 1241 5516 1268 1249 5517 1257 1238 5518 1265 1246 5519 1264 1245 5520 1268 1249 5521 1265 1246 5522 1257 1238 5523 1268 1249 5524 1259 1240 5525 1269 1250 5526 1268 1249 5527 1264 1245 5528 1270 1251 5529 1269 1250 5530 1264 1245 5531 1259 1240 5532 1268 1249 5533 1271 1252 5534 1268 1249 5535 1272 1253 5536 1271 1252 5537 1263 1244 5538 1265 1246 5539 1059 1040 5540 1117 1098 5541 1263 1244 5542 1059 1040 5543 1059 1040 5544 1273 1254 5545 1117 1098 5546 1273 1254 5547 1274 1255 5548 1117 1098 5549 1274 1255 5550 1273 1254 5551 1275 1256 5552 1274 1255 5553 1275 1256 5554 1276 1257 5555 1276 1257 5556 1275 1256 5557 1277 1258 5558 1275 1256 5559 1278 1259 5560 1277 1258 5561 1279 1260 5562 1274 1255 5563 1276 1257 5564 1276 1257 5565 1280 1261 5566 1279 1260 5567 1280 1261 5568 1281 1262 5569 1279 1260 5570 1281 1262 5571 1273 1254 5572 1059 1040 5573 1282 1263 5574 1280 1261 5575 1276 1257 5576 1283 1264 5577 1282 1263 5578 1276 1257 5579 1284 1265 5580 1273 1254 5581 1281 1262 5582 1280 1261 5583 1284 1265 5584 1281 1262 5585 1273 1254 5586 1284 1265 5587 1275 1256 5588 1285 1266 5589 1284 1265 5590 1280 1261 5591 1286 1267 5592 1285 1266 5593 1280 1261 5594 1275 1256 5595 1284 1265 5596 1287 1268 5597 1284 1265 5598 1288 1269 5599 1287 1268 5600 1279 1260 5601 1281 1262 5602 1061 1042 5603 1115 1096 5604 1279 1260 5605 1061 1042 5606 1061 1042 5607 1289 1270 5608 1115 1096 5609 1289 1270 5610 1290 1271 5611 1115 1096 5612 1290 1271 5613 1289 1270 5614 1291 1272 5615 1290 1271 5616 1291 1272 5617 1292 1273 5618 1292 1273 5619 1291 1272 5620 1293 1274 5621 1291 1272 5622 1294 1275 5623 1293 1274 5624 1295 1276 5625 1290 1271 5626 1292 1273 5627 1292 1273 5628 1296 1277 5629 1295 1276 5630 1296 1277 5631 1297 1278 5632 1295 1276 5633 1297 1278 5634 1289 1270 5635 1061 1042 5636 1298 1279 5637 1296 1277 5638 1292 1273 5639 1299 1280 5640 1298 1279 5641 1292 1273 5642 1300 1281 5643 1289 1270 5644 1297 1278 5645 1296 1277 5646 1300 1281 5647 1297 1278 5648 1289 1270 5649 1300 1281 5650 1291 1272 5651 1301 1282 5652 1300 1281 5653 1296 1277 5654 1302 1283 5655 1301 1282 5656 1296 1277 5657 1291 1272 5658 1300 1281 5659 1303 1284 5660 1300 1281 5661 1304 1285 5662 1303 1284 5663 1295 1276 5664 1297 1278 5665 1063 1044 5666 1113 1094 5667 1295 1276 5668 1063 1044 5669 1063 1044 5670 1305 1286 5671 1113 1094 5672 1305 1286 5673 1306 1287 5674 1113 1094 5675 1306 1287 5676 1305 1286 5677 1307 1288 5678 1306 1287 5679 1307 1288 5680 1308 1289 5681 1308 1289 5682 1307 1288 5683 1309 1290 5684 1307 1288 5685 1310 1291 5686 1309 1290 5687 1311 1292 5688 1306 1287 5689 1308 1289 5690 1308 1289 5691 1312 1293 5692 1311 1292 5693 1312 1293 5694 1313 1294 5695 1311 1292 5696 1313 1294 5697 1305 1286 5698 1063 1044 5699 1314 1295 5700 1312 1293 5701 1308 1289 5702 1315 1296 5703 1314 1295 5704 1308 1289 5705 1316 1297 5706 1305 1286 5707 1313 1294 5708 1312 1293 5709 1316 1297 5710 1313 1294 5711 1305 1286 5712 1316 1297 5713 1307 1288 5714 1317 1298 5715 1316 1297 5716 1312 1293 5717 1318 1299 5718 1317 1298 5719 1312 1293 5720 1307 1288 5721 1316 1297 5722 1319 1300 5723 1316 1297 5724 1320 1301 5725 1319 1300 5726 1311 1292 5727 1313 1294 5728 1065 1046 5729 1111 1092 5730 1311 1292 5731 1065 1046 5732 1065 1046 5733 1321 1302 5734 1111 1092 5735 1321 1302 5736 1322 1303 5737 1111 1092 5738 1322 1303 5739 1321 1302 5740 1323 1304 5741 1322 1303 5742 1323 1304 5743 1324 1305 5744 1324 1305 5745 1323 1304 5746 1325 1306 5747 1323 1304 5748 1326 1307 5749 1325 1306 5750 1327 1308 5751 1322 1303 5752 1324 1305 5753 1324 1305 5754 1328 1309 5755 1327 1308 5756 1328 1309 5757 1329 1310 5758 1327 1308 5759 1329 1310 5760 1321 1302 5761 1065 1046 5762 1330 1311 5763 1328 1309 5764 1324 1305 5765 1331 1312 5766 1330 1311 5767 1324 1305 5768 1332 1313 5769 1321 1302 5770 1329 1310 5771 1328 1309 5772 1332 1313 5773 1329 1310 5774 1321 1302 5775 1332 1313 5776 1323 1304 5777 1333 1314 5778 1332 1313 5779 1328 1309 5780 1334 1315 5781 1333 1314 5782 1328 1309 5783 1323 1304 5784 1332 1313 5785 1335 1316 5786 1332 1313 5787 1336 1317 5788 1335 1316 5789 1327 1308 5790 1329 1310 5791 1067 1048 5792 1109 1090 5793 1327 1308 5794 1067 1048 5795 1067 1048 5796 1337 1318 5797 1109 1090 5798 1337 1318 5799 1338 1319 5800 1109 1090 5801 1338 1319 5802 1337 1318 5803 1339 1320 5804 1338 1319 5805 1339 1320 5806 1340 1321 5807 1340 1321 5808 1339 1320 5809 1341 1322 5810 1339 1320 5811 1342 1323 5812 1341 1322 5813 1343 1324 5814 1338 1319 5815 1340 1321 5816 1340 1321 5817 1344 1325 5818 1343 1324 5819 1344 1325 5820 1345 1326 5821 1343 1324 5822 1345 1326 5823 1337 1318 5824 1067 1048 5825 1346 1327 5826 1344 1325 5827 1340 1321 5828 1347 1328 5829 1346 1327 5830 1340 1321 5831 1348 1329 5832 1337 1318 5833 1345 1326 5834 1344 1325 5835 1348 1329 5836 1345 1326 5837 1337 1318 5838 1348 1329 5839 1339 1320 5840 1349 1330 5841 1348 1329 5842 1344 1325 5843 1350 1331 5844 1349 1330 5845 1344 1325 5846 1339 1320 5847 1348 1329 5848 1351 1332 5849 1348 1329 5850 1352 1333 5851 1351 1332 5852 1343 1324 5853 1345 1326 5854 1069 1050 5855 1107 1088 5856 1343 1324 5857 1069 1050 5858 1069 1050 5859 1353 1334 5860 1107 1088 5861 1353 1334 5862 1354 1335 5863 1107 1088 5864 1354 1335 5865 1353 1334 5866 1355 1336 5867 1354 1335 5868 1355 1336 5869 1356 1337 5870 1356 1337 5871 1355 1336 5872 1357 1338 5873 1355 1336 5874 1358 1339 5875 1357 1338 5876 1359 1340 5877 1354 1335 5878 1356 1337 5879 1356 1337 5880 1360 1341 5881 1359 1340 5882 1360 1341 5883 1361 1342 5884 1359 1340 5885 1361 1342 5886 1353 1334 5887 1069 1050 5888 1362 1343 5889 1360 1341 5890 1356 1337 5891 1363 1344 5892 1362 1343 5893 1356 1337 5894 1364 1345 5895 1353 1334 5896 1361 1342 5897 1360 1341 5898 1364 1345 5899 1361 1342 5900 1353 1334 5901 1364 1345 5902 1355 1336 5903 1365 1346 5904 1364 1345 5905 1360 1341 5906 1366 1347 5907 1365 1346 5908 1360 1341 5909 1355 1336 5910 1364 1345 5911 1367 1348 5912 1364 1345 5913 1368 1349 5914 1367 1348 5915 1359 1340 5916 1361 1342 5917 1071 1052 5918 1105 1086 5919 1359 1340 5920 1071 1052 5921 1071 1052 5922 1369 1350 5923 1105 1086 5924 1369 1350 5925 1370 1351 5926 1105 1086 5927 1370 1351 5928 1369 1350 5929 1371 1352 5930 1370 1351 5931 1371 1352 5932 1372 1353 5933 1372 1353 5934 1371 1352 5935 1373 1354 5936 1371 1352 5937 1374 1355 5938 1373 1354 5939 1375 1356 5940 1370 1351 5941 1372 1353 5942 1372 1353 5943 1376 1357 5944 1375 1356 5945 1376 1357 5946 1377 1358 5947 1375 1356 5948 1377 1358 5949 1369 1350 5950 1071 1052 5951 1378 1359 5952 1376 1357 5953 1372 1353 5954 1379 1360 5955 1378 1359 5956 1372 1353 5957 1380 1361 5958 1369 1350 5959 1377 1358 5960 1376 1357 5961 1380 1361 5962 1377 1358 5963 1369 1350 5964 1380 1361 5965 1371 1352 5966 1381 1362 5967 1380 1361 5968 1376 1357 5969 1382 1363 5970 1381 1362 5971 1376 1357 5972 1371 1352 5973 1380 1361 5974 1383 1364 5975 1380 1361 5976 1384 1365 5977 1383 1364 5978 1375 1356 5979 1377 1358 5980 1073 1054 5981 1103 1084 5982 1375 1356 5983 1073 1054 5984 1073 1054 5985 1385 1366 5986 1103 1084 5987 1385 1366 5988 1386 1367 5989 1103 1084 5990 1386 1367 5991 1385 1366 5992 1387 1368 5993 1386 1367 5994 1387 1368 5995 1388 1369 5996 1388 1369 5997 1387 1368 5998 1389 1370 5999 1387 1368 6000 1390 1371 6001 1389 1370 6002 1391 1372 6003 1386 1367 6004 1388 1369 6005 1388 1369 6006 1392 1373 6007 1391 1372 6008 1392 1373 6009 1393 1374 6010 1391 1372 6011 1393 1374 6012 1385 1366 6013 1073 1054 6014 1394 1375 6015 1392 1373 6016 1388 1369 6017 1395 1376 6018 1394 1375 6019 1388 1369 6020 1396 1377 6021 1385 1366 6022 1393 1374 6023 1392 1373 6024 1396 1377 6025 1393 1374 6026 1385 1366 6027 1396 1377 6028 1387 1368 6029 1397 1378 6030 1396 1377 6031 1392 1373 6032 1398 1379 6033 1397 1378 6034 1392 1373 6035 1387 1368 6036 1396 1377 6037 1399 1380 6038 1396 1377 6039 1400 1381 6040 1399 1380 6041 1391 1372 6042 1393 1374 6043 1075 1056 6044 1101 1082 6045 1391 1372 6046 1075 1056 6047 1075 1056 6048 1401 1382 6049 1101 1082 6050 1401 1382 6051 1402 1383 6052 1101 1082 6053 1402 1383 6054 1401 1382 6055 1403 1384 6056 1402 1383 6057 1403 1384 6058 1404 1385 6059 1404 1385 6060 1403 1384 6061 1405 1386 6062 1403 1384 6063 1406 1387 6064 1405 1386 6065 1407 1388 6066 1402 1383 6067 1404 1385 6068 1404 1385 6069 1408 1389 6070 1407 1388 6071 1408 1389 6072 1409 1390 6073 1407 1388 6074 1409 1390 6075 1401 1382 6076 1075 1056 6077 1410 1391 6078 1408 1389 6079 1404 1385 6080 1411 1392 6081 1410 1391 6082 1404 1385 6083 1412 1393 6084 1401 1382 6085 1409 1390 6086 1408 1389 6087 1412 1393 6088 1409 1390 6089 1401 1382 6090 1412 1393 6091 1403 1384 6092 1413 1394 6093 1412 1393 6094 1408 1389 6095 1414 1395 6096 1413 1394 6097 1408 1389 6098 1403 1384 6099 1412 1393 6100 1415 1396 6101 1412 1393 6102 1416 1397 6103 1415 1396 6104 1407 1388 6105 1409 1390 6106 1077 1058 6107 1098 1079 6108 1407 1388 6109 1077 1058 6110 1077 1058 6111 1092 1073 6112 1098 1079 6113 1402 1383 6114 1407 1388 6115 1098 1079 6116 1101 1082 6117 1402 1383 6118 1098 1079 6119 1077 1058 6120 1409 1390 6121 1075 1056 6122 1411 1392 6123 1417 1398 6124 1410 1391 6125 1417 1398 6126 1418 1399 6127 1410 1391 6128 1416 1397 6129 1419 1400 6130 1415 1396 6131 1419 1400 6132 1420 1401 6133 1415 1396 6134 1414 1395 6135 1421 1402 6136 1413 1394 6137 1421 1402 6138 1422 1403 6139 1413 1394 6140 1386 1367 6141 1391 1372 6142 1101 1082 6143 1103 1084 6144 1386 1367 6145 1101 1082 6146 1075 1056 6147 1393 1374 6148 1073 1054 6149 1370 1351 6150 1375 1356 6151 1103 1084 6152 1105 1086 6153 1370 1351 6154 1103 1084 6155 1073 1054 6156 1377 1358 6157 1071 1052 6158 1354 1335 6159 1359 1340 6160 1105 1086 6161 1107 1088 6162 1354 1335 6163 1105 1086 6164 1071 1052 6165 1361 1342 6166 1069 1050 6167 1338 1319 6168 1343 1324 6169 1107 1088 6170 1109 1090 6171 1338 1319 6172 1107 1088 6173 1069 1050 6174 1345 1326 6175 1067 1048 6176 1322 1303 6177 1327 1308 6178 1109 1090 6179 1111 1092 6180 1322 1303 6181 1109 1090 6182 1067 1048 6183 1329 1310 6184 1065 1046 6185 1306 1287 6186 1311 1292 6187 1111 1092 6188 1113 1094 6189 1306 1287 6190 1111 1092 6191 1065 1046 6192 1313 1294 6193 1063 1044 6194 1290 1271 6195 1295 1276 6196 1113 1094 6197 1115 1096 6198 1290 1271 6199 1113 1094 6200 1063 1044 6201 1297 1278 6202 1061 1042 6203 1274 1255 6204 1279 1260 6205 1115 1096 6206 1117 1098 6207 1274 1255 6208 1115 1096 6209 1061 1042 6210 1281 1262 6211 1059 1040 6212 1258 1239 6213 1263 1244 6214 1117 1098 6215 1119 1100 6216 1258 1239 6217 1117 1098 6218 1059 1040 6219 1265 1246 6220 1057 1038 6221 1242 1223 6222 1247 1228 6223 1119 1100 6224 1121 1102 6225 1242 1223 6226 1119 1100 6227 1057 1038 6228 1249 1230 6229 1055 1036 6230 1226 1207 6231 1231 1212 6232 1121 1102 6233 1123 1104 6234 1226 1207 6235 1121 1102 6236 1055 1036 6237 1233 1214 6238 1053 1034 6239 1210 1191 6240 1215 1196 6241 1123 1104 6242 1125 1106 6243 1210 1191 6244 1123 1104 6245 1053 1034 6246 1217 1198 6247 1051 1032 6248 1194 1175 6249 1199 1180 6250 1125 1106 6251 1127 1108 6252 1194 1175 6253 1125 1106 6254 1051 1032 6255 1201 1182 6256 1049 1030 6257 1178 1159 6258 1183 1164 6259 1127 1108 6260 1129 1110 6261 1178 1159 6262 1127 1108 6263 1049 1030 6264 1185 1166 6265 1047 1028 6266 1185 1166 6267 1177 1158 6268 1047 1028 6269 1425 1404 6270 1424 1404 6271 1423 1404 6272 1426 1405 6273 1425 1405 6274 1423 1405 6275 1429 1406 6276 1428 1406 6277 1427 1406 6278 1430 1407 6279 1429 1407 6280 1427 1407 6281 1433 1408 6282 1432 1408 6283 1431 1408 6284 1434 1409 6285 1433 1409 6286 1431 1409 6287 1437 1410 6288 1436 1410 6289 1435 1410 6290 1438 1411 6291 1437 1411 6292 1435 1411 6293 1441 1412 6294 1440 1412 6295 1439 1412 6296 1442 1413 6297 1441 1413 6298 1439 1413 6299 1445 1414 6300 1444 1414 6301 1443 1414 6302 1446 1415 6303 1445 1415 6304 1443 1415 6305 1449 1416 6306 1448 1416 6307 1447 1416 6308 1450 1417 6309 1449 1417 6310 1447 1417 6311 1453 1418 6312 1452 1418 6313 1451 1418 6314 1454 1419 6315 1453 1419 6316 1451 1419 6317 1457 1420 6318 1456 1420 6319 1455 1420 6320 1458 1421 6321 1457 1421 6322 1455 1421 6323 1461 1422 6324 1460 1422 6325 1459 1422 6326 1462 1423 6327 1461 1423 6328 1459 1423 6329 1465 1424 6330 1464 1424 6331 1463 1424 6332 1466 1425 6333 1465 1425 6334 1463 1425 6335 1469 1426 6336 1468 1426 6337 1467 1426 6338 1470 1427 6339 1469 1427 6340 1467 1427 6341 1473 1428 6342 1472 1428 6343 1471 1428 6344 1474 1429 6345 1473 1429 6346 1471 1429 6347 1477 1430 6348 1476 1430 6349 1475 1430 6350 1478 1431 6351 1477 1431 6352 1475 1431 6353 1481 1432 6354 1480 1432 6355 1479 1432 6356 1482 1433 6357 1481 1433 6358 1479 1433 6359 1485 1434 6360 1484 1434 6361 1483 1434 6362 1486 1435 6363 1485 1435 6364 1483 1435 6365 1489 1436 6366 1488 1436 6367 1487 1436 6368 1490 1437 6369 1489 1437 6370 1487 1437 6371 1493 1438 6372 1492 1438 6373 1491 1438 6374 1494 1439 6375 1493 1439 6376 1491 1439 6377 1497 1440 6378 1496 1440 6379 1495 1440 6380 1498 1441 6381 1497 1441 6382 1495 1441 6383 1501 1442 6384 1500 1442 6385 1499 1442 6386 1502 1443 6387 1501 1443 6388 1499 1443 6389 1505 1444 6390 1504 1445 6391 1503 1446 6392 1506 1447 6393 1505 1444 6394 1503 1446 6395 1507 1448 6396 1505 1444 6397 1506 1447 6398 1508 1449 6399 1507 1448 6400 1506 1447 6401 1503 1446 6402 1509 1450 6403 1506 1447 6404 1509 1450 6405 1510 1451 6406 1506 1447 6407 1506 1447 6408 1510 1451 6409 1511 1452 6410 1510 1451 6411 1512 1453 6412 1511 1452 6413 1509 1450 6414 1513 1454 6415 1510 1451 6416 1513 1454 6417 1514 1455 6418 1510 1451 6419 1504 1445 6420 1505 1444 6421 1514 1455 6422 1513 1454 6423 1504 1445 6424 1514 1455 6425 1510 1451 6426 1514 1455 6427 1515 1456 6428 1514 1455 6429 1516 1457 6430 1515 1456 6431 1514 1455 6432 1505 1444 6433 1517 1458 6434 1505 1444 6435 1518 1459 6436 1517 1458 6437 1509 1450 6438 1503 1446 6439 1135 1116 6440 1137 1118 6441 1509 1450 6442 1135 1116 6443 1513 1454 6444 1509 1450 6445 1137 1118 6446 1040 1021 6447 1513 1454 6448 1137 1118 6449 1504 1445 6450 1513 1454 6451 1040 1021 6452 1041 1020 6453 1504 1445 6454 1040 1021 6455 1503 1446 6456 1504 1445 6457 1041 1020 6458 1135 1116 6459 1503 1446 6460 1041 1020 6461 1041 1020 6462 1519 1460 6463 1135 1116 6464 1519 1460 6465 1520 1461 6466 1135 1116 6467 1520 1461 6468 1519 1460 6469 1521 1462 6470 1520 1461 6471 1521 1462 6472 1522 1463 6473 1522 1463 6474 1521 1462 6475 1523 1464 6476 1521 1462 6477 1524 1465 6478 1523 1464 6479 1525 1466 6480 1520 1461 6481 1522 1463 6482 1522 1463 6483 1526 1467 6484 1525 1466 6485 1526 1467 6486 1527 1468 6487 1525 1466 6488 1527 1468 6489 1519 1460 6490 1041 1020 6491 1528 1469 6492 1526 1467 6493 1522 1463 6494 1529 1470 6495 1528 1469 6496 1522 1463 6497 1530 1471 6498 1519 1460 6499 1527 1468 6500 1526 1467 6501 1530 1471 6502 1527 1468 6503 1519 1460 6504 1530 1471 6505 1521 1462 6506 1531 1472 6507 1530 1471 6508 1526 1467 6509 1532 1473 6510 1531 1472 6511 1526 1467 6512 1521 1462 6513 1530 1471 6514 1533 1474 6515 1530 1471 6516 1534 1475 6517 1533 1474 6518 1525 1466 6519 1527 1468 6520 1043 1024 6521 1133 1114 6522 1525 1466 6523 1043 1024 6524 1520 1461 6525 1525 1466 6526 1133 1114 6527 1135 1116 6528 1520 1461 6529 1133 1114 6530 1043 1024 6531 1527 1468 6532 1041 1020 6533 1529 1470 6534 1535 1476 6535 1528 1469 6536 1535 1476 6537 1536 1477 6538 1528 1469 6539 1534 1475 6540 1537 1478 6541 1533 1474 6542 1537 1478 6543 1538 1479 6544 1533 1474 6545 1532 1473 6546 1539 1480 6547 1531 1472 6548 1539 1480 6549 1540 1481 6550 1531 1472 6551 1542 1482 6552 1541 1483 6553 1147 1128 6554 1148 1129 6555 1542 1482 6556 1147 1128 6557 1544 1484 6558 1543 1485 6559 1151 1132 6560 1152 1133 6561 1544 1484 6562 1151 1132 6563 1546 1486 6564 1545 1487 6565 1153 1134 6566 1154 1135 6567 1546 1486 6568 1153 1134 6569 1548 1488 6570 1547 1489 6571 1144 1125 6572 1145 1126 6573 1548 1488 6574 1144 1125 6575 1550 1490 6576 1549 1491 6577 1511 1452 6578 1512 1453 6579 1550 1490 6580 1511 1452 6581 1552 1492 6582 1551 1493 6583 1515 1456 6584 1516 1457 6585 1552 1492 6586 1515 1456 6587 1554 1494 6588 1553 1495 6589 1517 1458 6590 1518 1459 6591 1554 1494 6592 1517 1458 6593 1556 1496 6594 1555 1497 6595 1507 1448 6596 1508 1449 6597 1556 1496 6598 1507 1448 6599 1558 1498 6600 1557 1499 6601 1085 1066 6602 1086 1067 6603 1558 1498 6604 1085 1066 6605 1560 1500 6606 1559 1501 6607 1089 1070 6608 1090 1071 6609 1560 1500 6610 1089 1070 6611 1562 1502 6612 1561 1503 6613 1095 1076 6614 1096 1077 6615 1562 1502 6616 1095 1076 6617 1564 1504 6618 1563 1505 6619 1093 1074 6620 1094 1075 6621 1564 1504 6622 1093 1074 6623 1566 1506 6624 1565 1507 6625 1405 1386 6626 1406 1387 6627 1566 1506 6628 1405 1386 6629 1568 1508 6630 1567 1509 6631 1394 1375 6632 1395 1376 6633 1568 1508 6634 1394 1375 6635 1570 1510 6636 1569 1511 6637 1389 1370 6638 1390 1371 6639 1570 1510 6640 1389 1370 6641 1572 1512 6642 1571 1513 6643 1399 1380 6644 1400 1381 6645 1572 1512 6646 1399 1380 6647 1574 1514 6648 1573 1515 6649 1397 1378 6650 1398 1379 6651 1574 1514 6652 1397 1378 6653 1576 1516 6654 1575 1517 6655 1378 1359 6656 1379 1360 6657 1576 1516 6658 1378 1359 6659 1578 1518 6660 1577 1519 6661 1373 1354 6662 1374 1355 6663 1578 1518 6664 1373 1354 6665 1580 1520 6666 1579 1521 6667 1383 1364 6668 1384 1365 6669 1580 1520 6670 1383 1364 6671 1582 1522 6672 1581 1523 6673 1381 1362 6674 1382 1363 6675 1582 1522 6676 1381 1362 6677 1584 1524 6678 1583 1525 6679 1362 1343 6680 1363 1344 6681 1584 1524 6682 1362 1343 6683 1586 1526 6684 1585 1527 6685 1357 1338 6686 1358 1339 6687 1586 1526 6688 1357 1338 6689 1588 1528 6690 1587 1529 6691 1367 1348 6692 1368 1349 6693 1588 1528 6694 1367 1348 6695 1590 1530 6696 1589 1531 6697 1365 1346 6698 1366 1347 6699 1590 1530 6700 1365 1346 6701 1592 1532 6702 1591 1533 6703 1346 1327 6704 1347 1328 6705 1592 1532 6706 1346 1327 6707 1594 1534 6708 1593 1535 6709 1341 1322 6710 1342 1323 6711 1594 1534 6712 1341 1322 6713 1596 1536 6714 1595 1537 6715 1351 1332 6716 1352 1333 6717 1596 1536 6718 1351 1332 6719 1598 1538 6720 1597 1539 6721 1349 1330 6722 1350 1331 6723 1598 1538 6724 1349 1330 6725 1600 1540 6726 1599 1541 6727 1330 1311 6728 1331 1312 6729 1600 1540 6730 1330 1311 6731 1602 1542 6732 1601 1543 6733 1325 1306 6734 1326 1307 6735 1602 1542 6736 1325 1306 6737 1604 1544 6738 1603 1545 6739 1335 1316 6740 1336 1317 6741 1604 1544 6742 1335 1316 6743 1606 1546 6744 1605 1547 6745 1333 1314 6746 1334 1315 6747 1606 1546 6748 1333 1314 6749 1608 1548 6750 1607 1549 6751 1314 1295 6752 1315 1296 6753 1608 1548 6754 1314 1295 6755 1610 1550 6756 1609 1551 6757 1309 1290 6758 1310 1291 6759 1610 1550 6760 1309 1290 6761 1612 1552 6762 1611 1553 6763 1319 1300 6764 1320 1301 6765 1612 1552 6766 1319 1300 6767 1614 1554 6768 1613 1555 6769 1317 1298 6770 1318 1299 6771 1614 1554 6772 1317 1298 6773 1616 1556 6774 1615 1557 6775 1298 1279 6776 1299 1280 6777 1616 1556 6778 1298 1279 6779 1618 1558 6780 1617 1559 6781 1293 1274 6782 1294 1275 6783 1618 1558 6784 1293 1274 6785 1620 1560 6786 1619 1561 6787 1303 1284 6788 1304 1285 6789 1620 1560 6790 1303 1284 6791 1622 1562 6792 1621 1563 6793 1301 1282 6794 1302 1283 6795 1622 1562 6796 1301 1282 6797 1624 1564 6798 1623 1565 6799 1282 1263 6800 1283 1264 6801 1624 1564 6802 1282 1263 6803 1626 1566 6804 1625 1567 6805 1277 1258 6806 1278 1259 6807 1626 1566 6808 1277 1258 6809 1628 1568 6810 1627 1569 6811 1287 1268 6812 1288 1269 6813 1628 1568 6814 1287 1268 6815 1630 1570 6816 1629 1571 6817 1285 1266 6818 1286 1267 6819 1630 1570 6820 1285 1266 6821 1632 1572 6822 1631 1573 6823 1266 1247 6824 1267 1248 6825 1632 1572 6826 1266 1247 6827 1634 1574 6828 1633 1575 6829 1261 1242 6830 1262 1243 6831 1634 1574 6832 1261 1242 6833 1636 1576 6834 1635 1577 6835 1271 1252 6836 1272 1253 6837 1636 1576 6838 1271 1252 6839 1638 1578 6840 1637 1579 6841 1269 1250 6842 1270 1251 6843 1638 1578 6844 1269 1250 6845 1640 1580 6846 1639 1581 6847 1250 1231 6848 1251 1232 6849 1640 1580 6850 1250 1231 6851 1642 1582 6852 1641 1583 6853 1245 1226 6854 1246 1227 6855 1642 1582 6856 1245 1226 6857 1644 1584 6858 1643 1585 6859 1255 1236 6860 1256 1237 6861 1644 1584 6862 1255 1236 6863 1646 1586 6864 1645 1587 6865 1253 1234 6866 1254 1235 6867 1646 1586 6868 1253 1234 6869 1648 1588 6870 1647 1589 6871 1234 1215 6872 1235 1216 6873 1648 1588 6874 1234 1215 6875 1650 1590 6876 1649 1591 6877 1229 1210 6878 1230 1211 6879 1650 1590 6880 1229 1210 6881 1652 1592 6882 1651 1593 6883 1239 1220 6884 1240 1221 6885 1652 1592 6886 1239 1220 6887 1654 1594 6888 1653 1595 6889 1237 1218 6890 1238 1219 6891 1654 1594 6892 1237 1218 6893 1656 1596 6894 1655 1597 6895 1218 1199 6896 1219 1200 6897 1656 1596 6898 1218 1199 6899 1658 1598 6900 1657 1599 6901 1213 1194 6902 1214 1195 6903 1658 1598 6904 1213 1194 6905 1660 1600 6906 1659 1601 6907 1223 1204 6908 1224 1205 6909 1660 1600 6910 1223 1204 6911 1662 1602 6912 1661 1603 6913 1221 1202 6914 1222 1203 6915 1662 1602 6916 1221 1202 6917 1664 1604 6918 1663 1605 6919 1202 1183 6920 1203 1184 6921 1664 1604 6922 1202 1183 6923 1666 1606 6924 1665 1607 6925 1197 1178 6926 1198 1179 6927 1666 1606 6928 1197 1178 6929 1668 1608 6930 1667 1609 6931 1207 1188 6932 1208 1189 6933 1668 1608 6934 1207 1188 6935 1670 1610 6936 1669 1611 6937 1205 1186 6938 1206 1187 6939 1670 1610 6940 1205 1186 6941 1672 1612 6942 1671 1613 6943 1159 1140 6944 1160 1141 6945 1672 1612 6946 1159 1140 6947 1674 1614 6948 1673 1615 6949 1523 1464 6950 1524 1465 6951 1674 1614 6952 1523 1464 6953 1676 1616 6954 1675 1617 6955 1186 1167 6956 1187 1168 6957 1676 1616 6958 1186 1167 6959 1678 1618 6960 1677 1619 6961 1181 1162 6962 1182 1163 6963 1678 1618 6964 1181 1162 6965 1680 1620 6966 1679 1621 6967 1191 1172 6968 1192 1173 6969 1680 1620 6970 1191 1172 6971 1682 1622 6972 1681 1623 6973 1189 1170 6974 1190 1171 6975 1682 1622 6976 1189 1170 6977 1685 1624 6978 1684 1624 6979 1683 1624 6980 1686 1625 6981 1685 1625 6982 1683 1625 6983 1686 1626 6984 1683 1626 6985 1687 1627 6986 1688 1628 6987 1686 1629 6988 1687 1630 6989 1685 1631 6990 1686 1631 6991 1688 1632 6992 1689 1633 6993 1685 1634 6994 1688 1635 6995 1684 1636 6996 1685 1634 6997 1689 1633 6998 1690 1637 6999 1684 1638 7000 1689 1639 7001 1683 1640 7002 1684 1640 7003 1690 1641 7004 1687 1642 7005 1683 1642 7006 1690 1642 7007 1693 1643 7008 1692 1643 7009 1691 1643 7010 1694 1644 7011 1693 1644 7012 1691 1644 7013 1694 1645 7014 1691 1645 7015 1695 1645 7016 1696 1646 7017 1694 1646 7018 1695 1646 7019 1693 1647 7020 1694 1647 7021 1696 1647 7022 1697 1648 7023 1693 1648 7024 1696 1648 7025 1692 1649 7026 1693 1649 7027 1697 1650 7028 1698 1651 7029 1692 1651 7030 1697 1651 7031 1691 1652 7032 1692 1652 7033 1698 1652 7034 1695 1653 7035 1691 1653 7036 1698 1653 7037 1701 1654 7038 1700 1654 7039 1699 1654 7040 1702 1655 7041 1701 1655 7042 1699 1655 7043 1702 1656 7044 1699 1657 7045 1703 1658 7046 1704 1659 7047 1702 1660 7048 1703 1660 7049 1701 1661 7050 1702 1661 7051 1704 1661 7052 1705 1662 7053 1701 1663 7054 1704 1662 7055 1700 1664 7056 1701 1665 7057 1705 1666 7058 1706 1667 7059 1700 1667 7060 1705 1668 7061 1699 1669 7062 1700 1669 7063 1706 1669 7064 1703 1670 7065 1699 1671 7066 1706 1672 7067 1709 1673 7068 1708 1673 7069 1707 1673 7070 1710 1674 7071 1709 1674 7072 1707 1674 7073 1710 1675 7074 1707 1675 7075 1711 1675 7076 1712 1676 7077 1710 1676 7078 1711 1676 7079 1709 1677 7080 1710 1677 7081 1712 1678 7082 1713 1679 7083 1709 1679 7084 1712 1679 7085 1708 1680 7086 1709 1680 7087 1713 1680 7088 1714 1681 7089 1708 1681 7090 1713 1682 7091 1707 1683 7092 1708 1683 7093 1714 1683 7094 1711 1684 7095 1707 1685 7096 1714 1686 7097 1717 1687 7098 1716 1688 7099 1715 1689 7100 1718 1690 7101 1717 1687 7102 1715 1689 7103 1717 1687 7104 1719 1691 7105 1716 1688 7106 1719 1691 7107 1720 1692 7108 1716 1688 7109 1720 1692 7110 1719 1691 7111 1721 1693 7112 1722 1694 7113 1720 1692 7114 1721 1693 7115 1722 1694 7116 1721 1693 7117 1723 1695 7118 1724 1696 7119 1722 1694 7120 1723 1695 7121 1716 1688 7122 1725 1697 7123 1715 1689 7124 1725 1697 7125 1726 1698 7126 1715 1689 7127 1726 1698 7128 1725 1697 7129 1727 1699 7130 1725 1697 7131 1728 1700 7132 1727 1699 7133 1725 1697 7134 1729 1701 7135 1728 1700 7136 1729 1701 7137 1725 1697 7138 1716 1688 7139 1720 1692 7140 1729 1701 7141 1716 1688 7142 1729 1701 7143 1730 1702 7144 1728 1700 7145 1730 1702 7146 1729 1701 7147 1731 1703 7148 1731 1703 7149 1729 1701 7150 1720 1692 7151 1722 1694 7152 1731 1703 7153 1720 1692 7154 1732 1704 7155 1730 1702 7156 1731 1703 7157 1732 1704 7158 1731 1703 7159 1733 1705 7160 1733 1705 7161 1731 1703 7162 1722 1694 7163 1724 1696 7164 1733 1705 7165 1722 1694 7166 1734 1706 7167 1732 1704 7168 1733 1705 7169 1724 1696 7170 1723 1695 7171 1735 1707 7172 1736 1708 7173 1724 1696 7174 1735 1707 7175 1737 1709 7176 1736 1708 7177 1735 1707 7178 1738 1710 7179 1737 1709 7180 1735 1707 7181 1737 1709 7182 1739 1711 7183 1736 1708 7184 1739 1711 7185 1740 1712 7186 1736 1708 7187 1734 1706 7188 1733 1705 7189 1740 1712 7190 1740 1712 7191 1739 1711 7192 1741 1713 7193 1742 1714 7194 1740 1712 7195 1741 1713 7196 1742 1714 7197 1734 1706 7198 1740 1712 7199 1740 1712 7200 1733 1705 7201 1724 1696 7202 1736 1708 7203 1740 1712 7204 1724 1696 7205 1745 1715 7206 1744 1716 7207 1743 1717 7208 1746 1718 7209 1745 1715 7210 1743 1717 7211 1745 1715 7212 1747 1719 7213 1744 1716 7214 1747 1719 7215 1748 1720 7216 1744 1716 7217 1748 1720 7218 1747 1719 7219 1749 1721 7220 1750 1722 7221 1748 1720 7222 1749 1721 7223 1750 1722 7224 1749 1721 7225 1751 1723 7226 1752 1724 7227 1750 1722 7228 1751 1723 7229 1745 1715 7230 1746 1718 7231 1753 1725 7232 1746 1718 7233 1754 1726 7234 1753 1725 7235 1755 1727 7236 1753 1725 7237 1754 1726 7238 1756 1728 7239 1755 1727 7240 1754 1726 7241 1755 1727 7242 1757 1729 7243 1753 1725 7244 1757 1729 7245 1758 1730 7246 1753 1725 7247 1745 1715 7248 1753 1725 7249 1758 1730 7250 1747 1719 7251 1745 1715 7252 1758 1730 7253 1758 1730 7254 1757 1729 7255 1759 1731 7256 1760 1732 7257 1758 1730 7258 1759 1731 7259 1747 1719 7260 1758 1730 7261 1760 1732 7262 1749 1721 7263 1747 1719 7264 1760 1732 7265 1760 1732 7266 1759 1731 7267 1761 1733 7268 1762 1734 7269 1760 1732 7270 1761 1733 7271 1749 1721 7272 1760 1732 7273 1762 1734 7274 1751 1723 7275 1749 1721 7276 1762 1734 7277 1752 1724 7278 1751 1723 7279 1763 1735 7280 1764 1736 7281 1752 1724 7282 1763 1735 7283 1764 1736 7284 1763 1735 7285 1765 1737 7286 1763 1735 7287 1766 1738 7288 1765 1737 7289 1763 1735 7290 1767 1739 7291 1766 1738 7292 1767 1739 7293 1768 1740 7294 1766 1738 7295 1768 1740 7296 1767 1739 7297 1769 1741 7298 1762 1734 7299 1761 1733 7300 1769 1741 7301 1767 1739 7302 1762 1734 7303 1769 1741 7304 1770 1742 7305 1768 1740 7306 1769 1741 7307 1751 1723 7308 1762 1734 7309 1767 1739 7310 1763 1735 7311 1751 1723 7312 1767 1739 7313 1756 1728 7314 1754 1726 7315 1771 1743 7316 1772 1744 7317 1756 1728 7318 1771 1743 7319 1773 1745 7320 1772 1744 7321 1771 1743 7322 1774 1746 7323 1773 1745 7324 1771 1743 7325 1774 1746 7326 1771 1743 7327 1775 1747 7328 1775 1747 7329 1771 1743 7330 1754 1726 7331 1776 1748 7332 1774 1746 7333 1775 1747 7334 1775 1747 7335 1777 1749 7336 1776 1748 7337 1777 1749 7338 1778 1750 7339 1776 1748 7340 1775 1747 7341 1746 1718 7342 1777 1749 7343 1746 1718 7344 1775 1747 7345 1754 1726 7346 1746 1718 7347 1743 1717 7348 1777 1749 7349 1781 1751 7350 1780 1752 7351 1779 1753 7352 1782 1754 7353 1781 1751 7354 1779 1753 7355 1781 1751 7356 1783 1755 7357 1780 1752 7358 1783 1755 7359 1784 1756 7360 1780 1752 7361 1784 1756 7362 1783 1755 7363 1785 1757 7364 1786 1758 7365 1784 1756 7366 1785 1757 7367 1786 1758 7368 1785 1757 7369 1787 1759 7370 1788 1760 7371 1786 1758 7372 1787 1759 7373 1782 1754 7374 1789 1761 7375 1781 1751 7376 1789 1761 7377 1790 1762 7378 1781 1751 7379 1781 1751 7380 1790 1762 7381 1783 1755 7382 1791 1763 7383 1790 1762 7384 1789 1761 7385 1792 1764 7386 1791 1763 7387 1789 1761 7388 1791 1763 7389 1793 1765 7390 1790 1762 7391 1793 1765 7392 1794 1766 7393 1790 1762 7394 1783 1755 7395 1794 1766 7396 1785 1757 7397 1790 1762 7398 1794 1766 7399 1783 1755 7400 1794 1766 7401 1793 1765 7402 1795 1767 7403 1796 1768 7404 1794 1766 7405 1795 1767 7406 1785 1757 7407 1796 1768 7408 1787 1759 7409 1794 1766 7410 1796 1768 7411 1785 1757 7412 1796 1768 7413 1795 1767 7414 1797 1769 7415 1798 1770 7416 1796 1768 7417 1797 1769 7418 1796 1768 7419 1798 1770 7420 1787 1759 7421 1788 1760 7422 1787 1759 7423 1799 1771 7424 1787 1759 7425 1798 1770 7426 1799 1771 7427 1800 1772 7428 1788 1760 7429 1799 1771 7430 1800 1772 7431 1799 1771 7432 1801 1773 7433 1799 1771 7434 1802 1774 7435 1801 1773 7436 1799 1771 7437 1803 1775 7438 1802 1774 7439 1798 1770 7440 1803 1775 7441 1799 1771 7442 1803 1775 7443 1804 1776 7444 1802 1774 7445 1804 1776 7446 1803 1775 7447 1805 1777 7448 1798 1770 7449 1797 1769 7450 1805 1777 7451 1803 1775 7452 1798 1770 7453 1805 1777 7454 1806 1778 7455 1804 1776 7456 1805 1777 7457 1792 1764 7458 1789 1761 7459 1807 1779 7460 1808 1780 7461 1792 1764 7462 1807 1779 7463 1809 1781 7464 1808 1780 7465 1807 1779 7466 1810 1782 7467 1809 1781 7468 1807 1779 7469 1810 1782 7470 1807 1779 7471 1811 1783 7472 1812 1784 7473 1810 1782 7474 1811 1783 7475 1811 1783 7476 1813 1785 7477 1812 1784 7478 1813 1785 7479 1814 1786 7480 1812 1784 7481 1811 1783 7482 1782 1754 7483 1813 1785 7484 1807 1779 7485 1789 1761 7486 1782 1754 7487 1811 1783 7488 1807 1779 7489 1782 1754 7490 1782 1754 7491 1779 1753 7492 1813 1785 7493 1817 1787 7494 1816 1788 7495 1815 1789 7496 1818 1790 7497 1817 1787 7498 1815 1789 7499 1817 1787 7500 1819 1791 7501 1816 1788 7502 1819 1791 7503 1820 1792 7504 1816 1788 7505 1820 1792 7506 1819 1791 7507 1821 1793 7508 1822 1794 7509 1820 1792 7510 1821 1793 7511 1822 1794 7512 1821 1793 7513 1823 1795 7514 1824 1796 7515 1822 1794 7516 1823 1795 7517 1815 1789 7518 1816 1788 7519 1825 1797 7520 1816 1788 7521 1826 1798 7522 1825 1797 7523 1816 1788 7524 1820 1792 7525 1826 1798 7526 1825 1797 7527 1826 1798 7528 1827 1799 7529 1826 1798 7530 1828 1800 7531 1827 1799 7532 1826 1798 7533 1829 1801 7534 1828 1800 7535 1820 1792 7536 1822 1794 7537 1829 1801 7538 1820 1792 7539 1829 1801 7540 1826 1798 7541 1829 1801 7542 1830 1802 7543 1828 1800 7544 1830 1802 7545 1829 1801 7546 1831 1803 7547 1822 1794 7548 1824 1796 7549 1831 1803 7550 1822 1794 7551 1831 1803 7552 1829 1801 7553 1832 1804 7554 1830 1802 7555 1831 1803 7556 1832 1804 7557 1831 1803 7558 1833 1805 7559 1824 1796 7560 1833 1805 7561 1831 1803 7562 1834 1806 7563 1832 1804 7564 1833 1805 7565 1824 1796 7566 1823 1795 7567 1835 1807 7568 1836 1808 7569 1824 1796 7570 1835 1807 7571 1824 1796 7572 1836 1808 7573 1833 1805 7574 1837 1809 7575 1836 1808 7576 1835 1807 7577 1838 1810 7578 1837 1809 7579 1835 1807 7580 1839 1811 7581 1837 1809 7582 1838 1810 7583 1840 1812 7584 1839 1811 7585 1838 1810 7586 1837 1809 7587 1841 1813 7588 1836 1808 7589 1841 1813 7590 1842 1814 7591 1836 1808 7592 1834 1806 7593 1833 1805 7594 1842 1814 7595 1836 1808 7596 1842 1814 7597 1833 1805 7598 1843 1815 7599 1841 1813 7600 1837 1809 7601 1839 1811 7602 1843 1815 7603 1837 1809 7604 1841 1813 7605 1843 1815 7606 1844 1816 7607 1845 1817 7608 1841 1813 7609 1844 1816 7610 1842 1814 7611 1841 1813 7612 1845 1817 7613 1846 1818 7614 1842 1814 7615 1845 1817 7616 1846 1818 7617 1834 1806 7618 1842 1814 7619 1840 1812 7620 1847 1819 7621 1839 1811 7622 1847 1819 7623 1848 1820 7624 1839 1811 7625 1839 1811 7626 1848 1820 7627 1843 1815 7628 1849 1821 7629 1848 1820 7630 1847 1819 7631 1850 1822 7632 1849 1821 7633 1847 1819 7634 1849 1821 7635 1851 1823 7636 1848 1820 7637 1851 1823 7638 1852 1824 7639 1848 1820 7640 1843 1815 7641 1852 1824 7642 1844 1816 7643 1848 1820 7644 1852 1824 7645 1843 1815 7646 1852 1824 7647 1851 1823 7648 1853 1825 7649 1854 1826 7650 1852 1824 7651 1853 1825 7652 1852 1824 7653 1854 1826 7654 1844 1816 7655 1857 1827 7656 1856 1828 7657 1855 1829 7658 1858 1830 7659 1857 1827 7660 1855 1829 7661 1857 1827 7662 1859 1831 7663 1856 1828 7664 1859 1831 7665 1860 1832 7666 1856 1828 7667 1860 1832 7668 1859 1831 7669 1861 1833 7670 1862 1834 7671 1860 1832 7672 1861 1833 7673 1862 1834 7674 1861 1833 7675 1863 1835 7676 1863 1835 7677 1864 1836 7678 1862 1834 7679 1864 1836 7680 1865 1837 7681 1862 1834 7682 1855 1829 7683 1856 1828 7684 1866 1838 7685 1856 1828 7686 1867 1839 7687 1866 1838 7688 1856 1828 7689 1860 1832 7690 1867 1839 7691 1866 1838 7692 1867 1839 7693 1868 1840 7694 1867 1839 7695 1869 1841 7696 1868 1840 7697 1867 1839 7698 1870 1842 7699 1869 1841 7700 1860 1832 7701 1870 1842 7702 1867 1839 7703 1860 1832 7704 1862 1834 7705 1870 1842 7706 1870 1842 7707 1871 1843 7708 1869 1841 7709 1871 1843 7710 1870 1842 7711 1872 1844 7712 1862 1834 7713 1872 1844 7714 1870 1842 7715 1862 1834 7716 1865 1837 7717 1872 1844 7718 1873 1845 7719 1871 1843 7720 1872 1844 7721 1873 1845 7722 1872 1844 7723 1874 1846 7724 1865 1837 7725 1874 1846 7726 1872 1844 7727 1874 1846 7728 1865 1837 7729 1875 1847 7730 1874 1846 7731 1875 1847 7732 1876 1848 7733 1877 1849 7734 1874 1846 7735 1876 1848 7736 1877 1849 7737 1873 1845 7738 1874 1846 7739 1865 1837 7740 1878 1850 7741 1875 1847 7742 1878 1850 7743 1865 1837 7744 1864 1836 7745 1881 1851 7746 1880 1852 7747 1879 1853 7748 1882 1854 7749 1881 1851 7750 1879 1853 7751 1881 1851 7752 1883 1855 7753 1880 1852 7754 1883 1855 7755 1884 1856 7756 1880 1852 7757 1884 1856 7758 1883 1855 7759 1885 1857 7760 1886 1858 7761 1884 1856 7762 1885 1857 7763 1886 1858 7764 1885 1857 7765 1887 1859 7766 1888 1860 7767 1886 1858 7768 1887 1859 7769 1887 1859 7770 1885 1857 7771 1889 1861 7772 1890 1862 7773 1887 1859 7774 1889 1861 7775 1890 1862 7776 1889 1861 7777 1891 1863 7778 1889 1861 7779 1892 1864 7780 1891 1863 7781 1889 1861 7782 1893 1865 7783 1892 1864 7784 1885 1857 7785 1883 1855 7786 1893 1865 7787 1889 1861 7788 1885 1857 7789 1893 1865 7790 1893 1865 7791 1894 1866 7792 1892 1864 7793 1894 1866 7794 1893 1865 7795 1895 1867 7796 1883 1855 7797 1881 1851 7798 1895 1867 7799 1893 1865 7800 1883 1855 7801 1895 1867 7802 1896 1868 7803 1894 1866 7804 1895 1867 7805 1896 1868 7806 1895 1867 7807 1897 1869 7808 1898 1870 7809 1896 1868 7810 1897 1869 7811 1895 1867 7812 1881 1851 7813 1897 1869 7814 1881 1851 7815 1882 1854 7816 1897 1869 7817 1901 1871 7818 1900 1872 7819 1899 1873 7820 1902 1874 7821 1901 1871 7822 1899 1873 7823 1901 1871 7824 1903 1875 7825 1900 1872 7826 1903 1875 7827 1904 1876 7828 1900 1872 7829 1904 1876 7830 1903 1875 7831 1905 1877 7832 1906 1878 7833 1904 1876 7834 1905 1877 7835 1899 1873 7836 1900 1872 7837 1907 1879 7838 1908 1880 7839 1899 1873 7840 1907 1879 7841 1908 1880 7842 1907 1879 7843 1909 1881 7844 1907 1879 7845 1910 1882 7846 1909 1881 7847 1907 1879 7848 1911 1883 7849 1910 1882 7850 1900 1872 7851 1904 1876 7852 1911 1883 7853 1907 1879 7854 1900 1872 7855 1911 1883 7856 1911 1883 7857 1912 1884 7858 1910 1882 7859 1912 1884 7860 1911 1883 7861 1913 1885 7862 1904 1876 7863 1906 1878 7864 1913 1885 7865 1911 1883 7866 1904 1876 7867 1913 1885 7868 1914 1886 7869 1912 1884 7870 1913 1885 7871 1914 1886 7872 1913 1885 7873 1915 1887 7874 1914 1886 7875 1915 1887 7876 1916 1888 7877 1916 1888 7878 1917 1889 7879 1914 1886 7880 1906 1878 7881 1905 1877 7882 1918 1890 7883 1919 1891 7884 1906 1878 7885 1918 1890 7886 1913 1885 7887 1906 1878 7888 1919 1891 7889 1915 1887 7890 1913 1885 7891 1919 1891 7892 1920 1892 7893 1919 1891 7894 1918 1890 7895 1921 1893 7896 1920 1892 7897 1918 1890 7898 1922 1894 7899 1915 1887 7900 1919 1891 7901 1920 1892 7902 1922 1894 7903 1919 1891 7904 1915 1887 7905 1922 1894 7906 1916 1888 7907 1925 1895 7908 1924 1896 7909 1923 1897 7910 1926 1898 7911 1925 1895 7912 1923 1897 7913 1925 1895 7914 1927 1899 7915 1924 1896 7916 1927 1899 7917 1928 1900 7918 1924 1896 7919 1928 1900 7920 1927 1899 7921 1929 1901 7922 1930 1902 7923 1928 1900 7924 1929 1901 7925 1930 1902 7926 1929 1901 7927 1931 1903 7928 1932 1904 7929 1930 1902 7930 1931 1903 7931 1933 1905 7932 1931 1903 7933 1929 1901 7934 1934 1906 7935 1933 1905 7936 1929 1901 7937 1934 1906 7938 1929 1901 7939 1927 1899 7940 1933 1905 7941 1934 1906 7942 1935 1907 7943 1934 1906 7944 1936 1908 7945 1935 1907 7946 1934 1906 7947 1937 1909 7948 1936 1908 7949 1937 1909 7950 1927 1899 7951 1925 1895 7952 1937 1909 7953 1934 1906 7954 1927 1899 7955 1937 1909 7956 1938 1910 7957 1936 1908 7958 1938 1910 7959 1937 1909 7960 1939 1911 7961 1939 1911 7962 1925 1895 7963 1926 1898 7964 1939 1911 7965 1937 1909 7966 1925 1895 7967 1940 1912 7968 1938 1910 7969 1939 1911 7970 1940 1912 7971 1939 1911 7972 1941 1913 7973 1941 1913 7974 1939 1911 7975 1926 1898 7976 1942 1914 7977 1940 1912 7978 1941 1913 7979 1945 1915 7980 1944 1916 7981 1943 1917 7982 1946 1918 7983 1945 1915 7984 1943 1917 7985 1945 1915 7986 1946 1918 7987 1947 1919 7988 1948 1920 7989 1945 1915 7990 1947 1919 7991 1949 1921 7992 1948 1920 7993 1947 1919 7994 1950 1922 7995 1949 1921 7996 1947 1919 7997 1953 1923 7998 1952 1924 7999 1951 1925 8000 1954 1926 8001 1953 1923 8002 1951 1925 8003 1955 1927 8004 1953 1923 8005 1954 1926 8006 1956 1928 8007 1955 1927 8008 1954 1926 8009 1957 1929 8010 1955 1927 8011 1956 1928 8012 1958 1930 8013 1957 1929 8014 1956 1928 8015 1961 1931 8016 1960 1932 8017 1959 1933 8018 1959 1933 8019 1962 1934 8020 1961 1931 8021 1962 1934 8022 1963 1935 8023 1961 1931 8024 1961 1931 8025 1964 1936 8026 1960 1932 8027 1964 1936 8028 1961 1931 8029 1965 1937 8030 1964 1936 8031 1965 1937 8032 1966 1938 8033 1967 1939 8034 1964 1936 8035 1966 1938 8036 1961 1931 8037 1968 1940 8038 1965 1937 8039 1968 1940 8040 1961 1931 8041 1963 1935 8042 1967 1939 8043 1969 1941 8044 1964 1936 8045 1969 1941 8046 1970 1942 8047 1964 1936 8048 1964 1936 8049 1970 1942 8050 1960 1932 8051 1973 1943 8052 1972 1944 8053 1971 1945 8054 1974 1946 8055 1973 1943 8056 1971 1945 8057 1973 1943 8058 1975 1947 8059 1972 1944 8060 1975 1947 8061 1976 1948 8062 1972 1944 8063 1971 1945 8064 1972 1944 8065 1977 1949 8066 1972 1944 8067 1978 1950 8068 1977 1949 8069 1977 1949 8070 1978 1950 8071 1979 1951 8072 1978 1950 8073 1980 1952 8074 1979 1951 8075 1978 1950 8076 1981 1953 8077 1980 1952 8078 1981 1953 8079 1982 1954 8080 1980 1952 8081 1978 1950 8082 1983 1955 8083 1981 1953 8084 1983 1955 8085 1984 1956 8086 1981 1953 8087 1981 1953 8088 1984 1956 8089 1976 1948 8090 1984 1956 8091 1983 1955 8092 1985 1957 8093 1983 1955 8094 1986 1958 8095 1985 1957 8096 1985 1957 8097 1986 1958 8098 1987 1959 8099 1986 1958 8100 1988 1960 8101 1987 1959 8102 1985 1957 8103 1989 1961 8104 1984 1956 8105 1989 1961 8106 1990 1962 8107 1984 1956 8108 1984 1956 8109 1990 1962 8110 1976 1948 8111 1991 1963 8112 1989 1961 8113 1985 1957 8114 1992 1964 8115 1991 1963 8116 1985 1957 8117 1983 1955 8118 1993 1965 8119 1986 1958 8120 1993 1965 8121 1983 1955 8122 1978 1950 8123 1993 1965 8124 1994 1966 8125 1986 1958 8126 1990 1962 8127 1989 1961 8128 1994 1966 8129 1993 1965 8130 1990 1962 8131 1994 1966 8132 1986 1958 8133 1994 1966 8134 1995 1967 8135 1994 1966 8136 1996 1968 8137 1995 1967 8138 1994 1966 8139 1989 1961 8140 1997 1969 8141 1989 1961 8142 1998 1970 8143 1997 1969 8144 1988 1960 8145 1999 1971 8146 1987 1959 8147 1999 1971 8148 2000 1972 8149 1987 1959 8150 1996 1968 8151 2001 1973 8152 1995 1967 8153 2001 1973 8154 2002 1974 8155 1995 1967 8156 1998 1970 8157 2003 1975 8158 1997 1969 8159 2003 1975 8160 2004 1976 8161 1997 1969 8162 1992 1964 8163 2005 1977 8164 1991 1963 8165 2005 1977 8166 2006 1978 8167 1991 1963 8168 1972 1944 8169 1993 1965 8170 1978 1950 8171 1990 1962 8172 1993 1965 8173 1972 1944 8174 1976 1948 8175 1990 1962 8176 1972 1944 8177 1976 1948 8178 1975 1947 8179 2007 1979 8180 2008 1980 8181 1976 1948 8182 2007 1979 8183 2009 1981 8184 2008 1980 8185 2007 1979 8186 2010 1982 8187 2009 1981 8188 2007 1979 8189 2009 1981 8190 2011 1983 8191 2008 1980 8192 2011 1983 8193 2012 1984 8194 2008 1980 8195 2012 1984 8196 2011 1983 8197 2013 1985 8198 2014 1986 8199 2012 1984 8200 2013 1985 8201 2014 1986 8202 1982 1954 8203 2012 1984 8204 1982 1954 8205 1981 1953 8206 2012 1984 8207 2008 1980 8208 2012 1984 8209 1981 1953 8210 1976 1948 8211 2008 1980 8212 1981 1953 8213 2017 1987 8214 2016 1988 8215 2015 1989 8216 2018 1990 8217 2017 1987 8218 2015 1989 8219 2017 1987 8220 2019 1991 8221 2016 1988 8222 2019 1991 8223 2020 1992 8224 2016 1988 8225 2017 1987 8226 2018 1990 8227 2021 1993 8228 2022 1994 8229 2017 1987 8230 2021 1993 8231 2023 1995 8232 2022 1994 8233 2021 1993 8234 2024 1996 8235 2023 1995 8236 2021 1993 8237 2023 1995 8238 2025 1997 8239 2022 1994 8240 2025 1997 8241 2026 1998 8242 2022 1994 8243 2022 1994 8244 2027 1999 8245 2017 1987 8246 2027 1999 8247 2028 2000 8248 2017 1987 8249 2017 1987 8250 2028 2000 8251 2019 1991 8252 2029 2001 8253 2028 2000 8254 2027 1999 8255 2030 2002 8256 2029 2001 8257 2027 1999 8258 2027 1999 8259 2031 2003 8260 2030 2002 8261 2031 2003 8262 2027 1999 8263 2022 1994 8264 2026 1998 8265 2031 2003 8266 2022 1994 8267 2031 2003 8268 2032 2004 8269 2030 2002 8270 2030 2002 8271 2032 2004 8272 2033 2005 8273 2032 2004 8274 2034 2006 8275 2033 2005 8276 2035 2007 8277 2029 2001 8278 2030 2002 8279 2036 2008 8280 2035 2007 8281 2030 2002 8282 2029 2001 8283 2037 2009 8284 2028 2000 8285 2037 2009 8286 2038 2010 8287 2028 2000 8288 2038 2010 8289 2037 2009 8290 2032 2004 8291 2031 2003 8292 2038 2010 8293 2032 2004 8294 2038 2010 8295 2031 2003 8296 2026 1998 8297 2039 2011 8298 2037 2009 8299 2029 2001 8300 2040 2012 8301 2039 2011 8302 2029 2001 8303 2032 2004 8304 2037 2009 8305 2041 2013 8306 2037 2009 8307 2042 2014 8308 2041 2013 8309 2036 2008 8310 2043 2015 8311 2035 2007 8312 2043 2015 8313 2044 2016 8314 2035 2007 8315 2034 2006 8316 2045 2017 8317 2033 2005 8318 2045 2017 8319 2046 2018 8320 2033 2005 8321 2042 2014 8322 2047 2019 8323 2041 2013 8324 2047 2019 8325 2048 2020 8326 2041 2013 8327 2040 2012 8328 2049 2021 8329 2039 2011 8330 2049 2021 8331 2050 2022 8332 2039 2011 8333 2019 1991 8334 2038 2010 8335 2026 1998 8336 2028 2000 8337 2038 2010 8338 2019 1991 8339 2051 2023 8340 2019 1991 8341 2026 1998 8342 2020 1992 8343 2019 1991 8344 2051 2023 8345 2052 2024 8346 2020 1992 8347 2051 2023 8348 2052 2024 8349 2051 2023 8350 2053 2025 8351 2051 2023 8352 2054 2026 8353 2053 2025 8354 2051 2023 8355 2055 2027 8356 2054 2026 8357 2055 2027 8358 2051 2023 8359 2026 1998 8360 2055 2027 8361 2056 2028 8362 2054 2026 8363 2056 2028 8364 2055 2027 8365 2057 2029 8366 2055 2027 8367 2026 1998 8368 2057 2029 8369 2058 2030 8370 2056 2028 8371 2057 2029 8372 2026 1998 8373 2025 1997 8374 2057 2029 8375 2061 2031 8376 2060 2032 8377 2059 2033 8378 2062 2034 8379 2061 2031 8380 2059 2033 8381 2061 2031 8382 2063 2035 8383 2060 2032 8384 2063 2035 8385 2064 2036 8386 2060 2032 8387 2059 2033 8388 2060 2032 8389 2065 2037 8390 2066 2038 8391 2059 2033 8392 2065 2037 8393 2066 2038 8394 2065 2037 8395 2067 2039 8396 2065 2037 8397 2068 2040 8398 2067 2039 8399 2065 2037 8400 2069 2041 8401 2068 2040 8402 2069 2041 8403 2070 2042 8404 2068 2040 8405 2065 2037 8406 2071 2043 8407 2069 2041 8408 2071 2043 8409 2072 2044 8410 2069 2041 8411 2069 2041 8412 2072 2044 8413 2064 2036 8414 2072 2044 8415 2071 2043 8416 2073 2045 8417 2071 2043 8418 2074 2046 8419 2073 2045 8420 2073 2045 8421 2074 2046 8422 2075 2047 8423 2074 2046 8424 2076 2048 8425 2075 2047 8426 2073 2045 8427 2077 2049 8428 2072 2044 8429 2077 2049 8430 2078 2050 8431 2072 2044 8432 2072 2044 8433 2078 2050 8434 2064 2036 8435 2079 2051 8436 2077 2049 8437 2073 2045 8438 2080 2052 8439 2079 2051 8440 2073 2045 8441 2071 2043 8442 2081 2053 8443 2074 2046 8444 2081 2053 8445 2082 2054 8446 2074 2046 8447 2078 2050 8448 2077 2049 8449 2082 2054 8450 2081 2053 8451 2078 2050 8452 2082 2054 8453 2074 2046 8454 2082 2054 8455 2083 2055 8456 2082 2054 8457 2084 2056 8458 2083 2055 8459 2082 2054 8460 2077 2049 8461 2085 2057 8462 2077 2049 8463 2086 2058 8464 2085 2057 8465 2076 2048 8466 2087 2059 8467 2075 2047 8468 2087 2059 8469 2088 2060 8470 2075 2047 8471 2084 2056 8472 2089 2061 8473 2083 2055 8474 2089 2061 8475 2090 2062 8476 2083 2055 8477 2086 2058 8478 2091 2063 8479 2085 2057 8480 2091 2063 8481 2092 2064 8482 2085 2057 8483 2080 2052 8484 2093 2065 8485 2079 2051 8486 2093 2065 8487 2094 2066 8488 2079 2051 8489 2081 2053 8490 2071 2043 8491 2065 2037 8492 2060 2032 8493 2081 2053 8494 2065 2037 8495 2078 2050 8496 2081 2053 8497 2060 2032 8498 2064 2036 8499 2078 2050 8500 2060 2032 8501 2064 2036 8502 2063 2035 8503 2095 2067 8504 2096 2068 8505 2064 2036 8506 2095 2067 8507 2097 2069 8508 2096 2068 8509 2095 2067 8510 2098 2070 8511 2097 2069 8512 2095 2067 8513 2097 2069 8514 2099 2071 8515 2096 2068 8516 2099 2071 8517 2100 2072 8518 2096 2068 8519 2064 2036 8520 2096 2068 8521 2100 2072 8522 2100 2072 8523 2099 2071 8524 2101 2073 8525 2102 2074 8526 2100 2072 8527 2101 2073 8528 2102 2074 8529 2070 2042 8530 2100 2072 8531 2070 2042 8532 2069 2041 8533 2100 2072 8534 2069 2041 8535 2064 2036 8536 2100 2072 8537 2105 2075 8538 2104 2076 8539 2103 2077 8540 2106 2078 8541 2105 2075 8542 2103 2077 8543 2105 2075 8544 2107 2079 8545 2104 2076 8546 2107 2079 8547 2108 2080 8548 2104 2076 8549 2109 2081 8550 2105 2075 8551 2106 2078 8552 2110 2082 8553 2109 2081 8554 2106 2078 8555 2111 2083 8556 2109 2081 8557 2110 2082 8558 2112 2084 8559 2111 2083 8560 2110 2082 8561 2111 2083 8562 2113 2085 8563 2109 2081 8564 2113 2085 8565 2114 2086 8566 2109 2081 8567 2105 2075 8568 2115 2087 8569 2107 2079 8570 2115 2087 8571 2116 2088 8572 2107 2079 8573 2107 2079 8574 2116 2088 8575 2114 2086 8576 2117 2089 8577 2116 2088 8578 2115 2087 8579 2118 2090 8580 2117 2089 8581 2115 2087 8582 2115 2087 8583 2119 2091 8584 2118 2090 8585 2119 2091 8586 2115 2087 8587 2105 2075 8588 2109 2081 8589 2119 2091 8590 2105 2075 8591 2119 2091 8592 2120 2092 8593 2118 2090 8594 2118 2090 8595 2120 2092 8596 2121 2093 8597 2120 2092 8598 2122 2094 8599 2121 2093 8600 2123 2095 8601 2117 2089 8602 2118 2090 8603 2124 2096 8604 2123 2095 8605 2118 2090 8606 2117 2089 8607 2125 2097 8608 2116 2088 8609 2125 2097 8610 2126 2098 8611 2116 2088 8612 2126 2098 8613 2125 2097 8614 2120 2092 8615 2119 2091 8616 2126 2098 8617 2120 2092 8618 2116 2088 8619 2126 2098 8620 2114 2086 8621 2127 2099 8622 2125 2097 8623 2117 2089 8624 2128 2100 8625 2127 2099 8626 2117 2089 8627 2120 2092 8628 2125 2097 8629 2129 2101 8630 2125 2097 8631 2130 2102 8632 2129 2101 8633 2124 2096 8634 2131 2103 8635 2123 2095 8636 2131 2103 8637 2132 2104 8638 2123 2095 8639 2122 2094 8640 2133 2105 8641 2121 2093 8642 2133 2105 8643 2134 2106 8644 2121 2093 8645 2130 2102 8646 2135 2107 8647 2129 2101 8648 2135 2107 8649 2136 2108 8650 2129 2101 8651 2128 2100 8652 2137 2109 8653 2127 2099 8654 2137 2109 8655 2138 2110 8656 2127 2099 8657 2126 2098 8658 2119 2091 8659 2109 2081 8660 2114 2086 8661 2126 2098 8662 2109 2081 8663 2114 2086 8664 2113 2085 8665 2139 2111 8666 2140 2112 8667 2114 2086 8668 2139 2111 8669 2141 2113 8670 2140 2112 8671 2139 2111 8672 2140 2112 8673 2141 2113 8674 2142 2114 8675 2143 2115 8676 2140 2112 8677 2142 2114 8678 2143 2115 8679 2142 2114 8680 2144 2116 8681 2145 2117 8682 2143 2115 8683 2144 2116 8684 2146 2118 8685 2141 2113 8686 2139 2111 8687 2145 2117 8688 2108 2080 8689 2143 2115 8690 2108 2080 8691 2107 2079 8692 2143 2115 8693 2140 2112 8694 2143 2115 8695 2107 2079 8696 2114 2086 8697 2140 2112 8698 2107 2079 8699 2149 2119 8700 2148 2120 8701 2147 2121 8702 2150 2122 8703 2149 2119 8704 2147 2121 8705 2149 2119 8706 2151 2123 8707 2148 2120 8708 2151 2123 8709 2152 2124 8710 2148 2120 8711 2152 2124 8712 2151 2123 8713 2153 2125 8714 2154 2126 8715 2152 2124 8716 2153 2125 8717 2148 2120 8718 2155 2127 8719 2147 2121 8720 2155 2127 8721 2156 2128 8722 2147 2121 8723 2156 2128 8724 2155 2127 8725 2157 2129 8726 2155 2127 8727 2158 2130 8728 2157 2129 8729 2155 2127 8730 2159 2131 8731 2158 2130 8732 2159 2131 8733 2155 2127 8734 2148 2120 8735 2152 2124 8736 2159 2131 8737 2148 2120 8738 2159 2131 8739 2160 2132 8740 2158 2130 8741 2160 2132 8742 2159 2131 8743 2161 2133 8744 2161 2133 8745 2159 2131 8746 2152 2124 8747 2154 2126 8748 2161 2133 8749 2152 2124 8750 2162 2134 8751 2160 2132 8752 2161 2133 8753 2165 2135 8754 2164 2136 8755 2163 2137 8756 2166 2138 8757 2165 2135 8758 2163 2137 8759 2165 2135 8760 2167 2139 8761 2164 2136 8762 2167 2139 8763 2168 2140 8764 2164 2136 8765 2168 2140 8766 2167 2139 8767 2169 2141 8768 2170 2142 8769 2168 2140 8770 2169 2141 8771 2166 2138 8772 2171 2143 8773 2165 2135 8774 2171 2143 8775 2172 2144 8776 2165 2135 8777 2173 2145 8778 2172 2144 8779 2171 2143 8780 2174 2146 8781 2173 2145 8782 2171 2143 8783 2173 2145 8784 2175 2147 8785 2172 2144 8786 2175 2147 8787 2176 2148 8788 2172 2144 8789 2167 2139 8790 2176 2148 8791 2169 2141 8792 2176 2148 8793 2167 2139 8794 2165 2135 8795 2172 2144 8796 2176 2148 8797 2165 2135 8798 2176 2148 8799 2175 2147 8800 2177 2149 8801 2178 2150 8802 2176 2148 8803 2177 2149 8804 2176 2148 8805 2178 2150 8806 2169 2141 8807 2181 2151 8808 2180 2152 8809 2179 2153 8810 2182 2154 8811 2181 2151 8812 2179 2153 8813 2181 2151 8814 2183 2155 8815 2180 2152 8816 2183 2155 8817 2184 2156 8818 2180 2152 8819 2184 2156 8820 2183 2155 8821 2185 2157 8822 2186 2158 8823 2184 2156 8824 2185 2157 8825 2180 2152 8826 2187 2159 8827 2179 2153 8828 2180 2152 8829 2184 2156 8830 2187 2159 8831 2187 2159 8832 2188 2160 8833 2179 2153 8834 2188 2160 8835 2187 2159 8836 2189 2161 8837 2187 2159 8838 2190 2162 8839 2189 2161 8840 2187 2159 8841 2191 2163 8842 2190 2162 8843 2184 2156 8844 2191 2163 8845 2187 2159 8846 2191 2163 8847 2192 2164 8848 2190 2162 8849 2192 2164 8850 2191 2163 8851 2193 2165 8852 2193 2165 8853 2191 2163 8854 2184 2156 8855 2186 2158 8856 2193 2165 8857 2184 2156 8858 2194 2166 8859 2192 2164 8860 2193 2165 8861 2197 2167 8862 2196 2168 8863 2195 2169 8864 2198 2170 8865 2197 2167 8866 2195 2169 8867 2197 2167 8868 2199 2171 8869 2196 2168 8870 2199 2171 8871 2200 2172 8872 2196 2168 8873 2200 2172 8874 2199 2171 8875 2201 2173 8876 2202 2174 8877 2200 2172 8878 2201 2173 8879 2196 2168 8880 2203 2175 8881 2195 2169 8882 2203 2175 8883 2204 2176 8884 2195 2169 8885 2202 2174 8886 2205 2177 8887 2200 2172 8888 2205 2177 8889 2206 2178 8890 2200 2172 8891 2206 2178 8892 2203 2175 8893 2196 2168 8894 2200 2172 8895 2206 2178 8896 2196 2168 8897 2209 2179 8898 2208 2180 8899 2207 2181 8900 2210 2182 8901 2209 2179 8902 2207 2181 8903 2209 2179 8904 2211 2183 8905 2208 2180 8906 2211 2183 8907 2212 2184 8908 2208 2180 8909 2212 2184 8910 2211 2183 8911 2213 2185 8912 2214 2186 8913 2212 2184 8914 2213 2185 8915 2211 2183 8916 2215 2187 8917 2213 2185 8918 2215 2187 8919 2211 2183 8920 2209 2179 8921 2215 2187 8922 2216 2188 8923 2213 2185 8924 2210 2182 8925 2217 2189 8926 2209 2179 8927 2217 2189 8928 2218 2190 8929 2209 2179 8930 2218 2190 8931 2215 2187 8932 2209 2179 8933 2221 2191 8934 2220 2192 8935 2219 2193 8936 2222 2194 8937 2221 2191 8938 2219 2193 8939 2221 2191 8940 2223 2195 8941 2220 2192 8942 2223 2195 8943 2224 2196 8944 2220 2192 8945 2224 2196 8946 2223 2195 8947 2225 2197 8948 2226 2198 8949 2224 2196 8950 2225 2197 8951 2226 2198 8952 2227 2199 8953 2224 2196 8954 2227 2199 8955 2228 2200 8956 2224 2196 8957 2220 2192 8958 2229 2201 8959 2219 2193 8960 2224 2196 8961 2228 2200 8962 2229 2201 8963 2220 2192 8964 2224 2196 8965 2229 2201 8966 2229 2201 8967 2230 2202 8968 2219 2193 8969 2233 2203 8970 2232 2204 8971 2231 2205 8972 2234 2206 8973 2233 2203 8974 2231 2205 8975 2233 2203 8976 2235 2207 8977 2232 2204 8978 2235 2207 8979 2236 2208 8980 2232 2204 8981 2236 2208 8982 2235 2207 8983 2237 2209 8984 2238 2210 8985 2236 2208 8986 2237 2209 8987 2234 2206 8988 2239 2211 8989 2233 2203 8990 2239 2211 8991 2240 2212 8992 2233 2203 8993 2233 2203 8994 2240 2212 8995 2235 2207 8996 2235 2207 8997 2241 2213 8998 2237 2209 8999 2240 2212 9000 2241 2213 9001 2235 2207 9002 2241 2213 9003 2242 2214 9004 2237 2209 9005 2245 2215 9006 2244 2216 9007 2243 2217 9008 2243 2217 9009 2246 2218 9010 2245 2215 9011 2243 2217 9012 2247 2219 9013 2246 2218 9014 2245 2215 9015 2246 2218 9016 2248 2220 9017 2249 2221 9018 2245 2215 9019 2248 2220 9020 2245 2215 9021 2249 2221 9022 2244 2216 9023 2250 2222 9024 2249 2221 9025 2248 2220 9026 2250 2222 9027 2248 2220 9028 2251 2223 9029 2252 2224 9030 2250 2222 9031 2251 2223 9032 2248 2220 9033 2253 2225 9034 2251 2223 9035 2246 2218 9036 2253 2225 9037 2248 2220 9038 2253 2225 9039 2254 2226 9040 2251 2223 9041 2257 2227 9042 2256 2228 9043 2255 2229 9044 2258 2230 9045 2257 2227 9046 2255 2229 9047 2257 2227 9048 2259 2231 9049 2256 2228 9050 2259 2231 9051 2260 2232 9052 2256 2228 9053 2260 2232 9054 2259 2231 9055 2261 2233 9056 2262 2234 9057 2260 2232 9058 2261 2233 9059 2258 2230 9060 2263 2235 9061 2257 2227 9062 2263 2235 9063 2264 2236 9064 2257 2227 9065 2257 2227 9066 2264 2236 9067 2259 2231 9068 2265 2237 9069 2264 2236 9070 2263 2235 9071 2266 2238 9072 2265 2237 9073 2263 2235 9074 2265 2237 9075 2267 2239 9076 2264 2236 9077 2267 2239 9078 2268 2240 9079 2264 2236 9080 2259 2231 9081 2268 2240 9082 2261 2233 9083 2264 2236 9084 2268 2240 9085 2259 2231 9086 2268 2240 9087 2267 2239 9088 2269 2241 9089 2270 2242 9090 2268 2240 9091 2269 2241 9092 2268 2240 9093 2270 2242 9094 2261 2233 9095 2273 2243 9096 2272 2244 9097 2271 2245 9098 2274 2246 9099 2273 2243 9100 2271 2245 9101 2273 2243 9102 2275 2247 9103 2272 2244 9104 2275 2247 9105 2276 2248 9106 2272 2244 9107 2276 2248 9108 2275 2247 9109 2277 2249 9110 2278 2250 9111 2276 2248 9112 2277 2249 9113 2272 2244 9114 2279 2251 9115 2271 2245 9116 2279 2251 9117 2272 2244 9118 2276 2248 9119 2279 2251 9120 2280 2252 9121 2271 2245 9122 2280 2252 9123 2279 2251 9124 2281 2253 9125 2279 2251 9126 2282 2254 9127 2281 2253 9128 2279 2251 9129 2283 2255 9130 2282 2254 9131 2283 2255 9132 2279 2251 9133 2276 2248 9134 2283 2255 9135 2284 2256 9136 2282 2254 9137 2284 2256 9138 2283 2255 9139 2285 2257 9140 2285 2257 9141 2283 2255 9142 2276 2248 9143 2278 2250 9144 2285 2257 9145 2276 2248 9146 2286 2258 9147 2284 2256 9148 2285 2257 9149 2289 2259 9150 2288 2260 9151 2287 2261 9152 2290 2262 9153 2289 2259 9154 2287 2261 9155 2289 2259 9156 2291 2263 9157 2288 2260 9158 2291 2263 9159 2292 2264 9160 2288 2260 9161 2292 2264 9162 2291 2263 9163 2293 2265 9164 2294 2266 9165 2292 2264 9166 2293 2265 9167 2290 2262 9168 2295 2267 9169 2289 2259 9170 2295 2267 9171 2296 2268 9172 2289 2259 9173 2297 2269 9174 2296 2268 9175 2295 2267 9176 2298 2270 9177 2297 2269 9178 2295 2267 9179 2297 2269 9180 2299 2271 9181 2296 2268 9182 2299 2271 9183 2300 2272 9184 2296 2268 9185 2291 2263 9186 2300 2272 9187 2293 2265 9188 2289 2259 9189 2296 2268 9190 2300 2272 9191 2291 2263 9192 2289 2259 9193 2300 2272 9194 2300 2272 9195 2299 2271 9196 2301 2273 9197 2302 2274 9198 2300 2272 9199 2301 2273 9200 2300 2272 9201 2302 2274 9202 2293 2265 9203 2305 2275 9204 2304 2276 9205 2303 2277 9206 2306 2278 9207 2305 2275 9208 2303 2277 9209 2305 2275 9210 2307 2279 9211 2304 2276 9212 2307 2279 9213 2308 2280 9214 2304 2276 9215 2308 2280 9216 2307 2279 9217 2309 2281 9218 2310 2282 9219 2308 2280 9220 2309 2281 9221 2304 2276 9222 2311 2283 9223 2303 2277 9224 2311 2283 9225 2312 2284 9226 2303 2277 9227 2312 2284 9228 2311 2283 9229 2313 2285 9230 2311 2283 9231 2314 2286 9232 2313 2285 9233 2311 2283 9234 2315 2287 9235 2314 2286 9236 2315 2287 9237 2311 2283 9238 2304 2276 9239 2308 2280 9240 2315 2287 9241 2304 2276 9242 2315 2287 9243 2316 2288 9244 2314 2286 9245 2316 2288 9246 2315 2287 9247 2317 2289 9248 2317 2289 9249 2315 2287 9250 2308 2280 9251 2310 2282 9252 2317 2289 9253 2308 2280 9254 2318 2290 9255 2316 2288 9256 2317 2289 9257 2321 2291 9258 2320 2292 9259 2319 2293 9260 2322 2294 9261 2321 2291 9262 2319 2293 9263 2321 2291 9264 2323 2295 9265 2320 2292 9266 2323 2295 9267 2324 2296 9268 2320 2292 9269 2324 2296 9270 2323 2295 9271 2325 2297 9272 2326 2298 9273 2324 2296 9274 2325 2297 9275 2320 2292 9276 2327 2299 9277 2319 2293 9278 2327 2299 9279 2320 2292 9280 2324 2296 9281 2327 2299 9282 2328 2300 9283 2319 2293 9284 2326 2298 9285 2329 2301 9286 2324 2296 9287 2329 2301 9288 2330 2302 9289 2324 2296 9290 2330 2302 9291 2327 2299 9292 2324 2296 9293 2327 2299 9294 2331 2303 9295 2328 2300 9296 2331 2303 9297 2327 2299 9298 2330 2302 9299 2331 2303 9300 2332 2304 9301 2328 2300 9302 2333 2305 9303 2332 2304 9304 2331 2303 9305 2334 2306 9306 2333 2305 9307 2331 2303 9308 2331 2303 9309 2335 2307 9310 2334 2306 9311 2335 2307 9312 2331 2303 9313 2330 2302 9314 2335 2307 9315 2336 2308 9316 2334 2306 9317 2335 2307 9318 2337 2309 9319 2336 2308 9320 2337 2309 9321 2335 2307 9322 2330 2302 9323 2329 2301 9324 2337 2309 9325 2330 2302 9326 2337 2309 9327 2338 2310 9328 2336 2308 9329 2341 2311 9330 2340 2312 9331 2339 2313 9332 2342 2314 9333 2341 2311 9334 2339 2313 9335 2341 2311 9336 2343 2315 9337 2340 2312 9338 2343 2315 9339 2344 2316 9340 2340 2312 9341 2344 2316 9342 2343 2315 9343 2345 2317 9344 2346 2318 9345 2344 2316 9346 2345 2317 9347 2342 2314 9348 2347 2319 9349 2341 2311 9350 2347 2319 9351 2348 2320 9352 2341 2311 9353 2341 2311 9354 2348 2320 9355 2343 2315 9356 2343 2315 9357 2349 2321 9358 2345 2317 9359 2348 2320 9360 2349 2321 9361 2343 2315 9362 2349 2321 9363 2350 2322 9364 2345 2317 9365 2347 2319 9366 2351 2323 9367 2348 2320 9368 2351 2323 9369 2352 2324 9370 2348 2320 9371 2348 2320 9372 2352 2324 9373 2349 2321 9374 2352 2324 9375 2351 2323 9376 2353 2325 9377 2351 2323 9378 2354 2326 9379 2353 2325 9380 2353 2325 9381 2355 2327 9382 2352 2324 9383 2355 2327 9384 2356 2328 9385 2352 2324 9386 2349 2321 9387 2356 2328 9388 2350 2322 9389 2352 2324 9390 2356 2328 9391 2349 2321 9392 2355 2327 9393 2357 2329 9394 2356 2328 9395 2357 2329 9396 2358 2330 9397 2356 2328 9398 2356 2328 9399 2358 2330 9400 2350 2322 9401 2361 2331 9402 2360 2332 9403 2359 2333 9404 2362 2334 9405 2361 2331 9406 2359 2333 9407 2361 2331 9408 2363 2335 9409 2360 2332 9410 2363 2335 9411 2364 2336 9412 2360 2332 9413 2364 2336 9414 2363 2335 9415 2365 2337 9416 2366 2338 9417 2364 2336 9418 2365 2337 9419 2362 2334 9420 2367 2339 9421 2361 2331 9422 2367 2339 9423 2368 2340 9424 2361 2331 9425 2363 2335 9426 2369 2341 9427 2365 2337 9428 2361 2331 9429 2368 2340 9430 2369 2341 9431 2363 2335 9432 2361 2331 9433 2369 2341 9434 2369 2341 9435 2370 2342 9436 2365 2337 9437 2367 2339 9438 2371 2343 9439 2368 2340 9440 2371 2343 9441 2372 2344 9442 2368 2340 9443 2372 2344 9444 2371 2343 9445 2373 2345 9446 2371 2343 9447 2374 2346 9448 2373 2345 9449 2373 2345 9450 2375 2347 9451 2372 2344 9452 2375 2347 9453 2376 2348 9454 2372 2344 9455 2369 2341 9456 2376 2348 9457 2370 2342 9458 2368 2340 9459 2372 2344 9460 2376 2348 9461 2369 2341 9462 2368 2340 9463 2376 2348 9464 2375 2347 9465 2377 2349 9466 2376 2348 9467 2377 2349 9468 2378 2350 9469 2376 2348 9470 2376 2348 9471 2378 2350 9472 2370 2342 9473 2381 2351 9474 2380 2352 9475 2379 2353 9476 2382 2354 9477 2381 2351 9478 2379 2353 9479 2381 2351 9480 2383 2355 9481 2380 2352 9482 2383 2355 9483 2384 2356 9484 2380 2352 9485 2384 2356 9486 2383 2355 9487 2385 2357 9488 2386 2358 9489 2384 2356 9490 2385 2357 9491 2380 2352 9492 2387 2359 9493 2379 2353 9494 2387 2359 9495 2388 2360 9496 2379 2353 9497 2386 2358 9498 2389 2361 9499 2384 2356 9500 2389 2361 9501 2390 2362 9502 2384 2356 9503 2390 2362 9504 2387 2359 9505 2380 2352 9506 2384 2356 9507 2390 2362 9508 2380 2352 9509 2387 2359 9510 2391 2363 9511 2388 2360 9512 2391 2363 9513 2392 2364 9514 2388 2360 9515 2393 2365 9516 2392 2364 9517 2391 2363 9518 2394 2366 9519 2393 2365 9520 2391 2363 9521 2391 2363 9522 2395 2367 9523 2394 2366 9524 2395 2367 9525 2391 2363 9526 2387 2359 9527 2390 2362 9528 2395 2367 9529 2387 2359 9530 2395 2367 9531 2396 2368 9532 2394 2366 9533 2395 2367 9534 2397 2369 9535 2396 2368 9536 2397 2369 9537 2395 2367 9538 2390 2362 9539 2389 2361 9540 2397 2369 9541 2390 2362 9542 2397 2369 9543 2398 2370 9544 2396 2368 9545 2401 2371 9546 2400 2372 9547 2399 2373 9548 2402 2374 9549 2401 2371 9550 2399 2373 9551 2399 2373 9552 2403 2375 9553 2402 2374 9554 2403 2375 9555 2404 2376 9556 2402 2374 9557 2403 2375 9558 2405 2377 9559 2404 2376 9560 2405 2377 9561 2406 2378 9562 2404 2376 9563 2400 2372 9564 2401 2371 9565 2407 2379 9566 2408 2380 9567 2400 2372 9568 2407 2379 9569 2407 2379 9570 2409 2381 9571 2408 2380 9572 2409 2381 9573 2407 2379 9574 2401 2371 9575 2409 2381 9576 2410 2382 9577 2408 2380 9578 2409 2381 9579 2411 2383 9580 2410 2382 9581 2401 2371 9582 2411 2383 9583 2409 2381 9584 2401 2371 9585 2402 2374 9586 2411 2383 9587 2411 2383 9588 2412 2384 9589 2410 2382 9590 2406 2378 9591 2405 2377 9592 2413 2385 9593 2414 2386 9594 2406 2378 9595 2413 2385 9596 2413 2385 9597 2415 2387 9598 2414 2386 9599 2415 2387 9600 2416 2388 9601 2414 2386 9602 2415 2387 9603 2417 2389 9604 2416 2388 9605 2417 2389 9606 2418 2390 9607 2416 2388 9608 2406 2378 9609 2414 2386 9610 2418 2390 9611 2414 2386 9612 2416 2388 9613 2418 2390 9614 2412 2384 9615 2411 2383 9616 2419 2391 9617 2420 2392 9618 2412 2384 9619 2419 2391 9620 2419 2391 9621 2421 2393 9622 2420 2392 9623 2406 2378 9624 2418 2390 9625 2421 2393 9626 2421 2393 9627 2422 2394 9628 2420 2392 9629 2418 2390 9630 2417 2389 9631 2422 2394 9632 2421 2393 9633 2418 2390 9634 2422 2394 9635 2402 2374 9636 2419 2391 9637 2411 2383 9638 2402 2374 9639 2404 2376 9640 2419 2391 9641 2404 2376 9642 2421 2393 9643 2419 2391 9644 2404 2376 9645 2406 2378 9646 2421 2393 9647 2425 2395 9648 2424 2396 9649 2423 2397 9650 2426 2398 9651 2425 2395 9652 2423 2397 9653 2423 2397 9654 2427 2399 9655 2426 2398 9656 2427 2399 9657 2428 2400 9658 2426 2398 9659 2425 2395 9660 2429 2401 9661 2424 2396 9662 2429 2401 9663 2430 2402 9664 2424 2396 9665 2428 2400 9666 2427 2399 9667 2431 2403 9668 2432 2404 9669 2428 2400 9670 2431 2403 9671 2431 2403 9672 2433 2405 9673 2432 2404 9674 2433 2405 9675 2431 2403 9676 2427 2399 9677 2433 2405 9678 2434 2406 9679 2432 2404 9680 2433 2405 9681 2435 2407 9682 2434 2406 9683 2435 2407 9684 2427 2399 9685 2423 2397 9686 2435 2407 9687 2433 2405 9688 2427 2399 9689 2435 2407 9690 2436 2408 9691 2434 2406 9692 2430 2402 9693 2429 2401 9694 2437 2409 9695 2438 2410 9696 2430 2402 9697 2437 2409 9698 2437 2409 9699 2439 2411 9700 2438 2410 9701 2439 2411 9702 2440 2412 9703 2438 2410 9704 2439 2411 9705 2441 2413 9706 2440 2412 9707 2441 2413 9708 2442 2414 9709 2440 2412 9710 2438 2410 9711 2440 2412 9712 2442 2414 9713 2442 2414 9714 2430 2402 9715 2438 2410 9716 2436 2408 9717 2435 2407 9718 2443 2415 9719 2444 2416 9720 2436 2408 9721 2443 2415 9722 2443 2415 9723 2445 2417 9724 2444 2416 9725 2442 2414 9726 2445 2417 9727 2430 2402 9728 2445 2417 9729 2446 2418 9730 2444 2416 9731 2442 2414 9732 2441 2413 9733 2446 2418 9734 2445 2417 9735 2442 2414 9736 2446 2418 9737 2445 2417 9738 2443 2415 9739 2424 2396 9740 2445 2417 9741 2424 2396 9742 2430 2402 9743 2443 2415 9744 2423 2397 9745 2424 2396 9746 2443 2415 9747 2435 2407 9748 2423 2397 9749 2449 2419 9750 2448 2420 9751 2447 2421 9752 2450 2422 9753 2449 2419 9754 2447 2421 9755 2447 2421 9756 2451 2423 9757 2450 2422 9758 2451 2423 9759 2452 2424 9760 2450 2422 9761 2449 2419 9762 2453 2425 9763 2448 2420 9764 2453 2425 9765 2454 2426 9766 2448 2420 9767 2452 2424 9768 1718 1690 9769 2450 2422 9770 1718 1690 9771 1715 1689 9772 2450 2422 9773 2449 2419 9774 1726 1698 9775 2453 2425 9776 1726 1698 9777 2449 2419 9778 2450 2422 9779 1715 1689 9780 1726 1698 9781 2450 2422 9782 1726 1698 9783 1727 1699 9784 2453 2425 9785 2457 2427 9786 2456 2428 9787 2455 2429 9788 2458 2430 9789 2457 2427 9790 2455 2429 9791 2455 2429 9792 2459 2431 9793 2458 2430 9794 2459 2431 9795 2460 2432 9796 2458 2430 9797 2457 2427 9798 2461 2433 9799 2456 2428 9800 2461 2433 9801 2462 2434 9802 2456 2428 9803 2460 2432 9804 1818 1790 9805 2458 2430 9806 1818 1790 9807 1815 1789 9808 2458 2430 9809 2457 2427 9810 1825 1797 9811 2461 2433 9812 2458 2430 9813 1815 1789 9814 1825 1797 9815 2457 2427 9816 2458 2430 9817 1825 1797 9818 1825 1797 9819 1827 1799 9820 2461 2433 9821</p>
        </triangles>
      </mesh>
    </geometry>
    <geometry id="LanternPole_Chain-mesh" name="LanternPole_Chain">
      <mesh>
        <source id="LanternPole_Chain-mesh-positions">
          <float_array id="LanternPole_Chain-mesh-positions-array" count="2268">0.03232938 3.05176e-7 0.5080218 0.03706449 0.0228604 0.4998236 0.06419646 0.022861 0.526955 0.05599576 3.05176e-7 0.5316888 9.15527e-7 3.05176e-7 0.4993597 9.15527e-7 0.02285975 0.489892 -0.03232818 3.0756e-7 0.5080218 -0.03706264 0.0228604 0.4998236 -0.05599516 3.05176e-7 0.5316888 -0.06419587 0.022861 0.526955 0.08399379 0.03232938 0.5155267 0.04849392 0.03232938 0.4800238 9.15527e-7 0.03232938 0.4670306 -0.04849272 0.03232938 0.4800238 -0.0839926 0.03232938 0.5155267 0.1037912 0.0228604 0.504096 0.059924 0.02285975 0.4602289 9.15527e-7 0.0228604 0.4441717 -0.05992275 0.02285975 0.4602289 -0.1037893 0.0228604 0.504096 0.1119918 3.05176e-7 0.4993597 0.06465911 -9.20296e-7 0.4520257 9.15527e-7 -9.15527e-7 0.434704 -0.06465727 -9.15527e-7 0.4520257 -0.11199 3.05176e-7 0.4993597 0.1037912 -0.02285975 0.504096 0.059924 -0.0228604 0.4602289 9.15527e-7 -0.02285975 0.4441717 -0.05992275 -0.0228604 0.4602289 -0.1037893 -0.02285975 0.504096 0.08399379 -0.03232878 0.5155243 0.04849392 -0.03232878 0.4800263 9.15527e-7 -0.03232878 0.4670282 -0.04849272 -0.03232878 0.4800263 -0.0839926 -0.03232878 0.5155243 0.06419646 -0.0228604 0.526955 0.03706449 -0.02285975 0.4998236 9.15527e-7 -0.0228604 0.489892 -0.03706264 -0.02285975 0.4998236 -0.06419521 -0.0228604 0.526955 0.05599576 3.05176e-7 0.5316888 0.03232938 3.05176e-7 0.5080218 9.15527e-7 3.05176e-7 0.4993597 -0.03232818 3.0756e-7 0.5080218 -0.05599516 3.05176e-7 0.5316888 -0.1197653 -0.02279448 0.5636151 -0.129208 -9.15527e-7 0.5636126 -0.129208 3.05176e-7 0.652348 -0.1197653 0.02279448 0.6523455 -0.1197653 0.02279448 0.5636126 -0.09697109 0.03229033 0.6523504 -0.09697109 0.03229093 0.5636126 -0.0740835 0.02288722 0.652348 -0.0740835 0.02288722 0.5636126 -0.06454861 3.05176e-7 0.652348 -0.06454861 -3.05176e-7 0.5636126 -0.1197647 -0.02279508 0.6523504 -0.09697109 -0.03229093 0.5636126 -0.09697109 -0.03229093 0.652348 -0.0740835 -0.02288722 0.5636126 -0.0740835 -0.02288782 0.652348 -0.06454861 -3.05176e-7 0.5636126 -0.06454861 3.05176e-7 0.652348 0.06454986 3.05176e-7 0.652348 0.07408475 -0.02288788 0.652348 0.07408475 -0.02288722 0.5636126 0.06454986 -9.15527e-7 0.5636126 0.09697109 -0.03229093 0.5636126 0.09697109 -0.03229093 0.652348 0.1197671 -0.02279448 0.5636151 0.1197677 -0.02279508 0.6523504 0.129208 -9.15527e-7 0.5636126 0.129208 3.05176e-7 0.652348 0.1197671 0.02279382 0.5636126 0.1197671 0.02279448 0.6523455 0.09697234 0.03228968 0.5636126 0.09697234 0.03229033 0.6523504 0.07408475 0.02288722 0.5636126 0.07408475 0.02288722 0.652348 0.06454986 -9.15527e-7 0.5636126 0.06454986 3.05176e-7 0.652348 3.05176e-7 0.05599635 0.4677582 -0.02285915 0.06419587 0.4724872 -0.02285915 0.03706324 0.4996234 9.15527e-7 0.03232938 0.4914227 -0.02285856 3.05176e-7 0.5095526 9.15527e-7 3.05176e-7 0.5000848 -0.03232818 0.04849332 0.5194208 -0.03232818 0.08399319 0.4839203 -0.03232818 3.05176e-7 0.5324139 -0.02285915 0.05992335 0.5392181 -0.02285975 0.1037906 0.4953509 -0.02285915 3.05176e-7 0.5552753 9.15527e-7 0.06465852 0.5474164 3.05176e-7 0.1119912 0.5000848 9.15527e-7 3.05176e-7 0.5647431 0.022861 0.05992335 0.5392181 0.022861 0.1037906 0.4953509 0.022861 3.05176e-7 0.5552728 0.03232938 0.04849332 0.5194208 0.03232997 0.08399319 0.4839203 0.03232938 3.05176e-7 0.5324139 0.02286159 0.03706324 0.4996234 0.022861 0.06419587 0.4724872 0.022861 3.05176e-7 0.5095526 9.15527e-7 0.03232938 0.4914227 3.05176e-7 0.05599635 0.4677582 9.15527e-7 3.05176e-7 0.5000848 -3.05176e-7 0.129208 0.4358295 -0.02279323 0.1197659 0.435827 -0.02279263 0.1197659 0.3470966 -0.03228849 0.09697109 0.3470966 -0.03228908 0.09697109 0.4358319 -0.02288722 0.07408475 0.3470966 -0.02288722 0.07408475 0.4358295 9.15527e-7 0.06454986 0.3470966 -3.05176e-7 0.06454986 0.4358295 9.15527e-7 0.129208 0.3470966 0.02279567 0.1197671 0.4358319 0.02279508 0.1197665 0.347099 0.03229153 0.09697049 0.4358295 0.03229153 0.09697049 0.3470966 0.02288782 0.07408475 0.4358295 0.02288722 0.07408475 0.3470966 -3.05176e-7 0.06454986 0.4358295 9.15527e-7 0.06454986 0.3470966 3.05176e-7 0.05599516 0.3151703 -0.02285975 0.06419521 0.3104364 3.05176e-7 0.03232878 0.2915057 -0.02285915 0.03706324 0.2833051 3.05176e-7 3.05176e-7 0.2828436 -0.02285915 3.05176e-7 0.2733734 3.05176e-7 -0.03232878 0.2915057 -0.02285975 -0.03706324 0.2833051 3.05176e-7 -0.05599576 0.3151703 -0.0228604 -0.06419646 0.3104364 -0.03232878 0.08399319 0.2990081 -0.03232878 0.04849332 0.2635077 -0.03232878 3.05176e-7 0.2505121 -0.03232878 -0.04849332 0.2635077 -0.03232878 -0.08399319 0.2990081 -0.02285975 0.1037906 0.2875775 -0.02285915 0.05992335 0.2437103 -0.02285975 3.05176e-7 0.2276556 -0.02285915 -0.05992335 0.2437103 -0.02285915 -0.1037906 0.2875775 3.05176e-7 0.1119912 0.2828436 2.13623e-6 0.06465786 0.2355096 1.52588e-6 3.05176e-7 0.2181854 1.52588e-6 -0.06465786 0.2355096 3.05176e-7 -0.1119906 0.2828436 0.0228604 0.1037906 0.2875775 0.022861 0.05992335 0.2437103 0.0228604 3.05176e-7 0.2276556 0.022861 -0.05992335 0.2437103 0.022861 -0.1037906 0.2875775 0.03232938 0.08399319 0.2990057 0.03232938 0.04849332 0.2635077 0.03232938 3.05176e-7 0.2505121 0.03232938 -0.04849332 0.2635077 0.03232938 -0.08399319 0.2990057 0.022861 0.06419587 0.3104364 0.022861 0.03706324 0.2833051 0.022861 3.05176e-7 0.2733734 0.022861 -0.03706389 0.2833051 0.022861 -0.06419587 0.3104364 3.05176e-7 0.05599516 0.3151703 3.05176e-7 0.03232878 0.2915057 3.05176e-7 3.05176e-7 0.2828436 3.05176e-7 -0.03232878 0.2915057 3.05176e-7 -0.05599576 0.3151703 0.02279567 -0.1197665 0.347099 9.15527e-7 -0.129208 0.3470966 -3.05176e-7 -0.129208 0.4358295 -0.02279323 -0.1197665 0.435827 -0.02279323 -0.1197665 0.3470966 -0.03229033 -0.09697109 0.4358319 -0.03229033 -0.09697175 0.3470966 -0.02288663 -0.07408416 0.4358295 -0.02288663 -0.07408416 0.3470966 9.15527e-7 -0.06454986 0.4358295 9.15527e-7 -0.0645492 0.3470966 0.02279567 -0.1197653 0.4358319 0.03229153 -0.09697169 0.3470966 0.03229153 -0.09697169 0.4358295 0.02288782 -0.07408416 0.3470966 0.02288848 -0.07408416 0.4358295 9.15527e-7 -0.0645492 0.3470966 9.15527e-7 -0.06454986 0.4358295 3.05176e-7 -0.05599457 0.4677582 -0.02285915 -0.06419587 0.4724872 1.52588e-6 -0.03232878 0.4914227 -0.02285975 -0.03706324 0.4996234 9.15527e-7 3.05176e-7 0.5000848 -0.02285856 3.05176e-7 0.5095526 -0.03232818 -0.08399319 0.4839203 -0.03232818 -0.04849332 0.5194208 -0.03232818 3.05176e-7 0.5324139 -0.02285915 -0.1037906 0.4953509 -0.02285915 -0.05992335 0.5392181 -0.02285915 3.05176e-7 0.5552753 3.05176e-7 -0.1119906 0.5000848 9.15527e-7 -0.06465727 0.5474164 9.15527e-7 3.05176e-7 0.5647431 0.022861 -0.1037906 0.4953509 0.022861 -0.05992335 0.5392181 0.022861 3.05176e-7 0.5552728 0.03232997 -0.08399319 0.4839203 0.03232938 -0.04849332 0.5194208 0.03232938 3.05176e-7 0.5324139 0.022861 -0.06419587 0.4724872 0.02286159 -0.03706389 0.4996234 0.022861 3.05176e-7 0.5095526 3.05176e-7 -0.05599457 0.4677582 1.52588e-6 -0.03232878 0.4914227 9.15527e-7 3.05176e-7 0.5000848 0.05599635 -3.05176e-7 0.2523993 0.06419646 0.02285975 0.2571308 0.03706449 0.0228604 0.2842645 0.03232997 -3.0756e-7 0.2760638 9.15527e-7 0.02285915 0.2941961 9.15527e-7 -3.05176e-7 0.2847259 0.04849392 0.03232878 0.3040619 0.08399379 0.03232878 0.2685614 9.15527e-7 0.03232878 0.3170551 0.059924 0.02285975 0.3238592 0.1037912 0.0228604 0.2799921 9.15527e-7 0.02285975 0.3399164 0.06465911 -3.09944e-7 0.3320599 0.1119918 3.05176e-7 0.2847259 9.15527e-7 -3.05176e-7 0.3493841 0.059924 -0.0228604 0.3238592 0.1037912 -0.0228604 0.2799921 9.15527e-7 -0.0228604 0.3399164 0.04849392 -0.03232878 0.3040619 0.08399379 -0.03232938 0.2685614 9.15527e-7 -0.03232878 0.3170551 0.03706449 -0.0228604 0.2842645 0.06419646 -0.0228604 0.2571308 9.15527e-7 -0.0228604 0.2941937 0.03232997 -3.0756e-7 0.2760638 0.05599635 -3.05176e-7 0.2523993 9.15527e-7 -3.05176e-7 0.2847259 0.129208 3.05176e-7 0.2204706 0.1197671 0.02279448 0.2204706 0.1197671 0.02279382 0.1317377 0.09697234 0.03228968 0.1317377 0.09697234 0.03229033 0.220473 0.07408475 0.02288722 0.1317377 0.07408475 0.02288722 0.2204706 0.06454986 -9.15527e-7 0.1317377 0.06454986 3.05176e-7 0.2204706 0.129208 -9.15527e-7 0.1317377 0.1197677 -0.02279508 0.220473 0.1197671 -0.02279448 0.1317425 0.09697109 -0.03229093 0.2204706 0.09697109 -0.03229093 0.1317377 0.07408475 -0.02288788 0.2204706 0.07408475 -0.02288722 0.1317377 0.06454986 3.05176e-7 0.2204706 0.06454986 -9.15527e-7 0.1317377 0.05599576 3.05176e-7 0.09981137 0.06419646 0.022861 0.09507751 0.03232938 3.05176e-7 0.07614928 0.03706449 0.0228604 0.06794613 9.15527e-7 3.05176e-7 0.06748473 9.15527e-7 0.02285975 0.05801695 -0.03232818 3.0756e-7 0.07614928 -0.03706264 0.0228604 0.06794613 -0.05599516 3.05176e-7 0.09981137 -0.06419587 0.022861 0.09507751 0.08399379 0.03232938 0.08364927 0.04849392 0.03232938 0.04815119 9.15527e-7 0.03232938 0.03515559 -0.04849272 0.03232938 0.04815119 -0.0839926 0.03232938 0.08364927 0.1037912 0.0228604 0.07221859 0.059924 0.02285975 0.02835142 9.15527e-7 0.0228604 0.01229673 -0.05992275 0.02285975 0.02835142 -0.1037893 0.0228604 0.07221859 0.1119918 3.05176e-7 0.06748473 0.06465911 -9.20296e-7 0.02015316 9.15527e-7 -9.15527e-7 0.002826511 -0.06465727 -9.15527e-7 0.02015316 -0.11199 3.05176e-7 0.06748473 0.1037912 -0.02285975 0.07221859 0.059924 -0.0228604 0.02835142 9.15527e-7 -0.02285975 0.01229673 -0.05992275 -0.0228604 0.02835142 -0.1037893 -0.02285975 0.07221859 0.08399379 -0.03232878 0.08364683 0.04849392 -0.03232878 0.04815119 9.15527e-7 -0.03232878 0.03515315 -0.04849272 -0.03232878 0.04815119 -0.0839926 -0.03232878 0.08364683 0.06419646 -0.0228604 0.09507751 0.03706449 -0.02285975 0.06794613 9.15527e-7 -0.0228604 0.05801451 -0.03706264 -0.02285975 0.06794613 -0.06419521 -0.0228604 0.09507751 0.05599576 3.05176e-7 0.09981137 0.03232938 3.05176e-7 0.07614928 9.15527e-7 3.05176e-7 0.06748473 -0.03232818 3.0756e-7 0.07614928 -0.05599516 3.05176e-7 0.09981137 -0.1197653 -0.02279448 0.1317425 -0.129208 -9.15527e-7 0.1317377 -0.129208 3.05176e-7 0.2204706 -0.1197653 0.02279448 0.2204706 -0.1197653 0.02279448 0.1317377 -0.09697109 0.03229033 0.220473 -0.09697109 0.03229093 0.1317377 -0.0740835 0.02288722 0.2204706 -0.0740835 0.02288722 0.1317377 -0.06454861 3.05176e-7 0.2204706 -0.06454861 -3.05176e-7 0.1317377 -0.1197647 -0.02279508 0.220473 -0.09697109 -0.03229093 0.1317377 -0.09697109 -0.03229093 0.2204706 -0.0740835 -0.02288722 0.1317377 -0.0740835 -0.02288782 0.2204706 -0.06454861 -3.05176e-7 0.1317377 -0.06454861 3.05176e-7 0.2204706 -0.05599457 -3.05176e-7 0.2523993 -0.06419521 0.02285975 0.2571308 -0.03232818 -9.10759e-7 0.2760638 -0.03706264 0.0228604 0.2842645 9.15527e-7 -3.05176e-7 0.2847259 9.15527e-7 0.02285915 0.2941961 -0.0839926 0.03232878 0.2685614 -0.04849272 0.03232878 0.3040619 9.15527e-7 0.03232878 0.3170551 -0.1037893 0.0228604 0.2799921 -0.05992275 0.02285975 0.3238592 9.15527e-7 0.02285975 0.3399164 -0.11199 3.05176e-7 0.2847259 -0.06465667 -3.05176e-7 0.3320599 9.15527e-7 -3.05176e-7 0.3493841 -0.1037893 -0.02285975 0.2799921 -0.05992275 -0.0228604 0.3238592 9.15527e-7 -0.0228604 0.3399164 -0.0839926 -0.03232938 0.2685614 -0.04849272 -0.03232878 0.3040619 9.15527e-7 -0.03232878 0.3170551 -0.06419521 -0.0228604 0.2571308 -0.03706264 -0.0228604 0.2842645 9.15527e-7 -0.0228604 0.2941937 -0.05599457 -3.05176e-7 0.2523993 -0.03232818 -9.10759e-7 0.2760638 9.15527e-7 -3.05176e-7 0.2847259 9.15527e-7 -0.05599546 0.03524595 0.0228604 -0.06419587 0.03997737 0.022861 -0.03706347 0.06711119 9.15527e-7 -0.03232902 0.05891048 0.0228604 0 0.07704281 9.15527e-7 0 0.06757259 0.03232938 -0.04849344 0.08690851 0.03232938 -0.08399319 0.05140805 0.03232938 0 0.09990173 0.0228604 -0.05992352 0.1067059 0.022861 -0.1037906 0.06283873 0.0228604 0 0.122763 9.15527e-7 -0.06465804 0.1149042 9.15527e-7 -0.1119909 0.06757259 9.15527e-7 0 0.1322308 -0.02285975 -0.05992352 0.1067059 -0.02285975 -0.1037906 0.06283873 -0.02285975 0 0.1227606 -0.03232818 -0.04849344 0.08690851 -0.03232878 -0.08399319 0.05140805 -0.03232818 0 0.09990173 -0.02285975 -0.03706359 0.06711119 -0.02285975 -0.06419587 0.03997737 -0.02285975 0 0.07704037 9.15527e-7 -0.03232902 0.05891048 9.15527e-7 -0.05599546 0.03524595 9.15527e-7 0 0.06757259 9.15527e-7 -0.129208 0.003317236 0.02279508 -0.1197662 0.003314793 0.02279448 -0.1197662 -0.0854156 0.03229033 -0.09697109 -0.0854156 0.03229093 -0.09697109 0.00331968 0.02288782 -0.07408446 -0.0854156 0.02288782 -0.07408446 0.003317236 -3.05176e-7 -0.06454998 -0.0854156 9.15527e-7 -0.06454998 0.003317236 -3.05176e-7 -0.129208 -0.0854156 -0.02279388 -0.1197662 0.00331968 -0.02279388 -0.1197662 -0.08541315 -0.03229093 -0.09697109 0.003317236 -0.03229093 -0.09697109 -0.0854156 -0.02288722 -0.07408446 0.003317236 -0.02288663 -0.07408446 -0.0854156 9.15527e-7 -0.06454998 0.003317236 -3.05176e-7 -0.06454998 -0.0854156 9.15527e-7 -0.05599546 -0.1173419 0.022861 -0.06419587 -0.1220758 9.15527e-7 -0.03232902 -0.1410064 0.022861 -0.03706347 -0.1492071 9.15527e-7 0 -0.1496685 0.0228604 0 -0.1591363 9.15527e-7 0.03232902 -0.1410064 0.022861 0.03706347 -0.1492071 9.15527e-7 0.05599546 -0.1173419 0.022861 0.06419587 -0.1220758 0.03232997 -0.08399319 -0.133504 0.03232997 -0.04849344 -0.1690045 0.03232997 0 -0.1819977 0.03232997 0.04849344 -0.1690045 0.03232997 0.08399319 -0.133504 0.022861 -0.1037906 -0.1449347 0.0228604 -0.05992352 -0.1888018 0.022861 0 -0.2048565 0.0228604 0.05992352 -0.1888018 0.022861 0.1037906 -0.1449347 9.15527e-7 -0.1119909 -0.1496685 -3.05176e-7 -0.06465804 -0.1970025 -3.05176e-7 0 -0.2143267 -3.05176e-7 0.06465804 -0.1970025 9.15527e-7 0.1119909 -0.1496685 -0.02285915 -0.1037906 -0.1449347 -0.02285975 -0.05992352 -0.1888018 -0.02285915 0 -0.2048565 -0.02285975 0.05992352 -0.1888018 -0.02285915 0.1037906 -0.1449347 -0.03232818 -0.08399319 -0.1335064 -0.03232818 -0.04849344 -0.1690045 -0.03232818 0 -0.1820001 -0.03232818 0.04849344 -0.1690045 -0.03232818 0.08399319 -0.1335064 -0.02285975 -0.06419587 -0.1220758 -0.02285915 -0.03706359 -0.1492071 -0.02285975 0 -0.1591387 -0.02285915 0.03706359 -0.1492071 -0.02285975 0.06419587 -0.1220758 9.15527e-7 -0.05599546 -0.1173419 9.15527e-7 -0.03232902 -0.1410064 9.15527e-7 0 -0.1496685 9.15527e-7 0.03232902 -0.1410064 9.15527e-7 0.05599546 -0.1173419 -0.02279388 0.1197662 -0.08541315 -3.05176e-7 0.129208 -0.0854156 9.15527e-7 0.129208 0.003317236 0.02279508 0.1197662 0.003314793 0.02279508 0.1197662 -0.0854156 0.03229093 0.09697109 0.00331968 0.03229093 0.09697109 -0.0854156 0.02288782 0.07408446 0.003317236 0.02288782 0.07408446 -0.0854156 9.15527e-7 0.06454998 0.003317236 9.15527e-7 0.06454998 -0.0854156 -0.02279388 0.1197662 0.00331968 -0.03229093 0.09697109 -0.0854156 -0.03229093 0.09697109 0.003317236 -0.02288663 0.07408446 -0.0854156 -0.02288722 0.07408446 0.003317236 9.15527e-7 0.06454998 -0.0854156 9.15527e-7 0.06454998 0.003317236 9.15527e-7 0.05599546 0.03524595 0.0228604 0.06419587 0.03997737 -3.05176e-7 0.03232902 0.05891048 0.022861 0.03706347 0.06711119 9.15527e-7 0 0.06757259 0.0228604 0 0.07704281 0.03232938 0.08399319 0.05140805 0.03232938 0.04849344 0.08690851 0.03232938 0 0.09990173 0.022861 0.1037906 0.06283873 0.0228604 0.05992352 0.1067059 0.0228604 0 0.122763 9.15527e-7 0.1119909 0.06757259 9.15527e-7 0.06465804 0.1149042 9.15527e-7 0 0.1322308 -0.02285915 0.1037906 0.06283873 -0.02285975 0.05992352 0.1067059 -0.02285975 0 0.1227606 -0.03232878 0.08399319 0.05140805 -0.03232818 0.04849344 0.08690851 -0.03232818 0 0.09990173 -0.02285975 0.06419587 0.03997737 -0.02285975 0.03706359 0.06711119 -0.02285975 0 0.07704037 9.15527e-7 0.05599546 0.03524595 -3.05176e-7 0.03232902 0.05891048 9.15527e-7 0 0.06757259 0.05599635 -3.05176e-7 -0.1850225 0.06419646 0.02285975 -0.1802887 0.03706449 0.0228604 -0.1531549 0.03232997 -3.0756e-7 -0.161358 9.15527e-7 0.02285915 -0.1432232 9.15527e-7 -3.05176e-7 -0.1526935 0.04849392 0.03232878 -0.13336 0.08399379 0.03232878 -0.168858 9.15527e-7 0.03232878 -0.1203644 0.059924 0.02285975 -0.1135601 0.1037912 0.0228604 -0.1574273 9.15527e-7 0.02285975 -0.097503 0.06465911 -3.09944e-7 -0.1053619 0.1119918 3.05176e-7 -0.1526935 9.15527e-7 -3.05176e-7 -0.08803528 0.059924 -0.0228604 -0.1135601 0.1037912 -0.0228604 -0.1574273 9.15527e-7 -0.0228604 -0.09750545 0.04849392 -0.03232878 -0.1333575 0.08399379 -0.03232938 -0.168858 9.15527e-7 -0.03232878 -0.1203644 0.03706449 -0.0228604 -0.1531549 0.06419646 -0.0228604 -0.1802887 9.15527e-7 -0.0228604 -0.1432257 0.03232997 -3.0756e-7 -0.161358 0.05599635 -3.05176e-7 -0.1850225 9.15527e-7 -3.05176e-7 -0.1526935 0.129208 3.05176e-7 -0.2169488 0.1197671 0.02279448 -0.2169513 0.1197671 0.02279382 -0.3056818 0.09697234 0.03228968 -0.3056818 0.09697234 0.03229033 -0.2169464 0.07408475 0.02288722 -0.3056818 0.07408475 0.02288722 -0.2169488 0.06454986 -9.15527e-7 -0.3056818 0.06454986 3.05176e-7 -0.2169488 0.129208 -9.15527e-7 -0.3056818 0.1197677 -0.02279508 -0.2169464 0.1197671 -0.02279448 -0.3056793 0.09697109 -0.03229093 -0.2169488 0.09697109 -0.03229093 -0.3056818 0.07408475 -0.02288788 -0.2169488 0.07408475 -0.02288722 -0.3056818 0.06454986 3.05176e-7 -0.2169488 0.06454986 -9.15527e-7 -0.3056818 0.05599576 3.05176e-7 -0.337608 0.06419646 0.022861 -0.3423419 0.03232938 3.05176e-7 -0.3612726 0.03706449 0.0228604 -0.3694732 9.15527e-7 3.05176e-7 -0.3699347 9.15527e-7 0.02285975 -0.3794025 -0.03232818 3.0756e-7 -0.3612726 -0.03706264 0.0228604 -0.3694732 -0.05599516 3.05176e-7 -0.337608 -0.06419587 0.022861 -0.3423419 0.08399379 0.03232938 -0.3537701 0.04849392 0.03232938 -0.3892706 9.15527e-7 0.03232938 -0.4022638 -0.04849272 0.03232938 -0.3892706 -0.0839926 0.03232938 -0.3537701 0.1037912 0.0228604 -0.3652008 0.059924 0.02285975 -0.409068 9.15527e-7 0.0228604 -0.4251251 -0.05992275 0.02285975 -0.409068 -0.1037893 0.0228604 -0.3652008 0.1119918 3.05176e-7 -0.3699347 0.06465911 -9.20296e-7 -0.4172686 9.15527e-7 -9.15527e-7 -0.4345929 -0.06465727 -9.15527e-7 -0.4172686 -0.11199 3.05176e-7 -0.3699347 0.1037912 -0.02285975 -0.3652008 0.059924 -0.0228604 -0.409068 9.15527e-7 -0.02285975 -0.4251251 -0.05992275 -0.0228604 -0.409068 -0.1037893 -0.02285975 -0.3652008 0.08399379 -0.03232878 -0.3537726 0.04849392 -0.03232878 -0.3892706 9.15527e-7 -0.03232878 -0.4022662 -0.04849272 -0.03232878 -0.3892706 -0.0839926 -0.03232878 -0.3537726 0.06419646 -0.0228604 -0.3423419 0.03706449 -0.02285975 -0.3694732 9.15527e-7 -0.0228604 -0.3794049 -0.03706264 -0.02285975 -0.3694732 -0.06419521 -0.0228604 -0.3423419 0.05599576 3.05176e-7 -0.337608 0.03232938 3.05176e-7 -0.3612726 9.15527e-7 3.05176e-7 -0.3699347 -0.03232818 3.0756e-7 -0.3612726 -0.05599516 3.05176e-7 -0.337608 -0.1197653 -0.02279448 -0.3056793 -0.129208 -9.15527e-7 -0.3056818 -0.129208 3.05176e-7 -0.2169488 -0.1197653 0.02279448 -0.2169513 -0.1197653 0.02279448 -0.3056818 -0.09697109 0.03229033 -0.2169464 -0.09697109 0.03229093 -0.3056818 -0.0740835 0.02288722 -0.2169488 -0.0740835 0.02288722 -0.3056818 -0.06454861 3.05176e-7 -0.2169488 -0.06454861 -3.05176e-7 -0.3056818 -0.1197647 -0.02279508 -0.2169464 -0.09697109 -0.03229093 -0.3056818 -0.09697109 -0.03229093 -0.2169488 -0.0740835 -0.02288722 -0.3056818 -0.0740835 -0.02288782 -0.2169488 -0.06454861 -3.05176e-7 -0.3056818 -0.06454861 3.05176e-7 -0.2169488 -0.05599457 -3.05176e-7 -0.1850225 -0.06419521 0.02285975 -0.1802887 -0.03232818 -9.10759e-7 -0.161358 -0.03706264 0.0228604 -0.1531549 9.15527e-7 -3.05176e-7 -0.1526935 9.15527e-7 0.02285915 -0.1432232 -0.0839926 0.03232878 -0.168858 -0.04849272 0.03232878 -0.13336 9.15527e-7 0.03232878 -0.1203644 -0.1037893 0.0228604 -0.1574273 -0.05992275 0.02285975 -0.1135601 9.15527e-7 0.02285975 -0.097503 -0.11199 3.05176e-7 -0.1526935 -0.06465667 -3.05176e-7 -0.1053619 9.15527e-7 -3.05176e-7 -0.08803528 -0.1037893 -0.02285975 -0.1574273 -0.05992275 -0.0228604 -0.1135601 9.15527e-7 -0.0228604 -0.09750545 -0.0839926 -0.03232938 -0.168858 -0.04849272 -0.03232878 -0.1333575 9.15527e-7 -0.03232878 -0.1203644 -0.06419521 -0.0228604 -0.1802887 -0.03706264 -0.0228604 -0.1531549 9.15527e-7 -0.0228604 -0.1432257 -0.05599457 -3.05176e-7 -0.1850225 -0.03232818 -9.10759e-7 -0.161358 9.15527e-7 -3.05176e-7 -0.1526935 9.15527e-7 -0.05599546 -0.4027765 0.0228604 -0.06419587 -0.3980475 0.022861 -0.03706347 -0.3709137 9.15527e-7 -0.03232902 -0.3791119 0.0228604 0 -0.3609821 9.15527e-7 0 -0.3704522 0.03232938 -0.04849344 -0.3511163 0.03232938 -0.08399319 -0.3866168 0.03232938 0 -0.3381207 0.0228604 -0.05992352 -0.331319 0.022861 -0.1037906 -0.3751862 0.0228604 0 -0.3152619 9.15527e-7 -0.06465804 -0.3231183 9.15527e-7 -0.1119909 -0.3704522 9.15527e-7 0 -0.3057916 -0.02285975 -0.05992352 -0.331319 -0.02285975 -0.1037906 -0.3751862 -0.02285975 0 -0.3152619 -0.03232818 -0.04849344 -0.3511163 -0.03232878 -0.08399319 -0.3866168 -0.03232818 0 -0.3381207 -0.02285975 -0.03706359 -0.3709137 -0.02285975 -0.06419587 -0.3980475 -0.02285975 0 -0.3609821 9.15527e-7 -0.03232902 -0.3791119 9.15527e-7 -0.05599546 -0.4027765 9.15527e-7 0 -0.3704522 9.15527e-7 -0.129208 -0.4347077 0.02279508 -0.1197662 -0.4347077 0.02279448 -0.1197662 -0.5234405 0.03229033 -0.09697109 -0.5234405 0.03229093 -0.09697109 -0.4347028 0.02288782 -0.07408446 -0.5234405 0.02288782 -0.07408446 -0.4347077 -3.05176e-7 -0.06454998 -0.5234405 9.15527e-7 -0.06454998 -0.4347077 -3.05176e-7 -0.129208 -0.5234405 -0.02279388 -0.1197662 -0.4347028 -0.02279388 -0.1197662 -0.5234381 -0.03229093 -0.09697109 -0.4347077 -0.03229093 -0.09697109 -0.5234405 -0.02288722 -0.07408446 -0.4347077 -0.02288663 -0.07408446 -0.5234405 9.15527e-7 -0.06454998 -0.4347077 -3.05176e-7 -0.06454998 -0.5234405 9.15527e-7 -0.05599546 -0.5553644 0.022861 -0.06419587 -0.5601007 9.15527e-7 -0.03232902 -0.5790302 0.022861 -0.03706347 -0.5872308 9.15527e-7 0 -0.5876935 0.0228604 0 -0.5971625 9.15527e-7 0.03232902 -0.5790302 0.022861 0.03706347 -0.5872308 9.15527e-7 0.05599546 -0.5553644 0.022861 0.06419587 -0.5601007 0.03232997 -0.08399319 -0.5715265 0.03232997 -0.04849344 -0.6070282 0.03232997 0 -0.6200238 0.03232997 0.04849344 -0.6070282 0.03232997 0.08399319 -0.5715265 0.022861 -0.1037906 -0.5829584 0.0228604 -0.05992352 -0.6268256 0.022861 0 -0.6428815 0.0228604 0.05992352 -0.6268256 0.022861 0.1037906 -0.5829584 9.15527e-7 -0.1119909 -0.5876935 -3.05176e-7 -0.06465804 -0.6350262 -3.05176e-7 0 -0.6523504 -3.05176e-7 0.06465804 -0.6350262 9.15527e-7 0.1119909 -0.5876935 -0.02285915 -0.1037906 -0.5829584 -0.02285975 -0.05992352 -0.6268256 -0.02285915 0 -0.6428815 -0.02285975 0.05992352 -0.6268256 -0.02285915 0.1037906 -0.5829584 -0.03232818 -0.08399319 -0.5715314 -0.03232818 -0.04849344 -0.6070282 -0.03232818 0 -0.620025 -0.03232818 0.04849344 -0.6070282 -0.03232818 0.08399319 -0.5715314 -0.02285975 -0.06419587 -0.5601007 -0.02285915 -0.03706359 -0.5872308 -0.02285975 0 -0.5971625 -0.02285915 0.03706359 -0.5872308 -0.02285975 0.06419587 -0.5601007 9.15527e-7 -0.05599546 -0.5553644 9.15527e-7 -0.03232902 -0.5790302 9.15527e-7 0 -0.5876935 9.15527e-7 0.03232902 -0.5790302 9.15527e-7 0.05599546 -0.5553644 -0.02279388 0.1197662 -0.5234381 -3.05176e-7 0.129208 -0.5234405 9.15527e-7 0.129208 -0.4347077 0.02279508 0.1197662 -0.4347077 0.02279508 0.1197662 -0.5234405 0.03229093 0.09697109 -0.4347028 0.03229093 0.09697109 -0.5234405 0.02288782 0.07408446 -0.4347077 0.02288782 0.07408446 -0.5234405 9.15527e-7 0.06454998 -0.4347077 9.15527e-7 0.06454998 -0.5234405 -0.02279388 0.1197662 -0.4347028 -0.03229093 0.09697109 -0.5234405 -0.03229093 0.09697109 -0.4347077 -0.02288663 0.07408446 -0.5234405 -0.02288722 0.07408446 -0.4347077 9.15527e-7 0.06454998 -0.5234405 9.15527e-7 0.06454998 -0.4347077 9.15527e-7 0.05599546 -0.4027765 0.0228604 0.06419587 -0.3980475 -3.05176e-7 0.03232902 -0.3791119 0.022861 0.03706347 -0.3709137 9.15527e-7 0 -0.3704522 0.0228604 0 -0.3609821 0.03232938 0.08399319 -0.3866168 0.03232938 0.04849344 -0.3511163 0.03232938 0 -0.3381207 0.022861 0.1037906 -0.3751862 0.0228604 0.05992352 -0.331319 0.0228604 0 -0.3152619 9.15527e-7 0.1119909 -0.3704522 9.15527e-7 0.06465804 -0.3231183 9.15527e-7 0 -0.3057916 -0.02285915 0.1037906 -0.3751862 -0.02285975 0.05992352 -0.331319 -0.02285975 0 -0.3152619 -0.03232878 0.08399319 -0.3866168 -0.03232818 0.04849344 -0.3511163 -0.03232818 0 -0.3381207 -0.02285975 0.06419587 -0.3980475 -0.02285975 0.03706359 -0.3709137 -0.02285975 0 -0.3609821 9.15527e-7 0.05599546 -0.4027765 -3.05176e-7 0.03232902 -0.3791119 9.15527e-7 0 -0.3704522</float_array>
          <technique_common>
            <accessor source="#LanternPole_Chain-mesh-positions-array" count="756" stride="3">
              <param name="X" type="float"/>
              <param name="Y" type="float"/>
              <param name="Z" type="float"/>
            </accessor>
          </technique_common>
        </source>
        <source id="LanternPole_Chain-mesh-normals">
          <float_array id="LanternPole_Chain-mesh-normals-array" count="2268">-0.5571044 0.764951 0.3232409 -0.3222483 0.7646361 0.5581108 -0.5000035 -1.26958e-5 0.8660234 -0.86511 2.45869e-5 0.5015823 7.31275e-6 -5.78165e-6 1 -1.2933e-6 0.7646306 0.6444689 0.4999811 2.15471e-5 0.8660365 0.3222536 0.7646315 0.5581142 0.8651049 2.46167e-5 0.5015912 0.5571178 0.764935 0.323256 0.0955972 0.9939078 -0.05485177 0.05491757 0.9939517 -0.09510046 3.4402e-6 0.993955 -0.109788 -0.05489641 0.9939512 -0.09511804 -0.09559482 0.993908 -0.05485188 0.6562564 0.652041 -0.3796974 0.3790848 0.6520727 -0.6565789 -1.47479e-5 0.6520711 -0.7581578 -0.3790698 0.6521061 -0.6565545 -0.6562535 0.6520478 -0.3796907 0.8654677 3.37127e-6 -0.5009648 0.4999884 -1.73611e-5 -0.8660321 -1.29842e-6 -1.70376e-5 -1 -0.4999858 -4.34166e-6 -0.8660336 -0.8655204 3.22557e-6 -0.5008738 0.6562553 -0.6520441 -0.3796941 0.3790585 -0.6520999 -0.6565671 1.87511e-5 -0.652076 -0.7581537 -0.3790818 -0.652098 -0.6565555 -0.6562612 -0.6520385 -0.3796936 0.09556639 -0.9939115 -0.05483597 0.05489641 -0.9939528 -0.09510183 1.62755e-5 -0.9939482 -0.1098496 -0.05491864 -0.9939525 -0.09509193 -0.09568738 -0.9939098 -0.05465489 -0.5571197 -0.7649396 0.3232417 -0.3222545 -0.7646265 0.5581205 1.2978e-5 -0.764622 0.644479 0.3222333 -0.7646214 0.5581396 0.5571053 -0.7649494 0.3232432 -0.8651028 1.69575e-5 0.5015947 -0.4999822 1.38581e-5 0.8660357 -1.36867e-5 -2.02358e-5 1 0.4999986 2.49147e-5 0.8660263 0.865105 2.31564e-5 0.5015908 -0.7256073 -0.6836381 -0.07831442 -0.9944289 -8.57096e-6 -0.1054097 -1 -2.54342e-5 -6.9029e-7 -0.7078006 0.7064123 -2.35899e-6 -0.7256265 0.6836192 -0.07830137 -0.001952528 0.9999982 3.99203e-6 -0.04127866 0.9990928 -0.01047927 0.7057037 0.7085071 2.84835e-6 0.6854422 0.7260967 0.05433815 1 1.53482e-5 -1.722e-5 0.9969541 1.7643e-5 0.07799047 -0.7078098 -0.7064031 1.66939e-6 -0.04126304 -0.9990933 -0.01048308 -0.002471983 -0.999997 -2.84663e-6 0.6854425 -0.7260969 0.05433368 0.705367 -0.7088423 -2.50578e-6 0.9969541 2.58386e-5 0.07799106 1 1.31128e-6 -1.76643e-5 -0.685448 -0.7260917 0.05433231 -0.7058029 -0.7084084 -2.02519e-6 -1 -4.20213e-6 3.24758e-5 -0.9969534 1.46925e-5 0.078 0.04125624 -0.9990937 -0.01048129 0.002115547 -0.9999978 -4.01929e-6 0.7256191 -0.683628 -0.07829171 0.7078314 -0.7063815 -3.33401e-6 0.9944288 4.88013e-7 -0.1054103 1 -2.75176e-6 1.15721e-6 0.7256209 0.6836237 -0.07831388 0.7075879 0.7066254 9.73922e-6 0.04126226 0.9990935 -0.01047229 0.002111613 0.9999979 -4.4055e-6 -0.6854349 0.7261034 0.05434155 -0.705587 0.7086234 -1.67805e-6 -0.9969527 8.01682e-6 0.07800894 -1 1.7941e-5 -2.01378e-5 -0.76464 -0.3222209 -0.5581214 -0.7649324 -0.5571385 -0.3232266 -1.78814e-6 -0.8651087 -0.5015845 1.63913e-5 -0.4999808 -0.8660365 -0.76462 -5.81145e-7 -0.6444813 2.90945e-6 4.54634e-5 -1 -0.9939501 0.05490809 0.09512233 -0.9939138 0.09554421 0.05483371 -0.9939528 -1.49757e-6 0.1098085 -0.652077 0.37907 0.6565833 -0.6520359 0.6562581 0.3797034 -0.65209 -3.18885e-6 0.7581417 6.17035e-6 0.500007 0.8660214 -1.50301e-5 0.8656191 0.500703 3.03239e-5 -9.34303e-6 1 0.6520811 0.3790752 0.6565762 0.6520202 0.6562699 0.3797099 0.6520903 2.66135e-5 0.7581413 0.9939496 0.05492097 0.09512144 0.9939121 0.09567046 0.05464434 0.9939545 7.43754e-6 0.1097938 0.76463 -0.3222186 -0.5581364 0.7649173 -0.5571539 -0.3232353 0.7646208 2.78801e-5 -0.6444806 -7.7188e-6 -0.499991 -0.8660306 1.40071e-5 -0.8651027 -0.5015948 -3.51965e-5 5.81145e-6 -1 -1.94903e-5 0.9944295 0.1054039 -0.683645 0.7256051 0.07827395 -0.6836462 0.725601 -0.07830154 -0.9990933 0.04126936 -0.01046609 -0.9990925 0.04128789 0.01047551 -0.7261068 -0.6854322 0.05432975 -0.7261084 -0.6854301 -0.05433315 -7.77841e-6 -0.9969527 0.07800877 -5.30481e-6 -0.9969543 -0.07798945 -8.50426e-6 0.9944291 -0.1054073 0.6836264 0.7256179 0.07831722 0.6836315 0.7256159 -0.07829141 0.9990935 0.04126191 0.01047515 0.9990944 0.04123866 -0.01048243 0.7260723 -0.685468 -0.05433881 0.7260876 -0.6854521 0.05433571 -3.8743e-7 -0.9969522 -0.07801544 -1.31428e-5 -0.9969536 0.07799816 1.96993e-5 -0.865095 0.501608 -0.7649465 -0.5571068 0.3232473 -3.54648e-6 -0.5000327 0.8660067 -0.7646072 -0.3222603 0.5581436 1.3411e-6 7.46548e-6 1 -0.7646223 -4.47753e-6 0.6444788 -8.91089e-6 0.5000241 0.8660116 -0.7646073 0.3222705 0.5581375 -1.3411e-6 0.8651039 0.5015928 -0.7649348 0.5571225 0.323248 -0.9939079 0.09559732 -0.0548492 -0.9939506 0.05491042 -0.09511601 -0.9939523 -8.02169e-6 -0.1098127 -0.9939492 -0.05492305 -0.0951237 -0.9939067 -0.09560179 -0.05486232 -0.6520276 0.6562682 -0.3796999 -0.6520825 0.3790653 -0.6565806 -0.6520948 -9.24203e-7 -0.7581375 -0.6520897 -0.3790705 -0.6565704 -0.6520201 -0.6562672 -0.3797146 -2.59135e-6 0.8655313 -0.5008549 1.86304e-5 0.4999933 -0.8660293 1.60505e-5 4.06484e-7 -1 1.43116e-5 -0.4999954 -0.8660282 1.64227e-6 -0.8655276 -0.5008614 0.652025 0.6562668 -0.3797069 0.6521164 0.3790522 -0.6565545 0.6521084 1.10199e-6 -0.7581257 0.6521065 -0.3790603 -0.6565596 0.6520172 -0.6562718 -0.3797116 0.9939116 0.09556305 -0.0548408 0.9939512 0.05490326 -0.09511435 0.9939507 1.1096e-5 -0.1098271 0.9939516 -0.05491393 -0.0951032 0.9939116 -0.09567487 -0.05464565 0.7649427 -0.5571179 0.3232372 0.7646163 -0.322241 0.5581424 0.7646352 2.82224e-6 0.6444635 0.7646213 0.3222378 0.5581371 0.7649533 0.5571028 0.3232383 -3.33786e-6 -0.8650951 0.5016079 -7.7486e-7 -0.5000303 0.8660079 -1.93715e-5 -1.33924e-5 1 -7.62939e-6 0.5000233 0.866012 -1.54376e-5 0.8651132 0.5015767 0.6836219 -0.7256228 -0.07831215 1.44807e-5 -0.9944292 -0.1054068 -1.26776e-5 -0.9944299 0.1054003 -0.6836361 -0.725611 0.07829713 -0.6836188 -0.7256278 -0.07829171 -0.9990933 -0.0412653 0.01047676 -0.9990925 -0.04128473 -0.01047861 -0.7260938 0.6854457 -0.05433297 -0.7260948 0.6854445 0.05433475 3.96371e-6 0.996953 -0.07800513 -1.02818e-5 0.9969519 0.07801896 0.6836128 -0.7256314 0.07831126 0.9990941 -0.04124522 -0.01047796 0.9990929 -0.04127395 0.01048159 0.726105 0.6854342 0.05432826 0.7260954 0.6854438 -0.0543341 1.16229e-5 0.9969515 0.07802397 -5.75185e-6 0.9969536 -0.0779969 -1.99676e-5 0.8651017 -0.5015966 -0.7649382 0.5571379 -0.3232132 2.98321e-5 0.4999854 -0.8660339 -0.7646253 0.3222324 -0.5581349 -7.00355e-6 2.36742e-5 -1 -0.7646186 -1.58697e-5 -0.644483 -0.9939121 -0.09556365 0.05483239 -0.9939495 -0.05490493 0.0951305 -0.9939512 5.71087e-6 0.1098232 -0.6520239 -0.656261 0.379719 -0.652069 -0.3790729 0.6565896 -0.6520847 1.84774e-5 0.7581461 -5.17748e-6 -0.8656144 0.5007114 1.64276e-6 -0.5000052 0.8660225 1.50222e-5 2.34097e-5 1 0.6520162 -0.6562761 0.3797059 0.6520761 -0.3790761 0.6565806 0.6520822 2.42442e-5 0.7581484 0.9939129 -0.09555202 0.05483567 0.9939498 -0.05491077 0.09512442 0.9939504 7.15815e-6 0.1098296 0.7649421 0.5571311 -0.323216 0.7646318 0.3222321 -0.5581262 0.7646248 -1.12951e-5 -0.6444757 -5.90086e-6 0.8651177 -0.501569 2.29478e-6 0.4999852 -0.8660339 -2.28547e-6 3.43323e-5 -1 -0.3222497 0.7646116 -0.5581436 -0.5571196 0.764947 -0.3232244 -0.8651118 1.66893e-6 -0.5015794 -0.5000015 3.12924e-6 -0.8660247 2.16216e-5 0.7646236 -0.6444773 2.11448e-5 5.57862e-6 -1 0.05491292 0.9939497 0.09512472 0.09558486 0.993909 0.05485051 3.96557e-6 0.9939527 0.1098099 0.3790611 0.6521047 0.6565609 0.65626 0.6520389 0.379695 -5.81145e-6 0.6521023 0.758131 0.5000039 3.83901e-7 0.8660233 0.8655341 4.09051e-6 0.5008501 2.5928e-5 -7.27736e-6 1 0.3790653 -0.6521132 0.6565501 0.6562396 -0.6520625 0.3796895 1.47223e-5 -0.6521055 0.7581284 0.05491071 -0.9939506 0.09511679 0.09566271 -0.9939129 0.05464249 -7.93301e-6 -0.9939506 0.109829 -0.3222401 -0.7646217 -0.5581353 -0.5571312 -0.7649352 -0.3232321 -2.22474e-5 -0.7646232 -0.6444777 -0.4999809 1.5229e-5 -0.8660364 -0.8651164 8.91089e-6 -0.5015712 -1.46069e-5 -1.19507e-5 -1 0.9944302 7.76316e-6 0.1053975 0.7256268 0.6836207 0.07828474 0.7256249 0.6836196 -0.07831281 0.0412606 0.9990935 -0.01047158 0.04127484 0.999093 0.01047563 -0.6854366 0.7261022 0.05433547 -0.6854329 0.7261062 -0.05432856 -0.9969536 7.06315e-6 0.07799857 -0.996952 6.88434e-6 -0.07801717 0.9944286 1.02364e-6 -0.1054124 0.7256157 -0.6836293 0.07831287 0.7256174 -0.683631 -0.07828229 0.04127478 -0.999093 0.01047474 0.04120582 -0.9990959 -0.01046782 -0.6854535 -0.7260871 -0.05432349 -0.6854475 -0.7260925 0.05432695 -0.9969522 6.55651e-7 -0.0780155 -0.9969537 -2.82824e-5 0.07799637 -0.8651043 -4.82798e-6 0.5015922 -0.5570954 0.7649608 0.3232336 -0.4999989 1.44839e-5 0.8660261 -0.3222404 0.7646211 0.558136 1.15782e-5 -2.35438e-6 1 3.25664e-6 0.764629 0.6444708 0.4999756 -9.53674e-7 0.8660396 0.322217 0.7646205 0.5581504 0.8650978 1.97887e-5 0.5016033 0.5571223 0.7649335 0.3232519 0.09560358 0.993907 -0.05485326 0.0548954 0.9939534 -0.09509557 -1.07931e-5 0.9939491 -0.1098422 -0.05490595 0.9939531 -0.0950936 -0.09559726 0.9939073 -0.05485916 0.6562646 0.6520259 -0.3797092 0.3790749 0.6520712 -0.6565862 5.82889e-6 0.6520605 -0.758167 -0.3790612 0.6520706 -0.6565948 -0.6562644 0.6520265 -0.3797087 0.8655306 -3.67925e-6 -0.5008561 0.500007 -6.4018e-6 -0.8660213 -8.97662e-7 -1.70725e-5 -1 -0.5000048 -1.50617e-5 -0.8660227 -0.8655239 -1.09384e-6 -0.5008677 0.6562716 -0.6520215 -0.3797045 0.3790794 -0.652055 -0.6565997 -4.66836e-6 -0.6520635 -0.7581644 -0.3790642 -0.6520875 -0.6565762 -0.656274 -0.6520225 -0.3796988 0.09556651 -0.9939112 -0.05484354 0.05487227 -0.9939563 -0.09507846 2.06842e-5 -0.9939502 -0.1098317 -0.05490219 -0.9939563 -0.09506195 -0.09569013 -0.9939094 -0.05465894 -0.5571215 -0.764939 0.3232396 -0.3222381 -0.7646197 0.5581392 4.4555e-6 -0.7646401 0.6444576 0.3222297 -0.7646188 0.5581454 0.5570954 -0.7649591 0.3232375 -0.8651131 -2.08318e-5 0.5015769 -0.4999921 -2.20239e-5 0.86603 -5.28991e-7 -1.2517e-5 1 0.499994 -2.14577e-6 0.8660289 0.8650994 1.0252e-5 0.5016004 -0.7256101 -0.683636 -0.07830572 -0.9944289 2.05822e-7 -0.1054102 -0.99443 2.9235e-6 0.1053988 -0.7256093 0.683636 0.07831323 -0.7256227 0.6836237 -0.07829678 -0.04126197 0.9990934 0.01047754 -0.04127722 0.9990928 -0.01047873 0.6854278 0.726108 -0.05436933 0.6854388 0.7261004 0.05433315 0.9969516 1.38283e-5 -0.07802212 0.9969522 1.06692e-5 0.07801574 -0.7256186 -0.6836264 0.07831186 -0.04126399 -0.9990934 -0.01048499 -0.04127788 -0.9990928 0.01047867 0.6854393 -0.7261002 0.05432796 0.6854417 -0.7260977 -0.05433034 0.9969544 -1.82688e-5 0.07798665 0.9969522 -6.85453e-7 -0.0780158 0.8651092 9.0301e-6 -0.5015838 0.5571227 0.7649405 -0.3232346 0.5000042 -2.61366e-5 -0.8660231 0.3222368 0.7646223 -0.5581364 2.57455e-5 1.60038e-5 -1 1.05798e-6 0.7646091 -0.6444943 -0.09554618 0.9939138 0.05482941 -0.05490708 0.9939498 0.09512585 -3.0417e-6 0.9939523 0.1098136 -0.6562629 0.6520316 0.3797025 -0.379069 0.6520972 0.6565638 -1.47969e-5 0.6521123 0.7581225 -0.8655293 -9.98116e-7 0.5008583 -0.499998 -3.7938e-6 0.8660265 -2.68817e-5 8.27201e-6 1 -0.656268 -0.6520204 0.3797129 -0.3790692 -0.652101 0.6565598 1.04755e-5 -0.65211 0.7581244 -0.09556043 -0.993912 0.05483913 -0.05490994 -0.9939509 0.09511375 0 -0.9939527 0.1098091 0.5571169 -0.7649521 -0.3232169 0.3222253 -0.7646248 -0.5581396 -2.09063e-5 -0.7646274 -0.6444726 0.8651082 2.30372e-5 -0.5015856 0.4999806 3.8743e-7 -0.8660366 3.31998e-5 6.61053e-6 -1 0.7646163 0.3222426 -0.5581412 0.7649506 0.5571122 -0.3232287 1.61529e-5 0.8651022 -0.5015957 1.00136e-5 0.4999997 -0.8660256 0.7646161 1.54674e-5 -0.6444861 4.50704e-5 5.58794e-6 -1 0.9939495 -0.05491381 0.09512609 0.993909 -0.09558594 0.05484926 0.9939526 4.12203e-6 0.1098105 0.6520763 -0.3790673 0.6565855 0.6520314 -0.6562628 0.3797028 0.6520766 1.38581e-6 0.7581531 4.05332e-6 -0.5000033 0.8660235 9.08909e-6 -0.8655294 0.5008583 -2.44025e-5 9.59635e-6 1 -0.6520728 -0.3790678 0.6565887 -0.6520184 -0.6562761 0.3797022 -0.6520858 -2.68966e-5 0.7581453 -0.9939504 -0.05491113 0.09511852 -0.9939126 -0.09566706 0.05464226 -0.9939546 -2.55182e-6 0.1097924 -0.7646198 0.3222396 -0.5581382 -0.7649337 0.5571321 -0.3232339 -0.7646319 2.65241e-5 -0.6444672 2.3067e-5 0.4999791 -0.8660376 1.49906e-5 0.8651093 -0.5015835 3.79682e-5 -1.05575e-5 -1 5.82252e-6 -0.9944298 0.1054013 0.6836265 -0.7256214 0.07828444 0.6836245 -0.7256199 -0.07831549 0.9990941 -0.04124832 -0.01047456 0.9990933 -0.04126751 0.01047503 0.7260895 0.6854501 0.0543344 0.7260966 0.6854428 -0.05433088 -8.52346e-6 0.996953 0.07800579 1.63913e-6 0.9969515 -0.07802438 -5.4189e-6 -0.994429 -0.105409 -0.6836227 -0.7256213 0.07831823 -0.6836248 -0.7256224 -0.07829046 -0.9990938 -0.04125547 0.01046317 -0.9990933 -0.04126542 -0.01048254 -0.7260772 0.6854594 -0.0543822 -0.7260867 0.6854535 0.05432939 1.11461e-5 0.9969535 -0.0779981 -1.42157e-5 0.9969532 0.07800209 -1.36495e-5 0.865099 0.5016013 0.7649452 0.5571006 0.3232612 -3.78489e-6 0.4999674 0.8660442 0.7646113 0.3222094 0.5581672 -3.48091e-5 8.31112e-6 1 0.764593 0 0.6445134 -5.60284e-6 -0.4999542 0.8660518 0.7646135 -0.3222064 0.558166 -2.563e-6 -0.8650979 0.5016031 0.7649578 -0.5570899 0.3232499 0.9939081 -0.09559851 -0.05484354 0.993955 -0.05491054 -0.09507089 0.9939557 3.52941e-6 -0.1097819 0.993955 0.05490005 -0.09507703 0.9939084 0.09559011 -0.05485165 0.6520224 -0.6562681 -0.3797092 0.6520867 -0.3790627 -0.6565778 0.6521058 1.52417e-7 -0.758128 0.65209 0.3790696 -0.6565706 0.6520291 0.6562643 -0.3797044 -4.33589e-7 -0.8655314 -0.5008547 -8.10706e-6 -0.4999952 -0.8660283 -1.6728e-5 1.38318e-6 -1 -1.38486e-5 0.499995 -0.8660284 -2.75694e-6 0.8655291 -0.5008587 -0.6520188 -0.6562783 -0.3796978 -0.6521125 -0.3790546 -0.6565569 -0.652109 -1.49517e-7 -0.7581252 -0.6521073 0.3790619 -0.6565579 -0.652018 0.6562759 -0.3797031 -0.9939057 -0.0956096 -0.05486637 -0.993952 -0.0548982 -0.0951088 -0.993951 -1.27607e-5 -0.1098253 -0.9939522 0.05491518 -0.09509742 -0.99391 0.09568512 -0.05465632 -0.76497 0.5570845 0.3232305 -0.7646419 0.3222286 0.5581142 -0.764636 -8.64091e-6 0.6444624 -0.764645 -0.3222185 0.5581158 -0.7649543 -0.5571025 0.3232365 8.46386e-6 0.8650978 0.5016033 -7.689e-6 0.499966 0.8660451 -2.37525e-5 1.17272e-5 1 4.47035e-6 -0.499969 0.8660434 1.77026e-5 -0.8650954 0.5016074 -0.6836296 0.725616 -0.07830744 -9.07155e-6 0.9944295 -0.105404 1.41321e-5 0.9944304 0.1053961 0.6836324 0.7256138 0.07830232 0.6836192 0.725627 -0.07829767 0.9990941 0.04124879 0.01047593 0.9990935 0.04126149 -0.01047408 0.7261031 -0.6854364 -0.05432516 0.7260923 -0.685447 0.05433768 4.91738e-6 -0.9969538 -0.07799506 1.11759e-5 -0.9969537 0.07799619 -0.6836159 0.7256298 0.07829964 -0.9990938 0.04125154 -0.01047962 -0.9990931 0.04127115 0.01047289 -0.726076 -0.6854642 0.0543375 -0.7260759 -0.6854649 -0.05433136 3.8445e-6 -0.996953 0.07800447 1.68383e-5 -0.9969515 -0.07802456 2.6226e-6 -0.865108 -0.5015856 0.7649387 -0.5571286 -0.3232285 1.73748e-5 -0.4999735 -0.8660407 0.7646212 -0.3222518 -0.5581294 4.53889e-5 2.65576e-5 -1 0.7646165 6.52671e-6 -0.6444855 0.9939083 0.09558981 0.05485427 0.9939557 0.05488169 0.09507972 0.9939517 -7.07991e-6 0.1098183 0.6520293 0.6562636 0.379705 0.6520757 0.3790684 0.6565855 0.6520878 -1.94013e-5 0.7581434 1.19895e-5 0.8655269 0.5008626 7.75096e-6 0.5000104 0.8660194 -3.49544e-5 -2.43187e-5 1 -0.6520159 0.6562811 0.3796979 -0.6520762 0.3790767 0.6565802 -0.6520783 -2.31862e-5 0.7581517 -0.9939066 0.09560912 0.05485153 -0.9939507 0.05490738 0.09511756 -0.9939568 6.71297e-6 0.1097727 -0.7649456 -0.5571228 -0.3232219 -0.7646238 -0.3222268 -0.5581402 -0.7646258 1.80304e-5 -0.6444746 -4.73857e-6 -0.8651069 -0.5015875 3.30806e-6 -0.4999779 -0.8660382 1.98949e-5 4.21256e-5 -1 -0.3222612 0.7645916 -0.5581644 -0.5571358 0.7649248 -0.3232492 -0.865113 2.38419e-6 -0.501577 -0.5000227 1.28746e-5 -0.8660123 2.43783e-5 0.7645773 -0.6445322 -2.06977e-5 7.41836e-5 -1 0.05489718 0.9939538 0.09509021 0.09558761 0.9939087 0.05485016 1.05798e-6 0.9939524 0.1098119 0.3790451 0.6521294 0.6565456 0.6562614 0.6520354 0.3796986 -3.99351e-6 0.6521206 0.7581154 0.500007 -5.89655e-6 0.8660215 0.8655312 3.04109e-5 0.500855 -9.22382e-6 -5.87534e-5 1 0.3790696 -0.6520807 0.6565798 0.6562712 -0.6520193 0.3797091 2.03401e-5 -0.6521192 0.7581164 0.0549184 -0.9939506 0.09511232 0.09566283 -0.9939129 0.05464261 3.35276e-6 -0.9939545 0.1097934 -0.3222281 -0.764639 -0.5581185 -0.5571145 -0.7649486 -0.3232291 -2.2769e-5 -0.7646233 -0.6444775 -0.5000197 3.07262e-5 -0.8660141 -0.865121 1.39773e-5 -0.5015633 2.9169e-5 7.24494e-5 -1 0.9944298 1.30808e-5 0.1054013 0.7256293 0.6836186 0.07828027 0.7256249 0.6836196 -0.07831281 0.04126054 0.9990936 -0.01047164 0.04127657 0.9990928 0.01047891 -0.6854314 0.7261071 0.05433589 -0.685433 0.7261061 -0.05432856 -0.9969535 7.24196e-6 0.07799857 -0.9969516 1.31428e-5 -0.07802206 0.9944291 -9.86061e-6 -0.1054085 0.725618 -0.6836268 0.07831448 0.7256183 -0.6836292 -0.07828921 0.04122316 -0.9990953 0.01046037 0.04125481 -0.9990938 -0.01048159 -0.6854519 -0.7260885 -0.05432569 -0.6854474 -0.7260926 0.05432695 -0.9969541 -5.1558e-6 -0.07799053 -0.9969537 -2.83122e-5 0.07799625 -0.8651177 -9.89437e-6 0.5015691 -0.5571027 0.7649565 0.3232311 -0.4999705 -3.86834e-5 0.8660426 -0.3222237 0.7646473 0.5581097 -9.97633e-6 -7.57873e-5 1 -3.33891e-7 0.7646256 0.6444749 0.499978 -4.9144e-5 0.8660383 0.3222067 0.7646446 0.5581234 0.8651037 1.46031e-6 0.5015931 0.5571226 0.7649348 0.3232479 0.09555244 0.9939132 -0.05482953 0.0549128 0.9939492 -0.09512937 8.45606e-7 0.9939519 -0.1098166 -0.05492919 0.9939491 -0.09512114 -0.09559446 0.9939076 -0.05485957 0.6562669 0.6520246 -0.3797073 0.3790816 0.6520516 -0.6566019 -6.2164e-6 0.6520792 -0.758151 -0.3790766 0.6520873 -0.6565694 -0.6562654 0.6520292 -0.3797022 0.8655336 -4.60102e-7 -0.500851 0.5000038 -1.27082e-5 -0.8660234 -9.42777e-7 -1.70547e-5 -1 -0.5000016 -8.77322e-6 -0.8660245 -0.8654986 1.0134e-5 -0.5009115 0.6562704 -0.6520252 -0.3797004 0.3790751 -0.6520716 -0.6565856 8.21272e-6 -0.6520822 -0.7581483 -0.3790901 -0.6520679 -0.6565807 -0.6562757 -0.6520206 -0.379699 0.09556818 -0.9939113 -0.05483621 0.05490022 -0.9939524 -0.09510332 8.49834e-6 -0.9939531 -0.1098061 -0.05491614 -0.9939521 -0.09509783 -0.09568881 -0.9939098 -0.05465513 -0.5571219 -0.7649404 0.3232357 -0.3222317 -0.7646437 0.5581101 8.10322e-6 -0.7646367 0.6444616 0.3222362 -0.7646121 0.5581507 0.5571027 -0.7649549 0.3232347 -0.8651191 -2.38419e-6 0.5015665 -0.499965 -1.61529e-5 0.8660456 -1.33589e-5 -6.7085e-5 1 0.4999654 -3.43621e-5 0.8660454 0.8651129 1.52588e-5 0.5015774 -0.7256091 -0.6836364 -0.07831209 -0.9944291 -1.18068e-5 -0.1054081 -0.9944298 6.98781e-6 0.105401 -0.7256106 0.6836354 0.07830697 -0.725627 0.6836189 -0.07830005 -0.04126471 0.9990934 0.01048004 -0.04127717 0.9990928 -0.01047873 0.6854363 0.7260999 -0.05437093 0.6854385 0.7261006 0.05433315 0.9969536 2.0206e-5 -0.07799798 0.9969521 1.08182e-5 0.0780158 -0.7256205 -0.6836241 0.07831346 -0.04126119 -0.9990934 -0.01048243 -0.04127782 -0.9990928 0.01047867 0.6854446 -0.7260953 0.0543276 0.6854365 -0.7261026 -0.0543307 0.9969517 -1.33216e-5 0.078022 0.9969518 -6.91414e-6 -0.07802087 0.8651137 4.11272e-6 -0.501576 0.5571349 0.764921 -0.3232592 0.5000134 4.36008e-5 -0.8660177 0.3222721 0.7645959 -0.5581521 7.41705e-6 8.59499e-5 -1 0 0.7645707 -0.6445398 -0.0955522 0.9939135 0.05482566 -0.05489736 0.9939541 0.09508776 1.20141e-6 0.9939516 0.1098194 -0.6562641 0.6520335 0.3796973 -0.3790491 0.6521204 0.6565521 2.46614e-5 0.652113 0.7581217 -0.8655257 2.1025e-5 0.5008646 -0.5000067 -2.55165e-6 0.8660215 2.31713e-5 -6.99609e-5 1 -0.6562702 -0.6520177 0.3797138 -0.3790616 -0.652118 0.6565474 -2.36332e-5 -0.6521185 0.758117 -0.09556502 -0.993912 0.05483138 -0.05490738 -0.9939506 0.09511798 8.08761e-6 -0.9939509 0.1098262 0.5571007 -0.7649641 -0.3232167 0.322209 -0.7646478 -0.5581175 -8.50856e-6 -0.7646269 -0.6444732 0.8651097 -1.99676e-5 -0.5015828 0.5000018 3.3319e-5 -0.8660245 -2.13087e-6 5.83604e-5 -1 0.7646273 0.3222432 -0.5581257 0.764939 0.5571336 -0.3232194 1.54376e-5 0.8651009 -0.501598 -1.93715e-6 0.5000086 -0.8660206 0.7646192 -5.84125e-6 -0.6444824 1.69519e-5 -1.06543e-5 -1 0.9939557 -0.05489152 0.09507411 0.993909 -0.09557992 0.05485773 0.9939546 -8.75629e-6 0.109792 0.6521081 -0.3790745 0.6565498 0.6520351 -0.6562579 0.379705 0.6521049 -2.563e-6 0.7581288 5.67377e-6 -0.5000092 0.8660202 1.04535e-5 -0.8655323 0.5008532 -7.47479e-6 1.35452e-5 1 -0.6521041 -0.3790881 0.6565458 -0.652018 -0.6562725 0.3797092 -0.6520972 1.92374e-5 0.7581356 -0.9939512 -0.05491006 0.0951116 -0.9939126 -0.09566599 0.05464303 -0.9939536 -2.71574e-6 0.109801 -0.7646033 0.3222693 -0.5581436 -0.7649205 0.557156 -0.3232243 -0.7646395 -6.22869e-6 -0.6444583 9.0301e-6 0.4999998 -0.8660255 1.09077e-5 0.865105 -0.5015907 -1.54674e-5 1.00695e-5 -1 1.67658e-5 -0.9944304 0.1053954 0.6836318 -0.7256165 0.07828444 0.6836342 -0.7256113 -0.07831138 0.999094 -0.04124975 -0.01047462 0.9990932 -0.04127067 0.01047575 0.7260912 0.6854482 0.05433672 0.7261003 0.6854391 -0.05432999 -6.94394e-6 0.9969521 0.07801645 -4.58956e-6 0.9969519 -0.07801961 -8.79913e-6 -0.9944289 -0.1054099 -0.6836184 -0.7256243 0.07832777 -0.6836273 -0.72562 -0.07828956 -0.9990941 -0.04125291 0.01045924 -0.9990933 -0.04126578 -0.01048314 -0.7260757 0.6854612 -0.05437994 -0.7260916 0.6854482 0.05432975 1.70767e-5 0.9969516 -0.07802289 -2.01762e-5 0.9969528 0.07800668 2.0057e-5 0.8651102 0.501582 0.764949 0.5570921 0.3232669 7.89762e-6 0.4999827 0.8660355 0.7646074 0.322255 0.5581461 1.18613e-5 -1.75945e-5 1 0.7646126 1.70689e-6 0.6444903 0 -0.499989 0.8660318 0.7646114 -0.3222352 0.5581522 -1.78814e-5 -0.865099 0.5016014 0.7649328 -0.5571106 0.3232734 0.9939096 -0.09558385 -0.05484074 0.9939496 -0.05491292 -0.09512585 0.9939534 -1.16191e-5 -0.1098028 0.9939495 0.05494254 -0.09510982 0.9939101 0.09557825 -0.05484193 0.652033 -0.6562587 -0.3797072 0.6520882 -0.3790665 -0.6565741 0.6520827 5.88089e-6 -0.758148 0.652089 0.3790729 -0.6565697 0.6520402 0.6562541 -0.3797028 -2.23791e-6 -0.8654966 -0.5009149 -1.02975e-5 -0.4999947 -0.8660284 -1.66599e-5 1.38879e-6 -1 -1.11726e-5 0.4999945 -0.8660287 -4.87589e-6 0.8654649 -0.5009696 -0.6520246 -0.6562648 -0.3797113 -0.6521096 -0.3790573 -0.6565582 -0.6520908 -4.62403e-6 -0.7581409 -0.6521102 0.3790643 -0.6565536 -0.652024 0.6562662 -0.3797096 -0.9939109 -0.09556347 -0.05485218 -0.9939525 -0.05489581 -0.09510475 -0.9939496 -1.44018e-5 -0.1098375 -0.9939526 0.05491632 -0.09509235 -0.9939091 0.0956918 -0.0546621 -0.7649509 0.5570974 0.3232534 -0.7646452 0.3222276 0.5581104 -0.7646318 -6.97994e-6 0.6444674 -0.764641 -0.3222186 0.5581213 -0.7649649 -0.5570877 0.3232367 -1.88351e-5 0.865099 0.5016015 2.29478e-6 0.4999851 0.866034 3.24845e-6 -1.26809e-5 1 -7.86781e-6 -0.4999842 0.8660345 -1.59442e-5 -0.8651065 0.5015883 -0.6836316 0.7256141 -0.0783075 -9.67504e-6 0.9944295 -0.1054049 1.56615e-5 0.994431 0.1053901 0.6836321 0.7256136 0.07830798 0.6836265 0.7256205 -0.07829362 0.999094 0.04125177 0.01047611 0.9990935 0.04126256 -0.01047408 0.7261037 -0.6854362 -0.05432051 0.7260965 -0.6854423 0.0543394 -1.04308e-6 -0.9969518 -0.07801967 1.73748e-5 -0.9969534 0.07800108 -0.6836118 0.7256328 0.0783081 -0.999094 0.04125124 -0.0104795 -0.9990932 0.04126989 0.01046824 -0.7260824 -0.6854572 0.05434012 -0.7260759 -0.6854649 -0.0543313 1.72853e-6 -0.9969523 0.07801467 2.30074e-5 -0.9969519 -0.07801961 6.13928e-6 -0.8651038 -0.5015931 0.7649258 -0.5571531 -0.3232169 -9.62615e-6 -0.4999943 -0.8660287 0.7646038 -0.3222743 -0.55814 -2.60472e-5 8.34465e-6 -1 0.7646261 2.48849e-6 -0.6444743 0.9939144 0.09554183 0.05482691 0.993956 0.05488437 0.09507411 0.9939533 3.31737e-6 0.1098047 0.6520286 0.6562666 0.379701 0.6521037 0.379068 0.656558 0.6520975 -1.78516e-5 0.7581352 9.0299e-6 0.8655297 0.5008575 1.18274e-5 0.5000103 0.8660196 -1.08778e-6 -1.3724e-5 1 -0.6520205 0.6562664 0.3797153 -0.6521061 0.3790714 0.6565536 -0.6521047 1.2666e-6 0.758129 -0.9939125 0.09555786 0.05483257 -0.9939512 0.05490684 0.09511232 -0.9939557 6.85267e-6 0.1097827 -0.7649011 -0.5571772 -0.3232337 -0.7646286 -0.3222442 -0.5581236 -0.7646389 1.23978e-5 -0.644459 -3.30806e-6 -0.8651056 -0.5015898 -7.15256e-7 -0.5000026 -0.8660239 -5.30668e-6 7.59959e-6 -1</float_array>
          <technique_common>
            <accessor source="#LanternPole_Chain-mesh-normals-array" count="756" stride="3">
              <param name="X" type="float"/>
              <param name="Y" type="float"/>
              <param name="Z" type="float"/>
            </accessor>
          </technique_common>
        </source>
        <source id="LanternPole_Chain-mesh-map-0">
          <float_array id="LanternPole_Chain-mesh-map-0-array" count="7488">0.4251489 0.1081615 0.4179413 0.1084469 0.4176576 0.104611 0.4246994 0.1042962 0.4251489 0.1081615 0.4176576 0.104611 0.4176576 0.104611 0.4179413 0.1084469 0.4105628 0.104868 0.4179413 0.1084469 0.4107003 0.1086904 0.4105628 0.104868 0.4105628 0.104868 0.4107003 0.1086904 0.403543 0.1051037 0.4107003 0.1086904 0.403498 0.1089188 0.403543 0.1051037 0.403543 0.1051037 0.403498 0.1089188 0.396739 0.1051964 0.403498 0.1089188 0.3963758 0.1090546 0.396739 0.1051964 0.4251489 0.1081615 0.425542 0.1119228 0.4179413 0.1084469 0.425542 0.1119228 0.4180911 0.1121281 0.4179413 0.1084469 0.4179413 0.1084469 0.4180911 0.1121281 0.4107003 0.1086904 0.4180911 0.1121281 0.410701 0.1123523 0.4107003 0.1086904 0.4107003 0.1086904 0.410701 0.1123523 0.403498 0.1089188 0.410701 0.1123523 0.403342 0.1125767 0.403498 0.1089188 0.403498 0.1089188 0.403342 0.1125767 0.3963758 0.1090546 0.403342 0.1125767 0.3959683 0.1127021 0.3963758 0.1090546 0.425542 0.1119228 0.4258311 0.1156255 0.4180911 0.1121281 0.4258311 0.1156255 0.4182008 0.1157766 0.4180911 0.1121281 0.4180911 0.1121281 0.4182008 0.1157766 0.410701 0.1123523 0.4182008 0.1157766 0.4107151 0.1159967 0.410701 0.1123523 0.410701 0.1123523 0.4107151 0.1159967 0.403342 0.1125767 0.4107151 0.1159967 0.4032479 0.1162215 0.403342 0.1125767 0.403342 0.1125767 0.4032479 0.1162215 0.3959683 0.1127021 0.4032479 0.1162215 0.3956726 0.1162935 0.3959683 0.1127021 0.4258311 0.1156255 0.4260056 0.1194078 0.4182008 0.1157766 0.4260056 0.1194078 0.4183299 0.1195268 0.4182008 0.1157766 0.4182008 0.1157766 0.4183299 0.1195268 0.4107151 0.1159967 0.4183299 0.1195268 0.410818 0.1197504 0.4107151 0.1159967 0.4107151 0.1159967 0.410818 0.1197504 0.4032479 0.1162215 0.410818 0.1197504 0.4033061 0.1199741 0.4032479 0.1162215 0.4032479 0.1162215 0.4033061 0.1199741 0.3956726 0.1162935 0.4033061 0.1199741 0.3956303 0.1200931 0.3956726 0.1162935 0.4260056 0.1194078 0.4259634 0.1232074 0.4183299 0.1195268 0.4259634 0.1232074 0.4183879 0.1232794 0.4183299 0.1195268 0.4183299 0.1195268 0.4183879 0.1232794 0.410818 0.1197504 0.4183879 0.1232794 0.4109209 0.1235038 0.410818 0.1197504 0.410818 0.1197504 0.4109209 0.1235038 0.4033061 0.1199741 0.4109209 0.1235038 0.4034352 0.1237242 0.4033061 0.1199741 0.4033061 0.1199741 0.4034352 0.1237242 0.3956303 0.1200931 0.4034352 0.1237242 0.395805 0.1238755 0.3956303 0.1200931 0.4259634 0.1232074 0.4256673 0.1267986 0.4183879 0.1232794 0.4256673 0.1267986 0.4182941 0.126924 0.4183879 0.1232794 0.4183879 0.1232794 0.4182941 0.126924 0.4109209 0.1235038 0.4182941 0.126924 0.4109351 0.1271482 0.4109209 0.1235038 0.4109209 0.1235038 0.4109351 0.1271482 0.4034352 0.1237242 0.4109351 0.1271482 0.403545 0.1273727 0.4034352 0.1237242 0.4034352 0.1237242 0.403545 0.1273727 0.395805 0.1238755 0.403545 0.1273727 0.3960948 0.127578 0.395805 0.1238755 0.4256673 0.1267986 0.4252601 0.1304462 0.4182941 0.126924 0.4252601 0.1304462 0.4181382 0.1305819 0.4182941 0.126924 0.4182941 0.126924 0.4181382 0.1305819 0.4109351 0.1271482 0.4181382 0.1305819 0.4109361 0.13081 0.4109351 0.1271482 0.4109351 0.1271482 0.4109361 0.13081 0.403545 0.1273727 0.4109361 0.13081 0.4036951 0.1310539 0.403545 0.1273727 0.403545 0.1273727 0.4036951 0.1310539 0.3960948 0.127578 0.4036951 0.1310539 0.3964878 0.1313394 0.3960948 0.127578 0.4252601 0.1304462 0.4248973 0.1343045 0.4181382 0.1305819 0.4248973 0.1343045 0.4180934 0.1343969 0.4181382 0.1305819 0.4181382 0.1305819 0.4180934 0.1343969 0.4109361 0.13081 0.4180934 0.1343969 0.4110739 0.1346325 0.4109361 0.13081 0.4109361 0.13081 0.4110739 0.1346325 0.4036951 0.1310539 0.4110739 0.1346325 0.4039794 0.1348897 0.4036951 0.1310539 0.4036951 0.1310539 0.4039794 0.1348897 0.3964878 0.1313394 0.4039794 0.1348897 0.396938 0.1352047 0.3964878 0.1313394 0.395805 0.1238755 0.3960948 0.127578 0.387938 0.1241986 0.395805 0.1238755 0.387938 0.1241986 0.3876723 0.1202175 0.3876723 0.1202175 0.387938 0.1241986 0.3757021 0.1200174 0.3876723 0.1202175 0.3757021 0.1200174 0.3755276 0.116087 0.3879598 0.1162462 0.3876723 0.1202175 0.3755276 0.116087 0.3879598 0.1162462 0.3755276 0.116087 0.3749979 0.1122334 0.3886663 0.1122817 0.3879598 0.1162462 0.3749979 0.1122334 0.3886663 0.1122817 0.3749979 0.1122334 0.374386 0.108428 0.3895843 0.1083784 0.3886663 0.1122817 0.374386 0.108428 0.3895843 0.1083784 0.374386 0.108428 0.3740945 0.1045833 0.3901984 0.104476 0.3895843 0.1083784 0.3740945 0.1045833 0.387938 0.1241986 0.3754308 0.1239297 0.3757021 0.1200174 0.387938 0.1241986 0.3886647 0.1280859 0.3754308 0.1239297 0.3886647 0.1280859 0.3748263 0.1278357 0.3754308 0.1239297 0.3886647 0.1280859 0.3895621 0.1319065 0.3748263 0.1278357 0.3895621 0.1319065 0.3741118 0.1316989 0.3748263 0.1278357 0.3741118 0.1316989 0.3895621 0.1319065 0.3901426 0.1357548 0.3737349 0.1355919 0.3741118 0.1316989 0.3901426 0.1357548 0.3963758 0.1090546 0.3895843 0.1083784 0.3901984 0.104476 0.396739 0.1051964 0.3963758 0.1090546 0.3901984 0.104476 0.3959683 0.1127021 0.3886663 0.1122817 0.3895843 0.1083784 0.3963758 0.1090546 0.3959683 0.1127021 0.3895843 0.1083784 0.3959683 0.1127021 0.3956726 0.1162935 0.3886663 0.1122817 0.3956726 0.1162935 0.3879598 0.1162462 0.3886663 0.1122817 0.3956726 0.1162935 0.3956303 0.1200931 0.3879598 0.1162462 0.3956303 0.1200931 0.3876723 0.1202175 0.3879598 0.1162462 0.3956303 0.1200931 0.395805 0.1238755 0.3876723 0.1202175 0.3964878 0.1313394 0.3895621 0.1319065 0.3886647 0.1280859 0.3960948 0.127578 0.3964878 0.1313394 0.3886647 0.1280859 0.3960948 0.127578 0.3886647 0.1280859 0.387938 0.1241986 0.396938 0.1352047 0.3901426 0.1357548 0.3895621 0.1319065 0.3964878 0.1313394 0.396938 0.1352047 0.3895621 0.1319065 0.4320516 0.1311227 0.4472493 0.1310744 0.4475408 0.1349194 0.4314373 0.135025 0.4320516 0.1311227 0.4475408 0.1349194 0.4472493 0.1310744 0.4320516 0.1311227 0.4329695 0.1272195 0.4466374 0.127269 0.4472493 0.1310744 0.4329695 0.1272195 0.4466374 0.127269 0.4329695 0.1272195 0.4336762 0.1232551 0.4461085 0.1234153 0.4466374 0.127269 0.4336762 0.1232551 0.4461085 0.1234153 0.4336762 0.1232551 0.4339638 0.1192842 0.445934 0.1194849 0.4461085 0.1234153 0.4339638 0.1192842 0.445934 0.1194849 0.4339638 0.1192842 0.4336982 0.1153029 0.4462053 0.1155728 0.445934 0.1194849 0.4336982 0.1153029 0.4462053 0.1155728 0.4336982 0.1153029 0.4329719 0.1114155 0.4468109 0.1116669 0.4462053 0.1155728 0.4329719 0.1114155 0.4468109 0.1116669 0.4329719 0.1114155 0.4320747 0.107595 0.4475257 0.1078038 0.4468109 0.1116669 0.4320747 0.107595 0.4475257 0.1078038 0.4320747 0.107595 0.4314951 0.1037465 0.4479032 0.103911 0.4475257 0.1078038 0.4314951 0.1037465 0.4314951 0.1037465 0.4320747 0.107595 0.4246994 0.1042962 0.4320747 0.107595 0.4251489 0.1081615 0.4246994 0.1042962 0.4320747 0.107595 0.4329719 0.1114155 0.4251489 0.1081615 0.4329719 0.1114155 0.425542 0.1119228 0.4251489 0.1081615 0.4329719 0.1114155 0.4336982 0.1153029 0.425542 0.1119228 0.4336982 0.1153029 0.4258311 0.1156255 0.425542 0.1119228 0.4336982 0.1153029 0.4339638 0.1192842 0.4258311 0.1156255 0.4339638 0.1192842 0.4260056 0.1194078 0.4258311 0.1156255 0.4339638 0.1192842 0.4336762 0.1232551 0.4260056 0.1194078 0.4336762 0.1232551 0.4259634 0.1232074 0.4260056 0.1194078 0.4336762 0.1232551 0.4329695 0.1272195 0.4259634 0.1232074 0.4329695 0.1272195 0.4256673 0.1267986 0.4259634 0.1232074 0.4329695 0.1272195 0.4320516 0.1311227 0.4256673 0.1267986 0.4320516 0.1311227 0.4252601 0.1304462 0.4256673 0.1267986 0.4320516 0.1311227 0.4314373 0.135025 0.4252601 0.1304462 0.4314373 0.135025 0.4248973 0.1343045 0.4252601 0.1304462 0.7192597 0.1078563 0.7123137 0.1080724 0.712225 0.1041805 0.718432 0.1039995 0.7192597 0.1078563 0.712225 0.1041805 0.7255741 0.106643 0.7192597 0.1078563 0.718432 0.1039995 0.7239548 0.1028542 0.7255741 0.106643 0.718432 0.1039995 0.7192597 0.1078563 0.7200682 0.1116543 0.7123137 0.1080724 0.7200682 0.1116543 0.7123165 0.111715 0.7123137 0.1080724 0.727873 0.1106021 0.7200682 0.1116543 0.7192597 0.1078563 0.7255741 0.106643 0.727873 0.1106021 0.7192597 0.1078563 0.7200682 0.1116543 0.7205753 0.1153674 0.7123165 0.111715 0.7205753 0.1153674 0.712255 0.1152436 0.7123165 0.111715 0.7296825 0.1149171 0.7205753 0.1153674 0.7200682 0.1116543 0.727873 0.1106021 0.7296825 0.1149171 0.7200682 0.1116543 0.7205753 0.1153674 0.7207363 0.1191188 0.712255 0.1152436 0.7207363 0.1191188 0.7122231 0.1189487 0.712255 0.1152436 0.7302145 0.1195211 0.7207363 0.1191188 0.7205753 0.1153674 0.7296825 0.1149171 0.7302145 0.1195211 0.7205753 0.1153674 0.7207363 0.1191188 0.7204683 0.1228605 0.7122231 0.1189487 0.7204683 0.1228605 0.7122047 0.122649 0.7122231 0.1189487 0.7292458 0.1239902 0.7204683 0.1228605 0.7207363 0.1191188 0.7302145 0.1195211 0.7292458 0.1239902 0.7207363 0.1191188 0.7204683 0.1228605 0.7197518 0.1265239 0.7122047 0.122649 0.7197518 0.1265239 0.7121134 0.126298 0.7122047 0.122649 0.7271917 0.1279861 0.7197518 0.1265239 0.7204683 0.1228605 0.7292458 0.1239902 0.7271917 0.1279861 0.7204683 0.1228605 0.7197518 0.1265239 0.7187569 0.1302457 0.7121134 0.126298 0.7187569 0.1302457 0.7119521 0.1300378 0.7121134 0.126298 0.7248792 0.1316426 0.7187569 0.1302457 0.7197518 0.1265239 0.7271917 0.1279861 0.7248792 0.1316426 0.7197518 0.1265239 0.7187569 0.1302457 0.7179047 0.134096 0.7119521 0.1300378 0.7179047 0.134096 0.7118086 0.1339001 0.7119521 0.1300378 0.7232851 0.1353591 0.7179047 0.134096 0.7187569 0.1302457 0.7248792 0.1316426 0.7232851 0.1353591 0.7187569 0.1302457 0.7122231 0.1189487 0.7122047 0.122649 0.7038909 0.1189507 0.7122231 0.1189487 0.7038909 0.1189507 0.7041621 0.1150386 0.7041621 0.1150386 0.7038909 0.1189507 0.6916551 0.1147687 0.7041621 0.1150386 0.6916551 0.1147687 0.6909288 0.1108813 0.7047677 0.1111327 0.7041621 0.1150386 0.6909288 0.1108813 0.7047677 0.1111327 0.6909288 0.1108813 0.6900315 0.1070609 0.7054826 0.1072695 0.7047677 0.1111327 0.6900315 0.1070609 0.7054826 0.1072695 0.6900315 0.1070609 0.6894519 0.1032123 0.70586 0.1033768 0.7054826 0.1072695 0.6894519 0.1032123 0.7038909 0.1189507 0.6919207 0.11875 0.6916551 0.1147687 0.7038909 0.1189507 0.7040654 0.1228811 0.6919207 0.11875 0.7040654 0.1228811 0.6916331 0.1227209 0.6919207 0.11875 0.7040654 0.1228811 0.7045943 0.1267348 0.6916331 0.1227209 0.7045943 0.1267348 0.6909263 0.1266853 0.6916331 0.1227209 0.7045943 0.1267348 0.7052062 0.1305402 0.6909263 0.1266853 0.7052062 0.1305402 0.6900085 0.1305885 0.6909263 0.1266853 0.6900085 0.1305885 0.7052062 0.1305402 0.7054977 0.1343852 0.6893941 0.1344908 0.6900085 0.1305885 0.7054977 0.1343852 0.7123137 0.1080724 0.7054826 0.1072695 0.70586 0.1033768 0.712225 0.1041805 0.7123137 0.1080724 0.70586 0.1033768 0.6894519 0.1032123 0.6900315 0.1070609 0.6826563 0.103762 0.6900315 0.1070609 0.6831058 0.1076273 0.6826563 0.103762 0.6826563 0.103762 0.6831058 0.1076273 0.6756144 0.1040769 0.6831058 0.1076273 0.6758981 0.1079127 0.6756144 0.1040769 0.6756144 0.1040769 0.6758981 0.1079127 0.6685196 0.1043338 0.6758981 0.1079127 0.6686571 0.1081562 0.6685196 0.1043338 0.6685196 0.1043338 0.6686571 0.1081562 0.6614999 0.1045695 0.6686571 0.1081562 0.6614549 0.1083846 0.6614999 0.1045695 0.6614999 0.1045695 0.6614549 0.1083846 0.6546958 0.1046622 0.6614549 0.1083846 0.6543326 0.1085205 0.6546958 0.1046622 0.6831058 0.1076273 0.6834989 0.1113886 0.6758981 0.1079127 0.6834989 0.1113886 0.676048 0.1115939 0.6758981 0.1079127 0.6758981 0.1079127 0.676048 0.1115939 0.6686571 0.1081562 0.676048 0.1115939 0.6686578 0.111818 0.6686571 0.1081562 0.6686571 0.1081562 0.6686578 0.111818 0.6614549 0.1083846 0.6686578 0.111818 0.6612988 0.1120425 0.6614549 0.1083846 0.6614549 0.1083846 0.6612988 0.1120425 0.6543326 0.1085205 0.6612988 0.1120425 0.6539251 0.1121679 0.6543326 0.1085205 0.6834989 0.1113886 0.683788 0.1150913 0.676048 0.1115939 0.683788 0.1150913 0.6761577 0.1152424 0.676048 0.1115939 0.676048 0.1115939 0.6761577 0.1152424 0.6686578 0.111818 0.6761577 0.1152424 0.6686719 0.1154626 0.6686578 0.111818 0.6686578 0.111818 0.6686719 0.1154626 0.6612988 0.1120425 0.6686719 0.1154626 0.6612048 0.1156873 0.6612988 0.1120425 0.6612988 0.1120425 0.6612048 0.1156873 0.6539251 0.1121679 0.6612048 0.1156873 0.6536294 0.1157593 0.6539251 0.1121679 0.683788 0.1150913 0.6839625 0.1188737 0.6761577 0.1152424 0.6839625 0.1188737 0.6762868 0.1189926 0.6761577 0.1152424 0.6761577 0.1152424 0.6762868 0.1189926 0.6686719 0.1154626 0.6762868 0.1189926 0.6687749 0.1192163 0.6686719 0.1154626 0.6686719 0.1154626 0.6687749 0.1192163 0.6612048 0.1156873 0.6687749 0.1192163 0.661263 0.1194399 0.6612048 0.1156873 0.6612048 0.1156873 0.661263 0.1194399 0.6536294 0.1157593 0.661263 0.1194399 0.6535872 0.1195589 0.6536294 0.1157593 0.6839625 0.1188737 0.6839203 0.1226732 0.6762868 0.1189926 0.6839203 0.1226732 0.6763448 0.1227452 0.6762868 0.1189926 0.6762868 0.1189926 0.6763448 0.1227452 0.6687749 0.1192163 0.6763448 0.1227452 0.6688777 0.1229696 0.6687749 0.1192163 0.6687749 0.1192163 0.6688777 0.1229696 0.661263 0.1194399 0.6688777 0.1229696 0.661392 0.1231901 0.661263 0.1194399 0.661263 0.1194399 0.661392 0.1231901 0.6535872 0.1195589 0.661392 0.1231901 0.6537618 0.1233414 0.6535872 0.1195589 0.6839203 0.1226732 0.6836242 0.1262644 0.6763448 0.1227452 0.6836242 0.1262644 0.6762509 0.1263899 0.6763448 0.1227452 0.6763448 0.1227452 0.6762509 0.1263899 0.6688777 0.1229696 0.6762509 0.1263899 0.668892 0.126614 0.6688777 0.1229696 0.6688777 0.1229696 0.668892 0.126614 0.661392 0.1231901 0.668892 0.126614 0.6615019 0.1268385 0.661392 0.1231901 0.661392 0.1231901 0.6615019 0.1268385 0.6537618 0.1233414 0.6615019 0.1268385 0.6540517 0.1270438 0.6537618 0.1233414 0.6836242 0.1262644 0.6832169 0.129912 0.6762509 0.1263899 0.6832169 0.129912 0.676095 0.1300477 0.6762509 0.1263899 0.6762509 0.1263899 0.676095 0.1300477 0.668892 0.126614 0.676095 0.1300477 0.668893 0.1302758 0.668892 0.126614 0.668892 0.126614 0.668893 0.1302758 0.6615019 0.1268385 0.668893 0.1302758 0.661652 0.1305197 0.6615019 0.1268385 0.6615019 0.1268385 0.661652 0.1305197 0.6540517 0.1270438 0.661652 0.1305197 0.6544447 0.1308053 0.6540517 0.1270438 0.6832169 0.129912 0.6828541 0.1337703 0.676095 0.1300477 0.6828541 0.1337703 0.6760503 0.1338627 0.676095 0.1300477 0.676095 0.1300477 0.6760503 0.1338627 0.668893 0.1302758 0.6760503 0.1338627 0.6690307 0.1340984 0.668893 0.1302758 0.668893 0.1302758 0.6690307 0.1340984 0.661652 0.1305197 0.6690307 0.1340984 0.6619363 0.1343555 0.661652 0.1305197 0.661652 0.1305197 0.6619363 0.1343555 0.6544447 0.1308053 0.6619363 0.1343555 0.6548949 0.1346706 0.6544447 0.1308053 0.6537618 0.1233414 0.6540517 0.1270438 0.6458948 0.1236644 0.6537618 0.1233414 0.6458948 0.1236644 0.6456291 0.1196833 0.6456291 0.1196833 0.6458948 0.1236644 0.633659 0.1194832 0.6456291 0.1196833 0.633659 0.1194832 0.6334844 0.1155529 0.6459167 0.115712 0.6456291 0.1196833 0.6334844 0.1155529 0.6459167 0.115712 0.6334844 0.1155529 0.6329547 0.1116992 0.6466231 0.1117476 0.6459167 0.115712 0.6329547 0.1116992 0.6466231 0.1117476 0.6329547 0.1116992 0.6323428 0.1078938 0.6475412 0.1078442 0.6466231 0.1117476 0.6323428 0.1078938 0.6475412 0.1078442 0.6323428 0.1078938 0.6320514 0.1040491 0.6481553 0.1039419 0.6475412 0.1078442 0.6320514 0.1040491 0.6458948 0.1236644 0.6333877 0.1233955 0.633659 0.1194832 0.6458948 0.1236644 0.6466216 0.1275517 0.6333877 0.1233955 0.6466216 0.1275517 0.6327831 0.1273015 0.6333877 0.1233955 0.6466216 0.1275517 0.647519 0.1313723 0.6327831 0.1273015 0.647519 0.1313723 0.6320686 0.1311647 0.6327831 0.1273015 0.6320686 0.1311647 0.647519 0.1313723 0.6480994 0.1352207 0.6316918 0.1350578 0.6320686 0.1311647 0.6480994 0.1352207 0.6543326 0.1085205 0.6475412 0.1078442 0.6481553 0.1039419 0.6546958 0.1046622 0.6543326 0.1085205 0.6481553 0.1039419 0.6320514 0.1040491 0.6323428 0.1078938 0.6257401 0.1045346 0.6323428 0.1078938 0.6255969 0.1083969 0.6257401 0.1045346 0.6257401 0.1045346 0.6255969 0.1083969 0.6196438 0.1043391 0.6255969 0.1083969 0.6187921 0.1081897 0.6196438 0.1043391 0.6196438 0.1043391 0.6187921 0.1081897 0.6142632 0.1030769 0.6187921 0.1081897 0.6126696 0.1067937 0.6142632 0.1030769 0.6255969 0.1083969 0.625436 0.1121368 0.6187921 0.1081897 0.625436 0.1121368 0.6177974 0.1119117 0.6187921 0.1081897 0.6187921 0.1081897 0.6177974 0.1119117 0.6126696 0.1067937 0.6177974 0.1119117 0.6103572 0.1104503 0.6126696 0.1067937 0.625436 0.1121368 0.6253451 0.1157857 0.6177974 0.1119117 0.6253451 0.1157857 0.6170812 0.1155753 0.6177974 0.1119117 0.6177974 0.1119117 0.6170812 0.1155753 0.6103572 0.1104503 0.6170812 0.1155753 0.6083032 0.1144469 0.6103572 0.1104503 0.6253451 0.1157857 0.6253269 0.119486 0.6170812 0.1155753 0.6253269 0.119486 0.6168136 0.1193171 0.6170812 0.1155753 0.6170812 0.1155753 0.6168136 0.1193171 0.6083032 0.1144469 0.6168136 0.1193171 0.6073354 0.1189162 0.6083032 0.1144469 0.6253269 0.119486 0.6252951 0.1231911 0.6168136 0.1193171 0.6252951 0.1231911 0.6169748 0.1230685 0.6168136 0.1193171 0.6168136 0.1193171 0.6169748 0.1230685 0.6073354 0.1189162 0.6169748 0.1230685 0.6078684 0.1235203 0.6073354 0.1189162 0.6252951 0.1231911 0.6252341 0.1267199 0.6169748 0.1230685 0.6252341 0.1267199 0.6174826 0.1267815 0.6169748 0.1230685 0.6169748 0.1230685 0.6174826 0.1267815 0.6078684 0.1235203 0.6174826 0.1267815 0.6096781 0.1278349 0.6078684 0.1235203 0.6252341 0.1267199 0.6252377 0.1303626 0.6174826 0.1267815 0.6252377 0.1303626 0.6182915 0.1305795 0.6174826 0.1267815 0.6174826 0.1267815 0.6182915 0.1305795 0.6096781 0.1278349 0.6182915 0.1305795 0.6119774 0.1317939 0.6096781 0.1278349 0.6252377 0.1303626 0.6253269 0.1342546 0.6182915 0.1305795 0.6253269 0.1342546 0.61912 0.1344362 0.6182915 0.1305795 0.6182915 0.1305795 0.61912 0.1344362 0.6119774 0.1317939 0.61912 0.1344362 0.6135975 0.1355824 0.6119774 0.1317939 0.6333877 0.1233955 0.6252951 0.1231911 0.6253269 0.119486 0.633659 0.1194832 0.6333877 0.1233955 0.6253269 0.119486 0.6327831 0.1273015 0.6252341 0.1267199 0.6252951 0.1231911 0.6333877 0.1233955 0.6327831 0.1273015 0.6252951 0.1231911 0.6320686 0.1311647 0.6252377 0.1303626 0.6252341 0.1267199 0.6327831 0.1273015 0.6320686 0.1311647 0.6252341 0.1267199 0.6316918 0.1350578 0.6253269 0.1342546 0.6252377 0.1303626 0.6320686 0.1311647 0.6316918 0.1350578 0.6252377 0.1303626 0.633659 0.1194832 0.6253269 0.119486 0.6253451 0.1157857 0.6334844 0.1155529 0.633659 0.1194832 0.6253451 0.1157857 0.6334844 0.1155529 0.6253451 0.1157857 0.625436 0.1121368 0.6329547 0.1116992 0.6334844 0.1155529 0.625436 0.1121368 0.6329547 0.1116992 0.625436 0.1121368 0.6255969 0.1083969 0.6323428 0.1078938 0.6329547 0.1116992 0.6255969 0.1083969 0.7123165 0.111715 0.7047677 0.1111327 0.7054826 0.1072695 0.7123137 0.1080724 0.7123165 0.111715 0.7054826 0.1072695 0.7123165 0.111715 0.712255 0.1152436 0.7047677 0.1111327 0.712255 0.1152436 0.7041621 0.1150386 0.7047677 0.1111327 0.712255 0.1152436 0.7122231 0.1189487 0.7041621 0.1150386 0.6909288 0.1108813 0.6834989 0.1113886 0.6831058 0.1076273 0.6900315 0.1070609 0.6909288 0.1108813 0.6831058 0.1076273 0.6909288 0.1108813 0.6916551 0.1147687 0.6834989 0.1113886 0.6916551 0.1147687 0.683788 0.1150913 0.6834989 0.1113886 0.6916551 0.1147687 0.6919207 0.11875 0.683788 0.1150913 0.6919207 0.11875 0.6839625 0.1188737 0.683788 0.1150913 0.6919207 0.11875 0.6916331 0.1227209 0.6839625 0.1188737 0.6916331 0.1227209 0.6839203 0.1226732 0.6839625 0.1188737 0.6916331 0.1227209 0.6909263 0.1266853 0.6839203 0.1226732 0.6909263 0.1266853 0.6836242 0.1262644 0.6839203 0.1226732 0.6909263 0.1266853 0.6900085 0.1305885 0.6836242 0.1262644 0.6900085 0.1305885 0.6832169 0.129912 0.6836242 0.1262644 0.6900085 0.1305885 0.6893941 0.1344908 0.6832169 0.129912 0.6893941 0.1344908 0.6828541 0.1337703 0.6832169 0.129912 0.6539251 0.1121679 0.6466231 0.1117476 0.6475412 0.1078442 0.6543326 0.1085205 0.6539251 0.1121679 0.6475412 0.1078442 0.6539251 0.1121679 0.6536294 0.1157593 0.6466231 0.1117476 0.6536294 0.1157593 0.6459167 0.115712 0.6466231 0.1117476 0.6536294 0.1157593 0.6535872 0.1195589 0.6459167 0.115712 0.6535872 0.1195589 0.6456291 0.1196833 0.6459167 0.115712 0.6535872 0.1195589 0.6537618 0.1233414 0.6456291 0.1196833 0.7122047 0.122649 0.7040654 0.1228811 0.7038909 0.1189507 0.7122047 0.122649 0.7121134 0.126298 0.7040654 0.1228811 0.7121134 0.126298 0.7045943 0.1267348 0.7040654 0.1228811 0.7121134 0.126298 0.7119521 0.1300378 0.7045943 0.1267348 0.7119521 0.1300378 0.7052062 0.1305402 0.7045943 0.1267348 0.7119521 0.1300378 0.7118086 0.1339001 0.7052062 0.1305402 0.7118086 0.1339001 0.7054977 0.1343852 0.7052062 0.1305402 0.6540517 0.1270438 0.6466216 0.1275517 0.6458948 0.1236644 0.6540517 0.1270438 0.6544447 0.1308053 0.6466216 0.1275517 0.6544447 0.1308053 0.647519 0.1313723 0.6466216 0.1275517 0.6544447 0.1308053 0.6548949 0.1346706 0.647519 0.1313723 0.6548949 0.1346706 0.6480994 0.1352207 0.647519 0.1313723 0.7897646 0.06314766 0.7828185 0.06336379 0.7827298 0.05947184 0.7889368 0.05929082 0.7897646 0.06314766 0.7827298 0.05947184 0.796079 0.06193435 0.7897646 0.06314766 0.7889368 0.05929082 0.7944597 0.05814558 0.796079 0.06193435 0.7889368 0.05929082 0.7897646 0.06314766 0.7905731 0.06694567 0.7828185 0.06336379 0.7905731 0.06694567 0.7828214 0.06700634 0.7828185 0.06336379 0.7983778 0.06589341 0.7905731 0.06694567 0.7897646 0.06314766 0.796079 0.06193435 0.7983778 0.06589341 0.7897646 0.06314766 0.7905731 0.06694567 0.7910802 0.07065874 0.7828214 0.06700634 0.7910802 0.07065874 0.7827599 0.070535 0.7828214 0.06700634 0.8001873 0.07020843 0.7910802 0.07065874 0.7905731 0.06694567 0.7983778 0.06589341 0.8001873 0.07020843 0.7905731 0.06694567 0.7910802 0.07065874 0.7912411 0.0744102 0.7827599 0.070535 0.7912411 0.0744102 0.7827279 0.07424008 0.7827599 0.070535 0.8007193 0.07481247 0.7912411 0.0744102 0.7910802 0.07065874 0.8001873 0.07020843 0.8007193 0.07481247 0.7910802 0.07065874 0.7912411 0.0744102 0.7909731 0.07815188 0.7827279 0.07424008 0.7909731 0.07815188 0.7827095 0.0779404 0.7827279 0.07424008 0.7997506 0.07928156 0.7909731 0.07815188 0.7912411 0.0744102 0.8007193 0.07481247 0.7997506 0.07928156 0.7912411 0.0744102 0.7909731 0.07815188 0.7902567 0.08181524 0.7827095 0.0779404 0.7902567 0.08181524 0.7826183 0.08158934 0.7827095 0.0779404 0.7976965 0.08327752 0.7902567 0.08181524 0.7909731 0.07815188 0.7997506 0.07928156 0.7976965 0.08327752 0.7909731 0.07815188 0.7902567 0.08181524 0.7892618 0.08553707 0.7826183 0.08158934 0.7892618 0.08553707 0.7824569 0.08532917 0.7826183 0.08158934 0.795384 0.08693403 0.7892618 0.08553707 0.7902567 0.08181524 0.7976965 0.08327752 0.795384 0.08693403 0.7902567 0.08181524 0.7892618 0.08553707 0.7884095 0.08938741 0.7824569 0.08532917 0.7884095 0.08938741 0.7823135 0.08919143 0.7824569 0.08532917 0.7937899 0.09065049 0.7884095 0.08938741 0.7892618 0.08553707 0.795384 0.08693403 0.7937899 0.09065049 0.7892618 0.08553707 0.7827279 0.07424008 0.7827095 0.0779404 0.7743957 0.07424199 0.7827279 0.07424008 0.7743957 0.07424199 0.774667 0.07032996 0.774667 0.07032996 0.7743957 0.07424199 0.76216 0.07006007 0.774667 0.07032996 0.76216 0.07006007 0.7614336 0.06617271 0.7752726 0.06642407 0.774667 0.07032996 0.7614336 0.06617271 0.7752726 0.06642407 0.7614336 0.06617271 0.7605364 0.06235224 0.7759875 0.06256091 0.7752726 0.06642407 0.7605364 0.06235224 0.7759875 0.06256091 0.7605364 0.06235224 0.7599568 0.05850362 0.7763649 0.05866813 0.7759875 0.06256091 0.7599568 0.05850362 0.7743957 0.07424199 0.7624256 0.07404136 0.76216 0.07006007 0.7743957 0.07424199 0.7745702 0.0781725 0.7624256 0.07404136 0.7745702 0.0781725 0.7621379 0.07801228 0.7624256 0.07404136 0.7745702 0.0781725 0.7750991 0.08202618 0.7621379 0.07801228 0.7750991 0.08202618 0.7614312 0.08197665 0.7621379 0.07801228 0.7750991 0.08202618 0.775711 0.08583158 0.7614312 0.08197665 0.775711 0.08583158 0.7605133 0.08587992 0.7614312 0.08197665 0.7605133 0.08587992 0.775711 0.08583158 0.7760025 0.08967655 0.759899 0.08978211 0.7605133 0.08587992 0.7760025 0.08967655 0.7828185 0.06336379 0.7759875 0.06256091 0.7763649 0.05866813 0.7827298 0.05947184 0.7828185 0.06336379 0.7763649 0.05866813 0.7599568 0.05850362 0.7605364 0.06235224 0.7531611 0.05905342 0.7605364 0.06235224 0.7536106 0.06291872 0.7531611 0.05905342 0.7531611 0.05905342 0.7536106 0.06291872 0.7461193 0.05936825 0.7536106 0.06291872 0.746403 0.0632041 0.7461193 0.05936825 0.7461193 0.05936825 0.746403 0.0632041 0.7390245 0.05962514 0.746403 0.0632041 0.739162 0.06344759 0.7390245 0.05962514 0.7390245 0.05962514 0.739162 0.06344759 0.7320047 0.05986088 0.739162 0.06344759 0.7319597 0.06367599 0.7320047 0.05986088 0.7320047 0.05986088 0.7319597 0.06367599 0.7252007 0.05995362 0.7319597 0.06367599 0.7248375 0.06381177 0.7252007 0.05995362 0.7536106 0.06291872 0.7540037 0.06667995 0.746403 0.0632041 0.7540037 0.06667995 0.7465528 0.06688529 0.746403 0.0632041 0.746403 0.0632041 0.7465528 0.06688529 0.739162 0.06344759 0.7465528 0.06688529 0.7391627 0.0671094 0.739162 0.06344759 0.739162 0.06344759 0.7391627 0.0671094 0.7319597 0.06367599 0.7391627 0.0671094 0.7318037 0.06733387 0.7319597 0.06367599 0.7319597 0.06367599 0.7318037 0.06733387 0.7248375 0.06381177 0.7318037 0.06733387 0.72443 0.06745922 0.7248375 0.06381177 0.7540037 0.06667995 0.7542928 0.07038265 0.7465528 0.06688529 0.7542928 0.07038265 0.7466625 0.07053381 0.7465528 0.06688529 0.7465528 0.06688529 0.7466625 0.07053381 0.7391627 0.0671094 0.7466625 0.07053381 0.7391768 0.07075393 0.7391627 0.0671094 0.7391627 0.0671094 0.7391768 0.07075393 0.7318037 0.06733387 0.7391768 0.07075393 0.7317096 0.07097864 0.7318037 0.06733387 0.7318037 0.06733387 0.7317096 0.07097864 0.72443 0.06745922 0.7317096 0.07097864 0.7241343 0.0710507 0.72443 0.06745922 0.7542928 0.07038265 0.7544673 0.07416504 0.7466625 0.07053381 0.7544673 0.07416504 0.7467916 0.07428401 0.7466625 0.07053381 0.7466625 0.07053381 0.7467916 0.07428401 0.7391768 0.07075393 0.7467916 0.07428401 0.7392797 0.07450759 0.7391768 0.07075393 0.7391768 0.07075393 0.7392797 0.07450759 0.7317096 0.07097864 0.7392797 0.07450759 0.7317678 0.07473123 0.7317096 0.07097864 0.7317096 0.07097864 0.7317678 0.07473123 0.7241343 0.0710507 0.7317678 0.07473123 0.724092 0.07485026 0.7241343 0.0710507 0.7544673 0.07416504 0.7544251 0.07796454 0.7467916 0.07428401 0.7544251 0.07796454 0.7468496 0.07803654 0.7467916 0.07428401 0.7467916 0.07428401 0.7468496 0.07803654 0.7392797 0.07450759 0.7468496 0.07803654 0.7393826 0.07826095 0.7392797 0.07450759 0.7392797 0.07450759 0.7393826 0.07826095 0.7317678 0.07473123 0.7393826 0.07826095 0.7318969 0.07848143 0.7317678 0.07473123 0.7317678 0.07473123 0.7318969 0.07848143 0.724092 0.07485026 0.7318969 0.07848143 0.7242667 0.07863271 0.724092 0.07485026 0.7544251 0.07796454 0.754129 0.08155572 0.7468496 0.07803654 0.754129 0.08155572 0.7467558 0.08168125 0.7468496 0.07803654 0.7468496 0.07803654 0.7467558 0.08168125 0.7393826 0.07826095 0.7467558 0.08168125 0.7393968 0.08190536 0.7393826 0.07826095 0.7393826 0.07826095 0.7393968 0.08190536 0.7318969 0.07848143 0.7393968 0.08190536 0.7320067 0.08212983 0.7318969 0.07848143 0.7318969 0.07848143 0.7320067 0.08212983 0.7242667 0.07863271 0.7320067 0.08212983 0.7245565 0.08233511 0.7242667 0.07863271 0.754129 0.08155572 0.7537218 0.0852034 0.7467558 0.08168125 0.7537218 0.0852034 0.7465999 0.08533906 0.7467558 0.08168125 0.7467558 0.08168125 0.7465999 0.08533906 0.7393968 0.08190536 0.7465999 0.08533906 0.7393978 0.08556717 0.7393968 0.08190536 0.7393968 0.08190536 0.7393978 0.08556717 0.7320067 0.08212983 0.7393978 0.08556717 0.7321568 0.08581101 0.7320067 0.08212983 0.7320067 0.08212983 0.7321568 0.08581101 0.7245565 0.08233511 0.7321568 0.08581101 0.7249495 0.08609664 0.7245565 0.08233511 0.7537218 0.0852034 0.753359 0.08906161 0.7465999 0.08533906 0.753359 0.08906161 0.7465551 0.08915412 0.7465999 0.08533906 0.7465999 0.08533906 0.7465551 0.08915412 0.7393978 0.08556717 0.7465551 0.08915412 0.7395356 0.08938974 0.7393978 0.08556717 0.7393978 0.08556717 0.7395356 0.08938974 0.7321568 0.08581101 0.7395356 0.08938974 0.7324411 0.08964687 0.7321568 0.08581101 0.7321568 0.08581101 0.7324411 0.08964687 0.7249495 0.08609664 0.7324411 0.08964687 0.7253997 0.08996188 0.7249495 0.08609664 0.7242667 0.07863271 0.7245565 0.08233511 0.7163997 0.07895576 0.7242667 0.07863271 0.7163997 0.07895576 0.716134 0.07497471 0.716134 0.07497471 0.7163997 0.07895576 0.7041638 0.0747745 0.716134 0.07497471 0.7041638 0.0747745 0.7039893 0.07084417 0.7164216 0.07100337 0.716134 0.07497471 0.7039893 0.07084417 0.7164216 0.07100337 0.7039893 0.07084417 0.7034596 0.06699055 0.717128 0.06703889 0.7164216 0.07100337 0.7034596 0.06699055 0.717128 0.06703889 0.7034596 0.06699055 0.7028477 0.06318515 0.718046 0.06313562 0.717128 0.06703889 0.7028477 0.06318515 0.718046 0.06313562 0.7028477 0.06318515 0.7025562 0.05934047 0.7186601 0.05923318 0.718046 0.06313562 0.7025562 0.05934047 0.7163997 0.07895576 0.7038925 0.07868683 0.7041638 0.0747745 0.7163997 0.07895576 0.7171264 0.08284306 0.7038925 0.07868683 0.7171264 0.08284306 0.703288 0.08259284 0.7038925 0.07868683 0.7171264 0.08284306 0.7180238 0.0866636 0.703288 0.08259284 0.7180238 0.0866636 0.7025735 0.08645612 0.703288 0.08259284 0.7025735 0.08645612 0.7180238 0.0866636 0.7186043 0.09051203 0.7021966 0.09034907 0.7025735 0.08645612 0.7186043 0.09051203 0.7248375 0.06381177 0.718046 0.06313562 0.7186601 0.05923318 0.7252007 0.05995362 0.7248375 0.06381177 0.7186601 0.05923318 0.7025562 0.05934047 0.7028477 0.06318515 0.696245 0.05982595 0.7028477 0.06318515 0.6961017 0.06368827 0.696245 0.05982595 0.696245 0.05982595 0.6961017 0.06368827 0.6901487 0.05963051 0.6961017 0.06368827 0.689297 0.06348109 0.6901487 0.05963051 0.6901487 0.05963051 0.689297 0.06348109 0.684768 0.05836832 0.689297 0.06348109 0.6831744 0.06208503 0.684768 0.05836832 0.6961017 0.06368827 0.6959408 0.06742811 0.689297 0.06348109 0.6959408 0.06742811 0.6883022 0.0672031 0.689297 0.06348109 0.689297 0.06348109 0.6883022 0.0672031 0.6831744 0.06208503 0.6883022 0.0672031 0.6808621 0.06574165 0.6831744 0.06208503 0.6959408 0.06742811 0.69585 0.07107698 0.6883022 0.0672031 0.69585 0.07107698 0.687586 0.0708667 0.6883022 0.0672031 0.6883022 0.0672031 0.687586 0.0708667 0.6808621 0.06574165 0.687586 0.0708667 0.678808 0.06973832 0.6808621 0.06574165 0.69585 0.07107698 0.6958318 0.07477736 0.687586 0.0708667 0.6958318 0.07477736 0.6873185 0.07460844 0.687586 0.0708667 0.687586 0.0708667 0.6873185 0.07460844 0.678808 0.06973832 0.6873185 0.07460844 0.6778402 0.0742076 0.678808 0.06973832 0.6958318 0.07477736 0.6957999 0.07848244 0.6873185 0.07460844 0.6957999 0.07848244 0.6874797 0.07835984 0.6873185 0.07460844 0.6873185 0.07460844 0.6874797 0.07835984 0.6778402 0.0742076 0.6874797 0.07835984 0.6783733 0.0788117 0.6778402 0.0742076 0.6957999 0.07848244 0.6957389 0.08201122 0.6874797 0.07835984 0.6957389 0.08201122 0.6879874 0.08207291 0.6874797 0.07835984 0.6874797 0.07835984 0.6879874 0.08207291 0.6783733 0.0788117 0.6879874 0.08207291 0.6801829 0.08312624 0.6783733 0.0788117 0.6957389 0.08201122 0.6957425 0.08565402 0.6879874 0.08207291 0.6957425 0.08565402 0.6887963 0.08587086 0.6879874 0.08207291 0.6879874 0.08207291 0.6887963 0.08587086 0.6801829 0.08312624 0.6887963 0.08587086 0.6824823 0.0870853 0.6801829 0.08312624 0.6957425 0.08565402 0.6958318 0.08954596 0.6887963 0.08587086 0.6958318 0.08954596 0.6896248 0.08972758 0.6887963 0.08587086 0.6887963 0.08587086 0.6896248 0.08972758 0.6824823 0.0870853 0.6896248 0.08972758 0.6841023 0.09087371 0.6824823 0.0870853 0.7038925 0.07868683 0.6957999 0.07848244 0.6958318 0.07477736 0.7041638 0.0747745 0.7038925 0.07868683 0.6958318 0.07477736 0.703288 0.08259284 0.6957389 0.08201122 0.6957999 0.07848244 0.7038925 0.07868683 0.703288 0.08259284 0.6957999 0.07848244 0.7025735 0.08645612 0.6957425 0.08565402 0.6957389 0.08201122 0.703288 0.08259284 0.7025735 0.08645612 0.6957389 0.08201122 0.7021966 0.09034907 0.6958318 0.08954596 0.6957425 0.08565402 0.7025735 0.08645612 0.7021966 0.09034907 0.6957425 0.08565402 0.7041638 0.0747745 0.6958318 0.07477736 0.69585 0.07107698 0.7039893 0.07084417 0.7041638 0.0747745 0.69585 0.07107698 0.7039893 0.07084417 0.69585 0.07107698 0.6959408 0.06742811 0.7034596 0.06699055 0.7039893 0.07084417 0.6959408 0.06742811 0.7034596 0.06699055 0.6959408 0.06742811 0.6961017 0.06368827 0.7028477 0.06318515 0.7034596 0.06699055 0.6961017 0.06368827 0.7828214 0.06700634 0.7752726 0.06642407 0.7759875 0.06256091 0.7828185 0.06336379 0.7828214 0.06700634 0.7759875 0.06256091 0.7828214 0.06700634 0.7827599 0.070535 0.7752726 0.06642407 0.7827599 0.070535 0.774667 0.07032996 0.7752726 0.06642407 0.7827599 0.070535 0.7827279 0.07424008 0.774667 0.07032996 0.7614336 0.06617271 0.7540037 0.06667995 0.7536106 0.06291872 0.7605364 0.06235224 0.7614336 0.06617271 0.7536106 0.06291872 0.7614336 0.06617271 0.76216 0.07006007 0.7540037 0.06667995 0.76216 0.07006007 0.7542928 0.07038265 0.7540037 0.06667995 0.76216 0.07006007 0.7624256 0.07404136 0.7542928 0.07038265 0.7624256 0.07404136 0.7544673 0.07416504 0.7542928 0.07038265 0.7624256 0.07404136 0.7621379 0.07801228 0.7544673 0.07416504 0.7621379 0.07801228 0.7544251 0.07796454 0.7544673 0.07416504 0.7621379 0.07801228 0.7614312 0.08197665 0.7544251 0.07796454 0.7614312 0.08197665 0.754129 0.08155572 0.7544251 0.07796454 0.7614312 0.08197665 0.7605133 0.08587992 0.754129 0.08155572 0.7605133 0.08587992 0.7537218 0.0852034 0.754129 0.08155572 0.7605133 0.08587992 0.759899 0.08978211 0.7537218 0.0852034 0.759899 0.08978211 0.753359 0.08906161 0.7537218 0.0852034 0.72443 0.06745922 0.717128 0.06703889 0.718046 0.06313562 0.7248375 0.06381177 0.72443 0.06745922 0.718046 0.06313562 0.72443 0.06745922 0.7241343 0.0710507 0.717128 0.06703889 0.7241343 0.0710507 0.7164216 0.07100337 0.717128 0.06703889 0.7241343 0.0710507 0.724092 0.07485026 0.7164216 0.07100337 0.724092 0.07485026 0.716134 0.07497471 0.7164216 0.07100337 0.724092 0.07485026 0.7242667 0.07863271 0.716134 0.07497471 0.7827095 0.0779404 0.7745702 0.0781725 0.7743957 0.07424199 0.7827095 0.0779404 0.7826183 0.08158934 0.7745702 0.0781725 0.7826183 0.08158934 0.7750991 0.08202618 0.7745702 0.0781725 0.7826183 0.08158934 0.7824569 0.08532917 0.7750991 0.08202618 0.7824569 0.08532917 0.775711 0.08583158 0.7750991 0.08202618 0.7824569 0.08532917 0.7823135 0.08919143 0.775711 0.08583158 0.7823135 0.08919143 0.7760025 0.08967655 0.775711 0.08583158 0.7245565 0.08233511 0.7171264 0.08284306 0.7163997 0.07895576 0.7245565 0.08233511 0.7249495 0.08609664 0.7171264 0.08284306 0.7249495 0.08609664 0.7180238 0.0866636 0.7171264 0.08284306 0.7249495 0.08609664 0.7253997 0.08996188 0.7180238 0.0866636 0.7253997 0.08996188 0.7186043 0.09051203 0.7180238 0.0866636 0.4632261 0.3332856 0.4562801 0.3335016 0.4561914 0.3296097 0.4623984 0.3294287 0.4632261 0.3332856 0.4561914 0.3296097 0.4695405 0.3320723 0.4632261 0.3332856 0.4623984 0.3294287 0.4679212 0.3282835 0.4695405 0.3320723 0.4623984 0.3294287 0.4632261 0.3332856 0.4640346 0.3370836 0.4562801 0.3335016 0.4640346 0.3370836 0.4562829 0.3371442 0.4562801 0.3335016 0.4718394 0.3360313 0.4640346 0.3370836 0.4632261 0.3332856 0.4695405 0.3320723 0.4718394 0.3360313 0.4632261 0.3332856 0.4640346 0.3370836 0.4645417 0.3407967 0.4562829 0.3371442 0.4645417 0.3407967 0.4562214 0.3406729 0.4562829 0.3371442 0.4736489 0.3403463 0.4645417 0.3407967 0.4640346 0.3370836 0.4718394 0.3360313 0.4736489 0.3403463 0.4640346 0.3370836 0.4645417 0.3407967 0.4647027 0.3445481 0.4562214 0.3406729 0.4647027 0.3445481 0.4561895 0.344378 0.4562214 0.3406729 0.4741809 0.3449504 0.4647027 0.3445481 0.4645417 0.3407967 0.4736489 0.3403463 0.4741809 0.3449504 0.4645417 0.3407967 0.4647027 0.3445481 0.4644347 0.3482898 0.4561895 0.344378 0.4644347 0.3482898 0.4561711 0.3480783 0.4561895 0.344378 0.4732122 0.3494195 0.4644347 0.3482898 0.4647027 0.3445481 0.4741809 0.3449504 0.4732122 0.3494195 0.4647027 0.3445481 0.4644347 0.3482898 0.4637182 0.3519532 0.4561711 0.3480783 0.4637182 0.3519532 0.4560799 0.3517273 0.4561711 0.3480783 0.4711581 0.3534154 0.4637182 0.3519532 0.4644347 0.3482898 0.4732122 0.3494195 0.4711581 0.3534154 0.4644347 0.3482898 0.4637182 0.3519532 0.4627233 0.355675 0.4560799 0.3517273 0.4627233 0.355675 0.4559185 0.355467 0.4560799 0.3517273 0.4688456 0.3570719 0.4627233 0.355675 0.4637182 0.3519532 0.4711581 0.3534154 0.4688456 0.3570719 0.4637182 0.3519532 0.4627233 0.355675 0.4618711 0.3595253 0.4559185 0.355467 0.4618711 0.3595253 0.455775 0.3593294 0.4559185 0.355467 0.4672515 0.3607884 0.4618711 0.3595253 0.4627233 0.355675 0.4688456 0.3570719 0.4672515 0.3607884 0.4627233 0.355675 0.4561895 0.344378 0.4561711 0.3480783 0.4478573 0.3443799 0.4561895 0.344378 0.4478573 0.3443799 0.4481285 0.3404678 0.4481285 0.3404678 0.4478573 0.3443799 0.4356215 0.340198 0.4481285 0.3404678 0.4356215 0.340198 0.4348952 0.3363106 0.4487341 0.3365619 0.4481285 0.3404678 0.4348952 0.3363106 0.4487341 0.3365619 0.4348952 0.3363106 0.4339979 0.3324902 0.449449 0.3326988 0.4487341 0.3365619 0.4339979 0.3324902 0.449449 0.3326988 0.4339979 0.3324902 0.4334183 0.3286415 0.4498264 0.3288061 0.449449 0.3326988 0.4334183 0.3286415 0.4478573 0.3443799 0.4358871 0.3441793 0.4356215 0.340198 0.4478573 0.3443799 0.4480318 0.3483104 0.4358871 0.3441793 0.4480318 0.3483104 0.4355994 0.3481502 0.4358871 0.3441793 0.4480318 0.3483104 0.4485607 0.3521641 0.4355994 0.3481502 0.4485607 0.3521641 0.4348927 0.3521146 0.4355994 0.3481502 0.4485607 0.3521641 0.4491726 0.3559695 0.4348927 0.3521146 0.4491726 0.3559695 0.4339749 0.3560178 0.4348927 0.3521146 0.4339749 0.3560178 0.4491726 0.3559695 0.4494641 0.3598145 0.4333605 0.35992 0.4339749 0.3560178 0.4494641 0.3598145 0.4562801 0.3335016 0.449449 0.3326988 0.4498264 0.3288061 0.4561914 0.3296097 0.4562801 0.3335016 0.4498264 0.3288061 0.4334183 0.3286415 0.4339979 0.3324902 0.4266226 0.3291913 0.4339979 0.3324902 0.4270722 0.3330566 0.4266226 0.3291913 0.4266226 0.3291913 0.4270722 0.3330566 0.4195808 0.3295062 0.4270722 0.3330566 0.4198645 0.333342 0.4195808 0.3295062 0.4195808 0.3295062 0.4198645 0.333342 0.412486 0.3297631 0.4198645 0.333342 0.4126235 0.3335855 0.412486 0.3297631 0.412486 0.3297631 0.4126235 0.3335855 0.4054662 0.3299988 0.4126235 0.3335855 0.4054213 0.3338139 0.4054662 0.3299988 0.4054662 0.3299988 0.4054213 0.3338139 0.3986622 0.3300915 0.4054213 0.3338139 0.398299 0.3339497 0.3986622 0.3300915 0.4270722 0.3330566 0.4274653 0.3368179 0.4198645 0.333342 0.4274653 0.3368179 0.4200144 0.3370232 0.4198645 0.333342 0.4198645 0.333342 0.4200144 0.3370232 0.4126235 0.3335855 0.4200144 0.3370232 0.4126242 0.3372473 0.4126235 0.3335855 0.4126235 0.3335855 0.4126242 0.3372473 0.4054213 0.3338139 0.4126242 0.3372473 0.4052652 0.3374717 0.4054213 0.3338139 0.4054213 0.3338139 0.4052652 0.3374717 0.398299 0.3339497 0.4052652 0.3374717 0.3978915 0.3375971 0.398299 0.3339497 0.4274653 0.3368179 0.4277544 0.3405205 0.4200144 0.3370232 0.4277544 0.3405205 0.420124 0.3406717 0.4200144 0.3370232 0.4200144 0.3370232 0.420124 0.3406717 0.4126242 0.3372473 0.420124 0.3406717 0.4126383 0.3408918 0.4126242 0.3372473 0.4126242 0.3372473 0.4126383 0.3408918 0.4052652 0.3374717 0.4126383 0.3408918 0.4051712 0.3411166 0.4052652 0.3374717 0.4052652 0.3374717 0.4051712 0.3411166 0.3978915 0.3375971 0.4051712 0.3411166 0.3975958 0.3411886 0.3978915 0.3375971 0.4277544 0.3405205 0.4279289 0.344303 0.420124 0.3406717 0.4279289 0.344303 0.4202531 0.3444219 0.420124 0.3406717 0.420124 0.3406717 0.4202531 0.3444219 0.4126383 0.3408918 0.4202531 0.3444219 0.4127412 0.3446455 0.4126383 0.3408918 0.4126383 0.3408918 0.4127412 0.3446455 0.4051712 0.3411166 0.4127412 0.3446455 0.4052293 0.3448691 0.4051712 0.3411166 0.4051712 0.3411166 0.4052293 0.3448691 0.3975958 0.3411886 0.4052293 0.3448691 0.3975535 0.3449882 0.3975958 0.3411886 0.4279289 0.344303 0.4278866 0.3481025 0.4202531 0.3444219 0.4278866 0.3481025 0.4203112 0.3481745 0.4202531 0.3444219 0.4202531 0.3444219 0.4203112 0.3481745 0.4127412 0.3446455 0.4203112 0.3481745 0.4128441 0.3483989 0.4127412 0.3446455 0.4127412 0.3446455 0.4128441 0.3483989 0.4052293 0.3448691 0.4128441 0.3483989 0.4053584 0.3486194 0.4052293 0.3448691 0.4052293 0.3448691 0.4053584 0.3486194 0.3975535 0.3449882 0.4053584 0.3486194 0.3977282 0.3487706 0.3975535 0.3449882 0.4278866 0.3481025 0.4275905 0.3516936 0.4203112 0.3481745 0.4275905 0.3516936 0.4202173 0.3518192 0.4203112 0.3481745 0.4203112 0.3481745 0.4202173 0.3518192 0.4128441 0.3483989 0.4202173 0.3518192 0.4128584 0.3520433 0.4128441 0.3483989 0.4128441 0.3483989 0.4128584 0.3520433 0.4053584 0.3486194 0.4128584 0.3520433 0.4054682 0.3522678 0.4053584 0.3486194 0.4053584 0.3486194 0.4054682 0.3522678 0.3977282 0.3487706 0.4054682 0.3522678 0.3980181 0.352473 0.3977282 0.3487706 0.4275905 0.3516936 0.4271833 0.3553413 0.4202173 0.3518192 0.4271833 0.3553413 0.4200614 0.355477 0.4202173 0.3518192 0.4202173 0.3518192 0.4200614 0.355477 0.4128584 0.3520433 0.4200614 0.355477 0.4128593 0.355705 0.4128584 0.3520433 0.4128584 0.3520433 0.4128593 0.355705 0.4054682 0.3522678 0.4128593 0.355705 0.4056183 0.3559489 0.4054682 0.3522678 0.4054682 0.3522678 0.4056183 0.3559489 0.3980181 0.352473 0.4056183 0.3559489 0.398411 0.3562346 0.3980181 0.352473 0.4271833 0.3553413 0.4268205 0.3591995 0.4200614 0.355477 0.4268205 0.3591995 0.4200167 0.359292 0.4200614 0.355477 0.4200614 0.355477 0.4200167 0.359292 0.4128593 0.355705 0.4200167 0.359292 0.4129971 0.3595277 0.4128593 0.355705 0.4128593 0.355705 0.4129971 0.3595277 0.4056183 0.3559489 0.4129971 0.3595277 0.4059026 0.3597847 0.4056183 0.3559489 0.4056183 0.3559489 0.4059026 0.3597847 0.398411 0.3562346 0.4059026 0.3597847 0.3988613 0.3600998 0.398411 0.3562346 0.3977282 0.3487706 0.3980181 0.352473 0.3898612 0.3490937 0.3977282 0.3487706 0.3898612 0.3490937 0.3895955 0.3451126 0.3895955 0.3451126 0.3898612 0.3490937 0.3776253 0.3449124 0.3895955 0.3451126 0.3776253 0.3449124 0.3774508 0.3409821 0.3898831 0.3411413 0.3895955 0.3451126 0.3774508 0.3409821 0.3898831 0.3411413 0.3774508 0.3409821 0.3769211 0.3371285 0.3905895 0.3371768 0.3898831 0.3411413 0.3769211 0.3371285 0.3905895 0.3371768 0.3769211 0.3371285 0.3763092 0.3333231 0.3915075 0.3332735 0.3905895 0.3371768 0.3763092 0.3333231 0.3915075 0.3332735 0.3763092 0.3333231 0.3760178 0.3294784 0.3921216 0.3293711 0.3915075 0.3332735 0.3760178 0.3294784 0.3898612 0.3490937 0.377354 0.3488247 0.3776253 0.3449124 0.3898612 0.3490937 0.3905879 0.352981 0.377354 0.3488247 0.3905879 0.352981 0.3767495 0.3527308 0.377354 0.3488247 0.3905879 0.352981 0.3914853 0.3568015 0.3767495 0.3527308 0.3914853 0.3568015 0.376035 0.356594 0.3767495 0.3527308 0.376035 0.356594 0.3914853 0.3568015 0.3920658 0.3606499 0.3756582 0.360487 0.376035 0.356594 0.3920658 0.3606499 0.398299 0.3339497 0.3915075 0.3332735 0.3921216 0.3293711 0.3986622 0.3300915 0.398299 0.3339497 0.3921216 0.3293711 0.3760178 0.3294784 0.3763092 0.3333231 0.3697065 0.3299639 0.3763092 0.3333231 0.3695632 0.3338262 0.3697065 0.3299639 0.3697065 0.3299639 0.3695632 0.3338262 0.3636102 0.3297684 0.3695632 0.3338262 0.3627585 0.333619 0.3636102 0.3297684 0.3636102 0.3297684 0.3627585 0.333619 0.3582295 0.3285062 0.3627585 0.333619 0.3566359 0.3322229 0.3582295 0.3285062 0.3695632 0.3338262 0.3694023 0.337566 0.3627585 0.333619 0.3694023 0.337566 0.3617637 0.337341 0.3627585 0.333619 0.3627585 0.333619 0.3617637 0.337341 0.3566359 0.3322229 0.3617637 0.337341 0.3543236 0.3358796 0.3566359 0.3322229 0.3694023 0.337566 0.3693115 0.3412149 0.3617637 0.337341 0.3693115 0.3412149 0.3610475 0.3410046 0.3617637 0.337341 0.3617637 0.337341 0.3610475 0.3410046 0.3543236 0.3358796 0.3610475 0.3410046 0.3522695 0.3398762 0.3543236 0.3358796 0.3693115 0.3412149 0.3692933 0.3449153 0.3610475 0.3410046 0.3692933 0.3449153 0.36078 0.3447464 0.3610475 0.3410046 0.3610475 0.3410046 0.36078 0.3447464 0.3522695 0.3398762 0.36078 0.3447464 0.3513017 0.3443455 0.3522695 0.3398762 0.3692933 0.3449153 0.3692615 0.3486204 0.36078 0.3447464 0.3692615 0.3486204 0.3609412 0.3484978 0.36078 0.3447464 0.36078 0.3447464 0.3609412 0.3484978 0.3513017 0.3443455 0.3609412 0.3484978 0.3518348 0.3489496 0.3513017 0.3443455 0.3692615 0.3486204 0.3692005 0.3521491 0.3609412 0.3484978 0.3692005 0.3521491 0.3614489 0.3522108 0.3609412 0.3484978 0.3609412 0.3484978 0.3614489 0.3522108 0.3518348 0.3489496 0.3614489 0.3522108 0.3536444 0.3532642 0.3518348 0.3489496 0.3692005 0.3521491 0.369204 0.3557919 0.3614489 0.3522108 0.369204 0.3557919 0.3622578 0.3560088 0.3614489 0.3522108 0.3614489 0.3522108 0.3622578 0.3560088 0.3536444 0.3532642 0.3622578 0.3560088 0.3559437 0.3572232 0.3536444 0.3532642 0.369204 0.3557919 0.3692933 0.3596839 0.3622578 0.3560088 0.3692933 0.3596839 0.3630863 0.3598655 0.3622578 0.3560088 0.3622578 0.3560088 0.3630863 0.3598655 0.3559437 0.3572232 0.3630863 0.3598655 0.3575638 0.3610116 0.3559437 0.3572232 0.377354 0.3488247 0.3692615 0.3486204 0.3692933 0.3449153 0.3776253 0.3449124 0.377354 0.3488247 0.3692933 0.3449153 0.3767495 0.3527308 0.3692005 0.3521491 0.3692615 0.3486204 0.377354 0.3488247 0.3767495 0.3527308 0.3692615 0.3486204 0.376035 0.356594 0.369204 0.3557919 0.3692005 0.3521491 0.3767495 0.3527308 0.376035 0.356594 0.3692005 0.3521491 0.3756582 0.360487 0.3692933 0.3596839 0.369204 0.3557919 0.376035 0.356594 0.3756582 0.360487 0.369204 0.3557919 0.3776253 0.3449124 0.3692933 0.3449153 0.3693115 0.3412149 0.3774508 0.3409821 0.3776253 0.3449124 0.3693115 0.3412149 0.3774508 0.3409821 0.3693115 0.3412149 0.3694023 0.337566 0.3769211 0.3371285 0.3774508 0.3409821 0.3694023 0.337566 0.3769211 0.3371285 0.3694023 0.337566 0.3695632 0.3338262 0.3763092 0.3333231 0.3769211 0.3371285 0.3695632 0.3338262 0.4562829 0.3371442 0.4487341 0.3365619 0.449449 0.3326988 0.4562801 0.3335016 0.4562829 0.3371442 0.449449 0.3326988 0.4562829 0.3371442 0.4562214 0.3406729 0.4487341 0.3365619 0.4562214 0.3406729 0.4481285 0.3404678 0.4487341 0.3365619 0.4562214 0.3406729 0.4561895 0.344378 0.4481285 0.3404678 0.4348952 0.3363106 0.4274653 0.3368179 0.4270722 0.3330566 0.4339979 0.3324902 0.4348952 0.3363106 0.4270722 0.3330566 0.4348952 0.3363106 0.4356215 0.340198 0.4274653 0.3368179 0.4356215 0.340198 0.4277544 0.3405205 0.4274653 0.3368179 0.4356215 0.340198 0.4358871 0.3441793 0.4277544 0.3405205 0.4358871 0.3441793 0.4279289 0.344303 0.4277544 0.3405205 0.4358871 0.3441793 0.4355994 0.3481502 0.4279289 0.344303 0.4355994 0.3481502 0.4278866 0.3481025 0.4279289 0.344303 0.4355994 0.3481502 0.4348927 0.3521146 0.4278866 0.3481025 0.4348927 0.3521146 0.4275905 0.3516936 0.4278866 0.3481025 0.4348927 0.3521146 0.4339749 0.3560178 0.4275905 0.3516936 0.4339749 0.3560178 0.4271833 0.3553413 0.4275905 0.3516936 0.4339749 0.3560178 0.4333605 0.35992 0.4271833 0.3553413 0.4333605 0.35992 0.4268205 0.3591995 0.4271833 0.3553413 0.3978915 0.3375971 0.3905895 0.3371768 0.3915075 0.3332735 0.398299 0.3339497 0.3978915 0.3375971 0.3915075 0.3332735 0.3978915 0.3375971 0.3975958 0.3411886 0.3905895 0.3371768 0.3975958 0.3411886 0.3898831 0.3411413 0.3905895 0.3371768 0.3975958 0.3411886 0.3975535 0.3449882 0.3898831 0.3411413 0.3975535 0.3449882 0.3895955 0.3451126 0.3898831 0.3411413 0.3975535 0.3449882 0.3977282 0.3487706 0.3895955 0.3451126 0.4561711 0.3480783 0.4480318 0.3483104 0.4478573 0.3443799 0.4561711 0.3480783 0.4560799 0.3517273 0.4480318 0.3483104 0.4560799 0.3517273 0.4485607 0.3521641 0.4480318 0.3483104 0.4560799 0.3517273 0.4559185 0.355467 0.4485607 0.3521641 0.4559185 0.355467 0.4491726 0.3559695 0.4485607 0.3521641 0.4559185 0.355467 0.455775 0.3593294 0.4491726 0.3559695 0.455775 0.3593294 0.4494641 0.3598145 0.4491726 0.3559695 0.3980181 0.352473 0.3905879 0.352981 0.3898612 0.3490937 0.3980181 0.352473 0.398411 0.3562346 0.3905879 0.352981 0.398411 0.3562346 0.3914853 0.3568015 0.3905879 0.352981 0.398411 0.3562346 0.3988613 0.3600998 0.3914853 0.3568015 0.3988613 0.3600998 0.3920658 0.3606499 0.3914853 0.3568015 0.5790254 0.1077463 0.5720793 0.1079624 0.5719906 0.1040704 0.5781976 0.1038895 0.5790254 0.1077463 0.5719906 0.1040704 0.5853398 0.106533 0.5790254 0.1077463 0.5781976 0.1038895 0.5837205 0.1027442 0.5853398 0.106533 0.5781976 0.1038895 0.5790254 0.1077463 0.5798339 0.1115443 0.5720793 0.1079624 0.5798339 0.1115443 0.5720822 0.1116049 0.5720793 0.1079624 0.5876386 0.110492 0.5798339 0.1115443 0.5790254 0.1077463 0.5853398 0.106533 0.5876386 0.110492 0.5790254 0.1077463 0.5798339 0.1115443 0.580341 0.1152573 0.5720822 0.1116049 0.580341 0.1152573 0.5720207 0.1151336 0.5720822 0.1116049 0.5894481 0.1148071 0.580341 0.1152573 0.5798339 0.1115443 0.5876386 0.110492 0.5894481 0.1148071 0.5798339 0.1115443 0.580341 0.1152573 0.5805019 0.1190088 0.5720207 0.1151336 0.5805019 0.1190088 0.5719887 0.1188387 0.5720207 0.1151336 0.5899801 0.1194111 0.5805019 0.1190088 0.580341 0.1152573 0.5894481 0.1148071 0.5899801 0.1194111 0.580341 0.1152573 0.5805019 0.1190088 0.5802339 0.1227505 0.5719887 0.1188387 0.5802339 0.1227505 0.5719704 0.122539 0.5719887 0.1188387 0.5890114 0.1238802 0.5802339 0.1227505 0.5805019 0.1190088 0.5899801 0.1194111 0.5890114 0.1238802 0.5805019 0.1190088 0.5802339 0.1227505 0.5795175 0.1264139 0.5719704 0.122539 0.5795175 0.1264139 0.571879 0.1261879 0.5719704 0.122539 0.5869573 0.1278761 0.5795175 0.1264139 0.5802339 0.1227505 0.5890114 0.1238802 0.5869573 0.1278761 0.5802339 0.1227505 0.5795175 0.1264139 0.5785226 0.1301357 0.571879 0.1261879 0.5785226 0.1301357 0.5717177 0.1299277 0.571879 0.1261879 0.5846448 0.1315326 0.5785226 0.1301357 0.5795175 0.1264139 0.5869573 0.1278761 0.5846448 0.1315326 0.5795175 0.1264139 0.5785226 0.1301357 0.5776703 0.1339859 0.5717177 0.1299277 0.5776703 0.1339859 0.5715742 0.1337901 0.5717177 0.1299277 0.5830507 0.1352491 0.5776703 0.1339859 0.5785226 0.1301357 0.5846448 0.1315326 0.5830507 0.1352491 0.5785226 0.1301357 0.5719887 0.1188387 0.5719704 0.122539 0.5636565 0.1188406 0.5719887 0.1188387 0.5636565 0.1188406 0.5639278 0.1149286 0.5639278 0.1149286 0.5636565 0.1188406 0.5514207 0.1146587 0.5639278 0.1149286 0.5514207 0.1146587 0.5506944 0.1107713 0.5645334 0.1110227 0.5639278 0.1149286 0.5506944 0.1107713 0.5645334 0.1110227 0.5506944 0.1107713 0.5497972 0.1069508 0.5652483 0.1071595 0.5645334 0.1110227 0.5497972 0.1069508 0.5652483 0.1071595 0.5497972 0.1069508 0.5492176 0.1031023 0.5656257 0.1032668 0.5652483 0.1071595 0.5492176 0.1031023 0.5636565 0.1188406 0.5516863 0.11864 0.5514207 0.1146587 0.5636565 0.1188406 0.563831 0.1227711 0.5516863 0.11864 0.563831 0.1227711 0.5513986 0.1226109 0.5516863 0.11864 0.563831 0.1227711 0.5643599 0.1266248 0.5513986 0.1226109 0.5643599 0.1266248 0.5506919 0.1265753 0.5513986 0.1226109 0.5643599 0.1266248 0.5649718 0.1304302 0.5506919 0.1265753 0.5649718 0.1304302 0.5497741 0.1304785 0.5506919 0.1265753 0.5497741 0.1304785 0.5649718 0.1304302 0.5652633 0.1342751 0.5491598 0.1343808 0.5497741 0.1304785 0.5652633 0.1342751 0.5720793 0.1079624 0.5652483 0.1071595 0.5656257 0.1032668 0.5719906 0.1040704 0.5720793 0.1079624 0.5656257 0.1032668 0.5492176 0.1031023 0.5497972 0.1069508 0.5424219 0.103652 0.5497972 0.1069508 0.5428714 0.1075173 0.5424219 0.103652 0.5424219 0.103652 0.5428714 0.1075173 0.53538 0.1039668 0.5428714 0.1075173 0.5356637 0.1078027 0.53538 0.1039668 0.53538 0.1039668 0.5356637 0.1078027 0.5282852 0.1042238 0.5356637 0.1078027 0.5284227 0.1080462 0.5282852 0.1042238 0.5282852 0.1042238 0.5284227 0.1080462 0.5212655 0.1044595 0.5284227 0.1080462 0.5212205 0.1082746 0.5212655 0.1044595 0.5212655 0.1044595 0.5212205 0.1082746 0.5144614 0.1045522 0.5212205 0.1082746 0.5140982 0.1084104 0.5144614 0.1045522 0.5428714 0.1075173 0.5432645 0.1112785 0.5356637 0.1078027 0.5432645 0.1112785 0.5358136 0.1114839 0.5356637 0.1078027 0.5356637 0.1078027 0.5358136 0.1114839 0.5284227 0.1080462 0.5358136 0.1114839 0.5284234 0.111708 0.5284227 0.1080462 0.5284227 0.1080462 0.5284234 0.111708 0.5212205 0.1082746 0.5284234 0.111708 0.5210644 0.1119325 0.5212205 0.1082746 0.5212205 0.1082746 0.5210644 0.1119325 0.5140982 0.1084104 0.5210644 0.1119325 0.5136907 0.1120579 0.5140982 0.1084104 0.5432645 0.1112785 0.5435536 0.1149812 0.5358136 0.1114839 0.5435536 0.1149812 0.5359233 0.1151324 0.5358136 0.1114839 0.5358136 0.1114839 0.5359233 0.1151324 0.5284234 0.111708 0.5359233 0.1151324 0.5284375 0.1153525 0.5284234 0.111708 0.5284234 0.111708 0.5284375 0.1153525 0.5210644 0.1119325 0.5284375 0.1153525 0.5209704 0.1155773 0.5210644 0.1119325 0.5210644 0.1119325 0.5209704 0.1155773 0.5136907 0.1120579 0.5209704 0.1155773 0.513395 0.1156493 0.5136907 0.1120579 0.5435536 0.1149812 0.5437281 0.1187636 0.5359233 0.1151324 0.5437281 0.1187636 0.5360524 0.1188826 0.5359233 0.1151324 0.5359233 0.1151324 0.5360524 0.1188826 0.5284375 0.1153525 0.5360524 0.1188826 0.5285404 0.1191062 0.5284375 0.1153525 0.5284375 0.1153525 0.5285404 0.1191062 0.5209704 0.1155773 0.5285404 0.1191062 0.5210286 0.1193298 0.5209704 0.1155773 0.5209704 0.1155773 0.5210286 0.1193298 0.513395 0.1156493 0.5210286 0.1193298 0.5133528 0.1194489 0.513395 0.1156493 0.5437281 0.1187636 0.5436859 0.1225632 0.5360524 0.1188826 0.5436859 0.1225632 0.5361104 0.1226352 0.5360524 0.1188826 0.5360524 0.1188826 0.5361104 0.1226352 0.5285404 0.1191062 0.5361104 0.1226352 0.5286434 0.1228595 0.5285404 0.1191062 0.5285404 0.1191062 0.5286434 0.1228595 0.5210286 0.1193298 0.5286434 0.1228595 0.5211576 0.12308 0.5210286 0.1193298 0.5210286 0.1193298 0.5211576 0.12308 0.5133528 0.1194489 0.5211576 0.12308 0.5135274 0.1232313 0.5133528 0.1194489 0.5436859 0.1225632 0.5433897 0.1261544 0.5361104 0.1226352 0.5433897 0.1261544 0.5360165 0.1262798 0.5361104 0.1226352 0.5361104 0.1226352 0.5360165 0.1262798 0.5286434 0.1228595 0.5360165 0.1262798 0.5286576 0.126504 0.5286434 0.1228595 0.5286434 0.1228595 0.5286576 0.126504 0.5211576 0.12308 0.5286576 0.126504 0.5212675 0.1267285 0.5211576 0.12308 0.5211576 0.12308 0.5212675 0.1267285 0.5135274 0.1232313 0.5212675 0.1267285 0.5138173 0.1269338 0.5135274 0.1232313 0.5433897 0.1261544 0.5429825 0.129802 0.5360165 0.1262798 0.5429825 0.129802 0.5358607 0.1299377 0.5360165 0.1262798 0.5360165 0.1262798 0.5358607 0.1299377 0.5286576 0.126504 0.5358607 0.1299377 0.5286586 0.1301658 0.5286576 0.126504 0.5286576 0.126504 0.5286586 0.1301658 0.5212675 0.1267285 0.5286586 0.1301658 0.5214176 0.1304097 0.5212675 0.1267285 0.5212675 0.1267285 0.5214176 0.1304097 0.5138173 0.1269338 0.5214176 0.1304097 0.5142103 0.1306952 0.5138173 0.1269338 0.5429825 0.129802 0.5426197 0.1336603 0.5358607 0.1299377 0.5426197 0.1336603 0.5358158 0.1337527 0.5358607 0.1299377 0.5358607 0.1299377 0.5358158 0.1337527 0.5286586 0.1301658 0.5358158 0.1337527 0.5287963 0.1339883 0.5286586 0.1301658 0.5286586 0.1301658 0.5287963 0.1339883 0.5214176 0.1304097 0.5287963 0.1339883 0.5217019 0.1342455 0.5214176 0.1304097 0.5214176 0.1304097 0.5217019 0.1342455 0.5142103 0.1306952 0.5217019 0.1342455 0.5146605 0.1345605 0.5142103 0.1306952 0.5135274 0.1232313 0.5138173 0.1269338 0.5056604 0.1235544 0.5135274 0.1232313 0.5056604 0.1235544 0.5053947 0.1195733 0.5053947 0.1195733 0.5056604 0.1235544 0.4934245 0.1193732 0.5053947 0.1195733 0.4934245 0.1193732 0.49325 0.1154428 0.5056824 0.115602 0.5053947 0.1195733 0.49325 0.1154428 0.5056824 0.115602 0.49325 0.1154428 0.4927203 0.1115891 0.5063887 0.1116375 0.5056824 0.115602 0.4927203 0.1115891 0.5063887 0.1116375 0.4927203 0.1115891 0.4921084 0.1077837 0.5073068 0.1077342 0.5063887 0.1116375 0.4921084 0.1077837 0.5073068 0.1077342 0.4921084 0.1077837 0.4918169 0.1039391 0.5079209 0.1038318 0.5073068 0.1077342 0.4918169 0.1039391 0.5056604 0.1235544 0.4931533 0.1232854 0.4934245 0.1193732 0.5056604 0.1235544 0.5063872 0.1274417 0.4931533 0.1232854 0.5063872 0.1274417 0.4925487 0.1271915 0.4931533 0.1232854 0.5063872 0.1274417 0.5072846 0.1312623 0.4925487 0.1271915 0.5072846 0.1312623 0.4918342 0.1310547 0.4925487 0.1271915 0.4918342 0.1310547 0.5072846 0.1312623 0.5078651 0.1351106 0.4914574 0.1349477 0.4918342 0.1310547 0.5078651 0.1351106 0.5140982 0.1084104 0.5073068 0.1077342 0.5079209 0.1038318 0.5144614 0.1045522 0.5140982 0.1084104 0.5079209 0.1038318 0.4918169 0.1039391 0.4921084 0.1077837 0.4855057 0.1044245 0.4921084 0.1077837 0.4853625 0.1082869 0.4855057 0.1044245 0.4855057 0.1044245 0.4853625 0.1082869 0.4794094 0.1042291 0.4853625 0.1082869 0.4785577 0.1080797 0.4794094 0.1042291 0.4794094 0.1042291 0.4785577 0.1080797 0.4740288 0.1029669 0.4785577 0.1080797 0.4724352 0.1066836 0.4740288 0.1029669 0.4853625 0.1082869 0.4852015 0.1120268 0.4785577 0.1080797 0.4852015 0.1120268 0.4775629 0.1118017 0.4785577 0.1080797 0.4785577 0.1080797 0.4775629 0.1118017 0.4724352 0.1066836 0.4775629 0.1118017 0.4701228 0.1103403 0.4724352 0.1066836 0.4852015 0.1120268 0.4851107 0.1156756 0.4775629 0.1118017 0.4851107 0.1156756 0.4768468 0.1154653 0.4775629 0.1118017 0.4775629 0.1118017 0.4768468 0.1154653 0.4701228 0.1103403 0.4768468 0.1154653 0.4680688 0.1143369 0.4701228 0.1103403 0.4851107 0.1156756 0.4850925 0.119376 0.4768468 0.1154653 0.4850925 0.119376 0.4765792 0.119207 0.4768468 0.1154653 0.4768468 0.1154653 0.4765792 0.119207 0.4680688 0.1143369 0.4765792 0.119207 0.467101 0.1188062 0.4680688 0.1143369 0.4850925 0.119376 0.4850606 0.123081 0.4765792 0.119207 0.4850606 0.123081 0.4767404 0.1229584 0.4765792 0.119207 0.4765792 0.119207 0.4767404 0.1229584 0.467101 0.1188062 0.4767404 0.1229584 0.467634 0.1234103 0.467101 0.1188062 0.4850606 0.123081 0.4849997 0.1266099 0.4767404 0.1229584 0.4849997 0.1266099 0.4772481 0.1266715 0.4767404 0.1229584 0.4767404 0.1229584 0.4772481 0.1266715 0.467634 0.1234103 0.4772481 0.1266715 0.4694437 0.1277248 0.467634 0.1234103 0.4849997 0.1266099 0.4850032 0.1302526 0.4772481 0.1266715 0.4850032 0.1302526 0.478057 0.1304695 0.4772481 0.1266715 0.4772481 0.1266715 0.478057 0.1304695 0.4694437 0.1277248 0.478057 0.1304695 0.471743 0.1316839 0.4694437 0.1277248 0.4850032 0.1302526 0.4850925 0.1341446 0.478057 0.1304695 0.4850925 0.1341446 0.4788855 0.1343262 0.478057 0.1304695 0.478057 0.1304695 0.4788855 0.1343262 0.471743 0.1316839 0.4788855 0.1343262 0.4733631 0.1354723 0.471743 0.1316839 0.4931533 0.1232854 0.4850606 0.123081 0.4850925 0.119376 0.4934245 0.1193732 0.4931533 0.1232854 0.4850925 0.119376 0.4925487 0.1271915 0.4849997 0.1266099 0.4850606 0.123081 0.4931533 0.1232854 0.4925487 0.1271915 0.4850606 0.123081 0.4918342 0.1310547 0.4850032 0.1302526 0.4849997 0.1266099 0.4925487 0.1271915 0.4918342 0.1310547 0.4849997 0.1266099 0.4914574 0.1349477 0.4850925 0.1341446 0.4850032 0.1302526 0.4918342 0.1310547 0.4914574 0.1349477 0.4850032 0.1302526 0.4934245 0.1193732 0.4850925 0.119376 0.4851107 0.1156756 0.49325 0.1154428 0.4934245 0.1193732 0.4851107 0.1156756 0.49325 0.1154428 0.4851107 0.1156756 0.4852015 0.1120268 0.4927203 0.1115891 0.49325 0.1154428 0.4852015 0.1120268 0.4927203 0.1115891 0.4852015 0.1120268 0.4853625 0.1082869 0.4921084 0.1077837 0.4927203 0.1115891 0.4853625 0.1082869 0.5720822 0.1116049 0.5645334 0.1110227 0.5652483 0.1071595 0.5720793 0.1079624 0.5720822 0.1116049 0.5652483 0.1071595 0.5720822 0.1116049 0.5720207 0.1151336 0.5645334 0.1110227 0.5720207 0.1151336 0.5639278 0.1149286 0.5645334 0.1110227 0.5720207 0.1151336 0.5719887 0.1188387 0.5639278 0.1149286 0.5506944 0.1107713 0.5432645 0.1112785 0.5428714 0.1075173 0.5497972 0.1069508 0.5506944 0.1107713 0.5428714 0.1075173 0.5506944 0.1107713 0.5514207 0.1146587 0.5432645 0.1112785 0.5514207 0.1146587 0.5435536 0.1149812 0.5432645 0.1112785 0.5514207 0.1146587 0.5516863 0.11864 0.5435536 0.1149812 0.5516863 0.11864 0.5437281 0.1187636 0.5435536 0.1149812 0.5516863 0.11864 0.5513986 0.1226109 0.5437281 0.1187636 0.5513986 0.1226109 0.5436859 0.1225632 0.5437281 0.1187636 0.5513986 0.1226109 0.5506919 0.1265753 0.5436859 0.1225632 0.5506919 0.1265753 0.5433897 0.1261544 0.5436859 0.1225632 0.5506919 0.1265753 0.5497741 0.1304785 0.5433897 0.1261544 0.5497741 0.1304785 0.5429825 0.129802 0.5433897 0.1261544 0.5497741 0.1304785 0.5491598 0.1343808 0.5429825 0.129802 0.5491598 0.1343808 0.5426197 0.1336603 0.5429825 0.129802 0.5136907 0.1120579 0.5063887 0.1116375 0.5073068 0.1077342 0.5140982 0.1084104 0.5136907 0.1120579 0.5073068 0.1077342 0.5136907 0.1120579 0.513395 0.1156493 0.5063887 0.1116375 0.513395 0.1156493 0.5056824 0.115602 0.5063887 0.1116375 0.513395 0.1156493 0.5133528 0.1194489 0.5056824 0.115602 0.5133528 0.1194489 0.5053947 0.1195733 0.5056824 0.115602 0.5133528 0.1194489 0.5135274 0.1232313 0.5053947 0.1195733 0.5719704 0.122539 0.563831 0.1227711 0.5636565 0.1188406 0.5719704 0.122539 0.571879 0.1261879 0.563831 0.1227711 0.571879 0.1261879 0.5643599 0.1266248 0.563831 0.1227711 0.571879 0.1261879 0.5717177 0.1299277 0.5643599 0.1266248 0.5717177 0.1299277 0.5649718 0.1304302 0.5643599 0.1266248 0.5717177 0.1299277 0.5715742 0.1337901 0.5649718 0.1304302 0.5715742 0.1337901 0.5652633 0.1342751 0.5649718 0.1304302 0.5138173 0.1269338 0.5063872 0.1274417 0.5056604 0.1235544 0.5138173 0.1269338 0.5142103 0.1306952 0.5063872 0.1274417 0.5142103 0.1306952 0.5072846 0.1312623 0.5063872 0.1274417 0.5142103 0.1306952 0.5146605 0.1345605 0.5072846 0.1312623 0.5146605 0.1345605 0.5078651 0.1351106 0.5072846 0.1312623 0.4631705 0.2942085 0.4562244 0.2944246 0.4561357 0.2905327 0.4623427 0.2903517 0.4631705 0.2942085 0.4561357 0.2905327 0.4694849 0.2929952 0.4631705 0.2942085 0.4623427 0.2903517 0.4678655 0.2892065 0.4694849 0.2929952 0.4623427 0.2903517 0.4631705 0.2942085 0.463979 0.2980065 0.4562244 0.2944246 0.463979 0.2980065 0.4562273 0.2980672 0.4562244 0.2944246 0.4717837 0.2969543 0.463979 0.2980065 0.4631705 0.2942085 0.4694849 0.2929952 0.4717837 0.2969543 0.4631705 0.2942085 0.463979 0.2980065 0.4644861 0.3017196 0.4562273 0.2980672 0.4644861 0.3017196 0.4561657 0.3015958 0.4562273 0.2980672 0.4735932 0.3012693 0.4644861 0.3017196 0.463979 0.2980065 0.4717837 0.2969543 0.4735932 0.3012693 0.463979 0.2980065 0.4644861 0.3017196 0.464647 0.3054711 0.4561657 0.3015958 0.464647 0.3054711 0.4561338 0.305301 0.4561657 0.3015958 0.4741252 0.3058733 0.464647 0.3054711 0.4644861 0.3017196 0.4735932 0.3012693 0.4741252 0.3058733 0.4644861 0.3017196 0.464647 0.3054711 0.464379 0.3092127 0.4561338 0.305301 0.464379 0.3092127 0.4561154 0.3090013 0.4561338 0.305301 0.4731565 0.3103424 0.464379 0.3092127 0.464647 0.3054711 0.4741252 0.3058733 0.4731565 0.3103424 0.464647 0.3054711 0.464379 0.3092127 0.4636626 0.3128761 0.4561154 0.3090013 0.4636626 0.3128761 0.4560242 0.3126502 0.4561154 0.3090013 0.4711024 0.3143384 0.4636626 0.3128761 0.464379 0.3092127 0.4731565 0.3103424 0.4711024 0.3143384 0.464379 0.3092127 0.4636626 0.3128761 0.4626677 0.3165979 0.4560242 0.3126502 0.4626677 0.3165979 0.4558628 0.31639 0.4560242 0.3126502 0.4687899 0.3179948 0.4626677 0.3165979 0.4636626 0.3128761 0.4711024 0.3143384 0.4687899 0.3179948 0.4636626 0.3128761 0.4626677 0.3165979 0.4618154 0.3204482 0.4558628 0.31639 0.4618154 0.3204482 0.4557194 0.3202523 0.4558628 0.31639 0.4671958 0.3217114 0.4618154 0.3204482 0.4626677 0.3165979 0.4687899 0.3179948 0.4671958 0.3217114 0.4626677 0.3165979 0.4561338 0.305301 0.4561154 0.3090013 0.4478016 0.3053029 0.4561338 0.305301 0.4478016 0.3053029 0.4480729 0.3013908 0.4480729 0.3013908 0.4478016 0.3053029 0.4355658 0.3011209 0.4480729 0.3013908 0.4355658 0.3011209 0.4348395 0.2972336 0.4486784 0.2974849 0.4480729 0.3013908 0.4348395 0.2972336 0.4486784 0.2974849 0.4348395 0.2972336 0.4339423 0.2934131 0.4493933 0.2936218 0.4486784 0.2974849 0.4339423 0.2934131 0.4493933 0.2936218 0.4339423 0.2934131 0.4333627 0.2895645 0.4497708 0.289729 0.4493933 0.2936218 0.4333627 0.2895645 0.4478016 0.3053029 0.4358314 0.3051022 0.4355658 0.3011209 0.4478016 0.3053029 0.4479761 0.3092334 0.4358314 0.3051022 0.4479761 0.3092334 0.4355438 0.3090731 0.4358314 0.3051022 0.4479761 0.3092334 0.448505 0.313087 0.4355438 0.3090731 0.448505 0.313087 0.4348371 0.3130375 0.4355438 0.3090731 0.448505 0.313087 0.4491169 0.3168925 0.4348371 0.3130375 0.4491169 0.3168925 0.4339192 0.3169408 0.4348371 0.3130375 0.4339192 0.3169408 0.4491169 0.3168925 0.4494084 0.3207374 0.4333049 0.320843 0.4339192 0.3169408 0.4494084 0.3207374 0.4562244 0.2944246 0.4493933 0.2936218 0.4497708 0.289729 0.4561357 0.2905327 0.4562244 0.2944246 0.4497708 0.289729 0.4333627 0.2895645 0.4339423 0.2934131 0.426567 0.2901142 0.4339423 0.2934131 0.4270165 0.2939796 0.426567 0.2901142 0.426567 0.2901142 0.4270165 0.2939796 0.4195252 0.2904291 0.4270165 0.2939796 0.4198089 0.2942649 0.4195252 0.2904291 0.4195252 0.2904291 0.4198089 0.2942649 0.4124304 0.290686 0.4198089 0.2942649 0.4125679 0.2945085 0.4124304 0.290686 0.4124304 0.290686 0.4125679 0.2945085 0.4054106 0.2909218 0.4125679 0.2945085 0.4053656 0.2947369 0.4054106 0.2909218 0.4054106 0.2909218 0.4053656 0.2947369 0.3986065 0.2910144 0.4053656 0.2947369 0.3982434 0.2948727 0.3986065 0.2910144 0.4270165 0.2939796 0.4274096 0.2977408 0.4198089 0.2942649 0.4274096 0.2977408 0.4199587 0.2979462 0.4198089 0.2942649 0.4198089 0.2942649 0.4199587 0.2979462 0.4125679 0.2945085 0.4199587 0.2979462 0.4125686 0.2981703 0.4125679 0.2945085 0.4125679 0.2945085 0.4125686 0.2981703 0.4053656 0.2947369 0.4125686 0.2981703 0.4052096 0.2983947 0.4053656 0.2947369 0.4053656 0.2947369 0.4052096 0.2983947 0.3982434 0.2948727 0.4052096 0.2983947 0.3978359 0.2985201 0.3982434 0.2948727 0.4274096 0.2977408 0.4276987 0.3014435 0.4199587 0.2979462 0.4276987 0.3014435 0.4200684 0.3015947 0.4199587 0.2979462 0.4199587 0.2979462 0.4200684 0.3015947 0.4125686 0.2981703 0.4200684 0.3015947 0.4125826 0.3018148 0.4125686 0.2981703 0.4125686 0.2981703 0.4125826 0.3018148 0.4052096 0.2983947 0.4125826 0.3018148 0.4051155 0.3020395 0.4052096 0.2983947 0.4052096 0.2983947 0.4051155 0.3020395 0.3978359 0.2985201 0.4051155 0.3020395 0.3975402 0.3021116 0.3978359 0.2985201 0.4276987 0.3014435 0.4278732 0.3052259 0.4200684 0.3015947 0.4278732 0.3052259 0.4201975 0.3053448 0.4200684 0.3015947 0.4200684 0.3015947 0.4201975 0.3053448 0.4125826 0.3018148 0.4201975 0.3053448 0.4126856 0.3055685 0.4125826 0.3018148 0.4125826 0.3018148 0.4126856 0.3055685 0.4051155 0.3020395 0.4126856 0.3055685 0.4051737 0.3057921 0.4051155 0.3020395 0.4051155 0.3020395 0.4051737 0.3057921 0.3975402 0.3021116 0.4051737 0.3057921 0.3974979 0.3059111 0.3975402 0.3021116 0.4278732 0.3052259 0.427831 0.3090254 0.4201975 0.3053448 0.427831 0.3090254 0.4202555 0.3090974 0.4201975 0.3053448 0.4201975 0.3053448 0.4202555 0.3090974 0.4126856 0.3055685 0.4202555 0.3090974 0.4127885 0.3093218 0.4126856 0.3055685 0.4126856 0.3055685 0.4127885 0.3093218 0.4051737 0.3057921 0.4127885 0.3093218 0.4053028 0.3095423 0.4051737 0.3057921 0.4051737 0.3057921 0.4053028 0.3095423 0.3974979 0.3059111 0.4053028 0.3095423 0.3976725 0.3096936 0.3974979 0.3059111 0.427831 0.3090254 0.4275349 0.3126166 0.4202555 0.3090974 0.4275349 0.3126166 0.4201617 0.3127421 0.4202555 0.3090974 0.4202555 0.3090974 0.4201617 0.3127421 0.4127885 0.3093218 0.4201617 0.3127421 0.4128027 0.3129662 0.4127885 0.3093218 0.4127885 0.3093218 0.4128027 0.3129662 0.4053028 0.3095423 0.4128027 0.3129662 0.4054126 0.3131907 0.4053028 0.3095423 0.4053028 0.3095423 0.4054126 0.3131907 0.3976725 0.3096936 0.4054126 0.3131907 0.3979624 0.313396 0.3976725 0.3096936 0.4275349 0.3126166 0.4271277 0.3162643 0.4201617 0.3127421 0.4271277 0.3162643 0.4200057 0.3163999 0.4201617 0.3127421 0.4201617 0.3127421 0.4200057 0.3163999 0.4128027 0.3129662 0.4200057 0.3163999 0.4128037 0.316628 0.4128027 0.3129662 0.4128027 0.3129662 0.4128037 0.316628 0.4054126 0.3131907 0.4128037 0.316628 0.4055627 0.3168719 0.4054126 0.3131907 0.4054126 0.3131907 0.4055627 0.3168719 0.3979624 0.313396 0.4055627 0.3168719 0.3983554 0.3171575 0.3979624 0.313396 0.4271277 0.3162643 0.4267649 0.3201225 0.4200057 0.3163999 0.4267649 0.3201225 0.419961 0.3202149 0.4200057 0.3163999 0.4200057 0.3163999 0.419961 0.3202149 0.4128037 0.316628 0.419961 0.3202149 0.4129415 0.3204506 0.4128037 0.316628 0.4128037 0.316628 0.4129415 0.3204506 0.4055627 0.3168719 0.4129415 0.3204506 0.405847 0.3207077 0.4055627 0.3168719 0.4055627 0.3168719 0.405847 0.3207077 0.3983554 0.3171575 0.405847 0.3207077 0.3988056 0.3210228 0.3983554 0.3171575 0.3976725 0.3096936 0.3979624 0.313396 0.3898056 0.3100166 0.3976725 0.3096936 0.3898056 0.3100166 0.3895398 0.3060356 0.3895398 0.3060356 0.3898056 0.3100166 0.3775697 0.3058354 0.3895398 0.3060356 0.3775697 0.3058354 0.3773952 0.301905 0.3898274 0.3020642 0.3895398 0.3060356 0.3773952 0.301905 0.3898274 0.3020642 0.3773952 0.301905 0.3768655 0.2980514 0.3905339 0.2980998 0.3898274 0.3020642 0.3768655 0.2980514 0.3905339 0.2980998 0.3768655 0.2980514 0.3762536 0.294246 0.3914519 0.2941965 0.3905339 0.2980998 0.3762536 0.294246 0.3914519 0.2941965 0.3762536 0.294246 0.3759621 0.2904013 0.392066 0.2902941 0.3914519 0.2941965 0.3759621 0.2904013 0.3898056 0.3100166 0.3772984 0.3097477 0.3775697 0.3058354 0.3898056 0.3100166 0.3905323 0.3139039 0.3772984 0.3097477 0.3905323 0.3139039 0.3766939 0.3136537 0.3772984 0.3097477 0.3905323 0.3139039 0.3914297 0.3177245 0.3766939 0.3136537 0.3914297 0.3177245 0.3759794 0.317517 0.3766939 0.3136537 0.3759794 0.317517 0.3914297 0.3177245 0.3920102 0.3215728 0.3756026 0.32141 0.3759794 0.317517 0.3920102 0.3215728 0.3982434 0.2948727 0.3914519 0.2941965 0.392066 0.2902941 0.3986065 0.2910144 0.3982434 0.2948727 0.392066 0.2902941 0.3759621 0.2904013 0.3762536 0.294246 0.3696509 0.2908868 0.3762536 0.294246 0.3695076 0.2947492 0.3696509 0.2908868 0.3696509 0.2908868 0.3695076 0.2947492 0.3635545 0.2906914 0.3695076 0.2947492 0.3627029 0.294542 0.3635545 0.2906914 0.3635545 0.2906914 0.3627029 0.294542 0.358174 0.2894292 0.3627029 0.294542 0.3565803 0.2931459 0.358174 0.2894292 0.3695076 0.2947492 0.3693467 0.298489 0.3627029 0.294542 0.3693467 0.298489 0.3617081 0.298264 0.3627029 0.294542 0.3627029 0.294542 0.3617081 0.298264 0.3565803 0.2931459 0.3617081 0.298264 0.354268 0.2968025 0.3565803 0.2931459 0.3693467 0.298489 0.3692559 0.3021379 0.3617081 0.298264 0.3692559 0.3021379 0.3609919 0.3019275 0.3617081 0.298264 0.3617081 0.298264 0.3609919 0.3019275 0.354268 0.2968025 0.3609919 0.3019275 0.3522139 0.3007992 0.354268 0.2968025 0.3692559 0.3021379 0.3692377 0.3058382 0.3609919 0.3019275 0.3692377 0.3058382 0.3607243 0.3056693 0.3609919 0.3019275 0.3609919 0.3019275 0.3607243 0.3056693 0.3522139 0.3007992 0.3607243 0.3056693 0.3512461 0.3052684 0.3522139 0.3007992 0.3692377 0.3058382 0.3692058 0.3095433 0.3607243 0.3056693 0.3692058 0.3095433 0.3608856 0.3094207 0.3607243 0.3056693 0.3607243 0.3056693 0.3608856 0.3094207 0.3512461 0.3052684 0.3608856 0.3094207 0.3517792 0.3098726 0.3512461 0.3052684 0.3692058 0.3095433 0.3691449 0.3130721 0.3608856 0.3094207 0.3691449 0.3130721 0.3613933 0.3131337 0.3608856 0.3094207 0.3608856 0.3094207 0.3613933 0.3131337 0.3517792 0.3098726 0.3613933 0.3131337 0.3535888 0.3141871 0.3517792 0.3098726 0.3691449 0.3130721 0.3691484 0.3167149 0.3613933 0.3131337 0.3691484 0.3167149 0.3622022 0.3169317 0.3613933 0.3131337 0.3613933 0.3131337 0.3622022 0.3169317 0.3535888 0.3141871 0.3622022 0.3169317 0.3558881 0.3181461 0.3535888 0.3141871 0.3691484 0.3167149 0.3692377 0.3206068 0.3622022 0.3169317 0.3692377 0.3206068 0.3630307 0.3207885 0.3622022 0.3169317 0.3622022 0.3169317 0.3630307 0.3207885 0.3558881 0.3181461 0.3630307 0.3207885 0.3575082 0.3219346 0.3558881 0.3181461 0.3772984 0.3097477 0.3692058 0.3095433 0.3692377 0.3058382 0.3775697 0.3058354 0.3772984 0.3097477 0.3692377 0.3058382 0.3766939 0.3136537 0.3691449 0.3130721 0.3692058 0.3095433 0.3772984 0.3097477 0.3766939 0.3136537 0.3692058 0.3095433 0.3759794 0.317517 0.3691484 0.3167149 0.3691449 0.3130721 0.3766939 0.3136537 0.3759794 0.317517 0.3691449 0.3130721 0.3756026 0.32141 0.3692377 0.3206068 0.3691484 0.3167149 0.3759794 0.317517 0.3756026 0.32141 0.3691484 0.3167149 0.3775697 0.3058354 0.3692377 0.3058382 0.3692559 0.3021379 0.3773952 0.301905 0.3775697 0.3058354 0.3692559 0.3021379 0.3773952 0.301905 0.3692559 0.3021379 0.3693467 0.298489 0.3768655 0.2980514 0.3773952 0.301905 0.3693467 0.298489 0.3768655 0.2980514 0.3693467 0.298489 0.3695076 0.2947492 0.3762536 0.294246 0.3768655 0.2980514 0.3695076 0.2947492 0.4562273 0.2980672 0.4486784 0.2974849 0.4493933 0.2936218 0.4562244 0.2944246 0.4562273 0.2980672 0.4493933 0.2936218 0.4562273 0.2980672 0.4561657 0.3015958 0.4486784 0.2974849 0.4561657 0.3015958 0.4480729 0.3013908 0.4486784 0.2974849 0.4561657 0.3015958 0.4561338 0.305301 0.4480729 0.3013908 0.4348395 0.2972336 0.4274096 0.2977408 0.4270165 0.2939796 0.4339423 0.2934131 0.4348395 0.2972336 0.4270165 0.2939796 0.4348395 0.2972336 0.4355658 0.3011209 0.4274096 0.2977408 0.4355658 0.3011209 0.4276987 0.3014435 0.4274096 0.2977408 0.4355658 0.3011209 0.4358314 0.3051022 0.4276987 0.3014435 0.4358314 0.3051022 0.4278732 0.3052259 0.4276987 0.3014435 0.4358314 0.3051022 0.4355438 0.3090731 0.4278732 0.3052259 0.4355438 0.3090731 0.427831 0.3090254 0.4278732 0.3052259 0.4355438 0.3090731 0.4348371 0.3130375 0.427831 0.3090254 0.4348371 0.3130375 0.4275349 0.3126166 0.427831 0.3090254 0.4348371 0.3130375 0.4339192 0.3169408 0.4275349 0.3126166 0.4339192 0.3169408 0.4271277 0.3162643 0.4275349 0.3126166 0.4339192 0.3169408 0.4333049 0.320843 0.4271277 0.3162643 0.4333049 0.320843 0.4267649 0.3201225 0.4271277 0.3162643 0.3978359 0.2985201 0.3905339 0.2980998 0.3914519 0.2941965 0.3982434 0.2948727 0.3978359 0.2985201 0.3914519 0.2941965 0.3978359 0.2985201 0.3975402 0.3021116 0.3905339 0.2980998 0.3975402 0.3021116 0.3898274 0.3020642 0.3905339 0.2980998 0.3975402 0.3021116 0.3974979 0.3059111 0.3898274 0.3020642 0.3974979 0.3059111 0.3895398 0.3060356 0.3898274 0.3020642 0.3974979 0.3059111 0.3976725 0.3096936 0.3895398 0.3060356 0.4561154 0.3090013 0.4479761 0.3092334 0.4478016 0.3053029 0.4561154 0.3090013 0.4560242 0.3126502 0.4479761 0.3092334 0.4560242 0.3126502 0.448505 0.313087 0.4479761 0.3092334 0.4560242 0.3126502 0.4558628 0.31639 0.448505 0.313087 0.4558628 0.31639 0.4491169 0.3168925 0.448505 0.313087 0.4558628 0.31639 0.4557194 0.3202523 0.4491169 0.3168925 0.4557194 0.3202523 0.4494084 0.3207374 0.4491169 0.3168925 0.3979624 0.313396 0.3905323 0.3139039 0.3898056 0.3100166 0.3979624 0.313396 0.3983554 0.3171575 0.3905323 0.3139039 0.3983554 0.3171575 0.3914297 0.3177245 0.3905323 0.3139039 0.3983554 0.3171575 0.3988056 0.3210228 0.3914297 0.3177245 0.3988056 0.3210228 0.3920102 0.3215728 0.3914297 0.3177245</float_array>
          <technique_common>
            <accessor source="#LanternPole_Chain-mesh-map-0-array" count="3744" stride="2">
              <param name="S" type="float"/>
              <param name="T" type="float"/>
            </accessor>
          </technique_common>
        </source>
        <vertices id="LanternPole_Chain-mesh-vertices">
          <input semantic="POSITION" source="#LanternPole_Chain-mesh-positions"/>
        </vertices>
        <triangles material="LanternPost_Mat-material" count="1248">
          <input semantic="VERTEX" source="#LanternPole_Chain-mesh-vertices" offset="0"/>
          <input semantic="NORMAL" source="#LanternPole_Chain-mesh-normals" offset="1"/>
          <input semantic="TEXCOORD" source="#LanternPole_Chain-mesh-map-0" offset="2" set="0"/>
          <p>2 0 0 1 1 1 0 2 2 3 3 3 2 0 4 0 2 5 0 2 6 1 1 7 4 4 8 1 1 9 5 5 10 4 4 11 4 4 12 5 5 13 6 6 14 5 5 15 7 7 16 6 6 17 6 6 18 7 7 19 8 8 20 7 7 21 9 9 22 8 8 23 2 0 24 10 10 25 1 1 26 10 10 27 11 11 28 1 1 29 1 1 30 11 11 31 5 5 32 11 11 33 12 12 34 5 5 35 5 5 36 12 12 37 7 7 38 12 12 39 13 13 40 7 7 41 7 7 42 13 13 43 9 9 44 13 13 45 14 14 46 9 9 47 10 10 48 15 15 49 11 11 50 15 15 51 16 16 52 11 11 53 11 11 54 16 16 55 12 12 56 16 16 57 17 17 58 12 12 59 12 12 60 17 17 61 13 13 62 17 17 63 18 18 64 13 13 65 13 13 66 18 18 67 14 14 68 18 18 69 19 19 70 14 14 71 15 15 72 20 20 73 16 16 74 20 20 75 21 21 76 16 16 77 16 16 78 21 21 79 17 17 80 21 21 81 22 22 82 17 17 83 17 17 84 22 22 85 18 18 86 22 22 87 23 23 88 18 18 89 18 18 90 23 23 91 19 19 92 23 23 93 24 24 94 19 19 95 20 20 96 25 25 97 21 21 98 25 25 99 26 26 100 21 21 101 21 21 102 26 26 103 22 22 104 26 26 105 27 27 106 22 22 107 22 22 108 27 27 109 23 23 110 27 27 111 28 28 112 23 23 113 23 23 114 28 28 115 24 24 116 28 28 117 29 29 118 24 24 119 25 25 120 30 30 121 26 26 122 30 30 123 31 31 124 26 26 125 26 26 126 31 31 127 27 27 128 31 31 129 32 32 130 27 27 131 27 27 132 32 32 133 28 28 134 32 32 135 33 33 136 28 28 137 28 28 138 33 33 139 29 29 140 33 33 141 34 34 142 29 29 143 30 30 144 35 35 145 31 31 146 35 35 147 36 36 148 31 31 149 31 31 150 36 36 151 32 32 152 36 36 153 37 37 154 32 32 155 32 32 156 37 37 157 33 33 158 37 37 159 38 38 160 33 33 161 33 33 162 38 38 163 34 34 164 38 38 165 39 39 166 34 34 167 35 35 168 40 40 169 36 36 170 40 40 171 41 41 172 36 36 173 36 36 174 41 41 175 37 37 176 41 41 177 42 42 178 37 37 179 37 37 180 42 42 181 38 38 182 42 42 183 43 43 184 38 38 185 38 38 186 43 43 187 39 39 188 43 43 189 44 44 190 39 39 191 29 29 192 34 34 193 45 45 194 29 29 195 45 45 196 46 46 197 46 46 198 45 45 199 47 47 200 46 46 201 47 47 202 48 48 203 49 49 204 46 46 205 48 48 206 49 49 207 48 48 208 50 50 209 51 51 210 49 49 211 50 50 212 51 51 213 50 50 214 52 52 215 53 53 216 51 51 217 52 52 218 53 53 219 52 52 220 54 54 221 55 55 222 53 53 223 54 54 224 45 45 225 56 56 226 47 47 227 45 45 228 57 57 229 56 56 230 57 57 231 58 58 232 56 56 233 57 57 234 59 59 235 58 58 236 59 59 237 60 60 238 58 58 239 60 60 240 59 59 241 61 61 242 62 62 243 60 60 244 61 61 245 9 9 246 53 53 247 55 55 248 8 8 249 9 9 250 55 55 251 14 14 252 51 51 253 53 53 254 9 9 255 14 14 256 53 53 257 14 14 258 19 19 259 51 51 260 19 19 261 49 49 262 51 51 263 19 19 264 24 24 265 49 49 266 24 24 267 46 46 268 49 49 269 24 24 270 29 29 271 46 46 272 39 39 273 59 59 274 57 57 275 34 34 276 39 39 277 57 57 278 34 34 279 57 57 280 45 45 281 44 44 282 61 61 283 59 59 284 39 39 285 44 44 286 59 59 287 65 63 288 64 64 289 63 65 290 66 66 291 65 63 292 63 65 293 64 64 294 65 63 295 67 67 296 68 68 297 64 64 298 67 67 299 68 68 300 67 67 301 69 69 302 70 70 303 68 68 304 69 69 305 70 70 306 69 69 307 71 71 308 72 72 309 70 70 310 71 71 311 72 72 312 71 71 313 73 73 314 74 74 315 72 72 316 73 73 317 74 74 318 73 73 319 75 75 320 76 76 321 74 74 322 75 75 323 76 76 324 75 75 325 77 77 326 78 78 327 76 76 328 77 77 329 78 78 330 77 77 331 79 79 332 80 80 333 78 78 334 79 79 335 79 79 336 77 77 337 3 3 338 77 77 339 2 0 340 3 3 341 77 77 342 75 75 343 2 0 344 75 75 345 10 10 346 2 0 347 75 75 348 73 73 349 10 10 350 73 73 351 15 15 352 10 10 353 73 73 354 71 71 355 15 15 356 71 71 357 20 20 358 15 15 359 71 71 360 69 69 361 20 20 362 69 69 363 25 25 364 20 20 365 69 69 366 67 67 367 25 25 368 67 67 369 30 30 370 25 25 371 67 67 372 65 63 373 30 30 374 65 63 375 35 35 376 30 30 377 65 63 378 66 66 379 35 35 380 66 66 381 40 40 382 35 35 383 83 81 384 82 82 385 81 83 386 84 84 387 83 81 388 81 83 389 85 85 390 83 81 391 84 84 392 86 86 393 85 85 394 84 84 395 83 81 396 87 87 397 82 82 398 87 87 399 88 88 400 82 82 401 89 89 402 87 87 403 83 81 404 85 85 405 89 89 406 83 81 407 87 87 408 90 90 409 88 88 410 90 90 411 91 91 412 88 88 413 92 92 414 90 90 415 87 87 416 89 89 417 92 92 418 87 87 419 90 90 420 93 93 421 91 91 422 93 93 423 94 94 424 91 91 425 95 95 426 93 93 427 90 90 428 92 92 429 95 95 430 90 90 431 93 93 432 96 96 433 94 94 434 96 96 435 97 97 436 94 94 437 98 98 438 96 96 439 93 93 440 95 95 441 98 98 442 93 93 443 96 96 444 99 99 445 97 97 446 99 99 447 100 100 448 97 97 449 101 101 450 99 99 451 96 96 452 98 98 453 101 101 454 96 96 455 99 99 456 102 102 457 100 100 458 102 102 459 103 103 460 100 100 461 104 104 462 102 102 463 99 99 464 101 101 465 104 104 466 99 99 467 102 102 468 105 105 469 103 103 470 105 105 471 106 106 472 103 103 473 107 107 474 105 105 475 102 102 476 104 104 477 107 107 478 102 102 479 94 94 480 97 97 481 108 108 482 94 94 483 108 108 484 109 109 485 109 109 486 108 108 487 110 110 488 109 109 489 110 110 490 111 111 491 112 112 492 109 109 493 111 111 494 112 112 495 111 111 496 113 113 497 114 114 498 112 112 499 113 113 500 114 114 501 113 113 502 115 115 503 116 116 504 114 114 505 115 115 506 108 108 507 117 117 508 110 110 509 108 108 510 118 118 511 117 117 512 118 118 513 119 119 514 117 117 515 118 118 516 120 120 517 119 119 518 120 120 519 121 121 520 119 119 521 120 120 522 122 122 523 121 121 524 122 122 525 123 123 526 121 121 527 123 123 528 122 122 529 124 124 530 125 125 531 123 123 532 124 124 533 82 82 534 114 114 535 116 116 536 81 83 537 82 82 538 116 116 539 115 115 540 113 113 541 126 126 542 113 113 543 127 127 544 126 126 545 126 126 546 127 127 547 128 128 548 127 127 549 129 129 550 128 128 551 128 128 552 129 129 553 130 130 554 129 129 555 131 131 556 130 130 557 130 130 558 131 131 559 132 132 560 131 131 561 133 133 562 132 132 563 132 132 564 133 133 565 134 134 566 133 133 567 135 135 568 134 134 569 127 127 570 136 136 571 129 129 572 136 136 573 137 137 574 129 129 575 129 129 576 137 137 577 131 131 578 137 137 579 138 138 580 131 131 581 131 131 582 138 138 583 133 133 584 138 138 585 139 139 586 133 133 587 133 133 588 139 139 589 135 135 590 139 139 591 140 140 592 135 135 593 136 136 594 141 141 595 137 137 596 141 141 597 142 142 598 137 137 599 137 137 600 142 142 601 138 138 602 142 142 603 143 143 604 138 138 605 138 138 606 143 143 607 139 139 608 143 143 609 144 144 610 139 139 611 139 139 612 144 144 613 140 140 614 144 144 615 145 145 616 140 140 617 141 141 618 146 146 619 142 142 620 146 146 621 147 147 622 142 142 623 142 142 624 147 147 625 143 143 626 147 147 627 148 148 628 143 143 629 143 143 630 148 148 631 144 144 632 148 148 633 149 149 634 144 144 635 144 144 636 149 149 637 145 145 638 149 149 639 150 150 640 145 145 641 146 146 642 151 151 643 147 147 644 151 151 645 152 152 646 147 147 647 147 147 648 152 152 649 148 148 650 152 152 651 153 153 652 148 148 653 148 148 654 153 153 655 149 149 656 153 153 657 154 154 658 149 149 659 149 149 660 154 154 661 150 150 662 154 154 663 155 155 664 150 150 665 151 151 666 156 156 667 152 152 668 156 156 669 157 157 670 152 152 671 152 152 672 157 157 673 153 153 674 157 157 675 158 158 676 153 153 677 153 153 678 158 158 679 154 154 680 158 158 681 159 159 682 154 154 683 154 154 684 159 159 685 155 155 686 159 159 687 160 160 688 155 155 689 156 156 690 161 161 691 157 157 692 161 161 693 162 162 694 157 157 695 157 157 696 162 162 697 158 158 698 162 162 699 163 163 700 158 158 701 158 158 702 163 163 703 159 159 704 163 163 705 164 164 706 159 159 707 159 159 708 164 164 709 160 160 710 164 164 711 165 165 712 160 160 713 161 161 714 166 166 715 162 162 716 166 166 717 167 167 718 162 162 719 162 162 720 167 167 721 163 163 722 167 167 723 168 168 724 163 163 725 163 163 726 168 168 727 164 164 728 168 168 729 169 169 730 164 164 731 164 164 732 169 169 733 165 165 734 169 169 735 170 170 736 165 165 737 155 155 738 160 160 739 171 171 740 155 155 741 171 171 742 172 172 743 172 172 744 171 171 745 173 173 746 172 172 747 173 173 748 174 174 749 175 175 750 172 172 751 174 174 752 175 175 753 174 174 754 176 176 755 177 177 756 175 175 757 176 176 758 177 177 759 176 176 760 178 178 761 179 179 762 177 177 763 178 178 764 179 179 765 178 178 766 180 180 767 181 181 768 179 179 769 180 180 770 171 171 771 182 182 772 173 173 773 171 171 774 183 183 775 182 182 776 183 183 777 184 184 778 182 182 779 183 183 780 185 185 781 184 184 782 185 185 783 186 186 784 184 184 785 186 186 786 185 185 787 187 187 788 188 188 789 186 186 790 187 187 791 135 135 792 179 179 793 181 181 794 134 134 795 135 135 796 181 181 797 180 180 798 178 178 799 189 189 800 178 178 801 190 190 802 189 189 803 189 189 804 190 190 805 191 191 806 190 190 807 192 192 808 191 191 809 191 191 810 192 192 811 193 193 812 192 192 813 194 194 814 193 193 815 190 190 816 195 195 817 192 192 818 195 195 819 196 196 820 192 192 821 192 192 822 196 196 823 194 194 824 196 196 825 197 197 826 194 194 827 195 195 828 198 198 829 196 196 830 198 198 831 199 199 832 196 196 833 196 196 834 199 199 835 197 197 836 199 199 837 200 200 838 197 197 839 198 198 840 201 201 841 199 199 842 201 201 843 202 202 844 199 199 845 199 199 846 202 202 847 200 200 848 202 202 849 203 203 850 200 200 851 201 201 852 204 204 853 202 202 854 204 204 855 205 205 856 202 202 857 202 202 858 205 205 859 203 203 860 205 205 861 206 206 862 203 203 863 204 204 864 207 207 865 205 205 866 207 207 867 208 208 868 205 205 869 205 205 870 208 208 871 206 206 872 208 208 873 209 209 874 206 206 875 207 207 876 210 210 877 208 208 878 210 210 879 211 211 880 208 208 881 208 208 882 211 211 883 209 209 884 211 211 885 212 212 886 209 209 887 210 210 888 213 213 889 211 211 890 213 213 891 214 214 892 211 211 893 211 211 894 214 214 895 212 212 896 214 214 897 215 215 898 212 212 899 182 182 900 204 204 901 201 201 902 173 173 903 182 182 904 201 201 905 184 184 906 207 207 907 204 204 908 182 182 909 184 184 910 204 204 911 186 186 912 210 210 913 207 207 914 184 184 915 186 186 916 207 207 917 188 188 918 213 213 919 210 210 920 186 186 921 188 188 922 210 210 923 173 173 924 201 201 925 198 198 926 174 174 927 173 173 928 198 198 929 174 174 930 198 198 931 195 195 932 176 176 933 174 174 934 195 195 935 176 176 936 195 195 937 190 190 938 178 178 939 176 176 940 190 190 941 88 88 942 112 112 943 114 114 944 82 82 945 88 88 946 114 114 947 88 88 948 91 91 949 112 112 950 91 91 951 109 109 952 112 112 953 91 91 954 94 94 955 109 109 956 111 111 957 136 136 958 127 127 959 113 113 960 111 111 961 127 127 962 111 111 963 110 110 964 136 136 965 110 110 966 141 141 967 136 136 968 110 110 969 117 117 970 141 141 971 117 117 972 146 146 973 141 141 974 117 117 975 119 119 976 146 146 977 119 119 978 151 151 979 146 146 980 119 119 981 121 121 982 151 151 983 121 121 984 156 156 985 151 151 986 121 121 987 123 123 988 156 156 989 123 123 990 161 161 991 156 156 992 123 123 993 125 125 994 161 161 995 125 125 996 166 166 997 161 161 998 140 140 999 177 177 1000 179 179 1001 135 135 1002 140 140 1003 179 179 1004 140 140 1005 145 145 1006 177 177 1007 145 145 1008 175 175 1009 177 177 1010 145 145 1011 150 150 1012 175 175 1013 150 150 1014 172 172 1015 175 175 1016 150 150 1017 155 155 1018 172 172 1019 97 97 1020 118 118 1021 108 108 1022 97 97 1023 100 100 1024 118 118 1025 100 100 1026 120 120 1027 118 118 1028 100 100 1029 103 103 1030 120 120 1031 103 103 1032 122 122 1033 120 120 1034 103 103 1035 106 106 1036 122 122 1037 106 106 1038 124 124 1039 122 122 1040 160 160 1041 183 183 1042 171 171 1043 160 160 1044 165 165 1045 183 183 1046 165 165 1047 185 185 1048 183 183 1049 165 165 1050 170 170 1051 185 185 1052 170 170 1053 187 187 1054 185 185 1055 218 216 1056 217 217 1057 216 218 1058 219 219 1059 218 216 1060 216 218 1061 220 220 1062 218 216 1063 219 219 1064 221 221 1065 220 220 1066 219 219 1067 218 216 1068 222 222 1069 217 217 1070 222 222 1071 223 223 1072 217 217 1073 224 224 1074 222 222 1075 218 216 1076 220 220 1077 224 224 1078 218 216 1079 222 222 1080 225 225 1081 223 223 1082 225 225 1083 226 226 1084 223 223 1085 227 227 1086 225 225 1087 222 222 1088 224 224 1089 227 227 1090 222 222 1091 225 225 1092 228 228 1093 226 226 1094 228 228 1095 229 229 1096 226 226 1097 230 230 1098 228 228 1099 225 225 1100 227 227 1101 230 230 1102 225 225 1103 228 228 1104 231 231 1105 229 229 1106 231 231 1107 232 232 1108 229 229 1109 233 233 1110 231 231 1111 228 228 1112 230 230 1113 233 233 1114 228 228 1115 231 231 1116 234 234 1117 232 232 1118 234 234 1119 235 235 1120 232 232 1121 236 236 1122 234 234 1123 231 231 1124 233 233 1125 236 236 1126 231 231 1127 234 234 1128 237 237 1129 235 235 1130 237 237 1131 238 238 1132 235 235 1133 239 239 1134 237 237 1135 234 234 1136 236 236 1137 239 239 1138 234 234 1139 237 237 1140 240 240 1141 238 238 1142 240 240 1143 241 241 1144 238 238 1145 242 242 1146 240 240 1147 237 237 1148 239 239 1149 242 242 1150 237 237 1151 229 229 1152 232 232 1153 243 243 1154 229 229 1155 243 243 1156 244 244 1157 244 244 1158 243 243 1159 245 245 1160 244 244 1161 245 245 1162 246 246 1163 247 247 1164 244 244 1165 246 246 1166 247 247 1167 246 246 1168 248 248 1169 249 249 1170 247 247 1171 248 248 1172 249 249 1173 248 248 1174 250 250 1175 251 251 1176 249 249 1177 250 250 1178 243 243 1179 252 252 1180 245 245 1181 243 243 1182 253 253 1183 252 252 1184 253 253 1185 254 254 1186 252 252 1187 253 253 1188 255 255 1189 254 254 1190 255 255 1191 256 256 1192 254 254 1193 255 255 1194 257 257 1195 256 256 1196 257 257 1197 258 258 1198 256 256 1199 258 258 1200 257 257 1201 259 259 1202 260 260 1203 258 258 1204 259 259 1205 217 217 1206 249 249 1207 251 251 1208 216 218 1209 217 217 1210 251 251 1211 250 250 1212 248 248 1213 261 261 1214 248 248 1215 262 262 1216 261 261 1217 261 261 1218 262 262 1219 263 263 1220 262 262 1221 264 264 1222 263 263 1223 263 263 1224 264 264 1225 265 265 1226 264 264 1227 266 266 1228 265 265 1229 265 265 1230 266 266 1231 267 267 1232 266 266 1233 268 268 1234 267 267 1235 267 267 1236 268 268 1237 269 269 1238 268 268 1239 270 270 1240 269 269 1241 262 262 1242 271 271 1243 264 264 1244 271 271 1245 272 272 1246 264 264 1247 264 264 1248 272 272 1249 266 266 1250 272 272 1251 273 273 1252 266 266 1253 266 266 1254 273 273 1255 268 268 1256 273 273 1257 274 274 1258 268 268 1259 268 268 1260 274 274 1261 270 270 1262 274 274 1263 275 275 1264 270 270 1265 271 271 1266 276 276 1267 272 272 1268 276 276 1269 277 277 1270 272 272 1271 272 272 1272 277 277 1273 273 273 1274 277 277 1275 278 278 1276 273 273 1277 273 273 1278 278 278 1279 274 274 1280 278 278 1281 279 279 1282 274 274 1283 274 274 1284 279 279 1285 275 275 1286 279 279 1287 280 280 1288 275 275 1289 276 276 1290 281 281 1291 277 277 1292 281 281 1293 282 282 1294 277 277 1295 277 277 1296 282 282 1297 278 278 1298 282 282 1299 283 283 1300 278 278 1301 278 278 1302 283 283 1303 279 279 1304 283 283 1305 284 284 1306 279 279 1307 279 279 1308 284 284 1309 280 280 1310 284 284 1311 285 285 1312 280 280 1313 281 281 1314 286 286 1315 282 282 1316 286 286 1317 287 287 1318 282 282 1319 282 282 1320 287 287 1321 283 283 1322 287 287 1323 288 288 1324 283 283 1325 283 283 1326 288 288 1327 284 284 1328 288 288 1329 289 289 1330 284 284 1331 284 284 1332 289 289 1333 285 285 1334 289 289 1335 290 290 1336 285 285 1337 286 286 1338 291 291 1339 287 287 1340 291 291 1341 292 292 1342 287 287 1343 287 287 1344 292 292 1345 288 288 1346 292 292 1347 293 293 1348 288 288 1349 288 288 1350 293 293 1351 289 289 1352 293 293 1353 294 294 1354 289 289 1355 289 289 1356 294 294 1357 290 290 1358 294 294 1359 295 295 1360 290 290 1361 291 291 1362 296 296 1363 292 292 1364 296 296 1365 297 297 1366 292 292 1367 292 292 1368 297 297 1369 293 293 1370 297 297 1371 298 298 1372 293 293 1373 293 293 1374 298 298 1375 294 294 1376 298 298 1377 299 299 1378 294 294 1379 294 294 1380 299 299 1381 295 295 1382 299 299 1383 300 300 1384 295 295 1385 296 296 1386 301 301 1387 297 297 1388 301 301 1389 302 302 1390 297 297 1391 297 297 1392 302 302 1393 298 298 1394 302 302 1395 303 303 1396 298 298 1397 298 298 1398 303 303 1399 299 299 1400 303 303 1401 304 304 1402 299 299 1403 299 299 1404 304 304 1405 300 300 1406 304 304 1407 305 305 1408 300 300 1409 290 290 1410 295 295 1411 306 306 1412 290 290 1413 306 306 1414 307 307 1415 307 307 1416 306 306 1417 308 308 1418 307 307 1419 308 308 1420 309 309 1421 310 310 1422 307 307 1423 309 309 1424 310 310 1425 309 309 1426 311 311 1427 312 312 1428 310 310 1429 311 311 1430 312 312 1431 311 311 1432 313 313 1433 314 314 1434 312 312 1435 313 313 1436 314 314 1437 313 313 1438 315 315 1439 316 316 1440 314 314 1441 315 315 1442 306 306 1443 317 317 1444 308 308 1445 306 306 1446 318 318 1447 317 317 1448 318 318 1449 319 319 1450 317 317 1451 318 318 1452 320 320 1453 319 319 1454 320 320 1455 321 321 1456 319 319 1457 321 321 1458 320 320 1459 322 322 1460 323 323 1461 321 321 1462 322 322 1463 270 270 1464 314 314 1465 316 316 1466 269 269 1467 270 270 1468 316 316 1469 315 315 1470 313 313 1471 324 324 1472 313 313 1473 325 325 1474 324 324 1475 324 324 1476 325 325 1477 326 326 1478 325 325 1479 327 327 1480 326 326 1481 326 326 1482 327 327 1483 328 328 1484 327 327 1485 329 329 1486 328 328 1487 325 325 1488 330 330 1489 327 327 1490 330 330 1491 331 331 1492 327 327 1493 327 327 1494 331 331 1495 329 329 1496 331 331 1497 332 332 1498 329 329 1499 330 330 1500 333 333 1501 331 331 1502 333 333 1503 334 334 1504 331 331 1505 331 331 1506 334 334 1507 332 332 1508 334 334 1509 335 335 1510 332 332 1511 333 333 1512 336 336 1513 334 334 1514 336 336 1515 337 337 1516 334 334 1517 334 334 1518 337 337 1519 335 335 1520 337 337 1521 338 338 1522 335 335 1523 336 336 1524 339 339 1525 337 337 1526 339 339 1527 340 340 1528 337 337 1529 337 337 1530 340 340 1531 338 338 1532 340 340 1533 341 341 1534 338 338 1535 339 339 1536 342 342 1537 340 340 1538 342 342 1539 343 343 1540 340 340 1541 340 340 1542 343 343 1543 341 341 1544 343 343 1545 344 344 1546 341 341 1547 342 342 1548 345 345 1549 343 343 1550 345 345 1551 346 346 1552 343 343 1553 343 343 1554 346 346 1555 344 344 1556 346 346 1557 347 347 1558 344 344 1559 345 345 1560 348 348 1561 346 346 1562 348 348 1563 349 349 1564 346 346 1565 346 346 1566 349 349 1567 347 347 1568 349 349 1569 350 350 1570 347 347 1571 317 317 1572 339 339 1573 336 336 1574 308 308 1575 317 317 1576 336 336 1577 319 319 1578 342 342 1579 339 339 1580 317 317 1581 319 319 1582 339 339 1583 321 321 1584 345 345 1585 342 342 1586 319 319 1587 321 321 1588 342 342 1589 323 323 1590 348 348 1591 345 345 1592 321 321 1593 323 323 1594 345 345 1595 308 308 1596 336 336 1597 333 333 1598 309 309 1599 308 308 1600 333 333 1601 309 309 1602 333 333 1603 330 330 1604 311 311 1605 309 309 1606 330 330 1607 311 311 1608 330 330 1609 325 325 1610 313 313 1611 311 311 1612 325 325 1613 223 223 1614 247 247 1615 249 249 1616 217 217 1617 223 223 1618 249 249 1619 223 223 1620 226 226 1621 247 247 1622 226 226 1623 244 244 1624 247 247 1625 226 226 1626 229 229 1627 244 244 1628 246 246 1629 271 271 1630 262 262 1631 248 248 1632 246 246 1633 262 262 1634 246 246 1635 245 245 1636 271 271 1637 245 245 1638 276 276 1639 271 271 1640 245 245 1641 252 252 1642 276 276 1643 252 252 1644 281 281 1645 276 276 1646 252 252 1647 254 254 1648 281 281 1649 254 254 1650 286 286 1651 281 281 1652 254 254 1653 256 256 1654 286 286 1655 256 256 1656 291 291 1657 286 286 1658 256 256 1659 258 258 1660 291 291 1661 258 258 1662 296 296 1663 291 291 1664 258 258 1665 260 260 1666 296 296 1667 260 260 1668 301 301 1669 296 296 1670 275 275 1671 312 312 1672 314 314 1673 270 270 1674 275 275 1675 314 314 1676 275 275 1677 280 280 1678 312 312 1679 280 280 1680 310 310 1681 312 312 1682 280 280 1683 285 285 1684 310 310 1685 285 285 1686 307 307 1687 310 310 1688 285 285 1689 290 290 1690 307 307 1691 232 232 1692 253 253 1693 243 243 1694 232 232 1695 235 235 1696 253 253 1697 235 235 1698 255 255 1699 253 253 1700 235 235 1701 238 238 1702 255 255 1703 238 238 1704 257 257 1705 255 255 1706 238 238 1707 241 241 1708 257 257 1709 241 241 1710 259 259 1711 257 257 1712 295 295 1713 318 318 1714 306 306 1715 295 295 1716 300 300 1717 318 318 1718 300 300 1719 320 320 1720 318 318 1721 300 300 1722 305 305 1723 320 320 1724 305 305 1725 322 322 1726 320 320 1727 353 351 1728 352 352 1729 351 353 1730 354 354 1731 353 351 1732 351 353 1733 355 355 1734 353 351 1735 354 354 1736 356 356 1737 355 355 1738 354 354 1739 353 351 1740 357 357 1741 352 352 1742 357 357 1743 358 358 1744 352 352 1745 359 359 1746 357 357 1747 353 351 1748 355 355 1749 359 359 1750 353 351 1751 357 357 1752 360 360 1753 358 358 1754 360 360 1755 361 361 1756 358 358 1757 362 362 1758 360 360 1759 357 357 1760 359 359 1761 362 362 1762 357 357 1763 360 360 1764 363 363 1765 361 361 1766 363 363 1767 364 364 1768 361 361 1769 365 365 1770 363 363 1771 360 360 1772 362 362 1773 365 365 1774 360 360 1775 363 363 1776 366 366 1777 364 364 1778 366 366 1779 367 367 1780 364 364 1781 368 368 1782 366 366 1783 363 363 1784 365 365 1785 368 368 1786 363 363 1787 366 366 1788 369 369 1789 367 367 1790 369 369 1791 370 370 1792 367 367 1793 371 371 1794 369 369 1795 366 366 1796 368 368 1797 371 371 1798 366 366 1799 369 369 1800 372 372 1801 370 370 1802 372 372 1803 373 373 1804 370 370 1805 374 374 1806 372 372 1807 369 369 1808 371 371 1809 374 374 1810 369 369 1811 372 372 1812 375 375 1813 373 373 1814 375 375 1815 376 376 1816 373 373 1817 377 377 1818 375 375 1819 372 372 1820 374 374 1821 377 377 1822 372 372 1823 364 364 1824 367 367 1825 378 378 1826 364 364 1827 378 378 1828 379 379 1829 379 379 1830 378 378 1831 380 380 1832 379 379 1833 380 380 1834 381 381 1835 382 382 1836 379 379 1837 381 381 1838 382 382 1839 381 381 1840 383 383 1841 384 384 1842 382 382 1843 383 383 1844 384 384 1845 383 383 1846 385 385 1847 386 386 1848 384 384 1849 385 385 1850 378 378 1851 387 387 1852 380 380 1853 378 378 1854 388 388 1855 387 387 1856 388 388 1857 389 389 1858 387 387 1859 388 388 1860 390 390 1861 389 389 1862 390 390 1863 391 391 1864 389 389 1865 390 390 1866 392 392 1867 391 391 1868 392 392 1869 393 393 1870 391 391 1871 393 393 1872 392 392 1873 394 394 1874 395 395 1875 393 393 1876 394 394 1877 352 352 1878 384 384 1879 386 386 1880 351 353 1881 352 352 1882 386 386 1883 385 385 1884 383 383 1885 396 396 1886 383 383 1887 397 397 1888 396 396 1889 396 396 1890 397 397 1891 398 398 1892 397 397 1893 399 399 1894 398 398 1895 398 398 1896 399 399 1897 400 400 1898 399 399 1899 401 401 1900 400 400 1901 400 400 1902 401 401 1903 402 402 1904 401 401 1905 403 403 1906 402 402 1907 402 402 1908 403 403 1909 404 404 1910 403 403 1911 405 405 1912 404 404 1913 397 397 1914 406 406 1915 399 399 1916 406 406 1917 407 407 1918 399 399 1919 399 399 1920 407 407 1921 401 401 1922 407 407 1923 408 408 1924 401 401 1925 401 401 1926 408 408 1927 403 403 1928 408 408 1929 409 409 1930 403 403 1931 403 403 1932 409 409 1933 405 405 1934 409 409 1935 410 410 1936 405 405 1937 406 406 1938 411 411 1939 407 407 1940 411 411 1941 412 412 1942 407 407 1943 407 407 1944 412 412 1945 408 408 1946 412 412 1947 413 413 1948 408 408 1949 408 408 1950 413 413 1951 409 409 1952 413 413 1953 414 414 1954 409 409 1955 409 409 1956 414 414 1957 410 410 1958 414 414 1959 415 415 1960 410 410 1961 411 411 1962 416 416 1963 412 412 1964 416 416 1965 417 417 1966 412 412 1967 412 412 1968 417 417 1969 413 413 1970 417 417 1971 418 418 1972 413 413 1973 413 413 1974 418 418 1975 414 414 1976 418 418 1977 419 419 1978 414 414 1979 414 414 1980 419 419 1981 415 415 1982 419 419 1983 420 420 1984 415 415 1985 416 416 1986 421 421 1987 417 417 1988 421 421 1989 422 422 1990 417 417 1991 417 417 1992 422 422 1993 418 418 1994 422 422 1995 423 423 1996 418 418 1997 418 418 1998 423 423 1999 419 419 2000 423 423 2001 424 424 2002 419 419 2003 419 419 2004 424 424 2005 420 420 2006 424 424 2007 425 425 2008 420 420 2009 421 421 2010 426 426 2011 422 422 2012 426 426 2013 427 427 2014 422 422 2015 422 422 2016 427 427 2017 423 423 2018 427 427 2019 428 428 2020 423 423 2021 423 423 2022 428 428 2023 424 424 2024 428 428 2025 429 429 2026 424 424 2027 424 424 2028 429 429 2029 425 425 2030 429 429 2031 430 430 2032 425 425 2033 426 426 2034 431 431 2035 427 427 2036 431 431 2037 432 432 2038 427 427 2039 427 427 2040 432 432 2041 428 428 2042 432 432 2043 433 433 2044 428 428 2045 428 428 2046 433 433 2047 429 429 2048 433 433 2049 434 434 2050 429 429 2051 429 429 2052 434 434 2053 430 430 2054 434 434 2055 435 435 2056 430 430 2057 431 431 2058 436 436 2059 432 432 2060 436 436 2061 437 437 2062 432 432 2063 432 432 2064 437 437 2065 433 433 2066 437 437 2067 438 438 2068 433 433 2069 433 433 2070 438 438 2071 434 434 2072 438 438 2073 439 439 2074 434 434 2075 434 434 2076 439 439 2077 435 435 2078 439 439 2079 440 440 2080 435 435 2081 425 425 2082 430 430 2083 441 441 2084 425 425 2085 441 441 2086 442 442 2087 442 442 2088 441 441 2089 443 443 2090 442 442 2091 443 443 2092 444 444 2093 445 445 2094 442 442 2095 444 444 2096 445 445 2097 444 444 2098 446 446 2099 447 447 2100 445 445 2101 446 446 2102 447 447 2103 446 446 2104 448 448 2105 449 449 2106 447 447 2107 448 448 2108 449 449 2109 448 448 2110 450 450 2111 451 451 2112 449 449 2113 450 450 2114 441 441 2115 452 452 2116 443 443 2117 441 441 2118 453 453 2119 452 452 2120 453 453 2121 454 454 2122 452 452 2123 453 453 2124 455 455 2125 454 454 2126 455 455 2127 456 456 2128 454 454 2129 456 456 2130 455 455 2131 457 457 2132 458 458 2133 456 456 2134 457 457 2135 405 405 2136 449 449 2137 451 451 2138 404 404 2139 405 405 2140 451 451 2141 450 450 2142 448 448 2143 459 459 2144 448 448 2145 460 460 2146 459 459 2147 459 459 2148 460 460 2149 461 461 2150 460 460 2151 462 462 2152 461 461 2153 461 461 2154 462 462 2155 463 463 2156 462 462 2157 464 464 2158 463 463 2159 460 460 2160 465 465 2161 462 462 2162 465 465 2163 466 466 2164 462 462 2165 462 462 2166 466 466 2167 464 464 2168 466 466 2169 467 467 2170 464 464 2171 465 465 2172 468 468 2173 466 466 2174 468 468 2175 469 469 2176 466 466 2177 466 466 2178 469 469 2179 467 467 2180 469 469 2181 470 470 2182 467 467 2183 468 468 2184 471 471 2185 469 469 2186 471 471 2187 472 472 2188 469 469 2189 469 469 2190 472 472 2191 470 470 2192 472 472 2193 473 473 2194 470 470 2195 471 471 2196 474 474 2197 472 472 2198 474 474 2199 475 475 2200 472 472 2201 472 472 2202 475 475 2203 473 473 2204 475 475 2205 476 476 2206 473 473 2207 474 474 2208 477 477 2209 475 475 2210 477 477 2211 478 478 2212 475 475 2213 475 475 2214 478 478 2215 476 476 2216 478 478 2217 479 479 2218 476 476 2219 477 477 2220 480 480 2221 478 478 2222 480 480 2223 481 481 2224 478 478 2225 478 478 2226 481 481 2227 479 479 2228 481 481 2229 482 482 2230 479 479 2231 480 480 2232 483 483 2233 481 481 2234 483 483 2235 484 484 2236 481 481 2237 481 481 2238 484 484 2239 482 482 2240 484 484 2241 485 485 2242 482 482 2243 452 452 2244 474 474 2245 471 471 2246 443 443 2247 452 452 2248 471 471 2249 454 454 2250 477 477 2251 474 474 2252 452 452 2253 454 454 2254 474 474 2255 456 456 2256 480 480 2257 477 477 2258 454 454 2259 456 456 2260 477 477 2261 458 458 2262 483 483 2263 480 480 2264 456 456 2265 458 458 2266 480 480 2267 443 443 2268 471 471 2269 468 468 2270 444 444 2271 443 443 2272 468 468 2273 444 444 2274 468 468 2275 465 465 2276 446 446 2277 444 444 2278 465 465 2279 446 446 2280 465 465 2281 460 460 2282 448 448 2283 446 446 2284 460 460 2285 358 358 2286 382 382 2287 384 384 2288 352 352 2289 358 358 2290 384 384 2291 358 358 2292 361 361 2293 382 382 2294 361 361 2295 379 379 2296 382 382 2297 361 361 2298 364 364 2299 379 379 2300 381 381 2301 406 406 2302 397 397 2303 383 383 2304 381 381 2305 397 397 2306 381 381 2307 380 380 2308 406 406 2309 380 380 2310 411 411 2311 406 406 2312 380 380 2313 387 387 2314 411 411 2315 387 387 2316 416 416 2317 411 411 2318 387 387 2319 389 389 2320 416 416 2321 389 389 2322 421 421 2323 416 416 2324 389 389 2325 391 391 2326 421 421 2327 391 391 2328 426 426 2329 421 421 2330 391 391 2331 393 393 2332 426 426 2333 393 393 2334 431 431 2335 426 426 2336 393 393 2337 395 395 2338 431 431 2339 395 395 2340 436 436 2341 431 431 2342 410 410 2343 447 447 2344 449 449 2345 405 405 2346 410 410 2347 449 449 2348 410 410 2349 415 415 2350 447 447 2351 415 415 2352 445 445 2353 447 447 2354 415 415 2355 420 420 2356 445 445 2357 420 420 2358 442 442 2359 445 445 2360 420 420 2361 425 425 2362 442 442 2363 367 367 2364 388 388 2365 378 378 2366 367 367 2367 370 370 2368 388 388 2369 370 370 2370 390 390 2371 388 388 2372 370 370 2373 373 373 2374 390 390 2375 373 373 2376 392 392 2377 390 390 2378 373 373 2379 376 376 2380 392 392 2381 376 376 2382 394 394 2383 392 392 2384 430 430 2385 453 453 2386 441 441 2387 430 430 2388 435 435 2389 453 453 2390 435 435 2391 455 455 2392 453 453 2393 435 435 2394 440 440 2395 455 455 2396 440 440 2397 457 457 2398 455 455 2399 488 486 2400 487 487 2401 486 488 2402 489 489 2403 488 486 2404 486 488 2405 490 490 2406 488 486 2407 489 489 2408 491 491 2409 490 490 2410 489 489 2411 488 486 2412 492 492 2413 487 487 2414 492 492 2415 493 493 2416 487 487 2417 494 494 2418 492 492 2419 488 486 2420 490 490 2421 494 494 2422 488 486 2423 492 492 2424 495 495 2425 493 493 2426 495 495 2427 496 496 2428 493 493 2429 497 497 2430 495 495 2431 492 492 2432 494 494 2433 497 497 2434 492 492 2435 495 495 2436 498 498 2437 496 496 2438 498 498 2439 499 499 2440 496 496 2441 500 500 2442 498 498 2443 495 495 2444 497 497 2445 500 500 2446 495 495 2447 498 498 2448 501 501 2449 499 499 2450 501 501 2451 502 502 2452 499 499 2453 503 503 2454 501 501 2455 498 498 2456 500 500 2457 503 503 2458 498 498 2459 501 501 2460 504 504 2461 502 502 2462 504 504 2463 505 505 2464 502 502 2465 506 506 2466 504 504 2467 501 501 2468 503 503 2469 506 506 2470 501 501 2471 504 504 2472 507 507 2473 505 505 2474 507 507 2475 508 508 2476 505 505 2477 509 509 2478 507 507 2479 504 504 2480 506 506 2481 509 509 2482 504 504 2483 507 507 2484 510 510 2485 508 508 2486 510 510 2487 511 511 2488 508 508 2489 512 512 2490 510 510 2491 507 507 2492 509 509 2493 512 512 2494 507 507 2495 499 499 2496 502 502 2497 513 513 2498 499 499 2499 513 513 2500 514 514 2501 514 514 2502 513 513 2503 515 515 2504 514 514 2505 515 515 2506 516 516 2507 517 517 2508 514 514 2509 516 516 2510 517 517 2511 516 516 2512 518 518 2513 519 519 2514 517 517 2515 518 518 2516 519 519 2517 518 518 2518 520 520 2519 521 521 2520 519 519 2521 520 520 2522 513 513 2523 522 522 2524 515 515 2525 513 513 2526 523 523 2527 522 522 2528 523 523 2529 524 524 2530 522 522 2531 523 523 2532 525 525 2533 524 524 2534 525 525 2535 526 526 2536 524 524 2537 525 525 2538 527 527 2539 526 526 2540 527 527 2541 528 528 2542 526 526 2543 528 528 2544 527 527 2545 529 529 2546 530 530 2547 528 528 2548 529 529 2549 487 487 2550 519 519 2551 521 521 2552 486 488 2553 487 487 2554 521 521 2555 520 520 2556 518 518 2557 531 531 2558 518 518 2559 532 532 2560 531 531 2561 531 531 2562 532 532 2563 533 533 2564 532 532 2565 534 534 2566 533 533 2567 533 533 2568 534 534 2569 535 535 2570 534 534 2571 536 536 2572 535 535 2573 535 535 2574 536 536 2575 537 537 2576 536 536 2577 538 538 2578 537 537 2579 537 537 2580 538 538 2581 539 539 2582 538 538 2583 540 540 2584 539 539 2585 532 532 2586 541 541 2587 534 534 2588 541 541 2589 542 542 2590 534 534 2591 534 534 2592 542 542 2593 536 536 2594 542 542 2595 543 543 2596 536 536 2597 536 536 2598 543 543 2599 538 538 2600 543 543 2601 544 544 2602 538 538 2603 538 538 2604 544 544 2605 540 540 2606 544 544 2607 545 545 2608 540 540 2609 541 541 2610 546 546 2611 542 542 2612 546 546 2613 547 547 2614 542 542 2615 542 542 2616 547 547 2617 543 543 2618 547 547 2619 548 548 2620 543 543 2621 543 543 2622 548 548 2623 544 544 2624 548 548 2625 549 549 2626 544 544 2627 544 544 2628 549 549 2629 545 545 2630 549 549 2631 550 550 2632 545 545 2633 546 546 2634 551 551 2635 547 547 2636 551 551 2637 552 552 2638 547 547 2639 547 547 2640 552 552 2641 548 548 2642 552 552 2643 553 553 2644 548 548 2645 548 548 2646 553 553 2647 549 549 2648 553 553 2649 554 554 2650 549 549 2651 549 549 2652 554 554 2653 550 550 2654 554 554 2655 555 555 2656 550 550 2657 551 551 2658 556 556 2659 552 552 2660 556 556 2661 557 557 2662 552 552 2663 552 552 2664 557 557 2665 553 553 2666 557 557 2667 558 558 2668 553 553 2669 553 553 2670 558 558 2671 554 554 2672 558 558 2673 559 559 2674 554 554 2675 554 554 2676 559 559 2677 555 555 2678 559 559 2679 560 560 2680 555 555 2681 556 556 2682 561 561 2683 557 557 2684 561 561 2685 562 562 2686 557 557 2687 557 557 2688 562 562 2689 558 558 2690 562 562 2691 563 563 2692 558 558 2693 558 558 2694 563 563 2695 559 559 2696 563 563 2697 564 564 2698 559 559 2699 559 559 2700 564 564 2701 560 560 2702 564 564 2703 565 565 2704 560 560 2705 561 561 2706 566 566 2707 562 562 2708 566 566 2709 567 567 2710 562 562 2711 562 562 2712 567 567 2713 563 563 2714 567 567 2715 568 568 2716 563 563 2717 563 563 2718 568 568 2719 564 564 2720 568 568 2721 569 569 2722 564 564 2723 564 564 2724 569 569 2725 565 565 2726 569 569 2727 570 570 2728 565 565 2729 566 566 2730 571 571 2731 567 567 2732 571 571 2733 572 572 2734 567 567 2735 567 567 2736 572 572 2737 568 568 2738 572 572 2739 573 573 2740 568 568 2741 568 568 2742 573 573 2743 569 569 2744 573 573 2745 574 574 2746 569 569 2747 569 569 2748 574 574 2749 570 570 2750 574 574 2751 575 575 2752 570 570 2753 560 560 2754 565 565 2755 576 576 2756 560 560 2757 576 576 2758 577 577 2759 577 577 2760 576 576 2761 578 578 2762 577 577 2763 578 578 2764 579 579 2765 580 580 2766 577 577 2767 579 579 2768 580 580 2769 579 579 2770 581 581 2771 582 582 2772 580 580 2773 581 581 2774 582 582 2775 581 581 2776 583 583 2777 584 584 2778 582 582 2779 583 583 2780 584 584 2781 583 583 2782 585 585 2783 586 586 2784 584 584 2785 585 585 2786 576 576 2787 587 587 2788 578 578 2789 576 576 2790 588 588 2791 587 587 2792 588 588 2793 589 589 2794 587 587 2795 588 588 2796 590 590 2797 589 589 2798 590 590 2799 591 591 2800 589 589 2801 591 591 2802 590 590 2803 592 592 2804 593 593 2805 591 591 2806 592 592 2807 540 540 2808 584 584 2809 586 586 2810 539 539 2811 540 540 2812 586 586 2813 585 585 2814 583 583 2815 594 594 2816 583 583 2817 595 595 2818 594 594 2819 594 594 2820 595 595 2821 596 596 2822 595 595 2823 597 597 2824 596 596 2825 596 596 2826 597 597 2827 598 598 2828 597 597 2829 599 599 2830 598 598 2831 595 595 2832 600 600 2833 597 597 2834 600 600 2835 601 601 2836 597 597 2837 597 597 2838 601 601 2839 599 599 2840 601 601 2841 602 602 2842 599 599 2843 600 600 2844 603 603 2845 601 601 2846 603 603 2847 604 604 2848 601 601 2849 601 601 2850 604 604 2851 602 602 2852 604 604 2853 605 605 2854 602 602 2855 603 603 2856 606 606 2857 604 604 2858 606 606 2859 607 607 2860 604 604 2861 604 604 2862 607 607 2863 605 605 2864 607 607 2865 608 608 2866 605 605 2867 606 606 2868 609 609 2869 607 607 2870 609 609 2871 610 610 2872 607 607 2873 607 607 2874 610 610 2875 608 608 2876 610 610 2877 611 611 2878 608 608 2879 609 609 2880 612 612 2881 610 610 2882 612 612 2883 613 613 2884 610 610 2885 610 610 2886 613 613 2887 611 611 2888 613 613 2889 614 614 2890 611 611 2891 612 612 2892 615 615 2893 613 613 2894 615 615 2895 616 616 2896 613 613 2897 613 613 2898 616 616 2899 614 614 2900 616 616 2901 617 617 2902 614 614 2903 615 615 2904 618 618 2905 616 616 2906 618 618 2907 619 619 2908 616 616 2909 616 616 2910 619 619 2911 617 617 2912 619 619 2913 620 620 2914 617 617 2915 587 587 2916 609 609 2917 606 606 2918 578 578 2919 587 587 2920 606 606 2921 589 589 2922 612 612 2923 609 609 2924 587 587 2925 589 589 2926 609 609 2927 591 591 2928 615 615 2929 612 612 2930 589 589 2931 591 591 2932 612 612 2933 593 593 2934 618 618 2935 615 615 2936 591 591 2937 593 593 2938 615 615 2939 578 578 2940 606 606 2941 603 603 2942 579 579 2943 578 578 2944 603 603 2945 579 579 2946 603 603 2947 600 600 2948 581 581 2949 579 579 2950 600 600 2951 581 581 2952 600 600 2953 595 595 2954 583 583 2955 581 581 2956 595 595 2957 493 493 2958 517 517 2959 519 519 2960 487 487 2961 493 493 2962 519 519 2963 493 493 2964 496 496 2965 517 517 2966 496 496 2967 514 514 2968 517 517 2969 496 496 2970 499 499 2971 514 514 2972 516 516 2973 541 541 2974 532 532 2975 518 518 2976 516 516 2977 532 532 2978 516 516 2979 515 515 2980 541 541 2981 515 515 2982 546 546 2983 541 541 2984 515 515 2985 522 522 2986 546 546 2987 522 522 2988 551 551 2989 546 546 2990 522 522 2991 524 524 2992 551 551 2993 524 524 2994 556 556 2995 551 551 2996 524 524 2997 526 526 2998 556 556 2999 526 526 3000 561 561 3001 556 556 3002 526 526 3003 528 528 3004 561 561 3005 528 528 3006 566 566 3007 561 561 3008 528 528 3009 530 530 3010 566 566 3011 530 530 3012 571 571 3013 566 566 3014 545 545 3015 582 582 3016 584 584 3017 540 540 3018 545 545 3019 584 584 3020 545 545 3021 550 550 3022 582 582 3023 550 550 3024 580 580 3025 582 582 3026 550 550 3027 555 555 3028 580 580 3029 555 555 3030 577 577 3031 580 580 3032 555 555 3033 560 560 3034 577 577 3035 502 502 3036 523 523 3037 513 513 3038 502 502 3039 505 505 3040 523 523 3041 505 505 3042 525 525 3043 523 523 3044 505 505 3045 508 508 3046 525 525 3047 508 508 3048 527 527 3049 525 525 3050 508 508 3051 511 511 3052 527 527 3053 511 511 3054 529 529 3055 527 527 3056 565 565 3057 588 588 3058 576 576 3059 565 565 3060 570 570 3061 588 588 3062 570 570 3063 590 590 3064 588 588 3065 570 570 3066 575 575 3067 590 590 3068 575 575 3069 592 592 3070 590 590 3071 623 621 3072 622 622 3073 621 623 3074 624 624 3075 623 621 3076 621 623 3077 625 625 3078 623 621 3079 624 624 3080 626 626 3081 625 625 3082 624 624 3083 623 621 3084 627 627 3085 622 622 3086 627 627 3087 628 628 3088 622 622 3089 629 629 3090 627 627 3091 623 621 3092 625 625 3093 629 629 3094 623 621 3095 627 627 3096 630 630 3097 628 628 3098 630 630 3099 631 631 3100 628 628 3101 632 632 3102 630 630 3103 627 627 3104 629 629 3105 632 632 3106 627 627 3107 630 630 3108 633 633 3109 631 631 3110 633 633 3111 634 634 3112 631 631 3113 635 635 3114 633 633 3115 630 630 3116 632 632 3117 635 635 3118 630 630 3119 633 633 3120 636 636 3121 634 634 3122 636 636 3123 637 637 3124 634 634 3125 638 638 3126 636 636 3127 633 633 3128 635 635 3129 638 638 3130 633 633 3131 636 636 3132 639 639 3133 637 637 3134 639 639 3135 640 640 3136 637 637 3137 641 641 3138 639 639 3139 636 636 3140 638 638 3141 641 641 3142 636 636 3143 639 639 3144 642 642 3145 640 640 3146 642 642 3147 643 643 3148 640 640 3149 644 644 3150 642 642 3151 639 639 3152 641 641 3153 644 644 3154 639 639 3155 642 642 3156 645 645 3157 643 643 3158 645 645 3159 646 646 3160 643 643 3161 647 647 3162 645 645 3163 642 642 3164 644 644 3165 647 647 3166 642 642 3167 634 634 3168 637 637 3169 648 648 3170 634 634 3171 648 648 3172 649 649 3173 649 649 3174 648 648 3175 650 650 3176 649 649 3177 650 650 3178 651 651 3179 652 652 3180 649 649 3181 651 651 3182 652 652 3183 651 651 3184 653 653 3185 654 654 3186 652 652 3187 653 653 3188 654 654 3189 653 653 3190 655 655 3191 656 656 3192 654 654 3193 655 655 3194 648 648 3195 657 657 3196 650 650 3197 648 648 3198 658 658 3199 657 657 3200 658 658 3201 659 659 3202 657 657 3203 658 658 3204 660 660 3205 659 659 3206 660 660 3207 661 661 3208 659 659 3209 660 660 3210 662 662 3211 661 661 3212 662 662 3213 663 663 3214 661 661 3215 663 663 3216 662 662 3217 664 664 3218 665 665 3219 663 663 3220 664 664 3221 622 622 3222 654 654 3223 656 656 3224 621 623 3225 622 622 3226 656 656 3227 655 655 3228 653 653 3229 666 666 3230 653 653 3231 667 667 3232 666 666 3233 666 666 3234 667 667 3235 668 668 3236 667 667 3237 669 669 3238 668 668 3239 668 668 3240 669 669 3241 670 670 3242 669 669 3243 671 671 3244 670 670 3245 670 670 3246 671 671 3247 672 672 3248 671 671 3249 673 673 3250 672 672 3251 672 672 3252 673 673 3253 674 674 3254 673 673 3255 675 675 3256 674 674 3257 667 667 3258 676 676 3259 669 669 3260 676 676 3261 677 677 3262 669 669 3263 669 669 3264 677 677 3265 671 671 3266 677 677 3267 678 678 3268 671 671 3269 671 671 3270 678 678 3271 673 673 3272 678 678 3273 679 679 3274 673 673 3275 673 673 3276 679 679 3277 675 675 3278 679 679 3279 680 680 3280 675 675 3281 676 676 3282 681 681 3283 677 677 3284 681 681 3285 682 682 3286 677 677 3287 677 677 3288 682 682 3289 678 678 3290 682 682 3291 683 683 3292 678 678 3293 678 678 3294 683 683 3295 679 679 3296 683 683 3297 684 684 3298 679 679 3299 679 679 3300 684 684 3301 680 680 3302 684 684 3303 685 685 3304 680 680 3305 681 681 3306 686 686 3307 682 682 3308 686 686 3309 687 687 3310 682 682 3311 682 682 3312 687 687 3313 683 683 3314 687 687 3315 688 688 3316 683 683 3317 683 683 3318 688 688 3319 684 684 3320 688 688 3321 689 689 3322 684 684 3323 684 684 3324 689 689 3325 685 685 3326 689 689 3327 690 690 3328 685 685 3329 686 686 3330 691 691 3331 687 687 3332 691 691 3333 692 692 3334 687 687 3335 687 687 3336 692 692 3337 688 688 3338 692 692 3339 693 693 3340 688 688 3341 688 688 3342 693 693 3343 689 689 3344 693 693 3345 694 694 3346 689 689 3347 689 689 3348 694 694 3349 690 690 3350 694 694 3351 695 695 3352 690 690 3353 691 691 3354 696 696 3355 692 692 3356 696 696 3357 697 697 3358 692 692 3359 692 692 3360 697 697 3361 693 693 3362 697 697 3363 698 698 3364 693 693 3365 693 693 3366 698 698 3367 694 694 3368 698 698 3369 699 699 3370 694 694 3371 694 694 3372 699 699 3373 695 695 3374 699 699 3375 700 700 3376 695 695 3377 696 696 3378 701 701 3379 697 697 3380 701 701 3381 702 702 3382 697 697 3383 697 697 3384 702 702 3385 698 698 3386 702 702 3387 703 703 3388 698 698 3389 698 698 3390 703 703 3391 699 699 3392 703 703 3393 704 704 3394 699 699 3395 699 699 3396 704 704 3397 700 700 3398 704 704 3399 705 705 3400 700 700 3401 701 701 3402 706 706 3403 702 702 3404 706 706 3405 707 707 3406 702 702 3407 702 702 3408 707 707 3409 703 703 3410 707 707 3411 708 708 3412 703 703 3413 703 703 3414 708 708 3415 704 704 3416 708 708 3417 709 709 3418 704 704 3419 704 704 3420 709 709 3421 705 705 3422 709 709 3423 710 710 3424 705 705 3425 695 695 3426 700 700 3427 711 711 3428 695 695 3429 711 711 3430 712 712 3431 712 712 3432 711 711 3433 713 713 3434 712 712 3435 713 713 3436 714 714 3437 715 715 3438 712 712 3439 714 714 3440 715 715 3441 714 714 3442 716 716 3443 717 717 3444 715 715 3445 716 716 3446 717 717 3447 716 716 3448 718 718 3449 719 719 3450 717 717 3451 718 718 3452 719 719 3453 718 718 3454 720 720 3455 721 721 3456 719 719 3457 720 720 3458 711 711 3459 722 722 3460 713 713 3461 711 711 3462 723 723 3463 722 722 3464 723 723 3465 724 724 3466 722 722 3467 723 723 3468 725 725 3469 724 724 3470 725 725 3471 726 726 3472 724 724 3473 726 726 3474 725 725 3475 727 727 3476 728 728 3477 726 726 3478 727 727 3479 675 675 3480 719 719 3481 721 721 3482 674 674 3483 675 675 3484 721 721 3485 720 720 3486 718 718 3487 729 729 3488 718 718 3489 730 730 3490 729 729 3491 729 729 3492 730 730 3493 731 731 3494 730 730 3495 732 732 3496 731 731 3497 731 731 3498 732 732 3499 733 733 3500 732 732 3501 734 734 3502 733 733 3503 730 730 3504 735 735 3505 732 732 3506 735 735 3507 736 736 3508 732 732 3509 732 732 3510 736 736 3511 734 734 3512 736 736 3513 737 737 3514 734 734 3515 735 735 3516 738 738 3517 736 736 3518 738 738 3519 739 739 3520 736 736 3521 736 736 3522 739 739 3523 737 737 3524 739 739 3525 740 740 3526 737 737 3527 738 738 3528 741 741 3529 739 739 3530 741 741 3531 742 742 3532 739 739 3533 739 739 3534 742 742 3535 740 740 3536 742 742 3537 743 743 3538 740 740 3539 741 741 3540 744 744 3541 742 742 3542 744 744 3543 745 745 3544 742 742 3545 742 742 3546 745 745 3547 743 743 3548 745 745 3549 746 746 3550 743 743 3551 744 744 3552 747 747 3553 745 745 3554 747 747 3555 748 748 3556 745 745 3557 745 745 3558 748 748 3559 746 746 3560 748 748 3561 749 749 3562 746 746 3563 747 747 3564 750 750 3565 748 748 3566 750 750 3567 751 751 3568 748 748 3569 748 748 3570 751 751 3571 749 749 3572 751 751 3573 752 752 3574 749 749 3575 750 750 3576 753 753 3577 751 751 3578 753 753 3579 754 754 3580 751 751 3581 751 751 3582 754 754 3583 752 752 3584 754 754 3585 755 755 3586 752 752 3587 722 722 3588 744 744 3589 741 741 3590 713 713 3591 722 722 3592 741 741 3593 724 724 3594 747 747 3595 744 744 3596 722 722 3597 724 724 3598 744 744 3599 726 726 3600 750 750 3601 747 747 3602 724 724 3603 726 726 3604 747 747 3605 728 728 3606 753 753 3607 750 750 3608 726 726 3609 728 728 3610 750 750 3611 713 713 3612 741 741 3613 738 738 3614 714 714 3615 713 713 3616 738 738 3617 714 714 3618 738 738 3619 735 735 3620 716 716 3621 714 714 3622 735 735 3623 716 716 3624 735 735 3625 730 730 3626 718 718 3627 716 716 3628 730 730 3629 628 628 3630 652 652 3631 654 654 3632 622 622 3633 628 628 3634 654 654 3635 628 628 3636 631 631 3637 652 652 3638 631 631 3639 649 649 3640 652 652 3641 631 631 3642 634 634 3643 649 649 3644 651 651 3645 676 676 3646 667 667 3647 653 653 3648 651 651 3649 667 667 3650 651 651 3651 650 650 3652 676 676 3653 650 650 3654 681 681 3655 676 676 3656 650 650 3657 657 657 3658 681 681 3659 657 657 3660 686 686 3661 681 681 3662 657 657 3663 659 659 3664 686 686 3665 659 659 3666 691 691 3667 686 686 3668 659 659 3669 661 661 3670 691 691 3671 661 661 3672 696 696 3673 691 691 3674 661 661 3675 663 663 3676 696 696 3677 663 663 3678 701 701 3679 696 696 3680 663 663 3681 665 665 3682 701 701 3683 665 665 3684 706 706 3685 701 701 3686 680 680 3687 717 717 3688 719 719 3689 675 675 3690 680 680 3691 719 719 3692 680 680 3693 685 685 3694 717 717 3695 685 685 3696 715 715 3697 717 717 3698 685 685 3699 690 690 3700 715 715 3701 690 690 3702 712 712 3703 715 715 3704 690 690 3705 695 695 3706 712 712 3707 637 637 3708 658 658 3709 648 648 3710 637 637 3711 640 640 3712 658 658 3713 640 640 3714 660 660 3715 658 658 3716 640 640 3717 643 643 3718 660 660 3719 643 643 3720 662 662 3721 660 660 3722 643 643 3723 646 646 3724 662 662 3725 646 646 3726 664 664 3727 662 662 3728 700 700 3729 723 723 3730 711 711 3731 700 700 3732 705 705 3733 723 723 3734 705 705 3735 725 725 3736 723 723 3737 705 705 3738 710 710 3739 725 725 3740 710 710 3741 727 727 3742 725 725 3743</p>
        </triangles>
      </mesh>
    </geometry>
    <geometry id="LanternPole_Body-mesh" name="LanternPole_Body">
      <mesh>
        <source id="LanternPole_Body-mesh-positions">
          <float_array id="LanternPole_Body-mesh-positions-array" count="2778">2.081797 -1.741358 -12.27852 2.081796 1.741358 -12.27852 2.083927 1.739227 -12.24666 2.083927 -1.739227 -12.24666 5.562381 1.739227 -12.24666 5.564512 1.741358 -12.27852 5.564512 -1.741358 -12.27852 5.562381 -1.739227 -12.24666 6.138864 -2.31571 -12.79758 6.138864 2.31571 -12.79758 6.111577 2.288423 -12.83211 6.111577 -2.288423 -12.83211 1.534731 -2.288423 -12.83211 1.534731 2.288423 -12.83211 1.507444 2.31571 -12.79758 1.507444 -2.31571 -12.79758 1.805641 -2.017513 -12.34427 1.805641 2.017513 -12.34427 2.032129 1.791025 -12.29696 2.032129 -1.791025 -12.29696 5.614179 -1.791025 -12.29696 5.614179 1.791025 -12.29696 5.840668 2.017513 -12.34427 5.840668 -2.017513 -12.34427 1.507444 -2.31571 -12.79758 1.507444 2.31571 -12.79758 1.805641 2.017513 -12.34427 1.805641 -2.017513 -12.34427 5.840668 -2.017513 -12.34427 5.840668 2.017513 -12.34427 6.138864 2.31571 -12.79758 6.138864 -2.31571 -12.79758 2.27299 -1.550164 -8.625535 2.27299 1.550164 -8.625535 2.042123 1.781031 -8.327064 2.042123 -1.781031 -8.327064 5.604186 -1.781031 -8.327064 5.604186 1.781031 -8.327064 5.373318 1.550164 -8.625535 5.373318 -1.550164 -8.625535 5.592935 -1.76978 -8.287311 5.592935 1.76978 -8.287311 5.604186 1.781031 -8.327064 5.604186 -1.781031 -8.327064 2.042123 -1.781031 -8.327064 2.042123 1.781031 -8.327064 2.053374 1.76978 -8.287311 2.053374 -1.76978 -8.287311 5.614179 1.791025 -12.29696 2.032129 1.791025 -12.29696 1.805641 2.017513 -12.34427 5.840668 2.017513 -12.34427 5.840668 2.017513 -12.34427 1.805641 2.017513 -12.34427 1.507444 2.31571 -12.79758 6.138864 2.31571 -12.79758 6.138864 2.31571 -12.79758 1.507444 2.31571 -12.79758 1.534731 2.288423 -12.83211 6.111577 2.288423 -12.83211 6.111577 -2.288423 -12.83211 6.111577 2.288423 -12.83211 1.534731 2.288423 -12.83211 1.534731 -2.288423 -12.83211 6.111577 -2.288423 -12.83211 1.534731 -2.288423 -12.83211 1.507444 -2.31571 -12.79758 6.138864 -2.31571 -12.79758 6.138864 -2.31571 -12.79758 1.507444 -2.31571 -12.79758 1.805641 -2.017513 -12.34427 5.840668 -2.017513 -12.34427 5.840668 -2.017513 -12.34427 1.805641 -2.017513 -12.34427 2.032129 -1.791025 -12.29696 5.614179 -1.791025 -12.29696 2.081797 -1.741358 -12.27852 2.083927 -1.739227 -12.24666 5.562381 -1.739227 -12.24666 5.564512 -1.741358 -12.27852 2.042123 -1.781031 -8.327064 5.604186 -1.781031 -8.327064 5.373318 -1.550164 -8.625535 2.27299 -1.550164 -8.625535 5.604186 -1.781031 -8.327064 2.042123 -1.781031 -8.327064 2.053374 -1.76978 -8.287311 5.592935 -1.76978 -8.287311 2.053374 -1.76978 -8.287311 2.053374 1.76978 -8.287311 5.592935 1.76978 -8.287311 5.592935 -1.76978 -8.287311 5.592935 1.76978 -8.287311 2.053374 1.76978 -8.287311 2.042123 1.781031 -8.327064 5.604186 1.781031 -8.327064 5.604186 1.781031 -8.327064 2.042123 1.781031 -8.327064 2.27299 1.550164 -8.625535 5.373318 1.550164 -8.625535 5.562381 1.739227 -12.24666 2.083927 1.739227 -12.24666 2.081796 1.741358 -12.27852 5.564512 1.741358 -12.27852 2.320553 -1.502601 -8.675949 2.322657 -1.500497 -8.644493 5.323651 -1.500497 -8.644493 5.325755 -1.502601 -8.675949 2.320553 1.502601 -8.675948 2.322657 1.500497 -8.644493 2.322657 -1.500497 -8.644493 2.320553 -1.502601 -8.675949 5.323651 1.500497 -8.644492 2.322657 1.500497 -8.644493 2.320553 1.502601 -8.675948 5.325755 1.502601 -8.675949 5.323651 -1.500497 -8.644493 5.323651 1.500497 -8.644492 5.325755 1.502601 -8.675949 5.325755 -1.502601 -8.675949 2.03426 -1.788894 -12.22366 2.270886 -1.552268 -8.686045 5.375422 -1.552268 -8.686045 5.612048 -1.788894 -12.22366 2.03426 1.788894 -12.22366 2.270886 1.552268 -8.686045 2.270886 -1.552268 -8.686045 2.03426 -1.788894 -12.22366 5.375422 1.552268 -8.686045 2.270886 1.552268 -8.686045 2.03426 1.788894 -12.22366 5.612048 1.788894 -12.22366 5.375422 1.552268 -8.686045 5.612048 1.788894 -12.22366 5.612048 -1.788894 -12.22366 5.375422 -1.552268 -8.686045 2.03426 -1.788894 -12.22366 2.083927 -1.739227 -12.24666 2.083927 1.739227 -12.24666 2.03426 1.788894 -12.22366 2.032129 1.791025 -12.29696 2.081796 1.741358 -12.27852 2.081797 -1.741358 -12.27852 2.032129 -1.791025 -12.29696 5.612048 1.788894 -12.22366 5.562381 1.739227 -12.24666 5.562381 -1.739227 -12.24666 5.612048 -1.788894 -12.22366 5.614179 -1.791025 -12.29696 5.564512 -1.741358 -12.27852 5.564512 1.741358 -12.27852 5.614179 1.791025 -12.29696 2.032129 -1.791025 -12.29696 2.081797 -1.741358 -12.27852 5.564512 -1.741358 -12.27852 5.614179 -1.791025 -12.29696 5.612048 -1.788894 -12.22366 5.562381 -1.739227 -12.24666 2.083927 -1.739227 -12.24666 2.03426 -1.788894 -12.22366 5.614179 1.791025 -12.29696 5.564512 1.741358 -12.27852 2.081796 1.741358 -12.27852 2.032129 1.791025 -12.29696 2.03426 1.788894 -12.22366 2.083927 1.739227 -12.24666 5.562381 1.739227 -12.24666 5.612048 1.788894 -12.22366 2.270886 -1.552268 -8.686045 2.320553 -1.502601 -8.675949 5.325755 -1.502601 -8.675949 5.375422 -1.552268 -8.686045 5.373318 -1.550164 -8.625535 5.323651 -1.500497 -8.644493 2.322657 -1.500497 -8.644493 2.27299 -1.550164 -8.625535 2.270886 1.552268 -8.686045 2.320553 1.502601 -8.675948 2.320553 -1.502601 -8.675949 2.270886 -1.552268 -8.686045 2.27299 -1.550164 -8.625535 2.322657 -1.500497 -8.644493 2.322657 1.500497 -8.644493 2.27299 1.550164 -8.625535 5.375422 1.552268 -8.686045 5.325755 1.502601 -8.675949 2.320553 1.502601 -8.675948 2.270886 1.552268 -8.686045 2.27299 1.550164 -8.625535 2.322657 1.500497 -8.644493 5.323651 1.500497 -8.644492 5.373318 1.550164 -8.625535 5.375422 -1.552268 -8.686045 5.325755 -1.502601 -8.675949 5.325755 1.502601 -8.675949 5.375422 1.552268 -8.686045 5.373318 1.550164 -8.625535 5.323651 1.500497 -8.644492 5.323651 -1.500497 -8.644493 5.373318 -1.550164 -8.625535 4.563948 0.7407941 3.477647 4.493196 0.7407942 3.477647 4.784808 1.063199 -8.333212 4.886353 1.063199 -8.333212 2.852277 1.063199 -8.333212 3.146686 0.7407941 3.477647 2.759955 1.063199 -8.333212 3.08236 0.7407941 3.477647 4.493196 0.7407942 11.31114 4.563948 0.7407941 11.31114 4.563948 0.7407941 11.33962 4.493196 0.7407942 11.33962 3.146686 0.7407941 11.31114 3.146686 0.7407941 11.33962 3.08236 0.7407941 11.31114 3.08236 0.7407941 11.33962 4.613948 -0.7907942 12.83211 4.53842 -0.7907942 12.83211 4.53842 -0.7125903 12.83211 4.613948 -0.7125903 12.83211 4.53842 0.7181854 12.83211 4.613948 0.7181854 12.83211 3.101028 0.7181854 12.83211 3.101028 -0.7125903 12.83211 3.101028 -0.7907942 12.83211 3.03236 0.7181854 12.83211 3.03236 -0.7125903 12.83211 3.03236 -0.7907942 12.83211 4.613948 0.7907942 12.83211 4.53842 0.7907942 12.83211 3.101028 0.7907942 12.83211 3.03236 0.7907942 12.83211 4.648299 -0.8251445 12.8069 2.99801 -0.8251445 12.8069 3.06966 -0.8251445 12.8069 3.05537 -0.8407942 12.78211 4.583645 -0.8407943 12.78211 4.56949 -0.8251447 12.8069 4.663948 -0.8407942 12.78211 4.648299 -0.7435439 12.8069 4.663948 -0.7576457 12.78211 4.663948 0.7635945 12.78211 4.648299 0.7493818 12.8069 2.98236 -0.8407942 12.78211 2.98236 -0.7576457 12.78211 2.99801 -0.7435439 12.8069 2.98236 0.7635945 12.78211 2.99801 0.7493818 12.8069 4.663948 0.8407942 12.78211 4.648299 0.8251445 12.8069 4.583645 0.8407943 12.78211 4.56949 0.8251447 12.8069 3.05537 0.8407942 12.78211 3.06966 0.8251445 12.8069 2.98236 0.8407942 12.78211 2.99801 0.8251445 12.8069 4.493196 -0.7407942 3.477647 4.563948 -0.7407941 3.477647 4.886353 -1.063199 -8.333212 4.784808 -1.063199 -8.333212 3.146686 -0.7407941 3.477647 2.852277 -1.063199 -8.333212 2.759955 -1.063199 -8.333212 3.08236 -0.7407941 3.477647 4.493196 -0.7407941 11.31114 4.563948 -0.7407941 11.31114 4.493196 -0.7407942 11.33962 4.563948 -0.7407941 11.33962 3.146686 -0.7407941 11.31114 3.146686 -0.7407941 11.33962 3.08236 -0.7407941 11.33962 3.08236 -0.7407941 11.31114 4.836353 -0.913001 -8.383213 4.739583 -0.913001 -8.383213 4.739583 -1.013199 -8.383213 4.836353 -1.013199 -8.383213 4.836353 0.9201694 -8.383213 4.739583 0.9201694 -8.383213 2.897935 -1.013199 -8.383213 2.897935 -0.913001 -8.383213 2.897935 0.9201694 -8.383213 2.809955 -1.013199 -8.383213 2.809955 -0.913001 -8.383213 2.809955 0.9201694 -8.383213 2.897935 1.013199 -8.383213 2.809955 1.013199 -8.383213 4.739583 1.013199 -8.383213 4.836353 1.013199 -8.383213 4.769468 -1.046239 -8.366992 4.869393 -1.046239 -8.366992 4.784808 -1.063199 -8.333212 4.886353 -1.063199 -8.333212 4.886353 -0.9580563 -8.333212 4.869393 -0.9427733 -8.366992 4.886353 0.9655785 -8.333212 4.869393 0.9501755 -8.366992 2.867764 -1.046239 -8.366992 2.852277 -1.063199 -8.333212 2.759955 -1.063199 -8.333212 2.776916 -1.046239 -8.366992 2.776916 -0.9427733 -8.366992 2.759955 -0.9580563 -8.333212 2.759955 0.9655785 -8.333212 2.776916 0.9501755 -8.366992 2.759955 1.063199 -8.333212 2.776916 1.046239 -8.366992 2.852277 1.063199 -8.333212 2.867764 1.046239 -8.366992 4.784808 1.063199 -8.333212 4.769468 1.046239 -8.366992 4.886353 1.063199 -8.333212 4.869393 1.046239 -8.366992 2.759955 -0.9580563 -8.333212 3.08236 -0.6675348 3.477647 3.08236 -0.7407941 3.477647 2.759955 -1.063199 -8.333212 3.08236 0.6727762 3.477647 2.759955 0.9655785 -8.333212 2.759955 1.063199 -8.333212 3.08236 0.7407941 3.477647 3.08236 0.6727762 11.31114 3.08236 0.7407941 11.31114 3.08236 0.6727762 11.33962 3.08236 -0.6675348 11.33962 3.08236 -0.6675348 11.31114 3.08236 -0.7407941 11.33962 3.08236 -0.7407941 11.31114 3.08236 0.7407941 11.33962 4.886353 -1.063199 -8.333212 4.563948 -0.7407941 3.477647 4.563948 -0.6675348 3.477647 4.886353 -0.9580563 -8.333212 4.886353 0.9655785 -8.333212 4.563948 0.6727762 3.477647 4.886353 1.063199 -8.333212 4.563948 0.7407941 3.477647 4.563948 -0.6675348 11.31114 4.563948 -0.7407941 11.31114 4.563948 -0.6675348 11.33962 4.563948 -0.7407941 11.33962 4.563948 0.6727762 11.31114 4.563948 0.6727762 11.33962 4.563948 0.7407941 11.31114 4.563948 0.7407941 11.33962 4.531516 0.7083619 11.35931 4.463861 0.7083621 11.35931 4.493196 0.7407942 11.33962 4.563948 0.7407941 11.33962 3.146686 0.7407941 11.33962 3.176302 0.7083619 11.35931 3.08236 0.7407941 11.33962 3.114792 0.7083619 11.35931 3.238003 0.6407942 11.40031 3.18236 0.6407942 11.40032 4.402747 0.6407942 11.40032 4.463948 0.6407942 11.40032 3.08236 -0.6675348 11.33962 3.114792 -0.63831 11.35931 3.114792 -0.7083619 11.35931 3.08236 -0.7407941 11.33962 3.08236 0.6727762 11.33962 3.114792 0.6433218 11.35931 3.08236 0.7407941 11.33962 3.114792 0.7083619 11.35931 3.18236 -0.6407942 11.40032 3.18236 -0.5774243 11.40032 3.18236 0.581958 11.40032 3.18236 0.6407942 11.40032 4.563948 -0.7407941 11.33962 4.493196 -0.7407942 11.33962 4.463861 -0.7083621 11.35931 4.531516 -0.7083619 11.35931 3.176302 -0.7083621 11.35931 3.146686 -0.7407941 11.33962 3.114792 -0.7083619 11.35931 3.08236 -0.7407941 11.33962 4.402747 -0.6407942 11.40032 4.463948 -0.6407942 11.40032 3.238003 -0.6407942 11.40031 3.18236 -0.6407942 11.40032 4.563948 -0.7407941 11.33962 4.531516 -0.7083619 11.35931 4.531516 -0.63831 11.35931 4.563948 -0.6675348 11.33962 4.563948 0.6727762 11.33962 4.531516 0.6433218 11.35931 4.563948 0.7407941 11.33962 4.531516 0.7083619 11.35931 4.463948 0.581958 11.40032 4.463948 0.6407942 11.40032 4.463948 -0.5774243 11.40032 4.463948 -0.6407942 11.40032 4.458557 0.6354023 11.43585 4.39787 0.6354023 11.43585 4.402747 0.6407942 11.40032 4.463948 0.6407942 11.40032 3.238003 0.6407942 11.40031 3.242927 0.6354023 11.43585 3.18236 0.6407942 11.40032 3.187752 0.6354023 11.43585 3.242918 0.6354117 11.46834 3.187742 0.6354117 11.46835 3.238003 0.6407942 11.50031 3.18236 0.6407942 11.50031 4.402747 0.6407942 11.50031 4.397878 0.6354117 11.46835 4.463948 0.6407942 11.50031 4.458566 0.6354117 11.46835 3.18236 -0.5774243 11.40032 3.187752 -0.5725656 11.43585 3.187752 -0.6354023 11.43585 3.18236 -0.6407942 11.40032 3.18236 0.581958 11.40032 3.187752 0.5770611 11.43585 3.18236 0.6407942 11.40032 3.187752 0.6354023 11.43585 3.187742 -0.6354117 11.46835 3.187742 -0.5725741 11.46835 3.18236 -0.6407942 11.50031 3.18236 -0.5774243 11.50031 3.187742 0.5770698 11.46835 3.18236 0.581958 11.50031 3.187742 0.6354117 11.46835 3.18236 0.6407942 11.50031 4.463948 -0.6407942 11.40032 4.402747 -0.6407942 11.40032 4.39787 -0.6354023 11.43585 4.458557 -0.6354023 11.43585 3.242927 -0.6354023 11.43585 3.238003 -0.6407942 11.40031 3.187752 -0.6354023 11.43585 3.18236 -0.6407942 11.40032 4.458566 -0.6354117 11.46835 4.397878 -0.6354117 11.46835 4.463948 -0.6407942 11.50031 4.402747 -0.6407942 11.50031 3.242918 -0.6354117 11.46834 3.238003 -0.6407942 11.50031 3.187742 -0.6354117 11.46835 3.18236 -0.6407942 11.50031 4.463948 -0.6407942 11.40032 4.458557 -0.6354023 11.43585 4.458557 -0.5725656 11.43585 4.463948 -0.5774243 11.40032 4.458557 0.5770611 11.43585 4.463948 0.581958 11.40032 4.463948 0.6407942 11.40032 4.458557 0.6354023 11.43585 4.458566 -0.5725741 11.46835 4.458566 -0.6354117 11.46835 4.463948 -0.5774243 11.50031 4.463948 -0.6407942 11.50031 4.458566 0.5770698 11.46835 4.463948 0.581958 11.50031 4.458566 0.6354117 11.46835 4.463948 0.6407942 11.50031 4.663948 0.8407942 11.53211 4.583645 0.8407943 11.53211 4.513607 0.7633612 11.5198 4.586515 0.7633612 11.51979 3.126079 0.7633612 11.51979 3.05537 0.8407942 11.53211 3.059793 0.7633612 11.51979 2.98236 0.8407942 11.53211 4.463948 0.6407942 11.50031 4.402747 0.6407942 11.50031 3.238003 0.6407942 11.50031 3.18236 0.6407942 11.50031 3.059793 -0.6878703 11.51979 2.98236 -0.7576457 11.53211 2.98236 -0.8407942 11.53211 3.059793 -0.7633612 11.51979 3.059793 0.6932712 11.51979 2.98236 0.7635945 11.53211 3.059793 0.7633612 11.51979 2.98236 0.8407942 11.53211 3.18236 0.6407942 11.50031 3.18236 0.581958 11.50031 3.18236 -0.5774243 11.50031 3.18236 -0.6407942 11.50031 4.586515 -0.7633612 11.51979 4.513607 -0.7633612 11.5198 4.583645 -0.8407943 11.53211 4.663948 -0.8407942 11.53211 3.126079 -0.7633612 11.51979 3.05537 -0.8407942 11.53211 2.98236 -0.8407942 11.53211 3.059793 -0.7633612 11.51979 4.463948 -0.6407942 11.50031 4.402747 -0.6407942 11.50031 3.238003 -0.6407942 11.50031 3.18236 -0.6407942 11.50031 4.586515 -0.7633612 11.51979 4.663948 -0.8407942 11.53211 4.663948 -0.7576457 11.53211 4.586515 -0.6878703 11.51979 4.586515 0.6932712 11.51979 4.663948 0.7635945 11.53211 4.586515 0.7633612 11.51979 4.663948 0.8407942 11.53211 4.463948 -0.6407942 11.50031 4.463948 -0.5774243 11.50031 4.463948 0.581958 11.50031 4.463948 0.6407942 11.50031 4.663948 0.8407942 12.78211 4.583645 0.8407943 12.78211 4.583645 0.8407943 11.55417 4.663948 0.8407942 11.55417 3.05537 0.8407942 11.55417 3.05537 0.8407942 12.78211 2.98236 0.8407942 11.55417 2.98236 0.8407942 12.78211 4.663948 0.8407942 11.53211 4.583645 0.8407943 11.53211 3.05537 0.8407942 11.53211 2.98236 0.8407942 11.53211 2.98236 -0.7576457 11.55417 2.98236 -0.7576457 12.78211 2.98236 -0.8407942 12.78211 2.98236 -0.8407942 11.55417 2.98236 0.7635945 11.55417 2.98236 0.7635945 12.78211 2.98236 0.8407942 11.55417 2.98236 0.8407942 12.78211 2.98236 0.8407942 11.53211 2.98236 0.7635945 11.53211 2.98236 -0.7576457 11.53211 2.98236 -0.8407942 11.53211 4.663948 -0.8407942 11.55417 4.583645 -0.8407943 11.55417 4.583645 -0.8407943 12.78211 4.663948 -0.8407942 12.78211 3.05537 -0.8407942 11.55417 3.05537 -0.8407942 12.78211 2.98236 -0.8407942 12.78211 2.98236 -0.8407942 11.55417 4.663948 -0.8407942 11.53211 4.583645 -0.8407943 11.53211 3.05537 -0.8407942 11.53211 2.98236 -0.8407942 11.53211 4.663948 -0.8407942 11.55417 4.663948 -0.8407942 12.78211 4.663948 -0.7576457 12.78211 4.663948 -0.7576457 11.55417 4.663948 0.7635945 11.55417 4.663948 0.7635945 12.78211 4.663948 0.8407942 11.55417 4.663948 0.8407942 12.78211 4.663948 -0.8407942 11.53211 4.663948 -0.7576457 11.53211 4.663948 0.7635945 11.53211 4.663948 0.8407942 11.53211 3.822292 0.4842783 5.616398 3.233814 0.4626218 4.924207 3.513465 0.457448 4.401563 4.101946 0.4791046 5.09375 3.504354 0.4884514 6.116477 2.915878 0.4667947 5.424293 3.149852 0.491602 6.591348 2.561373 0.4699453 5.899162 2.76077 0.4937123 7.038332 2.172288 0.4720555 6.346143 2.339297 0.4947702 7.454917 1.750816 0.4731136 6.762733 1.887805 0.4947702 7.838768 1.299325 0.4731136 7.146578 1.408829 0.4937121 8.187716 0.820347 0.4720555 7.495528 0.9050656 0.4916019 8.499808 0.3165863 0.4699453 7.807622 0.379342 0.4884514 8.773287 -0.2091369 0.4667949 8.0811 -0.1653833 0.4842785 9.006614 -0.7538617 0.4626219 8.314427 -0.7262137 0.4791046 9.198529 -1.314694 0.457448 8.506341 -1.302264 0.4791026 9.357176 -1.890743 0.4574458 8.664984 -1.736561 0.4791026 9.435157 -2.32504 0.4574458 8.742967 -0.1513559 -0.4242532 9.023114 -0.7398367 -0.4459098 8.330924 -1.300665 -0.4510834 8.522845 -0.7121869 -0.4294269 9.215027 0.3933688 -0.4200801 8.789784 -0.1951099 -0.4417367 8.097601 0.9190903 -0.4169298 8.516309 0.3306137 -0.4385864 7.824121 1.422853 -0.4148195 8.204215 0.8343759 -0.4364761 7.512029 1.901833 -0.4137613 7.855269 1.313354 -0.4354178 7.163082 2.353326 -0.4137613 7.471416 1.764846 -0.4354178 6.779232 2.774796 -0.4148194 7.054832 2.186315 -0.4364761 6.362646 3.163876 -0.4169297 6.607847 2.5754 -0.4385861 5.915662 3.518381 -0.4200802 6.132978 2.929903 -0.4417366 5.44079 3.83632 -0.4242533 5.632895 3.24784 -0.4459099 4.940708 4.115971 -0.4294269 5.11025 3.527491 -0.4510836 4.418062 -1.876716 -0.4510856 8.681488 -1.288236 -0.4294291 9.373665 -2.311013 -0.4510856 8.759471 -1.722534 -0.4294291 9.451649 3.513465 0.457448 4.401563 3.527491 -0.4510836 4.418062 4.115971 -0.4294269 5.11025 4.101946 0.4791046 5.09375 3.527491 -0.4510836 4.418062 3.513465 0.457448 4.401563 3.233814 0.4626218 4.924207 3.24784 -0.4459099 4.940708 2.915878 0.4667947 5.424293 2.929903 -0.4417366 5.44079 2.561373 0.4699453 5.899162 2.5754 -0.4385861 5.915662 2.172288 0.4720555 6.346143 2.186315 -0.4364761 6.362646 1.750816 0.4731136 6.762733 1.764846 -0.4354178 6.779232 1.299325 0.4731136 7.146578 1.313354 -0.4354178 7.163082 0.820347 0.4720555 7.495528 0.8343759 -0.4364761 7.512029 0.3165863 0.4699453 7.807622 0.3306137 -0.4385864 7.824121 -0.2091369 0.4667949 8.0811 -0.1951099 -0.4417367 8.097601 -0.7538617 0.4626219 8.314427 -0.7398367 -0.4459098 8.330924 -1.314694 0.457448 8.506341 -1.300665 -0.4510834 8.522845 -1.890743 0.4574458 8.664984 -1.876716 -0.4510856 8.681488 -2.32504 0.4574458 8.742967 -2.311013 -0.4510856 8.759471 -1.722534 -0.4294291 9.451649 -2.311013 -0.4510856 8.759471 -2.32504 0.4574458 8.742967 -1.736561 0.4791026 9.435157 -1.722534 -0.4294291 9.451649 -1.736561 0.4791026 9.435157 -1.302264 0.4791026 9.357176 -1.288236 -0.4294291 9.373665 -0.7262137 0.4791046 9.198529 -0.7121869 -0.4294269 9.215027 -0.7121869 -0.4294269 9.215027 -0.7262137 0.4791046 9.198529 -0.1653833 0.4842785 9.006614 -0.1513559 -0.4242532 9.023114 0.379342 0.4884514 8.773287 0.3933688 -0.4200801 8.789784 0.9050656 0.4916019 8.499808 0.9190903 -0.4169298 8.516309 1.408829 0.4937121 8.187716 1.422853 -0.4148195 8.204215 1.887805 0.4947702 7.838768 1.901833 -0.4137613 7.855269 2.339297 0.4947702 7.454917 2.353326 -0.4137613 7.471416 2.76077 0.4937123 7.038332 2.774796 -0.4148194 7.054832 3.149852 0.491602 6.591348 3.163876 -0.4169297 6.607847 3.504354 0.4884514 6.116477 3.518381 -0.4200802 6.132978 3.822292 0.4842783 5.616398 3.83632 -0.4242533 5.632895 4.101946 0.4791046 5.09375 4.115971 -0.4294269 5.11025 7.678814 0.5276198 8.727218 7.678814 -0.5276198 8.727218 7.720263 -0.5276198 8.744385 7.720263 0.5276198 8.744385 -7.678813 0.5276198 8.727218 7.678814 0.569069 8.744385 -7.678813 0.569069 8.744385 -7.678813 -0.5276198 8.727218 -7.720262 0.5276198 8.744385 -7.720262 -0.5276198 8.744385 -7.678813 -0.569069 8.744385 7.678814 -0.569069 8.744385 -7.678813 -0.5862378 8.785836 7.678814 -0.5862378 8.785836 7.678814 -0.5862378 9.841075 7.720263 -0.569069 9.841075 7.720263 -0.569069 8.785836 -7.678813 -0.5862378 9.841075 -7.678813 -0.569069 9.882525 7.678814 -0.569069 9.882525 -7.678813 -0.5276198 9.899693 7.678814 -0.5276198 9.899693 -7.720262 -0.569069 8.785836 -7.720262 -0.569069 9.841075 7.678814 0.5276198 9.899693 7.720263 0.5276198 9.882525 7.720263 -0.5276198 9.882525 -7.678813 0.5276198 9.899693 -7.678813 0.569069 9.882525 7.678814 0.569069 9.882525 -7.678813 0.5862378 9.841075 7.678814 0.5862378 9.841075 -7.720262 -0.5276198 9.882525 -7.720262 0.5276198 9.882525 7.678814 0.5862378 8.785836 7.720263 0.569069 8.785836 7.720263 0.569069 9.841075 7.745599 0.5281767 8.785279 7.745599 0.5281767 9.841631 -7.678813 0.5862378 8.785836 -7.678813 0.569069 8.744385 7.678814 0.569069 8.744385 -7.720262 0.569069 9.841075 -7.720262 0.569069 8.785836 -7.745599 0.5281767 9.841631 -7.745599 0.5281767 8.785279 -7.745599 -0.5281767 9.841631 -7.720262 0.5276198 9.882525 -7.720262 -0.5276198 9.882525 -7.745599 -0.5281767 8.785279 -7.720262 -0.5276198 8.744385 -7.720262 0.5276198 8.744385 -7.720262 -0.569069 9.841075 -7.720262 -0.569069 8.785836 -7.712645 0.5614511 8.752005 -7.712645 0.5614511 9.874906 -7.712645 -0.5614511 9.874906 -7.712645 -0.5614511 8.752005 7.720263 0.5276198 8.744385 7.720263 -0.5276198 8.744385 7.745599 -0.5281767 8.785279 7.745599 -0.5281767 9.841631 7.720263 -0.5276198 9.882525 7.720263 0.5276198 9.882525 7.720263 -0.569069 8.785836 7.720263 -0.569069 9.841075 7.712645 0.5614511 8.752005 7.712645 0.5614511 9.874906 7.712645 -0.5614511 9.874906 7.712645 -0.5614511 8.752005 7.712645 0.5614511 8.752005 -7.712645 0.5614511 8.752005 7.712645 -0.5614511 9.874906 -7.712645 -0.5614511 9.874906 7.712645 -0.5614511 8.752005 -7.712645 -0.5614511 8.752005 4.687023 0.8638687 4.980327 4.687023 0.8638687 7.127778 2.959285 0.8638687 7.127778 2.959285 0.8638687 4.980327 4.687023 0.8638687 7.127778 4.687023 -0.8638687 7.127778 2.959285 -0.8638687 7.127778 2.959285 0.8638687 7.127778 4.687023 -0.8638687 7.127778 4.687023 -0.8638687 4.980327 2.959285 -0.8638687 4.980327 2.959285 -0.8638687 7.127778 4.687023 -0.8638687 4.980327 4.687023 0.8638687 4.980327 2.959285 0.8638687 4.980327 2.959285 -0.8638687 4.980327 2.959285 0.8638687 4.980327 2.959285 0.8638687 7.127778 2.959285 -0.8638687 7.127778 2.959285 -0.8638687 4.980327 4.687023 -0.8638687 4.980327 4.687023 -0.8638687 7.127778 4.687023 0.8638687 7.127778 4.687023 0.8638687 4.980327 4.687023 0.8638687 8.449278 4.687023 0.8638687 10.17701 2.959285 0.8638687 10.17701 2.959285 0.8638687 8.449278 4.687023 0.8638687 10.17701 4.687023 -0.8638687 10.17701 2.959285 -0.8638687 10.17701 2.959285 0.8638687 10.17701 4.687023 -0.8638687 10.17701 4.687023 -0.8638687 8.449278 2.959285 -0.8638687 8.449278 2.959285 -0.8638687 10.17701 4.687023 -0.8638687 8.449278 4.687023 0.8638687 8.449278 2.959285 0.8638687 8.449278 2.959285 -0.8638687 8.449278 2.959285 0.8638687 8.449278 2.959285 0.8638687 10.17701 2.959285 -0.8638687 10.17701 2.959285 -0.8638687 8.449278 4.687023 -0.8638687 8.449278 4.687023 -0.8638687 10.17701 4.687023 0.8638687 10.17701 4.687023 0.8638687 8.449278 -5.113711 0.6085419 8.689906 -5.115461 0.5883077 8.71014 -5.115461 0.6030064 8.72484 -5.113711 0.6232404 8.704606 -5.135461 0.5880064 8.73984 -5.135461 0.5733078 8.72514 -5.130836 0.6283078 8.67014 -5.130836 0.6430065 8.68484 -6.386099 0.6283078 8.67014 -6.386099 0.6430065 8.68484 -6.394652 0.606056 8.692391 -6.394652 0.6207548 8.707091 -6.401474 0.5883077 8.71014 -6.401474 0.6030064 8.72484 -6.381473 0.5733078 8.72514 -6.381473 0.5880064 8.73984 -5.113711 0.6232405 9.921688 -5.115461 0.6030064 9.901453 -5.115461 0.5883077 9.916153 -5.113711 0.6085417 9.936388 -5.135461 0.5733078 9.901153 -5.135461 0.5880064 9.886453 -5.130836 0.6430065 9.941453 -5.130836 0.6283078 9.956153 -6.386099 0.6430065 9.941453 -6.386099 0.6283078 9.956153 -6.394652 0.6207548 9.919202 -6.394652 0.606056 9.933902 -6.401474 0.6030064 9.901453 -6.401474 0.5883077 9.916153 -6.381473 0.5880064 9.886453 -6.381473 0.5733078 9.901153 -5.113711 -0.6085419 9.936388 -5.115461 -0.5883077 9.916153 -5.115461 -0.6030064 9.901453 -5.113711 -0.6232404 9.921688 -5.135461 -0.5880064 9.886453 -5.135461 -0.5733078 9.901153 -5.130836 -0.6283078 9.956153 -5.130836 -0.6430065 9.941453 -6.386099 -0.6283078 9.956153 -6.386099 -0.6430065 9.941453 -6.394652 -0.606056 9.933902 -6.394652 -0.6207548 9.919202 -6.401474 -0.5883077 9.916153 -6.401474 -0.6030064 9.901453 -6.381473 -0.5733078 9.901153 -6.381473 -0.5880064 9.886453 -5.113711 -0.6232405 8.704606 -5.115461 -0.6030064 8.72484 -5.115461 -0.5883077 8.71014 -5.113711 -0.6085417 8.689906 -5.135461 -0.5733078 8.72514 -5.135461 -0.5880064 8.73984 -5.130836 -0.6430065 8.68484 -5.130836 -0.6283078 8.67014 -6.386099 -0.6430065 8.68484 -6.386099 -0.6283078 8.67014 -6.394652 -0.6207548 8.707091 -6.394652 -0.606056 8.692391 -6.401474 -0.6030064 8.72484 -6.401474 -0.5883077 8.71014 -6.381473 -0.5880064 8.73984 -6.381473 -0.5733078 8.72514 -5.130836 0.6430065 8.68484 -5.130836 0.6430065 9.941453 -6.386099 0.6430065 9.941453 -6.386099 0.6430065 8.68484 -6.394652 0.6207548 8.707091 -6.394652 0.6207548 9.919202 -6.401474 0.6030064 8.72484 -6.401474 0.6030064 9.901453 -6.381473 0.5880064 8.73984 -6.381473 0.5880064 9.886453 -5.113711 0.6232405 9.921688 -5.113711 0.6232404 8.704606 -5.115461 0.6030064 9.901453 -5.115461 0.6030064 8.72484 -5.135461 0.5880064 9.886453 -5.135461 0.5880064 8.73984 -5.130836 0.6283078 9.956153 -5.130836 -0.6283078 9.956153 -6.386099 -0.6283078 9.956153 -6.386099 0.6283078 9.956153 -6.394652 0.606056 9.933902 -6.394652 -0.606056 9.933902 -6.401474 0.5883077 9.916153 -6.401474 -0.5883077 9.916153 -6.381473 0.5733078 9.901153 -6.381473 -0.5733078 9.901153 -5.113711 -0.6085419 9.936388 -5.113711 0.6085417 9.936388 -5.115461 -0.5883077 9.916153 -5.115461 0.5883077 9.916153 -5.135461 -0.5733078 9.901153 -5.135461 0.5733078 9.901153 -5.130836 -0.6430065 9.941453 -5.130836 -0.6430065 8.68484 -6.386099 -0.6430065 8.68484 -6.386099 -0.6430065 9.941453 -6.394652 -0.6207548 9.919202 -6.394652 -0.6207548 8.707091 -6.401474 -0.6030064 9.901453 -6.401474 -0.6030064 8.72484 -6.381473 -0.5880064 9.886453 -6.381473 -0.5880064 8.73984 -5.113711 -0.6232405 8.704606 -5.113711 -0.6232404 9.921688 -5.115461 -0.6030064 8.72484 -5.115461 -0.6030064 9.901453 -5.135461 -0.5880064 8.73984 -5.135461 -0.5880064 9.886453 -5.130836 -0.6283078 8.67014 -5.130836 0.6283078 8.67014 -6.386099 0.6283078 8.67014 -6.386099 -0.6283078 8.67014 -6.394652 -0.606056 8.692391 -6.394652 0.606056 8.692391 -6.401474 -0.5883077 8.71014 -6.401474 0.5883077 8.71014 -6.381473 -0.5733078 8.72514 -6.381473 0.5733078 8.72514 -5.113711 0.6085419 8.689906 -5.113711 -0.6085417 8.689906 -5.115461 0.5883077 8.71014 -5.115461 -0.5883077 8.71014 -5.135461 0.5733078 8.72514 -5.135461 -0.5733078 8.72514</float_array>
          <technique_common>
            <accessor source="#LanternPole_Body-mesh-positions-array" count="926" stride="3">
              <param name="X" type="float"/>
              <param name="Y" type="float"/>
              <param name="Z" type="float"/>
            </accessor>
          </technique_common>
        </source>
        <source id="LanternPole_Body-mesh-normals">
          <float_array id="LanternPole_Body-mesh-normals-array" count="2382">-0.9977703 0 0.06674146 -0.9977715 0 0.06672585 0.9977707 0 0.06673598 0.9977715 0 0.06672585 0.7845984 0 -0.6200043 0.7846131 0 -0.6199858 -0.7846144 0 -0.6199841 -0.7845999 0 -0.6200026 -0.1085106 0.1085196 0.9881544 -0.2044929 0 0.9788681 -0.2044784 0 0.9788711 -0.1085078 -0.1085315 0.9881534 0.2044784 0 0.9788711 0.1085078 0.1085315 0.9881534 0.1085106 -0.1085196 0.9881544 0.2044929 0 0.9788681 -0.8354444 0 0.5495751 -0.8354446 0 0.5495747 0.8354446 0 0.5495747 0.8354444 0 0.5495751 -0.7909891 0 -0.6118304 -0.7909878 0 -0.611832 0.7909878 0 -0.611832 0.7909891 0 -0.6118304 0.9622057 0 0.2723239 0.9622067 0 0.2723205 -0.9622051 0 0.2723258 -0.9622042 0 0.2723292 0 0.204483 0.9788702 -0.1085313 0.1085137 0.9881528 0.1085313 0.1085137 0.9881528 0 0.2044829 0.9788702 0 0.8354445 0.549575 0 0.8354446 0.5495746 0 0.7846134 -0.6199854 0 0.7846147 -0.6199838 0 0 -1 0 -0.7846146 -0.6199839 0 -0.7846136 -0.6199853 0 -0.8354446 0.5495746 0 -0.8354445 0.5495749 -0.1085313 -0.1085137 0.9881528 0 -0.2044829 0.9788702 0 -0.204483 0.9788702 0.1085313 -0.1085137 0.9881527 0 -0.9977703 0.066742 0 -0.9977714 0.06672585 0 -0.7909885 -0.6118313 0 -0.7909885 -0.6118311 0 -0.9622043 0.2723289 0 -0.9622052 0.2723256 0 0 1 0 0.9622052 0.2723257 0 0.9622043 0.2723289 0 0.7909884 -0.6118313 0 0.7909885 -0.611831 0 0.99777 0.06674736 0 0.9977714 0.06672585 0 -0.9977701 0.06674408 0 -0.99777 0.06674706 -0.9977704 0 0.06674069 -0.9977704 0 0.06674176 0 0.997771 0.06673192 0 0.9977701 0.0667451 0.9977703 2.24785e-7 0.066742 0.99777 0 0.06674659 0 -0.9977705 0.06673955 0 -0.9977704 0.06673955 -0.9977705 0 0.06673949 -0.9977704 0 0.06673955 0 0.9977705 0.06673949 0 0.9977704 0.06673955 0.9977706 0 0.06673938 0.9977705 0 0.06673932 -0.2200855 0.2200942 -0.9503268 -0.2200703 -0.2200769 -0.9503343 -0.2200837 -0.2200948 -0.9503271 -0.22009 0.220091 -0.9503265 -0.179533 -0.1795415 0.9672295 -0.1795243 0.1795414 0.9672312 -0.1085074 0.1085246 0.9881541 -0.1085152 -0.1085256 0.9881532 0.2200869 -0.220094 -0.9503266 0.2200718 0.2200766 -0.950334 0.2200852 0.2200945 -0.9503268 0.2200915 -0.2200907 -0.9503262 0.179533 0.1795415 0.9672295 0.1795231 -0.1795415 0.9672313 0.108506 -0.1085249 0.9881543 0.1085152 0.1085256 0.9881532 0.179542 -0.1795116 0.9672334 -0.1795424 -0.1795134 0.9672329 -0.1085253 -0.1084967 0.9881553 0.1085059 -0.1085391 0.9881528 -0.2201025 -0.2200736 -0.9503276 0.2201027 -0.2200748 -0.9503273 0.2200947 -0.2200668 -0.9503309 -0.2200945 -0.2200657 -0.9503313 -0.1795422 0.1795136 0.967233 0.1795424 0.1795134 0.9672329 0.1085253 0.1084969 0.9881553 -0.1085253 0.108497 0.9881553 0.2201027 0.2200738 -0.9503275 -0.2201024 0.2200743 -0.9503275 -0.2200945 0.2200663 -0.9503312 0.2200947 0.2200659 -0.9503312 0.1006018 -0.1006172 0.989826 -0.100602 -0.1006167 0.989826 -0.1006129 -0.1006276 0.9898239 0.1006127 -0.100628 0.9898238 -0.1842496 -0.1842809 -0.9654495 0.1842488 -0.1842807 -0.9654497 0.1842347 -0.1842668 -0.965455 -0.1842356 -0.184267 -0.9654549 -0.1005963 -0.1006235 0.9898259 -0.1006259 0.1006019 0.9898251 -0.100621 0.1005959 0.9898263 -0.1006016 -0.1006307 0.9898247 -0.1842637 0.1842498 -0.9654527 -0.1842719 -0.1842495 -0.9654513 -0.1842585 -0.1842347 -0.9654567 -0.1842797 0.1842632 -0.9654472 -0.1006021 0.1006343 0.9898243 0.1006018 0.1006172 0.989826 0.1006127 0.1006284 0.9898238 -0.1005965 0.1006289 0.9898254 0.1842489 0.1842622 -0.9654532 -0.1842825 0.1842499 -0.9654492 -0.1842347 0.1842694 -0.9654545 0.1842634 0.1842768 -0.9654477 0.1005951 0.1006237 0.989826 0.1005995 -0.1006266 0.9898253 0.100606 -0.1006288 0.9898244 0.1006008 0.1006308 0.9898247 0.1842622 -0.1842499 -0.965453 0.1842585 0.1842496 -0.9654537 0.1842736 0.184264 -0.9654481 0.1842783 -0.1842634 -0.9654474 0 0.9996659 0.02584958 1.86976e-7 0.9998427 0.01774322 0.6928288 0.7206639 0.02513623 0.6925697 0.7204162 0.03671246 0 0.9996659 0.02584958 -2.16888e-7 0.9998426 0.01774311 -0.7260551 0.6866555 0.03671991 -0.7263129 0.6869047 0.02512967 3.99089e-7 1 0 0.6930219 0.7209165 3.32414e-5 0.5860475 0.6096385 0.5337503 -2.06847e-5 0.8986264 0.438715 0 1 0 -2.09413e-5 0.8998636 0.4361714 -0.7265409 0.6871232 -3.48491e-5 -0.6144409 0.5811024 0.5336501 -1.19264e-6 -0.2680881 0.9633945 0.2029587 -0.1960464 0.9593611 0.2731609 0 0.9619684 0.2737326 0 0.9618059 -2.12799e-6 -0.2687944 0.9631977 -0.2885174 -2.79513e-7 0.9574747 -0.2879788 0 0.9576368 -0.216562 -0.1901588 0.9575701 0.1984347 0.2064324 0.958128 -3.42769e-7 0.2796134 0.9601127 0 0.2803093 0.9599097 -0.2119019 0.2003939 0.9565249 0.4600425 -0.444319 0.7687273 -0.4811453 -0.4224734 0.7681247 -1.04681e-6 -0.7532557 0.6577278 -2.52128e-5 -0.9999578 0.009192347 -1.89821e-5 -0.9999573 0.009239554 1.07453e-6 -0.752431 0.6586711 0.7192782 -0.6946169 0.0120992 0.7521054 1.48009e-6 0.6590429 0.9999573 -2.52256e-5 0.009247839 0.9999578 -2.52276e-5 0.009195744 0.7527602 1.52617e-6 0.6582949 -0.7513561 -0.6597859 0.01211422 -0.999957 2.52238e-5 0.009277582 -0.7520985 -3.59491e-7 0.6590508 -0.9999576 2.52276e-5 0.009208619 -0.7527529 1.30665e-6 0.6583033 0.6929979 0.7208377 0.0121206 0.4432376 0.4610905 0.7687237 -2.28574e-5 0.9999573 0.009239852 1.43436e-6 0.7524382 0.6586629 -2.50754e-5 0.9999578 0.009194672 -1.44748e-6 0.7532461 0.6577389 -0.7265163 0.6870429 0.01209878 -0.4647285 0.439518 0.7686686 0.718834 -0.6942099 0.03674721 0.7190819 -0.6944703 0.02514618 -3.93688e-7 -0.9998427 0.01774322 0 -0.9996659 0.02584946 0 -0.9998427 0.01774144 0 -0.9996659 0.02584958 -0.7509208 -0.659378 0.03659129 -0.7511929 -0.6596061 0.02507776 0 -1 -1.69857e-6 0.7193208 -0.6946781 3.41271e-5 -2.09326e-5 -0.8986276 0.4387122 0.6083155 -0.5874434 0.5337253 2.70986e-7 -1 -1.51747e-6 2.09014e-5 -0.8998652 0.436168 -0.635751 -0.558294 0.533037 -0.7514348 -0.6598075 3.60481e-5 0 -0.1541854 -0.9880419 0.1575788 -5.28991e-7 -0.9875064 0.1230054 -0.1187987 -0.9852699 0.1579985 3.33203e-6 -0.9874393 -5.16348e-6 -0.1546921 -0.9879628 -0.1318337 -0.1157507 -0.9844906 -0.1675906 0 -0.9858567 -0.1679986 0 -0.9857873 0 0.1624234 -0.9867212 -0.1293817 0.1223639 -0.9840161 -4.43403e-6 0.1619132 -0.9868051 0.1206596 0.1255053 -0.9847282 -1.03898e-5 -0.7835077 -0.6213821 0.4916589 -0.4748688 -0.7299118 2.26258e-5 -0.9996642 0.02591598 0.718824 -0.6942209 0.03673475 0.9996654 2.26237e-5 0.02586781 0.7830024 3.65824e-6 -0.6220188 0.9996653 2.26238e-5 0.02587229 0.7840081 -9.85339e-6 -0.6207507 -5.80977e-6 -0.7847834 -0.6197704 2.26258e-5 -0.9996643 0.02591407 -0.7509309 -0.6593636 0.0366429 -0.5141919 -0.4514651 -0.7292365 -0.7830052 5.6735e-6 -0.6220151 -0.9996643 -2.26258e-5 0.02591228 -0.9996653 -2.26238e-5 0.02587211 -0.7840096 5.7493e-6 -0.6207488 -0.7260375 0.6866743 0.03671634 -0.4966907 0.4697324 -0.7298287 -2.26258e-5 0.9996643 0.02591073 5.80858e-6 0.7847669 -0.6197912 -2.26258e-5 0.9996642 0.02591627 5.71303e-6 0.783523 -0.6213629 0.6925936 0.7203919 0.0367397 0.4737353 0.4927812 -0.7298915 -0.7512013 -0.6595968 0.02507656 -0.9998434 -2.19814e-7 0.01769781 -0.9996659 0 0.02584946 -0.7509367 -0.6593574 0.03663223 -0.9998427 0 0.01774156 -0.7260728 0.6866368 0.03672069 -0.7263262 0.68689 0.0251491 -1 0 0 -0.7265409 0.6871232 3.29584e-5 -0.8991305 -2.09937e-5 0.4376807 -0.8981422 -2.10908e-5 0.4397054 -0.6357796 -0.5583235 0.5329722 -0.7514353 -0.6598067 -3.16482e-5 -0.6144537 0.5810714 0.5336693 0.9998435 1.93051e-7 0.01769387 0.719087 -0.6944648 0.02515053 0.7188196 -0.6942268 0.03670954 0.9996646 0 0.02589738 0.9998427 1.95398e-7 0.01774317 0.6925531 0.7204307 0.03674155 0.6928029 0.7206881 0.02515804 1 0 0 0.7193205 -0.6946783 3.33208e-5 0.898121 2.10929e-5 0.4397485 0.6082701 -0.5874384 0.5337825 0.8991305 2.09937e-5 0.4376807 0.6930213 0.7209171 -3.45794e-5 0.5860853 0.6095926 0.5337611 2.52075e-5 0.8986386 0.4386898 1.47785e-6 0.5188618 0.8548582 0.2733799 0.2843317 0.9189228 0.5860679 0.6096153 0.5337544 -2.5835e-5 0.8998759 0.436146 0 0.5188473 0.8548669 -0.614447 0.5811137 0.5336309 -0.2866513 0.2710849 0.918882 -6.58e-7 0.6662015 0.7457718 -0.3827243 0.3619884 0.8499921 -8.85243e-6 0.666895 0.7451517 0.3650556 0.3797031 0.8500354 -0.2968746 -0.2606987 0.9186413 -0.5188623 -8.16001e-7 0.854858 -0.898136 2.36619e-5 0.4397178 -0.6358239 -0.5582553 0.5329906 -0.899125 2.59743e-5 0.4376922 -0.5188617 3.56756e-7 0.8548582 -0.6144174 0.5811198 0.5336582 -0.2866337 0.2711002 0.9188829 -0.3963284 -0.3480384 0.8495841 -0.667177 -8.81836e-6 0.7448993 -0.6666096 -8.78219e-6 0.7454071 -0.3827323 0.3619872 0.849989 1.51001e-6 -0.518863 0.8548575 -2.12921e-5 -0.8986387 0.4386895 0.6082782 -0.5874277 0.533785 0.2837119 -0.2739961 0.9189308 3.21201e-6 -0.5188477 0.8548668 -1.68572e-5 -0.8998749 0.4361481 -0.2968736 -0.2607129 0.9186375 -0.6358004 -0.5582908 0.5329816 -7.89183e-6 -0.6668948 0.7451519 0.3788682 -0.3659026 0.8500437 -5.74537e-6 -0.6662008 0.7457724 -0.3963257 -0.3480457 0.8495823 0.5188586 0 0.8548601 0.2837157 -0.2739991 0.9189287 0.608289 -0.5874492 0.533749 0.8981236 -2.58816e-5 0.4397433 0.8991252 -2.59743e-5 0.4376915 0.5188671 0 0.8548551 0.5860928 0.6096313 0.5337088 0.2733824 0.2843366 0.9189205 0.6666129 8.78218e-6 0.7454041 0.365065 0.3797007 0.8500323 0.6671797 8.81836e-6 0.7448968 0.3788796 -0.3658967 0.8500412 -2.93657e-5 0.6668975 0.7451495 -4.01485e-7 0.9966471 0.08182066 0.6883506 0.7160215 0.1161321 0.3650754 0.3796969 0.8500296 4.87686e-6 0.6661849 0.7457867 -6.75306e-7 0.9966433 0.08186805 -0.382734 0.3620038 0.8499813 -0.7216503 0.6824511 0.1161096 -8.21933e-7 0.9962118 -0.08696019 -0.7210025 0.6818404 -0.1234877 4.30469e-5 0.2901122 -0.9569926 -0.1478099 0.1398155 -0.9790832 1.27582e-5 0.2908825 -0.9567587 3.76878e-7 0.9962149 -0.08692532 0.1410259 0.1466733 -0.9790805 0.6877222 0.7153919 -0.1235014 -0.7463775 -0.6553539 0.1158961 -0.9966505 3.49712e-7 0.0817793 -0.6671779 3.05241e-5 0.7448984 -0.3963534 -0.348029 0.8495762 -0.666608 3.05525e-5 0.7454085 -0.996647 3.62459e-7 0.08182328 -0.382722 0.3620117 0.8499832 -0.7216495 0.6824499 0.1161215 -0.7457153 -0.6547626 -0.1232664 -0.9962154 9.19873e-7 -0.08691984 -0.1531597 -0.1344296 -0.9790152 -0.2912102 -4.29304e-5 -0.9566591 -0.9962157 1.65373e-7 -0.08691626 -0.2905715 -4.29448e-5 -0.9568533 -0.721002 0.6818422 -0.1234806 -0.1478359 0.1398562 -0.9790735 -4.19677e-7 -0.996649 0.08179706 -3.07267e-5 -0.6669003 0.745147 0.3788961 -0.3658845 0.850039 0.7144439 -0.6899846 0.1161522 -3.14991e-7 -0.9966412 0.08189278 2.99794e-5 -0.666184 0.7457875 -0.7463853 -0.6553434 0.1159062 -0.3963525 -0.3480591 0.8495643 0.7137796 -0.689394 -0.12351 -2.71948e-6 -0.9962149 -0.08692556 0.1463242 -0.1413471 -0.9790864 4.17926e-5 -0.290882 -0.9567589 0 -0.9962078 -0.08700698 4.16791e-5 -0.2901124 -0.9569927 -0.7457137 -0.6547613 -0.1232833 -0.1531199 -0.1344912 -0.979013 0.9966502 3.20297e-7 0.08178347 0.7144225 -0.6900074 0.116148 0.3788598 -0.3658536 0.8500686 0.6671806 -3.05241e-5 0.744896 0.9966465 3.22463e-7 0.08182823 0.6666115 -3.05525e-5 0.7454054 0.3650491 0.3796723 0.8500519 0.6883444 0.7160239 0.1161541 0.996217 1.64029e-7 -0.08690148 0.7137768 -0.6893971 -0.123508 0.2912043 4.29304e-5 -0.9566609 0.1463014 -0.141329 -0.9790924 0.9962192 2.49871e-7 -0.08687591 0.2905653 4.29448e-5 -0.9568552 0.6877031 0.7154095 -0.1235061 0.1409753 0.1466276 -0.9790946 -3.22947e-5 0.1570335 -0.9875933 5.35596e-6 0.5577811 -0.8299881 0.3252908 0.3383583 -0.883006 0.07740592 0.08059608 -0.9937368 9.91888e-7 0.1570146 -0.9875963 2.05247e-5 0.5612026 -0.8276785 -0.08120977 0.07679504 -0.9937341 -0.3411118 0.322582 -0.8829404 0.1409583 0.1466733 -0.9790903 2.32227e-7 0.2908982 -0.9567541 8.93255e-6 0.2900934 -0.9569984 -0.1478538 0.1398072 -0.9790778 -0.3532375 -0.310209 -0.8826062 -0.5563602 -2.00962e-5 -0.8309414 -0.1570205 0 -0.9875953 -0.08411294 -0.07389271 -0.9937128 -0.1570127 0 -0.9875966 -0.559143 -2.02422e-5 -0.8290713 -0.08120048 0.07680261 -0.9937343 -0.3410916 0.322597 -0.8829427 -0.1478391 0.1398327 -0.9790763 -0.2905522 6.55799e-6 -0.9568591 -0.2912207 6.59218e-6 -0.956656 -0.1531558 -0.1344687 -0.9790105 -5.79252e-6 -0.5577577 -0.8300037 -3.54905e-5 -0.1570327 -0.9875934 0.0803312 -0.07765132 -0.993739 0.3376185 -0.3260744 -0.8830001 8.25133e-7 -0.1570145 -0.9875963 2.05905e-5 -0.5612031 -0.8276782 -0.3532453 -0.3101846 -0.8826116 -0.08412307 -0.07387721 -0.993713 0.1462939 -0.1413375 -0.9790924 9.26193e-7 -0.2908982 -0.956754 8.88561e-6 -0.2900934 -0.9569984 -0.1531348 -0.1344717 -0.9790133 0.5563623 2.00962e-5 -0.8309399 0.3376477 -0.3260579 -0.8829951 0.0803461 -0.07763558 -0.9937391 0.1570173 0 -0.9875959 0.1570122 0 -0.9875967 0.5591447 2.02422e-5 -0.82907 0.0774039 0.08059954 -0.9937366 0.3252872 0.3383972 -0.8829925 0.1463047 -0.1413582 -0.9790878 0.2912392 -6.59216e-6 -0.9566503 0.2905811 -6.56029e-6 -0.9568504 0.1409678 0.1466856 -0.9790871 3.51615e-7 1 0 0 0.9999577 0.00920403 0.6929849 0.7208502 0.01212668 0.6930564 0.7208834 3.3243e-5 0 1 0 4.1888e-7 0.9999581 0.009156048 -0.7265064 0.6870535 0.01208609 0.3253172 0.3383886 -0.8829847 -3.79888e-5 0.5577753 -0.8299921 3.96897e-5 0.5611926 -0.8276853 -0.3411291 0.3225986 -0.8829276 -0.7513721 -0.6597676 0.012115 -0.9999572 -4.43779e-7 0.009251952 -0.9999577 -4.41479e-7 0.00920403 -0.726508 0.6870512 0.01212173 -0.3410939 0.3225861 -0.8829458 -0.5591275 3.97676e-5 -0.8290817 -0.5563423 3.98574e-5 -0.8309532 -0.3532322 -0.3101516 -0.8826285 0 -0.9999577 0.00920403 3.51614e-7 -1 0 0.7193211 -0.6946778 -3.45028e-5 0.7192533 -0.6946432 0.01206898 0 -1 0 4.1968e-7 -0.9999581 0.009156048 -0.7513701 -0.6597707 0.01206749 -0.7514353 -0.6598067 3.60432e-5 0.3376391 -0.3260448 -0.8830033 1.03641e-5 -0.5577753 -0.8299921 4.11668e-5 -0.5611926 -0.8276853 -0.353309 -0.3101839 -0.8825864 0.9999572 4.43779e-7 0.009251952 0.719254 -0.694641 0.01215565 0.9999577 4.41479e-7 0.00920403 0.6930559 0.7208839 -3.45778e-5 0.6929867 0.7208489 0.0120958 0.3376218 -0.3260657 -0.8830021 0.5563423 -3.98574e-5 -0.8309532 0.5591275 -3.97676e-5 -0.8290817 0.3252745 0.3383872 -0.8830009 -0.01543527 0.9997161 -0.01815545 -0.01543551 0.9997161 -0.01815539 -0.01543503 0.9997161 -0.01815575 -0.01543569 0.9997161 -0.01815551 -0.01543563 0.9997161 -0.01815563 -0.01543527 0.9997161 -0.01815557 -0.01543527 0.9997161 -0.01815581 -0.01543539 0.9997161 -0.01815563 -0.01543563 0.9997161 -0.01815551 -0.01543539 0.9997161 -0.01815557 -0.01543539 0.9997161 -0.01815545 -0.01543527 0.9997161 -0.01815545 -0.01543527 0.9997161 -0.01815551 -0.01543521 0.9997161 -0.01815551 -0.01543533 0.9997161 -0.01815545 -0.01543557 0.9997161 -0.01815533 -0.01543545 0.9997161 -0.01815551 -0.01543509 0.9997161 -0.01815557 -0.01543515 0.9997161 -0.01815551 -0.01543515 0.9997161 -0.01815563 -0.01543533 0.9997161 -0.01815539 -0.01543563 0.9997161 -0.01815539 -0.01542043 0.9997161 -0.01816904 -0.01541972 0.9997161 -0.01816856 -0.006260156 0.9996436 -0.02595382 -0.005613088 0.999633 -0.02650368 -0.004872024 0.99962 -0.0271331 -0.004872202 0.99962 -0.02713322 0.01543533 -0.9997161 0.01815551 0.01543521 -0.9997161 0.01815581 0.01543545 -0.9997161 0.01815539 0.01543533 -0.9997161 0.01815569 0.01543503 -0.9997161 0.01815593 0.01543527 -0.9997161 0.01815563 0.01543563 -0.9997161 0.01815515 0.01543551 -0.9997161 0.01815557 0.01543533 -0.9997161 0.01815581 0.01543539 -0.9997161 0.01815509 0.01543539 -0.9997161 0.01815539 0.01543533 -0.9997161 0.01815533 0.01543515 -0.9997161 0.01815557 0.01543515 -0.9997161 0.01815557 0.01543539 -0.9997161 0.01815551 0.01543545 -0.9997161 0.01815539 0.01543527 -0.9997161 0.01815551 0.01543527 -0.9997161 0.01815521 0.01543498 -0.9997161 0.01815569 0.01543492 -0.9997161 0.01815593 0.01543563 -0.9997161 0.01815515 0.01543563 -0.9997161 0.01815521 0.005613148 -0.999633 0.02650362 0.01542001 -0.9997161 0.01816892 0.01541996 -0.9997161 0.01816904 0.006260097 -0.9996436 0.025954 0.004872202 -0.99962 0.02713316 0.004872143 -0.99962 0.02713334 0.7618748 -1.07352e-6 -0.6477243 0.7618737 -2.88677e-6 -0.6477258 -0.8632823 -0.02248537 -0.5042206 -0.8815906 -0.02217203 -0.4714938 -0.8815916 -0.02217358 -0.4714921 -0.8632813 -0.02248477 -0.5042221 -0.8230526 -0.02301096 -0.5674989 -0.8230518 -0.02301108 -0.5674999 -0.7781987 -0.02341133 -0.6275816 -0.7782001 -0.0234133 -0.6275799 -0.7289722 -0.02368098 -0.6841337 -0.7289724 -0.0236811 -0.6841334 -0.6756488 -0.02381461 -0.736839 -0.6756497 -0.02381533 -0.7368382 -0.618523 -0.02381646 -0.7854057 -0.6185238 -0.023817 -0.7854051 -0.5579265 -0.02368259 -0.8295525 -0.5579243 -0.0236811 -0.829554 -0.494189 -0.02341294 -0.8690391 -0.4941887 -0.02341264 -0.8690394 -0.4276725 -0.02301484 -0.9036408 -0.4276719 -0.02301371 -0.9036411 -0.3587467 -0.0224837 -0.9331642 -0.3587489 -0.02248448 -0.9331633 -0.294521 -0.0218997 -0.955394 -0.2947118 -0.02190393 -0.9553351 -0.2276396 -0.02119797 -0.9735147 -0.2282684 -0.0211237 -0.9733691 -0.1766983 -0.02060329 -0.9840495 -0.1766982 -0.02060413 -0.9840494 -0.7618697 4.3302e-6 0.6477304 -0.7618762 -5.19618e-6 0.6477228 0.2276499 0.02118635 0.9735126 0.1766934 0.02059072 0.9840505 0.1766999 0.02058863 0.9840494 0.2282766 0.02112448 0.9733672 0.2654526 0.02159571 0.963882 0.2654424 0.02160185 0.9638847 0.3587491 0.02248537 0.9331632 0.3235018 0.02217292 0.9459677 0.3235015 0.02217364 0.9459678 0.3587492 0.02248477 0.9331632 0.4276748 0.02301168 0.9036397 0.4276728 0.0230118 0.9036407 0.494188 0.02341157 0.8690398 0.4941878 0.02341169 0.8690398 0.557924 0.02367734 0.8295543 0.5579248 0.02367782 0.8295538 0.6185235 0.02381348 0.7854053 0.6185225 0.02381455 0.7854062 0.6756485 0.02381426 0.7368392 0.6756497 0.02381324 0.7368382 0.7289721 0.02367901 0.6841339 0.7289738 0.0236774 0.684132 0.778203 0.02340918 0.6275766 0.7782018 0.02340972 0.6275779 0.8230515 0.02301269 0.5675004 0.8230503 0.02301377 0.5675022 0.8632798 0.02248471 0.5042248 0.8632802 0.02248406 0.5042238 0.8815907 0.02217215 0.4714937 0.8815907 0.02217191 0.4714936 0.6575421 -0.01165354 -0.7533277 0.001089632 -0.01562011 -0.9998775 0.001095712 0.01560688 -0.9998777 0.657521 0.01165932 -0.7533461 -0.0010854 0.0156244 -0.9998775 7.34184e-4 0.7071093 -0.7071039 -7.2813e-4 0.7071079 -0.7071053 -0.001083552 -0.01562005 -0.9998775 -0.6575064 0.01166743 -0.7533587 -0.657521 -0.01165288 -0.7533462 -7.51063e-4 -0.7071131 -0.7071 7.47934e-4 -0.7071 -0.7071132 -0.001111626 -0.9998775 -0.01561766 0.001099169 -0.9998772 -0.01563966 0.001109063 -0.9998773 0.01562637 0.6575197 -0.753347 0.011671 0.6575101 -0.7533555 -0.01167494 -0.001105725 -0.9998772 0.01563602 -7.46787e-4 -0.7071113 0.707102 7.46727e-4 -0.7071036 0.7071095 -0.001106858 -0.01561653 0.9998775 0.001098871 -0.01563704 0.9998772 -0.6575173 -0.7533492 -0.01166635 -0.6575105 -0.7533549 0.01167547 0.001102507 0.01561844 0.9998775 0.6575425 0.01165187 0.7533274 0.6575152 -0.01167601 0.7533509 -0.001107871 0.01563018 0.9998773 -7.48351e-4 0.7071164 0.7070968 7.45192e-4 0.7071033 0.7071099 -0.001109957 0.9998773 0.01562529 0.001092433 0.9998772 0.01564198 -0.6575068 -0.01166963 0.7533582 -0.6575151 0.01167315 0.7533511 0.00111556 0.9998773 -0.01562368 0.6575262 0.7533414 -0.01167255 0.6588167 0.7522131 0.01167124 0.9994922 0.02252656 -0.02253854 0.9994916 0.02254062 0.02254933 -0.001107513 0.9998773 -0.01562881 -7.45941e-4 0.7071005 -0.7071128 7.6182e-4 0.707127 -0.7070862 -0.6575214 0.7533454 0.01167505 -0.6588144 0.7522151 -0.01166814 -0.9994922 0.02253103 0.02253234 -0.9994915 0.02254593 -0.02254796 -0.9994914 -0.02256178 0.02254211 -0.6575364 0.01164507 0.7533329 -0.6575409 -0.0116626 0.7533286 -0.9994921 -0.02253097 -0.02253884 -0.6575248 -0.0116465 -0.753343 -0.6575217 0.01164031 -0.7533457 -0.6575152 -0.7533515 0.0116406 -0.6575079 -0.7533579 -0.01163148 -0.5477896 0.5915691 -0.5915848 -0.5478141 0.5915771 0.5915542 -0.5478118 -0.5916039 0.5915295 -0.5478122 -0.5915531 -0.5915799 0.9994919 -0.02255916 -0.02252084 0.6575274 -0.01163709 -0.7533408 0.6575304 0.01164489 -0.753338 0.9994924 -0.0225324 0.0225262 0.6575284 -0.01167553 0.7533393 0.657513 0.01163464 0.7533534 0.6575148 -0.7533513 -0.01167118 0.6575092 -0.7533567 0.01163047 0.5478178 0.5915758 -0.5915519 0.547797 0.5915953 0.5915517 0.547811 -0.5915876 0.5915465 0.5478024 -0.5915967 -0.5915454 0.547801 0.5915677 -0.5915756 -0.5478024 0.5915799 -0.5915622 0.5478001 -0.5915828 0.5915614 -0.547793 -0.5915967 0.5915541 0.5478048 -0.5915724 -0.5915675 -0.5478216 -0.59157 -0.5915543 0 1 0 0 -1 0 0.933695 -0.3580174 0.00610423 0.9337073 -0.006122589 0.3579848 0.8544263 0.004028797 -0.5195572 0.8544239 0.5195611 -0.004031121 0.6035664 -0.7972783 0.007419288 0.6035413 -0.007449865 0.797297 0.009295165 0.01162111 -0.9998893 0.009337186 0.999889 -0.01161819 -0.009337902 0.01161915 -0.999889 -0.009366333 0.999889 -0.01158976 -0.9347386 0.004001557 -0.3553138 -0.9347457 0.3552948 -0.004012048 -0.9969966 -0.004395604 0.07732182 -0.9969972 -0.07731336 0.004395186 -0.6035255 -0.007417738 0.7973093 -0.60352 -0.7973132 0.007446825 0.9337005 -0.006112813 -0.3580029 0.9336987 -0.358008 -0.006092965 0.8544402 0.5195341 0.004048585 0.8544421 0.004058063 0.519531 0.6035355 -0.007457077 -0.7973013 0.6035622 -0.7972813 -0.007448971 0.009279727 0.9998893 0.01164168 0.009260296 0.01161849 0.9998897 -0.009347736 0.9998888 0.01161706 -0.009368181 0.01157552 0.9998891 -0.9347394 0.3553117 0.004000663 -0.9347338 0.003988206 0.3553264 -0.996996 -0.07732856 -0.004404842 -0.9969967 -0.004406511 -0.0773189 -0.6035456 -0.7972939 -0.007427871 -0.6035249 -0.00742197 -0.7973096 0.9336928 0.3580231 -0.006109654 0.9337052 0.006128549 -0.3579904 0.854431 -0.004021704 0.5195494 0.854425 -0.5195592 0.004033923 0.6035629 0.7972809 -0.00742048 0.6035413 0.007449865 -0.797297 0.009303987 -0.01162201 0.9998892 0.009305 -0.9998889 0.01164847 -0.009337902 -0.01161915 0.999889 -0.009355366 -0.999889 0.01159954 -0.9347385 -0.004000544 0.3553138 -0.9347445 -0.3552981 0.004015088 -0.9969965 0.004417598 -0.07732182 -0.9969956 0.07733243 -0.004410564 -0.6035219 0.007466852 -0.7973116 -0.6035282 0.7973073 -0.007418453 0.9337009 0.006128489 0.3580017 0.9336922 0.3580248 0.006100714 0.8544486 -0.5195203 -0.004035949 0.8544421 -0.004057884 -0.5195308 0.6035585 0.00744909 0.7972839 0.6035345 0.7973023 0.007436215 0.009291172 -0.9998893 -0.01162838 0.009282588 -0.01166743 -0.9998889 -0.00934422 -0.9998889 -0.01161766 -0.009363591 -0.01157528 -0.9998893 -0.9347389 -0.3553129 -0.004001677 -0.9347391 -0.003974318 -0.3553127 -0.9969968 0.07731908 0.004402816 -0.9969974 0.004398405 0.07731086 -0.6035491 0.7972913 0.007426738 -0.6035249 0.00742197 0.7973096 -0.009353518 0.9998891 0.01159209 0.009297668 0.9998893 0.01162445 0.009318828 0.9998891 -0.01162403 -0.00937283 0.999889 -0.01159095 -0.9347427 0.3553031 -0.003996193 -0.9347386 0.3553138 0.003983139 -0.9969968 -0.07731729 0.004417836 -0.9969966 -0.07731992 -0.004414498 -0.6035364 -0.7973008 0.007440626 -0.6035352 -0.7973017 -0.007439196 0.8544411 0.5195326 0.00403577 0.8544458 0.5195249 -0.004035949 0.9337048 -0.3579916 -0.006117284 0.9337025 -0.3579977 0.006118714 0.6035488 -0.7972913 -0.007442951 0.6035452 -0.7972943 0.007435202 -0.009332895 -0.01159214 0.9998893 0.009305417 -0.01162451 0.9998891 0.009299635 0.01162397 0.9998893 -0.009359776 0.01159125 0.999889 -0.9347394 0.003989458 0.3553119 -0.9347333 -0.003971755 0.3553277 -0.9969959 -0.004415154 -0.07732927 -0.9969944 0.004422664 -0.0773487 -0.6035285 -0.007433772 -0.7973068 -0.603525 0.007425665 -0.7973095 0.8544305 -0.004039108 0.51955 0.8544477 0.00403583 0.5195217 0.9337053 0.006121218 -0.3579903 0.9336969 -0.00612533 -0.358012 0.6035403 0.007438659 -0.7972978 0.6035364 -0.007430732 -0.7973008 -0.009353578 -0.9998891 -0.01159209 0.009297251 -0.9998893 -0.01162445 0.009319007 -0.999889 0.01162403 -0.00937283 -0.9998889 0.01159113 -0.9347427 -0.3553029 0.003995835 -0.9347387 -0.3553137 -0.003983139 -0.9969968 0.07731771 -0.004417002 -0.9969967 0.07731956 0.004414498 -0.6035361 0.7973011 -0.007440924 -0.6035357 0.7973014 0.007438898 0.8544407 -0.5195335 -0.00403577 0.8544461 -0.5195245 0.004035949 0.9337048 0.3579915 0.006117284 0.9337025 0.3579978 -0.006118714 0.6035488 0.7972913 0.007442951 0.6035452 0.7972943 -0.007435202 -0.009384155 0.01159054 -0.9998889 0.009292423 0.01162457 -0.9998893 0.009312331 -0.01162397 -0.9998891 -0.009366035 -0.01159107 -0.999889 -0.9347343 -0.003974318 -0.3553252 -0.9347383 0.003987252 -0.3553144 -0.9969959 0.004417121 0.07733017 -0.9969947 -0.004416286 0.07734405 -0.60352 0.00741434 0.7973135 -0.6035419 -0.007460117 0.7972965 0.8544437 0.00403583 -0.5195285 0.8544358 -0.004036068 -0.5195415 0.9337085 -0.006118357 0.3579821 0.9337069 0.006118178 0.3579861 0.6035314 -0.007419466 0.7973049 0.6035333 0.007424652 0.7973033</float_array>
          <technique_common>
            <accessor source="#LanternPole_Body-mesh-normals-array" count="794" stride="3">
              <param name="X" type="float"/>
              <param name="Y" type="float"/>
              <param name="Z" type="float"/>
            </accessor>
          </technique_common>
        </source>
        <source id="LanternPole_Body-mesh-map-0">
          <float_array id="LanternPole_Body-mesh-map-0-array" count="5232">0.02436774 0.4312471 0.02430921 0.430373 0.1198626 0.430373 0.1198042 0.4312471 0.02436774 0.4312471 0.1198626 0.430373 0.1271387 0.4225699 0.2225822 0.4225699 0.2225237 0.423445 0.1271978 0.423445 0.1271387 0.4225699 0.2225237 0.423445 0.2680581 0.3903528 0.2688059 0.391559 0.1418778 0.391559 0.1426257 0.3903528 0.2680581 0.3903528 0.1418778 0.391559 0.1355369 0.3994827 0.136381 0.3984143 0.2779851 0.3984143 0.2788295 0.3994827 0.1355369 0.3994827 0.2779851 0.3984143 0.0305165 0.3789272 0.02430921 0.3725863 0.1348918 0.3725863 0.1286845 0.3789272 0.0305165 0.3789272 0.1348918 0.3725863 0.1348909 0.3857826 0.1286842 0.3921236 0.03051596 0.3921236 0.02430921 0.3857826 0.1348909 0.3857826 0.03051596 0.3921236 0.1033915 0.3416215 0.09521937 0.3267514 0.2221462 0.3267514 0.213974 0.3416215 0.1033915 0.3416215 0.2221462 0.3267514 0.2221459 0.3050259 0.2139738 0.3198961 0.1033915 0.3198961 0.09521937 0.3050259 0.2221459 0.3050259 0.1033915 0.3198961 0.255676 0.1427972 0.2620033 0.1324563 0.3469697 0.1324563 0.3532968 0.1427972 0.255676 0.1427972 0.3469697 0.1324563 0.32469 0.3599597 0.331017 0.3703009 0.2333965 0.3703009 0.2397235 0.3599597 0.32469 0.3599597 0.2333965 0.3703009 0.3329009 0.4185138 0.3325926 0.419646 0.2355899 0.419646 0.2352815 0.4185138 0.3329009 0.4185138 0.2355899 0.419646 0.02462387 0.4155099 0.02430921 0.4143993 0.1238306 0.4143993 0.1235162 0.4155099 0.02462387 0.4155099 0.1238306 0.4143993 0.01073664 0.4517967 0.01722562 0.4451675 0.1198512 0.4451674 0.12634 0.4517967 0.01073664 0.4517967 0.1198512 0.4451674 0.2275782 0.2825299 0.2190348 0.2980753 0.1034315 0.2980753 0.09488809 0.2825299 0.2275782 0.2825299 0.1034315 0.2980753 0.1310337 0.3988934 0.1317462 0.4000426 0.01080995 0.4000426 0.01152259 0.3988934 0.1310337 0.3988934 0.01080995 0.4000426 0.1502777 0.1471739 0.02484649 0.1471739 0.02484649 0.02174282 0.1502777 0.02174282 0.1502777 0.1471739 0.02484649 0.02174282 0.02430975 0.4075443 0.02505713 0.4063381 0.1504867 0.4063381 0.1512344 0.4075443 0.02430975 0.4075443 0.1504867 0.4063381 0.104614 0.274394 0.09644186 0.2595238 0.2233686 0.2595238 0.2151962 0.274394 0.104614 0.274394 0.2233686 0.2595238 0.1480848 0.3834975 0.1418781 0.3771564 0.2524595 0.3771564 0.2462525 0.3834975 0.1480848 0.3834975 0.2524595 0.3771564 0.2223553 0.4311752 0.1270261 0.4311752 0.1269676 0.4303003 0.2224135 0.4303003 0.2223553 0.4311752 0.1269676 0.4303003 0.2201463 0.3553897 0.2264736 0.3657309 0.1288534 0.3657309 0.1351804 0.3553897 0.2201463 0.3553897 0.1288534 0.3657309 0.1310465 0.4157146 0.1307381 0.4145823 0.2283581 0.4145823 0.2280498 0.4157146 0.1310465 0.4157146 0.2283581 0.4145823 0.3314465 0.3531047 0.2344427 0.3531047 0.2344427 0.2561007 0.3314465 0.2561007 0.3314465 0.3531047 0.2344427 0.2561007 0.1202343 0.4223654 0.1199312 0.4235175 0.02461212 0.4235175 0.02430921 0.4223654 0.1202343 0.4223654 0.02461212 0.4235175 0.1156029 0.3495412 0.12193 0.3598827 0.02430921 0.3598827 0.03063648 0.3495412 0.1156029 0.3495412 0.02430921 0.3598827 0.3229368 0.4265015 0.3228796 0.4273949 0.2295119 0.4273949 0.2294548 0.4265015 0.3229368 0.4265015 0.2295119 0.4273949 0.4121863 0.4273654 0.3299424 0.4273654 0.3298848 0.4265015 0.412244 0.4265015 0.4121863 0.4273654 0.3298848 0.4265015 0.3116779 0.4351133 0.229341 0.4351133 0.2292831 0.4342501 0.3117355 0.43425 0.3116779 0.4351133 0.2292831 0.4342501 0.2065278 0.4380305 0.206472 0.4389228 0.126852 0.4389228 0.1267961 0.4380305 0.2065278 0.4380305 0.126852 0.4389228 0.4011038 0.43425 0.4010458 0.4351142 0.3188025 0.4351142 0.3187451 0.43425 0.4011038 0.43425 0.3188025 0.4351142 0.2214705 0.2511962 0.1363887 0.2511962 0.1299039 0.1540291 0.2279555 0.1540291 0.2214705 0.2511962 0.1299039 0.1540291 0.1164137 0.2511951 0.0313456 0.2511951 0.02484637 0.1540291 0.1229133 0.1540291 0.1164137 0.2511951 0.02484637 0.1540291 0.2552056 0.02174282 0.2487205 0.1189097 0.1636388 0.1189097 0.1571538 0.02174282 0.2552056 0.02174282 0.1636388 0.1189097 0.2330537 0.1520783 0.331105 0.1520783 0.32462 0.2492454 0.2395382 0.2492454 0.2330537 0.1520783 0.32462 0.2492454 0.2621788 0.06476682 0.3575083 0.06476682 0.3588696 0.06626713 0.2608175 0.06626713 0.2621788 0.06476682 0.3588696 0.06626713 0.3565937 0.08292955 0.2611505 0.08292955 0.2597895 0.08147764 0.3579547 0.08147764 0.3565937 0.08292955 0.2597895 0.08147764 0.2628638 0.05641138 0.3581903 0.05641138 0.3595522 0.05791157 0.2615031 0.05791157 0.2628638 0.05641138 0.3595522 0.05791157 0.3560833 0.09123682 0.2606366 0.09123682 0.2592753 0.08978492 0.3574446 0.08978492 0.3560833 0.09123682 0.2592753 0.08978492 0.3550544 0.1078514 0.2596085 0.1078514 0.2582471 0.1063995 0.3564154 0.1063995 0.3550544 0.1078514 0.2582471 0.1063995 0.2616652 0.0731222 0.3569949 0.0731222 0.3583562 0.07462239 0.2603036 0.07462239 0.2616652 0.0731222 0.3583562 0.07462239 0.3555676 0.09954434 0.2601221 0.09954434 0.2587608 0.09809225 0.3569288 0.09809225 0.3555676 0.09954434 0.2587608 0.09809225 0.2630358 0.04805618 0.3583649 0.04805618 0.3597261 0.04955625 0.2616748 0.04955625 0.2630358 0.04805618 0.3597261 0.04955625 0.3695612 0.4034141 0.2872009 0.4034141 0.2858399 0.4020251 0.3709225 0.4020251 0.3695612 0.4034141 0.2858399 0.4020251 0.2584087 0.1230188 0.3406507 0.1230188 0.3420117 0.1244758 0.2570472 0.1244758 0.2584087 0.1230188 0.3420117 0.1244758 0.3695595 0.3951697 0.2872006 0.3951697 0.2858396 0.3937807 0.3709208 0.3937807 0.3695595 0.3951697 0.2858396 0.3937807 0.2608076 0.3771563 0.3430526 0.3771563 0.3444139 0.3786132 0.2594466 0.3786132 0.2608076 0.3771563 0.3444139 0.3786132 0.3339111 0.4116585 0.2515531 0.4116585 0.2501921 0.4102694 0.3352722 0.4102694 0.3339111 0.4116585 0.2501921 0.4102694 0.2770892 0.3854685 0.3593339 0.3854685 0.360695 0.3869253 0.275728 0.3869253 0.2770892 0.3854685 0.360695 0.3869253 0.2418819 0.4077268 0.1595205 0.4077267 0.1581591 0.4063379 0.2432426 0.4063379 0.2418819 0.4077268 0.1581591 0.4063379 0.2589226 0.1147065 0.3411654 0.1147068 0.3425261 0.1161634 0.2575613 0.1161634 0.2589226 0.1147065 0.3425261 0.1161634 0.1200354 0.7106699 0.5305195 0.7077051 0.5304766 0.7101622 0.1199738 0.7141963 0.1200354 0.7106699 0.5304766 0.7101622 0.1200354 0.7106699 0.1212068 0.6435592 0.5305195 0.7077051 0.1212068 0.6435592 0.5313357 0.6609451 0.5305195 0.7077051 0.1212068 0.6435592 0.1212627 0.6403531 0.5313357 0.6609451 0.1212627 0.6403531 0.5313747 0.6587112 0.5313357 0.6609451 0.5304766 0.7101622 0.5305195 0.7077051 0.8025525 0.7124535 0.8025095 0.7149105 0.5304766 0.7101622 0.8025525 0.7124535 0.8025095 0.7149105 0.8025525 0.7124535 0.8034986 0.7149278 0.8025525 0.7124535 0.8035416 0.7124708 0.8034986 0.7149278 0.8025525 0.7124535 0.8033686 0.6656934 0.8035416 0.7124708 0.5305195 0.7077051 0.5313357 0.6609451 0.8033686 0.6656934 0.8025525 0.7124535 0.5305195 0.7077051 0.8033686 0.6656934 0.8033686 0.6656934 0.8043577 0.6657107 0.8035416 0.7124708 0.8033686 0.6656934 0.8034076 0.6634595 0.8043577 0.6657107 0.5313357 0.6609451 0.5313747 0.6587112 0.8034076 0.6634595 0.8033686 0.6656934 0.5313357 0.6609451 0.8034076 0.6634595 0.8034076 0.6634595 0.8043967 0.6634768 0.8043577 0.6657107 0.02650916 0.8451002 0.02372127 0.8451039 0.02379179 0.8424928 0.02649748 0.842407 0.02650916 0.8451002 0.02379179 0.8424928 0.07760369 0.8449775 0.02650916 0.8451002 0.02649748 0.842407 0.07760268 0.8422858 0.07760369 0.8449775 0.02649748 0.842407 0.07760369 0.8449775 0.07769149 0.8963026 0.02650916 0.8451002 0.07769149 0.8963026 0.02663993 0.8963944 0.02650916 0.8451002 0.02650916 0.8451002 0.02663993 0.8963944 0.02372127 0.8451039 0.02663993 0.8963944 0.0238527 0.8964075 0.02372127 0.8451039 0.07769149 0.8963026 0.077708 0.8987513 0.02663993 0.8963944 0.077708 0.8987513 0.0266298 0.8988452 0.02663993 0.8963944 0.02663993 0.8963944 0.0266298 0.8988452 0.0238527 0.8964075 0.0266298 0.8988452 0.02392989 0.8987638 0.0238527 0.8964075 0.07760268 0.8422858 0.08011257 0.8423542 0.07760369 0.8449775 0.08011257 0.8423542 0.08019208 0.8449676 0.07760369 0.8449775 0.07760369 0.8449775 0.08019208 0.8449676 0.07769149 0.8963026 0.08019208 0.8449676 0.08027976 0.8963069 0.07769149 0.8963026 0.07769149 0.8963026 0.08027976 0.8963069 0.077708 0.8987513 0.08027976 0.8963069 0.08020865 0.8986663 0.077708 0.8987513 0.02379179 0.8424928 0.02372127 0.8451039 0.02271783 0.8414272 0.02649748 0.842407 0.02379179 0.8424928 0.02271783 0.8414272 0.0238527 0.8964075 0.02392989 0.8987638 0.02285307 0.8998299 0.02258437 0.8972764 0.0238527 0.8964075 0.02285307 0.8998299 0.02258437 0.8972764 0.02285307 0.8998299 0.02133661 0.8981311 0.02258437 0.8972764 0.02133661 0.8981311 0.02120071 0.8434103 0.02245068 0.8442502 0.02258437 0.8972764 0.02120071 0.8434103 0.02245068 0.8442502 0.02120071 0.8434103 0.02166128 0.8403788 0.02271783 0.8414272 0.02245068 0.8442502 0.02166128 0.8403788 0.02564096 0.8411371 0.02271783 0.8414272 0.02166128 0.8403788 0.02479827 0.8398876 0.02564096 0.8411371 0.02166128 0.8403788 0.02479827 0.8398876 0.07930946 0.8397666 0.02564096 0.8411371 0.07930946 0.8397666 0.07846301 0.8410159 0.02564096 0.8411371 0.02285307 0.8998299 0.02179366 0.9008787 0.02133661 0.8981311 0.02179366 0.9008787 0.02285307 0.8998299 0.02493894 0.9013713 0.02285307 0.8998299 0.02577751 0.9001186 0.02493894 0.9013713 0.02493894 0.9013713 0.02577751 0.9001186 0.0794245 0.9012628 0.02577751 0.9001186 0.07857322 0.9000173 0.0794245 0.9012628 0.07930946 0.8397666 0.08222758 0.8402282 0.07846301 0.8410159 0.08222758 0.8402282 0.08117872 0.8412825 0.07846301 0.8410159 0.08222758 0.8402282 0.08271199 0.8432613 0.08117872 0.8412825 0.08271199 0.8432613 0.08146232 0.8441075 0.08117872 0.8412825 0.08271199 0.8432613 0.08279621 0.8980248 0.08146232 0.8441075 0.08279621 0.8980248 0.08154821 0.8971729 0.08146232 0.8441075 0.08279621 0.8980248 0.08234196 0.9007782 0.08154821 0.8971729 0.0794245 0.9012628 0.07857322 0.9000173 0.08234196 0.9007782 0.08234196 0.9007782 0.08128398 0.8997308 0.08154821 0.8971729 0.07857322 0.9000173 0.08128398 0.8997308 0.08234196 0.9007782 0.02577751 0.9001186 0.0266298 0.8988452 0.07857322 0.9000173 0.02392989 0.8987638 0.0266298 0.8988452 0.02577751 0.9001186 0.02285307 0.8998299 0.02392989 0.8987638 0.02577751 0.9001186 0.0266298 0.8988452 0.077708 0.8987513 0.07857322 0.9000173 0.07857322 0.9000173 0.077708 0.8987513 0.08128398 0.8997308 0.077708 0.8987513 0.08020865 0.8986663 0.08128398 0.8997308 0.08128398 0.8997308 0.08020865 0.8986663 0.08027976 0.8963069 0.08154821 0.8971729 0.08128398 0.8997308 0.08027976 0.8963069 0.08154821 0.8971729 0.08027976 0.8963069 0.08019208 0.8449676 0.08146232 0.8441075 0.08154821 0.8971729 0.08019208 0.8449676 0.08146232 0.8441075 0.08019208 0.8449676 0.08011257 0.8423542 0.08117872 0.8412825 0.08146232 0.8441075 0.08011257 0.8423542 0.08117872 0.8412825 0.08011257 0.8423542 0.07760268 0.8422858 0.07846301 0.8410159 0.08117872 0.8412825 0.07760268 0.8422858 0.07846301 0.8410159 0.07760268 0.8422858 0.02649748 0.842407 0.02564096 0.8411371 0.07846301 0.8410159 0.02649748 0.842407 0.02564096 0.8411371 0.02649748 0.842407 0.02271783 0.8414272 0.02372127 0.8451039 0.02245068 0.8442502 0.02271783 0.8414272 0.02245068 0.8442502 0.02372127 0.8451039 0.02258437 0.8972764 0.02372127 0.8451039 0.0238527 0.8964075 0.02258437 0.8972764 0.1203687 0.7303747 0.5300336 0.7487129 0.5299908 0.7511672 0.1203072 0.7338972 0.1203687 0.7303747 0.5299908 0.7511672 0.1203072 0.7338972 0.5299908 0.7511672 0.5291755 0.7978762 0.1191372 0.8009349 0.1203072 0.7338972 0.5291755 0.7978762 0.1191372 0.8009349 0.5291755 0.7978762 0.1190811 0.8041375 0.5291755 0.7978762 0.5291365 0.8001077 0.1190811 0.8041375 0.8017273 0.7559103 0.5299908 0.7511672 0.5300336 0.7487129 0.8017701 0.753456 0.8017273 0.7559103 0.5300336 0.7487129 0.8027153 0.7559276 0.8017273 0.7559103 0.8017701 0.753456 0.8027581 0.7534733 0.8027153 0.7559276 0.8017701 0.753456 0.8017273 0.7559103 0.8027153 0.7559276 0.800912 0.8026193 0.800912 0.8026193 0.5291755 0.7978762 0.5299908 0.7511672 0.8017273 0.7559103 0.800912 0.8026193 0.5299908 0.7511672 0.8027153 0.7559276 0.8018998 0.8026366 0.800912 0.8026193 0.8018998 0.8026366 0.8018609 0.8048681 0.800912 0.8026193 0.8018609 0.8048681 0.800873 0.8048508 0.800912 0.8026193 0.800873 0.8048508 0.5291365 0.8001077 0.5291755 0.7978762 0.800912 0.8026193 0.800873 0.8048508 0.5291755 0.7978762 0.02333641 0.9166933 0.02335107 0.9203187 0.01984906 0.9203066 0.01996421 0.9168083 0.02333641 0.9166933 0.01984906 0.9203066 0.01984906 0.9203066 0.02335107 0.9203187 0.01988554 0.9866161 0.02335107 0.9203187 0.02338397 0.986615 0.01988554 0.9866161 0.02333641 0.9166933 0.08994781 0.9166348 0.02335107 0.9203187 0.08994781 0.9166348 0.08995532 0.9202561 0.02335107 0.9203187 0.02335107 0.9203187 0.08995532 0.9202561 0.02338397 0.986615 0.08995532 0.9202561 0.08999103 0.9865567 0.02338397 0.986615 0.08994781 0.9166348 0.09302437 0.9167231 0.08995532 0.9202561 0.09302437 0.9167231 0.09313702 0.920248 0.08995532 0.9202561 0.08995532 0.9202561 0.09313702 0.920248 0.08999103 0.9865567 0.09313702 0.920248 0.09317404 0.9865701 0.08999103 0.9865567 0.08999103 0.9865567 0.09317404 0.9865701 0.09000289 0.989921 0.09317404 0.9865701 0.09306502 0.9898189 0.09000289 0.989921 0.08999103 0.9865567 0.09000289 0.989921 0.02338373 0.9899789 0.02338397 0.986615 0.08999103 0.9865567 0.02338373 0.9899789 0.02338397 0.986615 0.02338373 0.9899789 0.01998674 0.9898753 0.01988554 0.9866161 0.02338397 0.986615 0.01998674 0.9898753 0.02251172 0.9154581 0.02333641 0.9166933 0.01996421 0.9168083 0.01891285 0.9157591 0.02251172 0.9154581 0.01996421 0.9168083 0.02162915 0.9141362 0.02251172 0.9154581 0.01891285 0.9157591 0.01778781 0.9146363 0.02162915 0.9141362 0.01891285 0.9157591 0.01778781 0.9146363 0.01891285 0.9157591 0.01728934 0.9186103 0.01891285 0.9157591 0.01861262 0.9194871 0.01728934 0.9186103 0.01728934 0.9186103 0.01861262 0.9194871 0.01733243 0.9883304 0.01861262 0.9194871 0.0186522 0.9874443 0.01733243 0.9883304 0.02251172 0.9154581 0.02162915 0.9141362 0.09077996 0.9154005 0.02162915 0.9141362 0.09167057 0.9140797 0.09077996 0.9154005 0.09167057 0.9140797 0.09518939 0.9145563 0.09077996 0.9154005 0.09518939 0.9145563 0.09407025 0.9156764 0.09077996 0.9154005 0.0943728 0.9194272 0.09407025 0.9156764 0.09518939 0.9145563 0.09569519 0.918549 0.0943728 0.9194272 0.09518939 0.9145563 0.09569519 0.918549 0.09572827 0.9882854 0.0943728 0.9194272 0.09572827 0.9882854 0.09440791 0.9873988 0.0943728 0.9194272 0.09572827 0.9882854 0.09523004 0.9919863 0.09440791 0.9873988 0.09523004 0.9919863 0.09411084 0.990866 0.09440791 0.9873988 0.09411084 0.990866 0.09523004 0.9919863 0.0917297 0.9924768 0.09083706 0.9911558 0.09411084 0.990866 0.0917297 0.9924768 0.09083706 0.9911558 0.0917297 0.9924768 0.02168053 0.9925348 0.02256095 0.9912135 0.09083706 0.9911558 0.02168053 0.9925348 0.02256095 0.9912135 0.02168053 0.9925348 0.01782208 0.9920439 0.0189411 0.9909228 0.02256095 0.9912135 0.01782208 0.9920439 0.0186522 0.9874443 0.0189411 0.9909228 0.01782208 0.9920439 0.01733243 0.9883304 0.0186522 0.9874443 0.01782208 0.9920439 0.0186522 0.9874443 0.01988554 0.9866161 0.0189411 0.9909228 0.01984906 0.9203066 0.01988554 0.9866161 0.0186522 0.9874443 0.01861262 0.9194871 0.01984906 0.9203066 0.0186522 0.9874443 0.01996421 0.9168083 0.01984906 0.9203066 0.01861262 0.9194871 0.01891285 0.9157591 0.01996421 0.9168083 0.01861262 0.9194871 0.01988554 0.9866161 0.01998674 0.9898753 0.0189411 0.9909228 0.0189411 0.9909228 0.01998674 0.9898753 0.02256095 0.9912135 0.01998674 0.9898753 0.02338373 0.9899789 0.02256095 0.9912135 0.02256095 0.9912135 0.02338373 0.9899789 0.09083706 0.9911558 0.02338373 0.9899789 0.09000289 0.989921 0.09083706 0.9911558 0.09083706 0.9911558 0.09000289 0.989921 0.09411084 0.990866 0.09000289 0.989921 0.09306502 0.9898189 0.09411084 0.990866 0.09411084 0.990866 0.09306502 0.9898189 0.09317404 0.9865701 0.09440791 0.9873988 0.09411084 0.990866 0.09317404 0.9865701 0.09440791 0.9873988 0.09317404 0.9865701 0.09313702 0.920248 0.0943728 0.9194272 0.09440791 0.9873988 0.09313702 0.920248 0.0943728 0.9194272 0.09313702 0.920248 0.09407025 0.9156764 0.09313702 0.920248 0.09302437 0.9167231 0.09407025 0.9156764 0.09407025 0.9156764 0.09302437 0.9167231 0.08994781 0.9166348 0.09077996 0.9154005 0.09407025 0.9156764 0.08994781 0.9166348 0.09077996 0.9154005 0.08994781 0.9166348 0.02333641 0.9166933 0.02251172 0.9154581 0.09077996 0.9154005 0.02333641 0.9166933 0.5265449 0.8403912 0.5265005 0.8429326 0.1167874 0.8256993 0.1168512 0.8220519 0.5265449 0.8403912 0.1167874 0.8256993 0.1167874 0.8256993 0.5265005 0.8429326 0.5256889 0.8894301 0.1156225 0.8924332 0.1167874 0.8256993 0.5256889 0.8894301 0.1156225 0.8924332 0.5256889 0.8894301 0.1155633 0.8958198 0.5256889 0.8894301 0.5256478 0.8917897 0.1155633 0.8958198 0.5256889 0.8894301 0.7974448 0.8941735 0.5256478 0.8917897 0.7974448 0.8941735 0.7974036 0.8965331 0.5256478 0.8917897 0.7974448 0.8941735 0.7984329 0.8941908 0.7974036 0.8965331 0.7992445 0.8476933 0.7984329 0.8941908 0.7974448 0.8941735 0.7982564 0.847676 0.7992445 0.8476933 0.7974448 0.8941735 0.7982564 0.847676 0.7974448 0.8941735 0.5256889 0.8894301 0.5265005 0.8429326 0.7982564 0.847676 0.5256889 0.8894301 0.7992888 0.8451519 0.7992445 0.8476933 0.7982564 0.847676 0.7983007 0.8451346 0.7992888 0.8451519 0.7982564 0.847676 0.7983007 0.8451346 0.7982564 0.847676 0.5265005 0.8429326 0.5265449 0.8403912 0.7983007 0.8451346 0.5265005 0.8429326 0.7984329 0.8941908 0.7983916 0.8965503 0.7974036 0.8965331 0.5224298 0.9846085 0.5223855 0.987152 0.1119812 0.9911851 0.1120449 0.9875349 0.5224298 0.9846085 0.1119812 0.9911851 0.1120449 0.9875349 0.1132107 0.9207488 0.5224298 0.9846085 0.1132107 0.9207488 0.5232421 0.9380747 0.5224298 0.9846085 0.1132107 0.9207488 0.1132699 0.9173598 0.5232421 0.9380747 0.1132699 0.9173598 0.5232833 0.9357134 0.5232421 0.9380747 0.5224298 0.9846085 0.7943976 0.9893557 0.5223855 0.987152 0.7943976 0.9893557 0.7943533 0.9918991 0.5223855 0.987152 0.7943976 0.9893557 0.7953866 0.989373 0.7943533 0.9918991 0.7953866 0.989373 0.7953422 0.9919163 0.7943533 0.9918991 0.7943976 0.9893557 0.7952098 0.9428219 0.7953866 0.989373 0.5224298 0.9846085 0.5232421 0.9380747 0.7952098 0.9428219 0.7943976 0.9893557 0.5224298 0.9846085 0.7952098 0.9428219 0.7952098 0.9428219 0.7961988 0.9428393 0.7953866 0.989373 0.7952098 0.9428219 0.7952511 0.9404606 0.7961988 0.9428393 0.5232421 0.9380747 0.5232833 0.9357134 0.7952511 0.9404606 0.7952098 0.9428219 0.5232421 0.9380747 0.7952511 0.9404606 0.7952511 0.9404606 0.79624 0.9404779 0.7961988 0.9428393 0.02974867 0.5530201 0.03156727 0.5553721 0.02737301 0.5553722 0.02536237 0.5530204 0.02974867 0.5530201 0.02737301 0.5553722 0.02974867 0.5530201 0.1132254 0.5530181 0.03156727 0.5553721 0.1132254 0.5530181 0.1113894 0.5553702 0.03156727 0.5553721 0.1132254 0.5530181 0.1172133 0.5530181 0.1113894 0.5553702 0.1172133 0.5530181 0.1152027 0.5553702 0.1113894 0.5553702 0.1113894 0.5553702 0.1152027 0.5553702 0.1075644 0.5602704 0.1152027 0.5553702 0.1110141 0.5602703 0.1075644 0.5602704 0.1113894 0.5553702 0.1075644 0.5602704 0.03535628 0.5602721 0.03156727 0.5553721 0.1113894 0.5553702 0.03535628 0.5602721 0.03156727 0.5553721 0.03535628 0.5602721 0.03156203 0.5602722 0.02737301 0.5553722 0.03156727 0.5553721 0.03156203 0.5602722 0.1148533 0.4769802 0.1105196 0.4769803 0.1123276 0.4746331 0.1168598 0.4746331 0.1148533 0.4769802 0.1123276 0.4746331 0.1123276 0.4746331 0.1105196 0.4769803 0.02940976 0.4746316 0.1105196 0.4769803 0.03123193 0.4769787 0.02940976 0.4746316 0.02940976 0.4746316 0.03123193 0.4769787 0.02520185 0.4746314 0.03123193 0.4769787 0.0272082 0.4769786 0.02520185 0.4746314 0.1148533 0.4769802 0.1106732 0.4818701 0.1105196 0.4769803 0.1106732 0.4818701 0.1067528 0.4818701 0.1105196 0.4769803 0.1105196 0.4769803 0.1067528 0.4818701 0.03123193 0.4769787 0.1067528 0.4818701 0.0350281 0.4818686 0.03123193 0.4769787 0.03123193 0.4769787 0.0350281 0.4818686 0.0272082 0.4769786 0.0350281 0.4818686 0.03138822 0.4818684 0.0272082 0.4769786 0.1111697 0.5173056 0.112981 0.5149633 0.1173492 0.5149635 0.1153468 0.5173057 0.1111697 0.5173056 0.1173492 0.5149635 0.1111697 0.5173056 0.03167414 0.5173037 0.112981 0.5149633 0.03167414 0.5173037 0.02984565 0.5149613 0.112981 0.5149633 0.03167414 0.5173037 0.02787649 0.5173037 0.02984565 0.5149613 0.02787649 0.5173037 0.02587419 0.5149613 0.02984565 0.5149613 0.1073963 0.5221857 0.1111697 0.5173056 0.1153468 0.5173057 0.1111697 0.5173056 0.1073963 0.5221857 0.03167414 0.5173037 0.111175 0.5221857 0.1073963 0.5221857 0.1153468 0.5173057 0.1073963 0.5221857 0.03548365 0.5221838 0.03167414 0.5173037 0.03167414 0.5173037 0.03548365 0.5221838 0.02787649 0.5173037 0.03548365 0.5221838 0.0320481 0.5221838 0.02787649 0.5173037 0.03108292 0.5910779 0.02676439 0.5910781 0.02476495 0.5887392 0.02928119 0.588739 0.03108292 0.5910779 0.02476495 0.5887392 0.02928119 0.588739 0.1119104 0.5887375 0.03108292 0.5910779 0.1119104 0.5887375 0.1100946 0.5910764 0.03108292 0.5910779 0.1119104 0.5887375 0.1161037 0.5887374 0.1100946 0.5910764 0.1161037 0.5887374 0.1141043 0.5910763 0.1100946 0.5910764 0.1100946 0.5910764 0.1141043 0.5910763 0.1063116 0.5959491 0.1141043 0.5910763 0.1099388 0.5959491 0.1063116 0.5959491 0.1100946 0.5910764 0.1063116 0.5959491 0.03483664 0.5959507 0.03108292 0.5910779 0.1100946 0.5910764 0.03483664 0.5959507 0.03108292 0.5910779 0.03483664 0.5959507 0.02676439 0.5910781 0.03483664 0.5959507 0.03092998 0.5959507 0.02676439 0.5910781 0.03535628 0.5640736 0.03535628 0.5662766 0.03156214 0.5662767 0.03156203 0.5640737 0.03535628 0.5640736 0.03156214 0.5662767 0.03535628 0.5640736 0.1075644 0.5640718 0.03535628 0.5662766 0.1075644 0.5640718 0.1075645 0.5662748 0.03535628 0.5662766 0.1075644 0.5640718 0.1110141 0.5640717 0.1075645 0.5662748 0.1110141 0.5640717 0.111014 0.5662747 0.1075645 0.5662748 0.1075645 0.5662748 0.111014 0.5662747 0.1075645 0.5682894 0.111014 0.5662747 0.1110141 0.5682893 0.1075645 0.5682894 0.1075645 0.5682894 0.1110141 0.5682893 0.1075645 0.570271 0.1110141 0.5682893 0.1110142 0.5702709 0.1075645 0.570271 0.1075645 0.5682894 0.1075645 0.570271 0.0353564 0.5702729 0.03535634 0.5682913 0.1075645 0.5682894 0.0353564 0.5702729 0.1075645 0.5662748 0.1075645 0.5682894 0.03535634 0.5682913 0.03535628 0.5662766 0.1075645 0.5662748 0.03535634 0.5682913 0.03535634 0.5682913 0.0353564 0.5702729 0.0315622 0.5702729 0.03156214 0.5682913 0.03535634 0.5682913 0.0315622 0.5702729 0.03535628 0.5662766 0.03535634 0.5682913 0.03156214 0.5682913 0.03156214 0.5662767 0.03535628 0.5662766 0.03156214 0.5682913 0.1106732 0.4880809 0.1067528 0.4880809 0.1067528 0.4858826 0.1106732 0.4858826 0.1106732 0.4880809 0.1067528 0.4858826 0.1067528 0.4858826 0.1067528 0.4880809 0.0350281 0.4858812 0.1067528 0.4880809 0.03502798 0.4880794 0.0350281 0.4858812 0.0350281 0.4858812 0.03502798 0.4880794 0.03138822 0.4858811 0.03502798 0.4880794 0.0313881 0.4880793 0.03138822 0.4858811 0.1106732 0.4880809 0.1106731 0.4900912 0.1067528 0.4880809 0.1106731 0.4900912 0.1067528 0.4900912 0.1067528 0.4880809 0.1067528 0.4880809 0.1067528 0.4900912 0.03502798 0.4880794 0.1106731 0.4900912 0.1106731 0.4920687 0.1067528 0.4900912 0.1106731 0.4920687 0.1067528 0.4920685 0.1067528 0.4900912 0.1067528 0.4900912 0.1067528 0.4920685 0.03502804 0.4900897 0.1067528 0.4900912 0.03502804 0.4900897 0.03502798 0.4880794 0.03502798 0.4880794 0.03502804 0.4900897 0.0313881 0.4880793 0.1067528 0.4920685 0.03502792 0.4920671 0.03502804 0.4900897 0.03502804 0.4900897 0.03502792 0.4920671 0.03138816 0.4900897 0.03502804 0.4900897 0.03138816 0.4900897 0.0313881 0.4880793 0.03502792 0.4920671 0.03138798 0.4920671 0.03138816 0.4900897 0.1073962 0.5279698 0.1073963 0.5257759 0.111175 0.5257759 0.1111749 0.5279698 0.1073962 0.5279698 0.111175 0.5257759 0.1073962 0.5279698 0.03548347 0.5279679 0.1073963 0.5257759 0.03548347 0.5279679 0.03548365 0.525774 0.1073963 0.5257759 0.03548347 0.5279679 0.0320481 0.5279679 0.03548365 0.525774 0.0320481 0.5279679 0.0320481 0.525774 0.03548365 0.525774 0.1111749 0.5279698 0.1111748 0.5299763 0.1073962 0.5279698 0.1111748 0.5299763 0.1073962 0.5299763 0.1073962 0.5279698 0.1073962 0.5279698 0.1073962 0.5299763 0.03548347 0.5279679 0.1111748 0.5299763 0.1111747 0.5319496 0.1073962 0.5299763 0.1111747 0.5319496 0.1073961 0.5319496 0.1073962 0.5299763 0.1073962 0.5299763 0.1073961 0.5319496 0.03548347 0.5299744 0.1073962 0.5299763 0.03548347 0.5299744 0.03548347 0.5279679 0.03548347 0.5279679 0.03548347 0.5299744 0.0320481 0.5279679 0.1073961 0.5319496 0.03548347 0.5319479 0.03548347 0.5299744 0.03548347 0.5299744 0.03548347 0.5319479 0.03204798 0.5299744 0.03548347 0.5299744 0.03204798 0.5299744 0.0320481 0.5279679 0.03548347 0.5319479 0.03204798 0.5319476 0.03204798 0.5299744 0.0348367 0.602365 0.03092998 0.602365 0.03092998 0.6001746 0.03483664 0.6001746 0.0348367 0.602365 0.03092998 0.6001746 0.0348367 0.602365 0.03483664 0.6001746 0.1063116 0.6023635 0.03483664 0.6001746 0.1063116 0.6001729 0.1063116 0.6023635 0.1063116 0.6001729 0.1099388 0.6001729 0.1063116 0.6023635 0.1099388 0.6001729 0.1099389 0.6023635 0.1063116 0.6023635 0.0348367 0.602365 0.0348367 0.6043683 0.03092998 0.602365 0.0348367 0.6043683 0.03093004 0.6043683 0.03092998 0.602365 0.0348367 0.6043683 0.03483676 0.6063389 0.03093004 0.6043683 0.03483676 0.6063389 0.03093004 0.6063389 0.03093004 0.6043683 0.0348367 0.6043683 0.1063117 0.6043668 0.03483676 0.6063389 0.1063116 0.6023635 0.1099389 0.6023635 0.1063117 0.6043668 0.0348367 0.602365 0.1063116 0.6023635 0.1063117 0.6043668 0.0348367 0.6043683 0.0348367 0.602365 0.1063117 0.6043668 0.1063117 0.6043668 0.1063118 0.6063373 0.03483676 0.6063389 0.1063117 0.6043668 0.1099389 0.6043667 0.1063118 0.6063373 0.1099389 0.6023635 0.1099389 0.6043667 0.1063117 0.6043668 0.1099389 0.6043667 0.109939 0.6063371 0.1063118 0.6063373 0.0284838 0.5813459 0.02414196 0.5862068 0.01916348 0.5862068 0.02396392 0.5813459 0.0284838 0.5813459 0.01916348 0.5862068 0.0284838 0.5813459 0.1145035 0.5813437 0.02414196 0.5862068 0.1145035 0.5813437 0.1188873 0.5862043 0.02414196 0.5862068 0.1145035 0.5813437 0.1186129 0.5813435 0.1188873 0.5862043 0.1186129 0.5813435 0.1234135 0.5862042 0.1188873 0.5862043 0.02396392 0.5813459 0.0315622 0.5736519 0.0284838 0.5813459 0.0315622 0.5736519 0.0353564 0.5736519 0.0284838 0.5813459 0.0284838 0.5813459 0.0353564 0.5736519 0.1145035 0.5813437 0.0353564 0.5736519 0.1075645 0.57365 0.1145035 0.5813437 0.1145035 0.5813437 0.1075645 0.57365 0.1186129 0.5813435 0.1075645 0.57365 0.1110142 0.5736499 0.1186129 0.5813435 0.1230458 0.5081875 0.1179018 0.5081875 0.1135853 0.5033368 0.1182555 0.5033369 0.1230458 0.5081875 0.1135853 0.5033368 0.1135853 0.5033368 0.1179018 0.5081875 0.02814149 0.5033351 0.1179018 0.5081875 0.02379071 0.5081856 0.02814149 0.5033351 0.02814149 0.5033351 0.02379071 0.5081856 0.02380537 0.503335 0.02379071 0.5081856 0.01901483 0.5081855 0.02380537 0.503335 0.02814149 0.5033351 0.02380537 0.503335 0.03138798 0.4956575 0.03502792 0.4956575 0.02814149 0.5033351 0.03138798 0.4956575 0.1135853 0.5033368 0.02814149 0.5033351 0.03502792 0.4956575 0.1067528 0.4956589 0.1135853 0.5033368 0.03502792 0.4956575 0.1182555 0.5033369 0.1135853 0.5033368 0.1067528 0.4956589 0.1106731 0.495659 0.1182555 0.5033369 0.1067528 0.4956589 0.1185647 0.5486771 0.1142407 0.5438361 0.1187421 0.5438361 0.1235228 0.5486771 0.1185647 0.5486771 0.1187421 0.5438361 0.1142407 0.5438361 0.1185647 0.5486771 0.02857285 0.543834 0.1185647 0.5486771 0.02420705 0.5486746 0.02857285 0.543834 0.02420705 0.5486746 0.01969945 0.5486745 0.02857285 0.543834 0.01969945 0.5486745 0.02448034 0.5438337 0.02857285 0.543834 0.1187421 0.5438361 0.1142407 0.5438361 0.1111747 0.5361735 0.1142407 0.5438361 0.1073961 0.5361735 0.1111747 0.5361735 0.1142407 0.5438361 0.02857285 0.543834 0.1073961 0.5361735 0.02857285 0.543834 0.02448034 0.5438337 0.03548347 0.5361716 0.02857285 0.543834 0.03548347 0.5361716 0.1073961 0.5361735 0.02448034 0.5438337 0.03204798 0.5361714 0.03548347 0.5361716 0.02330416 0.6228364 0.01817816 0.6228364 0.02295172 0.6180027 0.02760565 0.6180027 0.02330416 0.6228364 0.02295172 0.6180027 0.02760565 0.6180027 0.1127519 0.6180008 0.02330416 0.6228364 0.1127519 0.6180008 0.1170874 0.6228343 0.02330416 0.6228364 0.1127519 0.6180008 0.1170729 0.6180006 0.1170874 0.6228343 0.1170729 0.6180006 0.1218467 0.6228342 0.1170874 0.6228343 0.02760565 0.6180027 0.02295172 0.6180027 0.03050774 0.6103513 0.03441441 0.6103513 0.02760565 0.6180027 0.03050774 0.6103513 0.02760565 0.6180027 0.03441441 0.6103513 0.1127519 0.6180008 0.03441441 0.6103513 0.1058893 0.6103499 0.1127519 0.6180008 0.1127519 0.6180008 0.1058893 0.6103499 0.1170729 0.6180006 0.1058893 0.6103499 0.1095165 0.6103497 0.1170729 0.6180006 0.02380526 0.630877 0.02374088 0.6742622 0.0209037 0.6742581 0.02096796 0.630873 0.02380526 0.630877 0.0209037 0.6742581 0.02380526 0.630877 0.07780176 0.6309574 0.02374088 0.6742622 0.07780176 0.6309574 0.07773733 0.674342 0.02374088 0.6742622 0.07780176 0.6309574 0.08038133 0.6309612 0.07773733 0.674342 0.08038133 0.6309612 0.08031696 0.6743459 0.07773733 0.674342 0.02096796 0.630873 0.02096909 0.6300933 0.02380526 0.630877 0.02096909 0.6300933 0.02380645 0.6300974 0.02380526 0.630877 0.02380526 0.630877 0.02380645 0.6300974 0.07780176 0.6309574 0.02380645 0.6300974 0.07780295 0.6301777 0.07780176 0.6309574 0.07780176 0.6309574 0.07780295 0.6301777 0.08038133 0.6309612 0.07780295 0.6301777 0.08038252 0.6301817 0.08038133 0.6309612 0.07958847 0.7782627 0.07661068 0.7782586 0.07667595 0.734277 0.07965385 0.7342813 0.07958847 0.7782627 0.07667595 0.734277 0.07667595 0.734277 0.07661068 0.7782586 0.02218914 0.7341961 0.07661068 0.7782586 0.02212393 0.7781777 0.02218914 0.7341961 0.02218914 0.7341961 0.02212393 0.7781777 0.01942402 0.7341923 0.02212393 0.7781777 0.01935881 0.7781736 0.01942402 0.7341923 0.02218914 0.7341961 0.01942402 0.7341923 0.01942521 0.7334019 0.02219033 0.7334058 0.02218914 0.7341961 0.01942521 0.7334019 0.07667595 0.734277 0.02218914 0.7341961 0.02219033 0.7334058 0.07667714 0.7334867 0.07667595 0.734277 0.02219033 0.7334058 0.07965385 0.7342813 0.07667595 0.734277 0.07667714 0.7334867 0.07965499 0.7334911 0.07965385 0.7342813 0.07667714 0.7334867 0.07729947 0.7259431 0.07736384 0.6825956 0.08019936 0.6825999 0.08013516 0.7259486 0.07729947 0.7259431 0.08019936 0.6825999 0.07736384 0.6825956 0.07729947 0.7259431 0.02341401 0.6825154 0.07729947 0.7259431 0.02334976 0.725863 0.02341401 0.6825154 0.02334976 0.725863 0.02077245 0.7258593 0.02341401 0.6825154 0.02077245 0.7258593 0.02083665 0.6825117 0.02341401 0.6825154 0.08019936 0.6825999 0.07736384 0.6825956 0.08020055 0.6818209 0.07736384 0.6825956 0.07736498 0.6818167 0.08020055 0.6818209 0.07736384 0.6825956 0.02341401 0.6825154 0.07736498 0.6818167 0.02341401 0.6825154 0.02083665 0.6825117 0.02341514 0.6817365 0.02341401 0.6825154 0.02341514 0.6817365 0.07736498 0.6818167 0.02083665 0.6825117 0.02083784 0.6817328 0.02341514 0.6817365 0.02249968 0.8296316 0.01952797 0.829627 0.01959317 0.7857522 0.02256482 0.7857564 0.02249968 0.8296316 0.01959317 0.7857522 0.02256482 0.7857564 0.07691776 0.7858371 0.02249968 0.8296316 0.07691776 0.7858371 0.07685261 0.8297118 0.02249968 0.8296316 0.07691776 0.7858371 0.07967716 0.7858411 0.07685261 0.8297118 0.07967716 0.7858411 0.07961195 0.829716 0.07685261 0.8297118 0.02256482 0.7857564 0.01959317 0.7857522 0.01959437 0.7849637 0.02256608 0.7849679 0.02256482 0.7857564 0.01959437 0.7849637 0.02256482 0.7857564 0.02256608 0.7849679 0.07691776 0.7858371 0.02256608 0.7849679 0.07691895 0.7850487 0.07691776 0.7858371 0.07691776 0.7858371 0.07691895 0.7850487 0.07967716 0.7858411 0.07691895 0.7850487 0.07967835 0.7850527 0.07967716 0.7858411 0.8583431 0.7165815 0.8688827 0.694562 0.9062132 0.6972335 0.8956733 0.7192526 0.8583431 0.7165815 0.9062132 0.6972335 0.9062132 0.6972335 0.8688827 0.694562 0.9150701 0.6744927 0.8688827 0.694562 0.8777402 0.6718215 0.9150701 0.6744927 0.9150701 0.6744927 0.8777402 0.6718215 0.9221988 0.6511527 0.8777402 0.6718215 0.8848688 0.6484813 0.9221988 0.6511527 0.9221988 0.6511527 0.8848688 0.6484813 0.9275585 0.6273439 0.8848688 0.6484813 0.8902284 0.6246725 0.9275585 0.6273439 0.9275585 0.6273439 0.8902284 0.6246725 0.9311195 0.6032002 0.8902284 0.6246725 0.8937895 0.6005291 0.9311195 0.6032002 0.9311195 0.6032002 0.8937895 0.6005291 0.9328615 0.5788583 0.8937895 0.6005291 0.8955315 0.5761868 0.9328615 0.5788583 0.9328615 0.5788583 0.8955315 0.5761868 0.9327744 0.5544537 0.8955315 0.5761868 0.8954446 0.5517824 0.9327744 0.5544537 0.9327744 0.5544537 0.8954446 0.5517824 0.9308596 0.5301243 0.8954446 0.5517824 0.8935296 0.5274532 0.9308596 0.5301243 0.9308596 0.5301243 0.8935296 0.5274532 0.9271271 0.5060072 0.8935296 0.5274532 0.8897971 0.5033356 0.9271271 0.5060072 0.9271271 0.5060072 0.8897971 0.5033356 0.921598 0.482237 0.8897971 0.5033356 0.8842681 0.4795659 0.921598 0.482237 0.921598 0.482237 0.8842681 0.4795659 0.9143012 0.4589415 0.8842681 0.4795659 0.8769712 0.45627 0.9143012 0.4589415 0.9143012 0.4589415 0.8769712 0.45627 0.9055348 0.4359502 0.8769712 0.45627 0.8682045 0.4332791 0.9055348 0.4359502 0.9055348 0.4359502 0.8682045 0.4332791 0.8975438 0.4196303 0.8682045 0.4332791 0.8602136 0.4169591 0.8975438 0.4196303 0.9205801 0.67919 0.9280464 0.6559481 0.9653952 0.6535497 0.9579287 0.6767914 0.9205801 0.67919 0.9653952 0.6535497 0.9653952 0.6535497 0.9280464 0.6559481 0.9710975 0.6298204 0.9280464 0.6559481 0.9337492 0.6322192 0.9710975 0.6298204 0.9710975 0.6298204 0.9337492 0.6322192 0.9750063 0.6057311 0.9337492 0.6322192 0.9376578 0.6081297 0.9750063 0.6057311 0.9750063 0.6057311 0.9376578 0.6081297 0.9770987 0.5814163 0.9376578 0.6081297 0.9397503 0.5838149 0.9770987 0.5814163 0.9770987 0.5814163 0.9397503 0.5838149 0.9773639 0.5570133 0.9397503 0.5838149 0.9400154 0.559412 0.9773639 0.5570133 0.9773639 0.5570133 0.9400154 0.559412 0.9757993 0.5326586 0.9400154 0.559412 0.9384512 0.5350573 0.9757993 0.5326586 0.9757993 0.5326586 0.9384512 0.5350573 0.9724155 0.50849 0.9384512 0.5350573 0.9350667 0.5108889 0.9724155 0.50849 0.9724155 0.50849 0.9350667 0.5108889 0.9672294 0.4846429 0.9350667 0.5108889 0.929881 0.4870414 0.9672294 0.4846429 0.9672294 0.4846429 0.929881 0.4870414 0.9602714 0.4612512 0.929881 0.4870414 0.9229229 0.4636499 0.9602714 0.4612512 0.9602714 0.4612512 0.9229229 0.4636499 0.9515806 0.4384465 0.9229229 0.4636499 0.9142322 0.4408453 0.9515806 0.4384465 0.9515806 0.4384465 0.9142322 0.4408453 0.9412021 0.4163509 0.9142322 0.4408453 0.9038533 0.4187496 0.9412021 0.4163509 0.9116458 0.7021166 0.9205801 0.67919 0.9579287 0.6767914 0.948994 0.6997177 0.9116458 0.7021166 0.9579287 0.6767914 0.903536 0.7183776 0.9116458 0.7021166 0.948994 0.6997177 0.9408841 0.7159787 0.903536 0.7183776 0.948994 0.6997177 0.8370826 0.5269406 0.8364803 0.512359 0.8510621 0.5117565 0.8516644 0.5263385 0.8370826 0.5269406 0.8510621 0.5117565 0.6379938 0.0579704 0.6606059 0.05772149 0.6609874 0.09238761 0.6383757 0.09263652 0.6379938 0.0579704 0.6609874 0.09238761 0.6153883 0.05821919 0.6379938 0.0579704 0.6383757 0.09263652 0.6157699 0.09288537 0.6153883 0.05821919 0.6383757 0.09263652 0.5927829 0.05846774 0.6153883 0.05821919 0.6157699 0.09288537 0.5931645 0.09313404 0.5927829 0.05846774 0.6157699 0.09288537 0.5701775 0.05871677 0.5927829 0.05846774 0.5931645 0.09313404 0.5705592 0.09338307 0.5701775 0.05871677 0.5931645 0.09313404 0.5475723 0.05896562 0.5701775 0.05871677 0.5705592 0.09338307 0.5479537 0.09363245 0.5475723 0.05896562 0.5705592 0.09338307 0.5249669 0.05921447 0.5475723 0.05896562 0.5479537 0.09363245 0.5253484 0.09388053 0.5249669 0.05921447 0.5479537 0.09363245 0.5023612 0.0594635 0.5249669 0.05921447 0.5253484 0.09388053 0.502743 0.09412968 0.5023612 0.0594635 0.5253484 0.09388053 0.4797559 0.05971217 0.5023612 0.0594635 0.502743 0.09412968 0.4801377 0.09437847 0.4797559 0.05971217 0.502743 0.09412968 0.4571506 0.05996108 0.4797559 0.05971217 0.4801377 0.09437847 0.4575322 0.09462738 0.4571506 0.05996108 0.4801377 0.09437847 0.4345452 0.06020939 0.4571506 0.05996108 0.4575322 0.09462738 0.4349268 0.0948764 0.4345452 0.06020939 0.4575322 0.09462738 0.4119331 0.06045854 0.4345452 0.06020939 0.4349268 0.0948764 0.4123148 0.09512501 0.4119331 0.06045854 0.4349268 0.0948764 0.3891401 0.06048047 0.4119331 0.06045854 0.4123148 0.09512501 0.3895215 0.09514653 0.3891401 0.06048047 0.4123148 0.09512501 0.3723077 0.0604639 0.3891401 0.06048047 0.3895215 0.09514653 0.3726891 0.09513026 0.3723077 0.0604639 0.3895215 0.09514653 0.8190288 0.5123158 0.8336228 0.512409 0.8335297 0.5270027 0.8189356 0.5269096 0.8190288 0.5123158 0.8335297 0.5270027 0.3921573 0.04571771 0.3753287 0.04609465 0.3749682 0.01142704 0.391797 0.01105076 0.3921573 0.04571771 0.3749682 0.01142704 0.414946 0.04525125 0.3921573 0.04571771 0.391797 0.01105076 0.4145858 0.01058423 0.414946 0.04525125 0.391797 0.01105076 0.4375588 0.0450164 0.414946 0.04525125 0.4145858 0.01058423 0.4371984 0.01034927 0.4375588 0.0450164 0.4145858 0.01058423 0.4601647 0.04478132 0.4375588 0.0450164 0.4371984 0.01034927 0.4598045 0.01011431 0.4601647 0.04478132 0.4371984 0.01034927 0.4827708 0.04454648 0.4601647 0.04478132 0.4598045 0.01011431 0.48241 0.009879231 0.4827708 0.04454648 0.4598045 0.01011431 0.5053768 0.04431128 0.4827708 0.04454648 0.48241 0.009879231 0.505016 0.009644389 0.5053768 0.04431128 0.48241 0.009879231 0.5279828 0.04407632 0.5053768 0.04431128 0.505016 0.009644389 0.5276223 0.00940907 0.5279828 0.04407632 0.505016 0.009644389 0.5505887 0.04384112 0.5279828 0.04407632 0.5276223 0.00940907 0.5502282 0.009174346 0.5505887 0.04384112 0.5276223 0.00940907 0.5731945 0.04360651 0.5505887 0.04384112 0.5502282 0.009174346 0.5728343 0.008939146 0.5731945 0.04360651 0.5502282 0.009174346 0.5958005 0.0433712 0.5731945 0.04360651 0.5728343 0.008939146 0.5954397 0.008704185 0.5958005 0.0433712 0.5728343 0.008939146 0.6184065 0.043136 0.5958005 0.0433712 0.5954397 0.008704185 0.6180459 0.008469104 0.6184065 0.043136 0.5954397 0.008704185 0.6410124 0.04290091 0.6184065 0.043136 0.6180459 0.008469104 0.640652 0.008233666 0.6410124 0.04290091 0.6180459 0.008469104 0.6636248 0.04266583 0.6410124 0.04290091 0.640652 0.008233666 0.6632645 0.007998466 0.6636248 0.04266583 0.640652 0.008233666 0.1818605 0.5880326 0.1836063 0.5882088 0.1828605 0.6296423 0.1810987 0.6296377 0.1818605 0.5880326 0.1828605 0.6296423 0.786377 0.6276565 0.1828605 0.6296423 0.1836063 0.5882088 0.1828605 0.6296423 0.786377 0.6276565 0.1828055 0.6314002 0.1828605 0.6296423 0.1828055 0.6314002 0.1810987 0.6296377 0.786377 0.6276565 0.786443 0.6294146 0.1828055 0.6314002 0.7853708 0.5863475 0.786377 0.6276565 0.1836063 0.5882088 0.786377 0.6276565 0.7853708 0.5863475 0.7881326 0.6276419 0.786377 0.6276565 0.7881326 0.6276419 0.786443 0.6294146 0.7853708 0.5863475 0.7871214 0.5861569 0.7881326 0.6276419 0.7853224 0.5845895 0.7853708 0.5863475 0.1836063 0.5882088 0.7853708 0.5863475 0.7853224 0.5845895 0.7871214 0.5861569 0.1836442 0.5864511 0.7853224 0.5845895 0.1836063 0.5882088 0.1836063 0.5882088 0.1818605 0.5880326 0.1836442 0.5864511 0.7853451 0.5828313 0.7853224 0.5845895 0.1836442 0.5864511 0.1836114 0.5846928 0.7853451 0.5828313 0.1836442 0.5864511 0.7853451 0.5828313 0.1836114 0.5846928 0.1835092 0.5433107 0.1835092 0.5433107 0.1836114 0.5846928 0.1817591 0.5431855 0.1836114 0.5846928 0.1818531 0.5848243 0.1817591 0.5431855 0.1836114 0.5846928 0.1836442 0.5864511 0.1818531 0.5848243 0.7851878 0.5414531 0.7853451 0.5828313 0.1835092 0.5433107 0.7851489 0.5396949 0.7851878 0.5414531 0.1835092 0.5433107 0.1835378 0.5415528 0.7851489 0.5396949 0.1835092 0.5433107 0.1835092 0.5433107 0.1817591 0.5431855 0.1835378 0.5415528 0.785174 0.5379369 0.7851489 0.5396949 0.1835378 0.5415528 0.1835027 0.5397947 0.785174 0.5379369 0.1835378 0.5415528 0.7870955 0.5829501 0.7853451 0.5828313 0.7851878 0.5414531 0.7853451 0.5828313 0.7870955 0.5829501 0.7853224 0.5845895 0.7869457 0.5413145 0.7870955 0.5829501 0.7851878 0.5414531 0.7851878 0.5414531 0.7851489 0.5396949 0.7869457 0.5413145 0.785174 0.5379369 0.1835027 0.5397947 0.1835445 0.4984037 0.1835445 0.4984037 0.1835027 0.5397947 0.181792 0.4982541 0.1835027 0.5397947 0.1817433 0.5399209 0.181792 0.4982541 0.1835027 0.5397947 0.1835378 0.5415528 0.1817433 0.5399209 0.7848812 0.4965683 0.785174 0.5379369 0.1835445 0.4984037 0.78482 0.4948112 0.7848812 0.4965683 0.1835445 0.4984037 0.1835952 0.4966465 0.78482 0.4948112 0.1835445 0.4984037 0.1835445 0.4984037 0.181792 0.4982541 0.1835952 0.4966465 0.7847996 0.4930533 0.78482 0.4948112 0.1835952 0.4966465 0.1836048 0.4948886 0.7847996 0.4930533 0.1835952 0.4966465 0.7869248 0.5380514 0.785174 0.5379369 0.7848812 0.4965683 0.785174 0.5379369 0.7869248 0.5380514 0.7851489 0.5396949 0.7866423 0.496405 0.7869248 0.5380514 0.7848812 0.4965683 0.7848812 0.4965683 0.78482 0.4948112 0.7866423 0.496405 0.7847996 0.4930533 0.1836048 0.4948886 0.1820289 0.4536573 0.1820289 0.4536573 0.1836048 0.4948886 0.1802273 0.4538139 0.1836048 0.4948886 0.1819362 0.4950215 0.1802273 0.4538139 0.1836048 0.4948886 0.1835952 0.4966465 0.1819362 0.4950215 0.1802273 0.4538139 0.1819362 0.4950215 0.1782993 0.4539343 0.1819362 0.4950215 0.180142 0.4951727 0.1782993 0.4539343 0.7860838 0.4516412 0.7847996 0.4930533 0.1820289 0.4536573 0.7862181 0.4498875 0.7860838 0.4516412 0.1820289 0.4536573 0.1818827 0.4519037 0.7862181 0.4498875 0.1820289 0.4536573 0.1820289 0.4536573 0.1802273 0.4538139 0.1818827 0.4519037 0.7864809 0.4931697 0.7847996 0.4930533 0.7860838 0.4516412 0.7847996 0.4930533 0.7864809 0.4931697 0.78482 0.4948112 0.7878741 0.4517938 0.7864809 0.4931697 0.7860838 0.4516412 0.7860838 0.4516412 0.7862181 0.4498875 0.7878741 0.4517938 0.7882881 0.4933078 0.7864809 0.4931697 0.7878741 0.4517938 0.78979 0.4519134 0.7882881 0.4933078 0.7878741 0.4517938 0.8289704 0.4962436 0.7882881 0.4933078 0.78979 0.4519134 0.7882881 0.4933078 0.8289704 0.4962436 0.7879399 0.4951562 0.7882881 0.4933078 0.7879399 0.4951562 0.7864809 0.4931697 0.8289704 0.4962436 0.8288795 0.498131 0.7879399 0.4951562 0.831719 0.4544203 0.8289704 0.4962436 0.78979 0.4519134 0.8318795 0.4525495 0.831719 0.4544203 0.78979 0.4519134 0.7896944 0.4500291 0.8318795 0.4525495 0.78979 0.4519134 0.78979 0.4519134 0.7878741 0.4517938 0.7896944 0.4500291 0.8289704 0.4962436 0.831719 0.4544203 0.8308338 0.4964571 0.8289704 0.4962436 0.8308338 0.4964571 0.8288795 0.498131 0.831719 0.4544203 0.8336032 0.4544557 0.8308338 0.4964571 0.831719 0.4544203 0.8318795 0.4525495 0.8336032 0.4544557 0.7878741 0.4517938 0.7879493 0.4503634 0.7896944 0.4500291 0.7862181 0.4498875 0.7879493 0.4503634 0.7878741 0.4517938 0.7879399 0.4951562 0.786328 0.4947153 0.7864809 0.4931697 0.7864809 0.4931697 0.786328 0.4947153 0.78482 0.4948112 0.78482 0.4948112 0.786328 0.4947153 0.7866423 0.496405 0.8308338 0.4964571 0.8303731 0.4979023 0.8288795 0.498131 0.8318795 0.4525495 0.8333333 0.4529679 0.8336032 0.4544557 0.136931 0.4562481 0.1367796 0.4543649 0.1784009 0.4520617 0.1782993 0.4539343 0.136931 0.4562481 0.1784009 0.4520617 0.1782993 0.4539343 0.180142 0.4951727 0.136931 0.4562481 0.180142 0.4951727 0.1388881 0.4981067 0.136931 0.4562481 0.1389687 0.4999826 0.1388881 0.4981067 0.180142 0.4951727 0.1804876 0.4970327 0.1389687 0.4999826 0.180142 0.4951727 0.1350541 0.4562709 0.136931 0.4562481 0.1388881 0.4981067 0.136931 0.4562481 0.1350541 0.4562709 0.1367796 0.4543649 0.137016 0.4983091 0.1350541 0.4562709 0.1388881 0.4981067 0.1388881 0.4981067 0.1389687 0.4999826 0.137016 0.4983091 0.1782993 0.4539343 0.1784009 0.4520617 0.1802273 0.4538139 0.1784009 0.4520617 0.1801486 0.4523871 0.1802273 0.4538139 0.1802273 0.4538139 0.1801486 0.4523871 0.1818827 0.4519037 0.180142 0.4951727 0.1819362 0.4950215 0.1804876 0.4970327 0.1819362 0.4950215 0.182093 0.4965667 0.1804876 0.4970327 0.1835952 0.4966465 0.182093 0.4965667 0.1819362 0.4950215 0.181792 0.4982541 0.182093 0.4965667 0.1835952 0.4966465 0.1389687 0.4999826 0.137473 0.4997519 0.137016 0.4983091 0.1350541 0.4562709 0.1353276 0.4547805 0.1367796 0.4543649 0.1828055 0.6314002 0.1813741 0.631078 0.1810987 0.6296377 0.7881326 0.6276419 0.7878699 0.6290834 0.786443 0.6294146 0.1817591 0.5431855 0.1821335 0.5415537 0.1835378 0.5415528 0.1835378 0.5415528 0.1821335 0.5415537 0.1817433 0.5399209 0.7851489 0.5396949 0.786553 0.5396868 0.7869457 0.5413145 0.7869248 0.5380514 0.786553 0.5396868 0.7851489 0.5396949 0.1818605 0.5880326 0.1822451 0.5864372 0.1836442 0.5864511 0.1836442 0.5864511 0.1822451 0.5864372 0.1818531 0.5848243 0.7853224 0.5845895 0.7867208 0.5845662 0.7871214 0.5861569 0.7870955 0.5829501 0.7867208 0.5845662 0.7853224 0.5845895 0.9917929 0.8081086 0.9367192 0.8081086 0.9367192 0.753035 0.9917929 0.753035 0.9917929 0.8081086 0.9367192 0.753035 0.9370958 0.8149522 0.9921692 0.8149522 0.9921692 0.8700258 0.9370958 0.8700258 0.9370958 0.8149522 0.9921692 0.8700258 0.8101453 0.7554177 0.8652189 0.7554177 0.8652189 0.8104913 0.8101453 0.8104913 0.8101453 0.7554177 0.8652189 0.8104913 0.9921692 0.9303945 0.9370958 0.9303945 0.9370958 0.875321 0.9921692 0.875321 0.9921692 0.9303945 0.9370958 0.875321 0.9921692 0.9924072 0.9370958 0.9924072 0.9370958 0.9373336 0.9921692 0.9373336 0.9921692 0.9924072 0.9370958 0.9373336 0.9265881 0.8103957 0.8715145 0.8103957 0.8715145 0.7553223 0.9265881 0.7553223 0.9265881 0.8103957 0.8715145 0.7553223 0.9254829 0.8727654 0.8704094 0.8727654 0.8704094 0.8176919 0.9254829 0.8176919 0.9254829 0.8727654 0.8704094 0.8176919 0.8105125 0.8176919 0.8655861 0.8176919 0.8655861 0.8727654 0.8105125 0.8727654 0.8105125 0.8176919 0.8655861 0.8727654 0.8704094 0.9373336 0.9254829 0.9373336 0.9254829 0.9924072 0.8704094 0.9924072 0.8704094 0.9373336 0.9254829 0.9924072 0.8655861 0.9325863 0.8105125 0.9325863 0.8105125 0.8775128 0.8655861 0.8775128 0.8655861 0.9325863 0.8105125 0.8775128 0.8655861 0.9924072 0.8105125 0.9924072 0.8105125 0.9373336 0.8655861 0.9373336 0.8655861 0.9924072 0.8105125 0.9373336 0.9254829 0.9325862 0.8704094 0.9325862 0.8704094 0.8775128 0.9254829 0.8775128 0.9254829 0.9325862 0.8704094 0.8775128 0.4920841 0.4315718 0.49208 0.4306691 0.4933249 0.4306634 0.493329 0.4315662 0.4920841 0.4315718 0.4933249 0.4306634 0.4920841 0.4315718 0.4908181 0.4315774 0.49208 0.4306691 0.4908181 0.4315774 0.490814 0.4306746 0.49208 0.4306691 0.493329 0.4315662 0.4933249 0.4306634 0.4947487 0.4306572 0.4947525 0.4315599 0.493329 0.4315662 0.4947487 0.4306572 0.4947487 0.4306572 0.5492583 0.4304159 0.4947525 0.4315599 0.5492583 0.4304159 0.5492624 0.4313186 0.4947525 0.4315599 0.5492583 0.4304159 0.5506744 0.4304096 0.5492624 0.4313186 0.5506744 0.4304096 0.5506784 0.4313124 0.5492624 0.4313186 0.5506744 0.4304096 0.5518039 0.4304047 0.5506784 0.4313124 0.5518039 0.4304047 0.5518079 0.4313074 0.5506784 0.4313124 0.5518039 0.4304047 0.55307 0.4303992 0.5518079 0.4313074 0.55307 0.4303992 0.553074 0.4313019 0.5518079 0.4313074 0.4923753 0.425027 0.4923716 0.4241243 0.4936165 0.4241193 0.4936202 0.425022 0.4923753 0.425027 0.4936165 0.4241193 0.4923753 0.425027 0.4911092 0.4250322 0.4923716 0.4241243 0.4911092 0.4250322 0.4911056 0.4241293 0.4923716 0.4241243 0.4936202 0.425022 0.4936165 0.4241193 0.4950401 0.4241136 0.4950437 0.4250164 0.4936202 0.425022 0.4950401 0.4241136 0.4950401 0.4241136 0.5495502 0.4238938 0.4950437 0.4250164 0.5495502 0.4238938 0.5495538 0.4247964 0.4950437 0.4250164 0.5495502 0.4238938 0.5509663 0.423888 0.5495538 0.4247964 0.5509663 0.423888 0.5509699 0.4247907 0.5495538 0.4247964 0.5509663 0.423888 0.5520958 0.4238835 0.5509699 0.4247907 0.5520958 0.4238835 0.5520994 0.4247862 0.5509699 0.4247907 0.5520958 0.4238835 0.5533618 0.4238783 0.5520994 0.4247862 0.5533618 0.4238783 0.5533655 0.424781 0.5520994 0.4247862 0.5514633 0.4330753 0.551464 0.4339779 0.550219 0.4339789 0.5502183 0.4330761 0.5514633 0.4330753 0.550219 0.4339789 0.5514633 0.4330753 0.5527294 0.4330743 0.551464 0.4339779 0.5527294 0.4330743 0.55273 0.433977 0.551464 0.4339779 0.5502183 0.4330761 0.550219 0.4339789 0.5487955 0.4339799 0.5487948 0.4330772 0.5502183 0.4330761 0.5487955 0.4339799 0.5487955 0.4339799 0.4942851 0.4340199 0.5487948 0.4330772 0.4942851 0.4340199 0.4942845 0.4331172 0.5487948 0.4330772 0.4942851 0.4340199 0.492869 0.4340209 0.4942845 0.4331172 0.492869 0.4340209 0.4928684 0.4331182 0.4942845 0.4331172 0.492869 0.4340209 0.4917395 0.4340218 0.4928684 0.4331182 0.4917395 0.4340218 0.4917387 0.4331189 0.4928684 0.4331182 0.4917395 0.4340218 0.4904733 0.4340227 0.4917387 0.4331189 0.4904733 0.4340227 0.4904727 0.4331198 0.4917387 0.4331189 0.5521916 0.4271749 0.5521954 0.4280775 0.5509504 0.4280828 0.5509467 0.42718 0.5521916 0.4271749 0.5509504 0.4280828 0.5521916 0.4271749 0.5534577 0.4271696 0.5521954 0.4280775 0.5534577 0.4271696 0.5534614 0.4280723 0.5521954 0.4280775 0.5509467 0.42718 0.5509504 0.4280828 0.5495269 0.4280886 0.5495231 0.4271858 0.5509467 0.42718 0.5495269 0.4280886 0.5495269 0.4280886 0.4950169 0.4283165 0.5495231 0.4271858 0.4950169 0.4283165 0.4950131 0.4274138 0.5495231 0.4271858 0.4950169 0.4283165 0.4936008 0.4283224 0.4950131 0.4274138 0.4936008 0.4283224 0.493597 0.4274197 0.4950131 0.4274138 0.4936008 0.4283224 0.4924713 0.4283273 0.493597 0.4274197 0.4924713 0.4283273 0.4924675 0.4274245 0.493597 0.4274197 0.4924713 0.4283273 0.4912052 0.4283326 0.4924675 0.4274245 0.4912052 0.4283326 0.4912015 0.4274297 0.4924675 0.4274245 0.5450251 0.3602892 0.545479 0.4147976 0.4909118 0.415252 0.4904578 0.3607435 0.5450251 0.3602892 0.4909118 0.415252 0.4904578 0.3607435 0.4914155 0.3597002 0.5450251 0.3602892 0.4914155 0.3597002 0.5440503 0.3592621 0.5450251 0.3602892 0.4914155 0.3597002 0.4921793 0.3588681 0.5440503 0.3592621 0.4921793 0.3588681 0.5432727 0.3584426 0.5440503 0.3592621 0.4921793 0.3588681 0.4928216 0.3577771 0.5432727 0.3584426 0.4928216 0.3577771 0.5426123 0.3573625 0.5432727 0.3584426 0.545479 0.4147976 0.5446301 0.4159404 0.4909118 0.415252 0.5446301 0.4159404 0.4917796 0.4163805 0.4909118 0.415252 0.5446301 0.4159404 0.5437588 0.4168297 0.4917796 0.4163805 0.5437588 0.4168297 0.4926655 0.417255 0.4917796 0.4163805 0.5437588 0.4168297 0.5431165 0.4179207 0.4926655 0.417255 0.5431165 0.4179207 0.4933259 0.4183353 0.4926655 0.417255 0.603767 0.2935075 0.603767 0.3480179 0.5491979 0.3480179 0.5491979 0.2935075 0.603767 0.2935075 0.5491979 0.3480179 0.5491979 0.2935075 0.5501641 0.2924723 0.603767 0.2935075 0.5501641 0.2924723 0.6028007 0.2924723 0.603767 0.2935075 0.5501641 0.2924723 0.5509349 0.2916465 0.6028007 0.2924723 0.5509349 0.2916465 0.60203 0.2916465 0.6028007 0.2924723 0.5509349 0.2916465 0.5515862 0.2905609 0.60203 0.2916465 0.5515862 0.2905609 0.6013786 0.2905609 0.60203 0.2916465 0.603767 0.3480179 0.6029087 0.3491536 0.5491979 0.3480179 0.6029087 0.3491536 0.5500562 0.3491536 0.5491979 0.3480179 0.6029087 0.3491536 0.60203 0.3500355 0.5500562 0.3491536 0.60203 0.3500355 0.5509349 0.3500355 0.5500562 0.3491536 0.60203 0.3500355 0.6013786 0.3511211 0.5509349 0.3500355 0.6013786 0.3511211 0.5515862 0.3511211 0.5509349 0.3500355 0.5496129 0.4148651 0.549159 0.3603568 0.6037263 0.3599023 0.6041802 0.4144109 0.5496129 0.4148651 0.6037263 0.3599023 0.6041802 0.4144109 0.6032226 0.4154541 0.5496129 0.4148651 0.6032226 0.4154541 0.5505878 0.4158924 0.5496129 0.4148651 0.6032226 0.4154541 0.6024587 0.4162862 0.5505878 0.4158924 0.6024587 0.4162862 0.5513654 0.4167116 0.5505878 0.4158924 0.6024587 0.4162862 0.6018164 0.4173772 0.5513654 0.4167116 0.6018164 0.4173772 0.5520259 0.4177918 0.5513654 0.4167116 0.549159 0.3603568 0.5500079 0.3592139 0.6037263 0.3599023 0.5500079 0.3592139 0.6028585 0.3587738 0.6037263 0.3599023 0.5500079 0.3592139 0.5508792 0.3583247 0.6028585 0.3587738 0.5508792 0.3583247 0.6019725 0.3578993 0.6028585 0.3587738 0.5508792 0.3583247 0.5515216 0.3572337 0.6019725 0.3578993 0.5515216 0.3572337 0.6013121 0.3568191 0.6019725 0.3578993 0.4904699 0.3481745 0.4904699 0.293664 0.5450391 0.293664 0.5450391 0.3481745 0.4904699 0.3481745 0.5450391 0.293664 0.5450391 0.3481745 0.5440728 0.3492097 0.4904699 0.3481745 0.5440728 0.3492097 0.4914362 0.3492097 0.4904699 0.3481745 0.5440728 0.3492097 0.5433021 0.3500355 0.4914362 0.3492097 0.5433021 0.3500355 0.4922069 0.3500355 0.4914362 0.3492097 0.5433021 0.3500355 0.5426506 0.3511211 0.4922069 0.3500355 0.5426506 0.3511211 0.4928584 0.3511211 0.4922069 0.3500355 0.4904699 0.293664 0.4913282 0.2925285 0.5450391 0.293664 0.4913282 0.2925285 0.5441807 0.2925285 0.5450391 0.293664 0.4913282 0.2925285 0.4922069 0.2916464 0.5441807 0.2925285 0.4922069 0.2916464 0.5433021 0.2916464 0.5441807 0.2925285 0.4922069 0.2916464 0.4928584 0.2905609 0.5433021 0.2916464 0.4928584 0.2905609 0.5426506 0.2905609 0.5433021 0.2916464</float_array>
          <technique_common>
            <accessor source="#LanternPole_Body-mesh-map-0-array" count="2616" stride="2">
              <param name="S" type="float"/>
              <param name="T" type="float"/>
            </accessor>
          </technique_common>
        </source>
        <vertices id="LanternPole_Body-mesh-vertices">
          <input semantic="POSITION" source="#LanternPole_Body-mesh-positions"/>
        </vertices>
        <triangles material="LanternPost_Mat-material" count="872">
          <input semantic="VERTEX" source="#LanternPole_Body-mesh-vertices" offset="0"/>
          <input semantic="NORMAL" source="#LanternPole_Body-mesh-normals" offset="1"/>
          <input semantic="TEXCOORD" source="#LanternPole_Body-mesh-map-0" offset="2" set="0"/>
          <p>2 0 0 1 0 1 0 0 2 3 1 3 2 1 4 0 1 5 6 2 6 5 2 7 4 2 8 7 3 9 6 3 10 4 3 11 10 4 12 9 4 13 8 4 14 11 5 15 10 5 16 8 5 17 14 6 18 13 6 19 12 6 20 15 7 21 14 7 22 12 7 23 18 8 24 17 9 25 16 10 26 19 11 27 18 8 28 16 10 29 22 12 30 21 13 31 20 14 32 23 15 33 22 12 34 20 14 35 26 16 36 25 16 37 24 16 38 27 17 39 26 17 40 24 17 41 30 18 42 29 18 43 28 18 44 31 19 45 30 19 46 28 19 47 34 20 48 33 20 49 32 20 50 35 21 51 34 21 52 32 21 53 38 22 54 37 22 55 36 22 56 39 23 57 38 23 58 36 23 59 42 24 60 41 24 61 40 24 62 43 25 63 42 25 64 40 25 65 46 26 66 45 26 67 44 26 68 47 27 69 46 27 70 44 27 71 50 28 72 49 29 73 48 30 74 51 31 75 50 28 76 48 30 77 54 32 78 53 32 79 52 32 80 55 33 81 54 33 82 52 33 83 58 34 84 57 34 85 56 34 86 59 35 87 58 35 88 56 35 89 62 36 90 61 36 91 60 36 92 63 36 93 62 36 94 60 36 95 66 37 96 65 37 97 64 37 98 67 38 99 66 38 100 64 38 101 70 39 102 69 39 103 68 39 104 71 40 105 70 40 106 68 40 107 74 41 108 73 42 109 72 43 110 75 44 111 74 41 112 72 43 113 78 45 114 77 45 115 76 45 116 79 46 117 78 46 118 76 46 119 82 47 120 81 47 121 80 47 122 83 48 123 82 48 124 80 48 125 86 49 126 85 49 127 84 49 128 87 50 129 86 50 130 84 50 131 90 51 132 89 51 133 88 51 134 91 51 135 90 51 136 88 51 137 94 52 138 93 52 139 92 52 140 95 53 141 94 53 142 92 53 143 98 54 144 97 54 145 96 54 146 99 55 147 98 55 148 96 55 149 102 56 150 101 56 151 100 56 152 103 57 153 102 57 154 100 57 155 106 58 156 105 58 157 104 58 158 107 59 159 106 59 160 104 59 161 110 60 162 109 60 163 108 60 164 111 61 165 110 61 166 108 61 167 114 62 168 113 62 169 112 62 170 115 63 171 114 63 172 112 63 173 118 64 174 117 64 175 116 64 176 119 65 177 118 65 178 116 65 179 122 66 180 121 66 181 120 66 182 123 67 183 122 67 184 120 67 185 126 68 186 125 68 187 124 68 188 127 69 189 126 69 190 124 69 191 130 70 192 129 70 193 128 70 194 131 71 195 130 71 196 128 71 197 134 72 198 133 72 199 132 72 200 135 73 201 134 73 202 132 73 203 138 74 204 137 75 205 136 76 206 139 77 207 138 74 208 136 76 209 142 78 210 141 79 211 140 80 212 143 81 213 142 78 214 140 80 215 146 82 216 145 83 217 144 84 218 147 85 219 146 82 220 144 84 221 150 86 222 149 87 223 148 88 224 151 89 225 150 86 226 148 88 227 154 90 228 153 91 229 152 92 230 155 93 231 154 90 232 152 92 233 158 94 234 157 95 235 156 96 236 159 97 237 158 94 238 156 96 239 162 98 240 161 99 241 160 100 242 163 101 243 162 98 244 160 100 245 166 102 246 165 103 247 164 104 248 167 105 249 166 102 250 164 104 251 170 106 252 169 107 253 168 108 254 171 109 255 170 106 256 168 108 257 174 110 258 173 111 259 172 112 260 175 113 261 174 110 262 172 112 263 178 114 264 177 115 265 176 116 266 179 117 267 178 114 268 176 116 269 182 118 270 181 119 271 180 120 272 183 121 273 182 118 274 180 120 275 186 122 276 185 123 277 184 124 278 187 125 279 186 122 280 184 124 281 190 126 282 189 127 283 188 128 284 191 129 285 190 126 286 188 128 287 194 130 288 193 131 289 192 132 290 195 133 291 194 130 292 192 132 293 198 134 294 197 135 295 196 136 296 199 137 297 198 134 298 196 136 299 202 138 300 201 139 301 200 140 302 203 141 303 202 138 304 200 140 305 202 138 306 204 142 307 201 139 308 204 142 309 205 143 310 201 139 311 204 142 312 206 144 313 205 143 314 206 144 315 207 145 316 205 143 317 200 140 318 201 139 319 208 146 320 209 147 321 200 140 322 208 146 323 209 147 324 208 146 325 210 148 326 208 146 327 211 149 328 210 148 329 208 146 330 212 150 331 211 149 332 201 139 333 205 143 334 212 150 335 208 146 336 201 139 337 212 150 338 212 150 339 213 151 340 211 149 341 212 150 342 214 152 343 213 151 344 205 143 345 207 145 346 214 152 347 212 150 348 205 143 349 214 152 350 214 152 351 215 153 352 213 151 353 218 51 354 217 154 355 216 155 356 219 156 357 218 51 358 216 155 359 220 51 360 218 51 361 219 156 362 221 157 363 220 51 364 219 156 365 220 51 366 222 51 367 218 51 368 222 51 369 223 51 370 218 51 371 218 51 372 223 51 373 217 154 374 223 51 375 224 158 376 217 154 377 222 51 378 225 159 379 223 51 380 225 159 381 226 160 382 223 51 383 223 51 384 226 160 385 224 158 386 226 160 387 227 161 388 224 158 389 221 157 390 228 162 391 220 51 392 228 162 393 229 163 394 220 51 395 220 51 396 229 163 397 222 51 398 229 163 399 230 164 400 222 51 401 222 51 402 230 164 403 225 159 404 230 164 405 231 165 406 225 159 407 216 155 408 217 154 409 232 166 410 219 156 411 216 155 412 232 166 413 224 158 414 227 161 415 233 167 416 234 168 417 224 158 418 233 167 419 234 168 420 233 167 421 235 169 422 234 168 423 235 169 424 236 170 425 237 171 426 234 168 427 236 170 428 237 171 429 236 170 430 238 172 431 232 166 432 237 171 433 238 172 434 239 173 435 232 166 436 238 172 437 240 174 438 239 173 439 238 172 440 240 174 441 241 175 442 239 173 443 241 175 444 242 176 445 239 173 446 233 167 447 243 177 448 235 169 449 243 177 450 233 167 451 244 178 452 233 167 453 245 179 454 244 178 455 244 178 456 245 179 457 246 180 458 245 179 459 247 181 460 246 180 461 241 175 462 248 182 463 242 176 464 248 182 465 249 183 466 242 176 467 248 182 468 250 184 469 249 183 470 250 184 471 251 185 472 249 183 473 250 184 474 252 186 475 251 185 476 252 186 477 253 187 478 251 185 479 252 186 480 254 188 481 253 187 482 246 180 483 247 181 484 254 188 485 254 188 486 255 189 487 253 187 488 247 181 489 255 189 490 254 188 491 245 179 492 226 160 493 247 181 494 227 161 495 226 160 496 245 179 497 233 167 498 227 161 499 245 179 500 226 160 501 225 159 502 247 181 503 247 181 504 225 159 505 255 189 506 225 159 507 231 165 508 255 189 509 255 189 510 231 165 511 230 164 512 253 187 513 255 189 514 230 164 515 253 187 516 230 164 517 229 163 518 251 185 519 253 187 520 229 163 521 251 185 522 229 163 523 228 162 524 249 183 525 251 185 526 228 162 527 249 183 528 228 162 529 221 157 530 242 176 531 249 183 532 221 157 533 242 176 534 221 157 535 219 156 536 239 173 537 242 176 538 219 156 539 239 173 540 219 156 541 232 166 542 217 154 543 237 171 544 232 166 545 237 171 546 217 154 547 234 168 548 217 154 549 224 158 550 234 168 551 258 190 552 257 191 553 256 192 554 259 193 555 258 190 556 256 192 557 259 193 558 256 192 559 260 194 560 261 195 561 259 193 562 260 194 563 261 195 564 260 194 565 262 196 566 260 194 567 263 197 568 262 196 569 264 198 570 256 192 571 257 191 572 265 199 573 264 198 574 257 191 575 266 200 576 264 198 577 265 199 578 267 201 579 266 200 580 265 199 581 264 198 582 266 200 583 268 202 584 268 202 585 260 194 586 256 192 587 264 198 588 268 202 589 256 192 590 266 200 591 269 203 592 268 202 593 269 203 594 270 204 595 268 202 596 270 204 597 271 205 598 268 202 599 271 205 600 263 197 601 260 194 602 268 202 603 271 205 604 260 194 605 274 206 606 273 36 607 272 207 608 275 208 609 274 206 610 272 207 611 272 207 612 273 36 613 276 209 614 273 36 615 277 36 616 276 209 617 274 206 618 278 210 619 273 36 620 278 210 621 279 36 622 273 36 623 273 36 624 279 36 625 277 36 626 279 36 627 280 36 628 277 36 629 278 210 630 281 211 631 279 36 632 281 211 633 282 212 634 279 36 635 279 36 636 282 212 637 280 36 638 282 212 639 283 213 640 280 36 641 280 36 642 283 213 643 284 214 644 283 213 645 285 215 646 284 214 647 280 36 648 284 214 649 286 216 650 277 36 651 280 36 652 286 216 653 277 36 654 286 216 655 287 217 656 276 209 657 277 36 658 287 217 659 288 218 660 274 206 661 275 208 662 289 219 663 288 218 664 275 208 665 290 220 666 288 218 667 289 219 668 291 221 669 290 220 670 289 219 671 291 221 672 289 219 673 292 222 674 289 219 675 293 223 676 292 222 677 292 222 678 293 223 679 294 224 680 293 223 681 295 225 682 294 224 683 288 218 684 290 220 685 296 226 686 290 220 687 297 227 688 296 226 689 297 227 690 298 228 691 296 226 692 298 228 693 299 229 694 296 226 695 300 230 696 299 229 697 298 228 698 301 231 699 300 230 700 298 228 701 301 231 702 302 232 703 300 230 704 302 232 705 303 233 706 300 230 707 302 232 708 304 234 709 303 233 710 304 234 711 305 235 712 303 233 713 305 235 714 304 234 715 306 236 716 307 237 717 305 235 718 306 236 719 307 237 720 306 236 721 308 238 722 309 239 723 307 237 724 308 238 725 309 239 726 308 238 727 310 240 728 311 241 729 309 239 730 310 240 731 295 225 732 311 241 733 310 240 734 294 224 735 295 225 736 310 240 737 295 225 738 276 209 739 311 241 740 272 207 741 276 209 742 295 225 743 293 223 744 272 207 745 295 225 746 275 208 747 272 207 748 293 223 749 289 219 750 275 208 751 293 223 752 276 209 753 287 217 754 311 241 755 311 241 756 287 217 757 309 239 758 287 217 759 286 216 760 309 239 761 309 239 762 286 216 763 307 237 764 286 216 765 284 214 766 307 237 767 307 237 768 284 214 769 305 235 770 284 214 771 285 215 772 305 235 773 305 235 774 285 215 775 283 213 776 303 233 777 305 235 778 283 213 779 303 233 780 283 213 781 282 212 782 300 230 783 303 233 784 282 212 785 300 230 786 282 212 787 299 229 788 282 212 789 281 211 790 299 229 791 299 229 792 281 211 793 278 210 794 296 226 795 299 229 796 278 210 797 296 226 798 278 210 799 274 206 800 288 218 801 296 226 802 274 206 803 314 242 804 313 243 805 312 244 806 315 245 807 314 242 808 312 244 809 312 244 810 313 243 811 316 246 812 317 244 813 312 244 814 316 246 815 317 244 816 316 246 817 318 247 818 316 246 819 319 248 820 318 247 821 316 246 822 320 249 823 319 248 824 320 249 825 321 250 826 319 248 827 320 249 828 322 251 829 321 250 830 323 252 831 322 251 832 320 249 833 324 249 834 323 252 835 320 249 836 324 249 837 320 249 838 316 246 839 313 243 840 324 249 841 316 246 842 325 253 843 323 252 844 324 249 845 326 254 846 325 253 847 324 249 848 326 254 849 324 249 850 313 243 851 314 242 852 326 254 853 313 243 854 322 251 855 327 255 856 321 250 857 330 256 858 329 257 859 328 258 860 331 259 861 330 256 862 328 258 863 331 259 864 332 259 865 330 256 866 332 259 867 333 260 868 330 256 869 332 259 870 334 261 871 333 260 872 334 261 873 335 262 874 333 260 875 330 256 876 336 263 877 329 257 878 336 263 879 337 264 880 329 257 881 336 263 882 338 265 883 337 264 884 338 265 885 339 266 886 337 264 887 336 263 888 340 263 889 338 265 890 330 256 891 333 260 892 340 263 893 336 263 894 330 256 895 340 263 896 340 263 897 341 267 898 338 265 899 340 263 900 342 268 901 341 267 902 333 260 903 335 262 904 342 268 905 340 263 906 333 260 907 342 268 908 342 268 909 343 269 910 341 267 911 346 270 912 345 271 913 344 272 914 347 273 915 346 270 916 344 272 917 346 270 918 348 274 919 345 271 920 348 274 921 349 275 922 345 271 923 348 274 924 350 276 925 349 275 926 350 276 927 351 277 928 349 275 929 349 275 930 351 277 931 352 278 932 351 277 933 353 279 934 352 278 935 349 275 936 352 278 937 354 280 938 345 271 939 349 275 940 354 280 941 345 271 942 354 280 943 355 281 944 344 272 945 345 271 946 355 281 947 358 282 948 357 283 949 356 284 950 359 285 951 358 282 952 356 284 953 356 284 954 357 283 955 360 286 956 357 283 957 361 287 958 360 286 959 360 286 960 361 287 961 362 288 962 361 287 963 363 289 964 362 288 965 358 282 966 364 290 967 357 283 968 364 290 969 365 291 970 357 283 971 357 283 972 365 291 973 361 287 974 365 291 975 366 292 976 361 287 977 361 287 978 366 292 979 363 289 980 366 292 981 367 293 982 363 289 983 370 294 984 369 295 985 368 296 986 371 297 987 370 294 988 368 296 989 370 294 990 372 298 991 369 295 992 372 298 993 373 299 994 369 295 995 372 298 996 374 300 997 373 299 998 374 300 999 375 301 1000 373 299 1001 376 302 1002 370 294 1003 371 297 1004 370 294 1005 376 302 1006 372 298 1007 377 303 1008 376 302 1009 371 297 1010 376 302 1011 378 304 1012 372 298 1013 372 298 1014 378 304 1015 374 300 1016 378 304 1017 379 305 1018 374 300 1019 382 306 1020 381 307 1021 380 308 1022 383 309 1023 382 306 1024 380 308 1025 383 309 1026 384 310 1027 382 306 1028 384 310 1029 385 311 1030 382 306 1031 384 310 1032 386 312 1033 385 311 1034 386 312 1035 387 313 1036 385 311 1037 385 311 1038 387 313 1039 388 314 1040 387 313 1041 389 315 1042 388 314 1043 385 311 1044 388 314 1045 390 316 1046 382 306 1047 385 311 1048 390 316 1049 382 306 1050 390 316 1051 381 307 1052 390 316 1053 391 317 1054 381 307 1055 394 318 1056 393 319 1057 392 320 1058 395 321 1059 394 318 1060 392 320 1061 394 318 1062 396 322 1063 393 319 1064 396 322 1065 397 323 1066 393 319 1067 396 322 1068 398 324 1069 397 323 1070 398 324 1071 399 325 1072 397 323 1073 397 323 1074 399 325 1075 400 326 1076 399 325 1077 401 327 1078 400 326 1079 400 326 1080 401 327 1081 402 328 1082 401 327 1083 403 329 1084 402 328 1085 400 326 1086 402 328 1087 404 330 1088 405 331 1089 400 326 1090 404 330 1091 397 323 1092 400 326 1093 405 331 1094 393 319 1095 397 323 1096 405 331 1097 405 331 1098 404 330 1099 406 332 1100 407 333 1101 405 331 1102 406 332 1103 393 319 1104 405 331 1105 407 333 1106 392 320 1107 393 319 1108 407 333 1109 410 334 1110 409 335 1111 408 336 1112 411 337 1113 410 334 1114 408 336 1115 408 336 1116 409 335 1117 412 338 1118 409 335 1119 413 339 1120 412 338 1121 412 338 1122 413 339 1123 414 340 1124 413 339 1125 415 341 1126 414 340 1127 410 334 1128 416 342 1129 409 335 1130 416 342 1131 417 343 1132 409 335 1133 409 335 1134 417 343 1135 413 339 1136 416 342 1137 418 344 1138 417 343 1139 418 344 1140 419 345 1141 417 343 1142 417 343 1143 419 345 1144 420 346 1145 417 343 1146 420 346 1147 413 339 1148 413 339 1149 420 346 1150 415 341 1151 419 345 1152 421 347 1153 420 346 1154 420 346 1155 421 347 1156 422 348 1157 420 346 1158 422 348 1159 415 341 1160 421 347 1161 423 349 1162 422 348 1163 426 350 1164 425 351 1165 424 352 1166 427 353 1167 426 350 1168 424 352 1169 426 350 1170 428 354 1171 425 351 1172 428 354 1173 429 355 1174 425 351 1175 428 354 1176 430 356 1177 429 355 1178 430 356 1179 431 357 1180 429 355 1181 427 353 1182 432 358 1183 426 350 1184 432 358 1185 433 359 1186 426 350 1187 426 350 1188 433 359 1189 428 354 1190 432 358 1191 434 360 1192 433 359 1193 434 360 1194 435 361 1195 433 359 1196 433 359 1197 435 361 1198 436 362 1199 433 359 1200 436 362 1201 428 354 1202 428 354 1203 436 362 1204 430 356 1205 435 361 1206 437 363 1207 436 362 1208 436 362 1209 437 363 1210 438 364 1211 436 362 1212 438 364 1213 430 356 1214 437 363 1215 439 365 1216 438 364 1217 442 366 1218 441 367 1219 440 368 1220 443 369 1221 442 366 1222 440 368 1223 442 366 1224 443 369 1225 444 370 1226 443 369 1227 445 371 1228 444 370 1229 445 371 1230 446 372 1231 444 370 1232 446 372 1233 447 373 1234 444 370 1235 442 366 1236 448 374 1237 441 367 1238 448 374 1239 449 375 1240 441 367 1241 448 374 1242 450 376 1243 449 375 1244 450 376 1245 451 377 1246 449 375 1247 448 374 1248 452 378 1249 450 376 1250 444 370 1251 447 373 1252 452 378 1253 442 366 1254 444 370 1255 452 378 1256 448 374 1257 442 366 1258 452 378 1259 452 378 1260 453 379 1261 450 376 1262 452 378 1263 454 380 1264 453 379 1265 447 373 1266 454 380 1267 452 378 1268 454 380 1269 455 381 1270 453 379 1271 458 382 1272 457 383 1273 456 384 1274 459 385 1275 458 382 1276 456 384 1277 458 382 1278 460 386 1279 457 383 1280 460 386 1281 461 387 1282 457 383 1283 460 386 1284 462 388 1285 461 387 1286 462 388 1287 463 389 1288 461 387 1289 459 385 1290 464 390 1291 458 382 1292 464 390 1293 465 391 1294 458 382 1295 458 382 1296 465 391 1297 460 386 1298 465 391 1299 466 392 1300 460 386 1301 460 386 1302 466 392 1303 462 388 1304 466 392 1305 467 393 1306 462 388 1307 470 394 1308 469 395 1309 468 396 1310 471 397 1311 470 394 1312 468 396 1313 468 396 1314 469 395 1315 472 398 1316 469 395 1317 473 399 1318 472 398 1319 472 398 1320 473 399 1321 474 400 1322 473 399 1323 475 401 1324 474 400 1325 472 398 1326 474 400 1327 476 402 1328 477 403 1329 472 398 1330 476 402 1331 468 396 1332 472 398 1333 477 403 1334 478 404 1335 468 396 1336 477 403 1337 471 397 1338 468 396 1339 478 404 1340 479 405 1341 471 397 1342 478 404 1343 482 406 1344 481 407 1345 480 408 1346 483 409 1347 482 406 1348 480 408 1349 481 407 1350 482 406 1351 484 410 1352 482 406 1353 485 411 1354 484 410 1355 485 411 1356 486 412 1357 484 410 1358 486 412 1359 487 413 1360 484 410 1361 480 408 1362 481 407 1363 488 414 1364 481 407 1365 489 415 1366 488 414 1367 481 407 1368 484 410 1369 489 415 1370 484 410 1371 487 413 1372 490 416 1373 484 410 1374 490 416 1375 489 415 1376 487 413 1377 491 417 1378 490 416 1379 494 418 1380 493 419 1381 492 420 1382 495 421 1383 494 418 1384 492 420 1385 495 421 1386 496 422 1387 494 418 1388 496 422 1389 497 423 1390 494 418 1391 496 422 1392 498 424 1393 497 423 1394 498 424 1395 499 425 1396 497 423 1397 495 421 1398 492 420 1399 500 426 1400 501 427 1401 495 421 1402 500 426 1403 495 421 1404 501 427 1405 496 422 1406 501 427 1407 502 428 1408 496 422 1409 496 422 1410 502 428 1411 498 424 1412 502 428 1413 503 429 1414 498 424 1415 506 430 1416 505 431 1417 504 432 1418 507 433 1419 506 430 1420 504 432 1421 506 430 1422 508 434 1423 505 431 1424 508 434 1425 509 435 1426 505 431 1427 508 434 1428 510 152 1429 509 435 1430 510 152 1431 511 436 1432 509 435 1433 507 433 1434 512 437 1435 506 430 1436 512 437 1437 513 438 1438 506 430 1439 506 430 1440 513 438 1441 508 434 1442 513 438 1443 514 439 1444 508 434 1445 508 434 1446 514 439 1447 510 152 1448 514 439 1449 515 440 1450 510 152 1451 518 441 1452 517 442 1453 516 249 1454 519 254 1455 518 441 1456 516 249 1457 516 249 1458 517 442 1459 520 249 1460 517 442 1461 521 443 1462 520 249 1463 520 249 1464 521 443 1465 522 250 1466 521 443 1467 523 444 1468 522 250 1469 520 249 1470 522 250 1471 524 445 1472 525 446 1473 520 249 1474 524 445 1475 516 249 1476 520 249 1477 525 446 1478 526 447 1479 516 249 1480 525 446 1481 519 254 1482 516 249 1483 526 447 1484 527 448 1485 519 254 1486 526 447 1487 530 449 1488 529 450 1489 528 451 1490 531 452 1491 530 449 1492 528 451 1493 529 450 1494 530 449 1495 532 453 1496 530 449 1497 533 454 1498 532 453 1499 533 454 1500 534 455 1501 532 453 1502 534 455 1503 535 456 1504 532 453 1505 528 451 1506 529 450 1507 536 457 1508 529 450 1509 537 458 1510 536 457 1511 529 450 1512 532 453 1513 537 458 1514 532 453 1515 535 456 1516 538 459 1517 532 453 1518 538 459 1519 537 458 1520 535 456 1521 539 460 1522 538 459 1523 542 461 1524 541 462 1525 540 264 1526 543 263 1527 542 461 1528 540 264 1529 543 263 1530 544 263 1531 542 461 1532 544 263 1533 545 463 1534 542 461 1535 544 263 1536 546 464 1537 545 463 1538 546 464 1539 547 465 1540 545 463 1541 543 263 1542 540 264 1543 548 466 1544 549 467 1545 543 263 1546 548 466 1547 543 263 1548 549 467 1549 544 263 1550 549 467 1551 550 468 1552 544 263 1553 544 263 1554 550 468 1555 546 464 1556 550 468 1557 551 469 1558 546 464 1559 554 470 1560 553 470 1561 552 470 1562 555 471 1563 554 471 1564 552 471 1565 552 472 1566 553 472 1567 556 472 1568 553 473 1569 557 473 1570 556 473 1571 556 474 1572 557 474 1573 558 474 1574 557 475 1575 559 475 1576 558 475 1577 558 476 1578 559 476 1579 560 476 1580 559 477 1581 561 477 1582 560 477 1583 560 478 1584 561 478 1585 562 478 1586 561 479 1587 563 479 1588 562 479 1589 562 480 1590 563 480 1591 564 480 1592 563 481 1593 565 481 1594 564 481 1595 564 482 1596 565 482 1597 566 482 1598 565 483 1599 567 483 1600 566 483 1601 566 484 1602 567 484 1603 568 484 1604 567 485 1605 569 485 1606 568 485 1607 568 486 1608 569 486 1609 570 486 1610 569 487 1611 571 487 1612 570 487 1613 570 488 1614 571 488 1615 572 488 1616 571 489 1617 573 489 1618 572 489 1619 572 490 1620 573 490 1621 574 490 1622 573 491 1623 575 491 1624 574 491 1625 574 492 1626 575 493 1627 576 494 1628 575 493 1629 577 495 1630 576 494 1631 576 494 1632 577 495 1633 578 496 1634 577 495 1635 579 497 1636 578 496 1637 582 498 1638 581 498 1639 580 498 1640 583 499 1641 582 499 1642 580 499 1643 580 500 1644 581 500 1645 584 500 1646 581 501 1647 585 501 1648 584 501 1649 584 502 1650 585 502 1651 586 502 1652 585 503 1653 587 503 1654 586 503 1655 586 504 1656 587 504 1657 588 504 1658 587 505 1659 589 505 1660 588 505 1661 588 506 1662 589 506 1663 590 506 1664 589 507 1665 591 507 1666 590 507 1667 590 508 1668 591 508 1669 592 508 1670 591 509 1671 593 509 1672 592 509 1673 592 510 1674 593 510 1675 594 510 1676 593 511 1677 595 511 1678 594 511 1679 594 512 1680 595 512 1681 596 512 1682 595 513 1683 597 513 1684 596 513 1685 596 514 1686 597 514 1687 598 514 1688 597 515 1689 599 515 1690 598 515 1691 598 516 1692 599 516 1693 600 516 1694 599 517 1695 601 517 1696 600 517 1697 600 518 1698 601 518 1699 602 518 1700 601 519 1701 603 519 1702 602 519 1703 604 520 1704 582 521 1705 583 522 1706 605 523 1707 604 520 1708 583 522 1709 606 524 1710 604 520 1711 605 523 1712 607 525 1713 606 524 1714 605 523 1715 610 526 1716 609 526 1717 608 526 1718 611 527 1719 610 527 1720 608 527 1721 614 528 1722 613 529 1723 612 530 1724 615 531 1725 614 528 1726 612 530 1727 616 532 1728 614 528 1729 615 531 1730 617 533 1731 616 532 1732 615 531 1733 618 534 1734 616 532 1735 617 533 1736 619 535 1737 618 534 1738 617 533 1739 620 536 1740 618 534 1741 619 535 1742 621 537 1743 620 536 1744 619 535 1745 622 538 1746 620 536 1747 621 537 1748 623 539 1749 622 538 1750 621 537 1751 624 540 1752 622 538 1753 623 539 1754 625 541 1755 624 540 1756 623 539 1757 626 542 1758 624 540 1759 625 541 1760 627 543 1761 626 542 1762 625 541 1763 628 544 1764 626 542 1765 627 543 1766 629 545 1767 628 544 1768 627 543 1769 630 546 1770 628 544 1771 629 545 1772 631 547 1773 630 546 1774 629 545 1775 632 548 1776 630 546 1777 631 547 1778 633 549 1779 632 548 1780 631 547 1781 634 550 1782 632 548 1783 633 549 1784 635 551 1785 634 550 1786 633 549 1787 636 552 1788 634 550 1789 635 551 1790 637 553 1791 636 552 1792 635 551 1793 638 554 1794 636 552 1795 637 553 1796 639 555 1797 638 554 1798 637 553 1799 642 556 1800 641 556 1801 640 556 1802 643 557 1803 642 557 1804 640 557 1805 646 558 1806 645 559 1807 644 560 1808 647 561 1809 646 558 1810 644 560 1811 648 562 1812 646 558 1813 647 561 1814 649 563 1815 648 562 1816 647 561 1817 652 564 1818 651 565 1819 650 566 1820 653 567 1821 652 564 1822 650 566 1823 654 568 1824 652 564 1825 653 567 1826 655 569 1827 654 568 1828 653 567 1829 656 570 1830 654 568 1831 655 569 1832 657 571 1833 656 570 1834 655 569 1835 658 572 1836 656 570 1837 657 571 1838 659 573 1839 658 572 1840 657 571 1841 660 574 1842 658 572 1843 659 573 1844 661 575 1845 660 574 1846 659 573 1847 662 576 1848 660 574 1849 661 575 1850 663 577 1851 662 576 1852 661 575 1853 664 578 1854 662 576 1855 663 577 1856 665 579 1857 664 578 1858 663 577 1859 666 580 1860 664 578 1861 665 579 1862 667 581 1863 666 580 1864 665 579 1865 668 582 1866 666 580 1867 667 581 1868 669 583 1869 668 582 1870 667 581 1871 670 584 1872 668 582 1873 669 583 1874 671 585 1875 670 584 1876 669 583 1877 672 586 1878 670 584 1879 671 585 1880 673 587 1881 672 586 1882 671 585 1883 676 588 1884 675 589 1885 674 590 1886 677 591 1887 676 588 1888 674 590 1889 678 592 1890 674 590 1891 675 589 1892 674 590 1893 678 592 1894 679 593 1895 674 590 1896 679 593 1897 677 591 1898 678 592 1899 680 594 1900 679 593 1901 681 595 1902 678 592 1903 675 589 1904 678 592 1905 681 595 1906 682 596 1907 678 592 1908 682 596 1909 680 594 1910 681 595 1911 683 597 1912 682 596 1913 684 598 1914 681 595 1915 675 589 1916 681 595 1917 684 598 1918 683 597 1919 685 599 1920 684 598 1921 675 589 1922 675 589 1923 676 588 1924 685 599 1925 686 600 1926 684 598 1927 685 599 1928 687 601 1929 686 600 1930 685 599 1931 686 600 1932 687 601 1933 688 602 1934 688 602 1935 687 601 1936 689 603 1937 687 601 1938 690 604 1939 689 603 1940 687 601 1941 685 599 1942 690 604 1943 691 605 1944 686 600 1945 688 602 1946 692 606 1947 691 605 1948 688 602 1949 693 607 1950 692 606 1951 688 602 1952 688 602 1953 689 603 1954 693 607 1955 694 608 1956 692 606 1957 693 607 1958 695 609 1959 694 608 1960 693 607 1961 696 610 1962 686 600 1963 691 605 1964 686 600 1965 696 610 1966 684 598 1967 697 611 1968 696 610 1969 691 605 1970 691 605 1971 692 606 1972 697 611 1973 694 608 1974 695 609 1975 698 612 1976 698 612 1977 695 609 1978 699 613 1979 695 609 1980 700 614 1981 699 613 1982 695 609 1983 693 607 1984 700 614 1985 701 615 1986 694 608 1987 698 612 1988 702 616 1989 701 615 1990 698 612 1991 703 617 1992 702 616 1993 698 612 1994 698 612 1995 699 613 1996 703 617 1997 704 618 1998 702 616 1999 703 617 2000 705 619 2001 704 618 2002 703 617 2003 706 620 2004 694 608 2005 701 615 2006 694 608 2007 706 620 2008 692 606 2009 707 621 2010 706 620 2011 701 615 2012 701 615 2013 702 616 2014 707 621 2015 704 618 2016 705 619 2017 708 622 2018 708 622 2019 705 619 2020 709 623 2021 705 619 2022 710 624 2023 709 623 2024 705 619 2025 703 617 2026 710 624 2027 709 623 2028 710 624 2029 711 625 2030 710 624 2031 712 626 2032 711 625 2033 713 627 2034 704 618 2035 708 622 2036 714 628 2037 713 627 2038 708 622 2039 715 629 2040 714 628 2041 708 622 2042 708 622 2043 709 623 2044 715 629 2045 716 630 2046 704 618 2047 713 627 2048 704 618 2049 716 630 2050 702 616 2051 717 631 2052 716 630 2053 713 627 2054 713 627 2055 714 628 2056 717 631 2057 718 632 2058 716 630 2059 717 631 2060 719 633 2061 718 632 2062 717 631 2063 720 634 2064 718 632 2065 719 633 2066 718 632 2067 720 634 2068 721 635 2069 718 632 2070 721 635 2071 716 630 2072 720 634 2073 722 636 2074 721 635 2075 723 637 2076 720 634 2077 719 633 2078 724 638 2079 723 637 2080 719 633 2081 725 639 2082 724 638 2083 719 633 2084 719 633 2085 717 631 2086 725 639 2087 720 634 2088 723 637 2089 726 640 2090 720 634 2091 726 640 2092 722 636 2093 723 637 2094 727 641 2095 726 640 2096 723 637 2097 724 638 2098 727 641 2099 717 631 2100 728 642 2101 725 639 2102 714 628 2103 728 642 2104 717 631 2105 721 635 2106 729 643 2107 716 630 2108 716 630 2109 729 643 2110 702 616 2111 702 616 2112 729 643 2113 707 621 2114 726 640 2115 730 644 2116 722 636 2117 724 638 2118 731 645 2119 727 641 2120 734 646 2121 733 647 2122 732 648 2123 711 625 2124 734 646 2125 732 648 2126 711 625 2127 712 626 2128 734 646 2129 712 626 2130 735 649 2131 734 646 2132 736 650 2133 735 649 2134 712 626 2135 737 651 2136 736 650 2137 712 626 2138 738 652 2139 734 646 2140 735 649 2141 734 646 2142 738 652 2143 733 647 2144 739 653 2145 738 652 2146 735 649 2147 735 649 2148 736 650 2149 739 653 2150 711 625 2151 732 648 2152 709 623 2153 732 648 2154 740 654 2155 709 623 2156 709 623 2157 740 654 2158 715 629 2159 712 626 2160 710 624 2161 737 651 2162 710 624 2163 741 655 2164 737 651 2165 703 617 2166 741 655 2167 710 624 2168 699 613 2169 741 655 2170 703 617 2171 736 650 2172 742 656 2173 739 653 2174 738 652 2175 743 657 2176 733 647 2177 679 593 2178 744 658 2179 677 591 2180 682 596 2181 745 659 2182 680 594 2183 689 603 2184 746 660 2185 693 607 2186 693 607 2187 746 660 2188 700 614 2189 692 606 2190 747 661 2191 697 611 2192 706 620 2193 747 661 2194 692 606 2195 676 588 2196 748 662 2197 685 599 2198 685 599 2199 748 662 2200 690 604 2201 684 598 2202 749 663 2203 683 597 2204 696 610 2205 749 663 2206 684 598 2207 752 664 2208 751 664 2209 750 664 2210 753 664 2211 752 664 2212 750 664 2213 756 51 2214 755 51 2215 754 51 2216 757 51 2217 756 51 2218 754 51 2219 760 665 2220 759 665 2221 758 665 2222 761 665 2223 760 665 2224 758 665 2225 764 36 2226 763 36 2227 762 36 2228 765 36 2229 764 36 2230 762 36 2231 768 249 2232 767 249 2233 766 249 2234 769 249 2235 768 249 2236 766 249 2237 772 263 2238 771 263 2239 770 263 2240 773 263 2241 772 263 2242 770 263 2243 776 664 2244 775 664 2245 774 664 2246 777 664 2247 776 664 2248 774 664 2249 780 51 2250 779 51 2251 778 51 2252 781 51 2253 780 51 2254 778 51 2255 784 665 2256 783 665 2257 782 665 2258 785 665 2259 784 665 2260 782 665 2261 788 36 2262 787 36 2263 786 36 2264 789 36 2265 788 36 2266 786 36 2267 792 249 2268 791 249 2269 790 249 2270 793 249 2271 792 249 2272 790 249 2273 796 263 2274 795 263 2275 794 263 2276 797 263 2277 796 263 2278 794 263 2279 800 666 2280 799 667 2281 798 668 2282 801 669 2283 800 666 2284 798 668 2285 800 666 2286 802 670 2287 799 667 2288 802 670 2289 803 671 2290 799 667 2291 801 669 2292 798 668 2293 804 672 2294 805 673 2295 801 669 2296 804 672 2297 804 672 2298 806 674 2299 805 673 2300 806 674 2301 807 675 2302 805 673 2303 806 674 2304 808 676 2305 807 675 2306 808 676 2307 809 677 2308 807 675 2309 808 676 2310 810 678 2311 809 677 2312 810 678 2313 811 679 2314 809 677 2315 810 678 2316 812 680 2317 811 679 2318 812 680 2319 813 681 2320 811 679 2321 816 682 2322 815 683 2323 814 684 2324 817 685 2325 816 682 2326 814 684 2327 816 682 2328 818 686 2329 815 683 2330 818 686 2331 819 687 2332 815 683 2333 817 685 2334 814 684 2335 820 688 2336 821 689 2337 817 685 2338 820 688 2339 820 688 2340 822 690 2341 821 689 2342 822 690 2343 823 691 2344 821 689 2345 822 690 2346 824 692 2347 823 691 2348 824 692 2349 825 693 2350 823 691 2351 824 692 2352 826 694 2353 825 693 2354 826 694 2355 827 695 2356 825 693 2357 826 694 2358 828 696 2359 827 695 2360 828 696 2361 829 697 2362 827 695 2363 832 698 2364 831 699 2365 830 700 2366 833 701 2367 832 698 2368 830 700 2369 832 698 2370 834 702 2371 831 699 2372 834 702 2373 835 703 2374 831 699 2375 833 701 2376 830 700 2377 836 704 2378 837 705 2379 833 701 2380 836 704 2381 836 704 2382 838 706 2383 837 705 2384 838 706 2385 839 707 2386 837 705 2387 838 706 2388 840 708 2389 839 707 2390 840 708 2391 841 709 2392 839 707 2393 840 708 2394 842 710 2395 841 709 2396 842 710 2397 843 711 2398 841 709 2399 842 710 2400 844 712 2401 843 711 2402 844 712 2403 845 713 2404 843 711 2405 848 714 2406 847 715 2407 846 716 2408 849 717 2409 848 714 2410 846 716 2411 848 714 2412 850 718 2413 847 715 2414 850 718 2415 851 719 2416 847 715 2417 849 717 2418 846 716 2419 852 720 2420 853 721 2421 849 717 2422 852 720 2423 852 720 2424 854 722 2425 853 721 2426 854 722 2427 855 723 2428 853 721 2429 854 722 2430 856 724 2431 855 723 2432 856 724 2433 857 725 2434 855 723 2435 856 724 2436 858 726 2437 857 725 2438 858 726 2439 859 727 2440 857 725 2441 858 726 2442 860 728 2443 859 727 2444 860 728 2445 861 729 2446 859 727 2447 864 730 2448 863 731 2449 862 732 2450 865 733 2451 864 730 2452 862 732 2453 865 733 2454 866 734 2455 864 730 2456 866 734 2457 867 735 2458 864 730 2459 866 734 2460 868 736 2461 867 735 2462 868 736 2463 869 737 2464 867 735 2465 868 736 2466 870 738 2467 869 737 2468 870 738 2469 871 739 2470 869 737 2471 863 731 2472 872 740 2473 862 732 2474 872 740 2475 873 741 2476 862 732 2477 872 740 2478 874 742 2479 873 741 2480 874 742 2481 875 743 2482 873 741 2483 874 742 2484 876 744 2485 875 743 2486 876 744 2487 877 745 2488 875 743 2489 880 746 2490 879 747 2491 878 748 2492 881 749 2493 880 746 2494 878 748 2495 881 749 2496 882 750 2497 880 746 2498 882 750 2499 883 751 2500 880 746 2501 882 750 2502 884 752 2503 883 751 2504 884 752 2505 885 753 2506 883 751 2507 884 752 2508 886 754 2509 885 753 2510 886 754 2511 887 755 2512 885 753 2513 879 747 2514 888 756 2515 878 748 2516 888 756 2517 889 757 2518 878 748 2519 888 756 2520 890 758 2521 889 757 2522 890 758 2523 891 759 2524 889 757 2525 890 758 2526 892 760 2527 891 759 2528 892 760 2529 893 761 2530 891 759 2531 896 762 2532 895 763 2533 894 764 2534 897 765 2535 896 762 2536 894 764 2537 897 765 2538 898 766 2539 896 762 2540 898 766 2541 899 767 2542 896 762 2543 898 766 2544 900 768 2545 899 767 2546 900 768 2547 901 769 2548 899 767 2549 900 768 2550 902 770 2551 901 769 2552 902 770 2553 903 771 2554 901 769 2555 895 763 2556 904 772 2557 894 764 2558 904 772 2559 905 773 2560 894 764 2561 904 772 2562 906 774 2563 905 773 2564 906 774 2565 907 775 2566 905 773 2567 906 774 2568 908 776 2569 907 775 2570 908 776 2571 909 777 2572 907 775 2573 912 778 2574 911 779 2575 910 780 2576 913 781 2577 912 778 2578 910 780 2579 913 781 2580 914 782 2581 912 778 2582 914 782 2583 915 783 2584 912 778 2585 914 782 2586 916 784 2587 915 783 2588 916 784 2589 917 785 2590 915 783 2591 916 784 2592 918 786 2593 917 785 2594 918 786 2595 919 787 2596 917 785 2597 911 779 2598 920 788 2599 910 780 2600 920 788 2601 921 789 2602 910 780 2603 920 788 2604 922 790 2605 921 789 2606 922 790 2607 923 791 2608 921 789 2609 922 790 2610 924 792 2611 923 791 2612 924 792 2613 925 793 2614 923 791 2615</p>
        </triangles>
      </mesh>
    </geometry>
  </library_geometries>
  <library_visual_scenes>
    <visual_scene id="Scene" name="Scene">
      <node id="Lantern" name="Lantern" type="NODE">
        <matrix sid="transform">-1 0 0 0 0 -1 0 0 0 0 1 0 0 0 0 1</matrix>
        <node id="LanternPole_Body" name="LanternPole_Body" type="NODE">
          <matrix sid="transform">1 0 0 -3.823154 0 1 0 0 0 0 1 13.01603 0 0 0 1</matrix>
          <instance_geometry url="#LanternPole_Body-mesh" name="LanternPole_Body">
            <bind_material>
              <technique_common>
                <instance_material symbol="LanternPost_Mat-material" target="#LanternPost_Mat-material">
                  <bind_vertex_input semantic="UVMap" input_semantic="TEXCOORD" input_set="0"/>
                </instance_material>
              </technique_common>
            </bind_material>
          </instance_geometry>
        </node>
        <node id="LanternPole_Chain" name="LanternPole_Chain" type="NODE">
          <matrix sid="transform">1 0 0 -9.582001 0 1 0 0 0 0 1 21.03787 0 0 0 1</matrix>
          <instance_geometry url="#LanternPole_Chain-mesh" name="LanternPole_Chain">
            <bind_material>
              <technique_common>
                <instance_material symbol="LanternPost_Mat-material" target="#LanternPost_Mat-material">
                  <bind_vertex_input semantic="UVMap" input_semantic="TEXCOORD" input_set="0"/>
                </instance_material>
              </technique_common>
            </bind_material>
          </instance_geometry>
        </node>
        <node id="LanternPole_Lantern" name="LanternPole_Lantern" type="NODE">
          <matrix sid="transform">1 0 0 -9.582007 0 1 0 0 0 0 1 18.00915 0 0 0 1</matrix>
          <instance_geometry url="#LanternPole_Lantern-mesh" name="LanternPole_Lantern">
            <bind_material>
              <technique_common>
                <instance_material symbol="LanternPost_Mat-material" target="#LanternPost_Mat-material">
                  <bind_vertex_input semantic="UVMap" input_semantic="TEXCOORD" input_set="0"/>
                </instance_material>
              </technique_common>
            </bind_material>
          </instance_geometry>
        </node>
      </node>
    </visual_scene>
  </library_visual_scenes>
  <scene>
    <instance_visual_scene url="#Scene"/>
  </scene>
</COLLADA>