version 1
nodes
0 "base" -1
1 "turret" 0
end
skeleton
time 0
0 0 0 0 0 0 0
1 0 0 1.5 0 0 0
end
triangles
assets/Turret.png
0 -1.0000000 -0.9000000 0.0000000 -1.0000000 -0.0000000 0.0000000 0.1250000 0.5000000 1 0 1
0 -1.0000000 -0.9000000 0.5000000 -1.0000000 -0.0000000 0.0000000 0.1250000 0.5000000 1 0 1
0 -1.0000000 0.9000000 0.5000000 -1.0000000 -0.0000000 0.0000000 0.1250000 0.5000000 1 0 1
assets/Turret.png
0 -1.0000000 -0.9000000 0.0000000 -1.0000000 -0.0000000 0.0000000 0.1250000 0.5000000 1 0 1
0 -1.0000000 0.9000000 0.5000000 -1.0000000 -0.0000000 0.0000000 0.1250000 0.5000000 1 0 1
0 -1.0000000 0.9000000 0.0000000 -1.0000000 -0.0000000 0.0000000 0.1250000 0.5000000 1 0 1
assets/Turret.png
0 1.0000000 0.9000000 0.0000000 1.0000000 -0.0000000 0.0000000 0.1250000 0.5000000 1 0 1
0 1.0000000 0.9000000 0.5000000 1.0000000 -0.0000000 0.0000000 0.1250000 0.5000000 1 0 1
0 1.0000000 -0.9000000 0.5000000 1.0000000 -0.0000000 0.0000000 0.1250000 0.5000000 1 0 1
assets/Turret.png
0 1.0000000 0.9000000 0.0000000 1.0000000 -0.0000000 0.0000000 0.1250000 0.5000000 1 0 1
0 1.0000000 -0.9000000 0.5000000 1.0000000 -0.0000000 0.0000000 0.1250000 0.5000000 1 0 1
0 1.0000000 -0.9000000 0.0000000 1.0000000 -0.0000000 0.0000000 0.1250000 0.5000000 1 0 1
assets/Turret.png
0 1.0000000 0.9000000 0.0000000 0.0000000 -0.0000000 -1.0000000 0.1250000 0.5000000 1 0 1
0 1.0000000 -0.9000000 0.0000000 0.0000000 -0.0000000 -1.0000000 0.1250000 0.5000000 1 0 1
0 -1.0000000 -0.9000000 0.0000000 0.0000000 -0.0000000 -1.0000000 0.1250000 0.5000000 1 0 1
assets/Turret.png
0 1.0000000 0.9000000 0.0000000 0.0000000 -0.0000000 -1.0000000 0.1250000 0.5000000 1 0 1
0 -1.0000000 -0.9000000 0.0000000 0.0000000 -0.0000000 -1.0000000 0.1250000 0.5000000 1 0 1
0 -1.0000000 0.9000000 0.0000000 0.0000000 -0.0000000 -1.0000000 0.1250000 0.5000000 1 0 1
assets/Turret.png
0 -1.0000000 0.9000000 0.5000000 0.0000000 -0.0000000 1.0000000 0.1250000 0.5000000 1 0 1
0 -1.0000000 -0.9000000 0.5000000 0.0000000 -0.0000000 1.0000000 0.1250000 0.5000000 1 0 1
0 1.0000000 -0.9000000 0.5000000 0.0000000 -0.0000000 1.0000000 0.1250000 0.5000000 1 0 1
assets/Turret.png
0 -1.0000000 0.9000000 0.5000000 0.0000000 -0.0000000 1.0000000 0.1250000 0.5000000 1 0 1
0 1.0000000 -0.9000000 0.5000000 0.0000000 -0.0000000 1.0000000 0.1250000 0.5000000 1 0 1
0 1.0000000 0.9000000 0.5000000 0.0000000 -0.0000000 1.0000000 0.1250000 0.5000000 1 0 1
assets/Turret.png
0 -1.0000000 0.9000000 0.5000000 0.0000000 1.0000000 0.0000000 0.1250000 0.5000000 1 0 1
0 1.0000000 0.9000000 0.5000000 0.0000000 1.0000000 0.0000000 0.1250000 0.5000000 1 0 1
0 1.0000000 0.9000000 0.0000000 0.0000000 1.0000000 0.0000000 0.1250000 0.5000000 1 0 1
assets/Turret.png
0 -1.0000000 0.9000000 0.5000000 0.0000000 1.0000000 0.0000000 0.1250000 0.5000000 1 0 1
0 1.0000000 0.9000000 0.0000000 0.0000000 1.0000000 0.0000000 0.1250000 0.5000000 1 0 1
0 -1.0000000 0.9000000 0.0000000 0.0000000 1.0000000 0.0000000 0.1250000 0.5000000 1 0 1
assets/Turret.png
0 -1.0000000 -0.9000000 0.0000000 0.0000000 -1.0000000 0.0000000 0.1250000 0.5000000 1 0 1
0 1.0000000 -0.9000000 0.0000000 0.0000000 -1.0000000 0.0000000 0.1250000 0.5000000 1 0 1
0 1.0000000 -0.9000000 0.5000000 0.0000000 -1.0000000 0.0000000 0.1250000 0.5000000 1 0 1
assets/Turret.png
0 -1.0000000 -0.9000000 0.0000000 0.0000000 -1.0000000 0.0000000 0.1250000 0.5000000 1 0 1
0 1.0000000 -0.9000000 0.5000000 0.0000000 -1.0000000 0.0000000 0.1250000 0.5000000 1 0 1
0 -1.0000000 -0.9000000 0.5000000 0.0000000 -1.0000000 0.0000000 0.1250000 0.5000000 1 0 1
assets/Turret.png
0 -0.6250000 -0.6000000 0.4750000 -1.0000000 -0.0000000 0.0000000 0.3750000 0.5000000 1 0 1
0 -0.6250000 -0.6000000 0.8250000 -1.0000000 -0.0000000 0.0000000 0.3750000 0.5000000 1 0 1
0 -0.6250000 0.6000000 0.8250000 -1.0000000 -0.0000000 0.0000000 0.3750000 0.5000000 1 0 1
assets/Turret.png
0 -0.6250000 -0.6000000 0.4750000 -1.0000000 -0.0000000 0.0000000 0.3750000 0.5000000 1 0 1
0 -0.6250000 0.6000000 0.8250000 -1.0000000 -0.0000000 0.0000000 0.3750000 0.5000000 1 0 1
0 -0.6250000 0.6000000 0.4750000 -1.0000000 -0.0000000 0.0000000 0.3750000 0.5000000 1 0 1
assets/Turret.png
0 0.6250000 0.6000000 0.4750000 1.0000000 -0.0000000 0.0000000 0.3750000 0.5000000 1 0 1
0 0.6250000 0.6000000 0.8250000 1.0000000 -0.0000000 0.0000000 0.3750000 0.5000000 1 0 1
0 0.6250000 -0.6000000 0.8250000 1.0000000 -0.0000000 0.0000000 0.3750000 0.5000000 1 0 1
assets/Turret.png
0 0.6250000 0.6000000 0.4750000 1.0000000 -0.0000000 0.0000000 0.3750000 0.5000000 1 0 1
0 0.6250000 -0.6000000 0.8250000 1.0000000 -0.0000000 0.0000000 0.3750000 0.5000000 1 0 1
0 0.6250000 -0.6000000 0.4750000 1.0000000 -0.0000000 0.0000000 0.3750000 0.5000000 1 0 1
assets/Turret.png
0 0.6250000 0.6000000 0.4750000 0.0000000 -0.0000000 -1.0000000 0.3750000 0.5000000 1 0 1
0 0.6250000 -0.6000000 0.4750000 0.0000000 -0.0000000 -1.0000000 0.3750000 0.5000000 1 0 1
0 -0.6250000 -0.6000000 0.4750000 0.0000000 -0.0000000 -1.0000000 0.3750000 0.5000000 1 0 1
assets/Turret.png
0 0.6250000 0.6000000 0.4750000 0.0000000 -0.0000000 -1.0000000 0.3750000 0.5000000 1 0 1
0 -0.6250000 -0.6000000 0.4750000 0.0000000 -0.0000000 -1.0000000 0.3750000 0.5000000 1 0 1
0 -0.6250000 0.6000000 0.4750000 0.0000000 -0.0000000 -1.0000000 0.3750000 0.5000000 1 0 1
assets/Turret.png
0 -0.6250000 0.6000000 0.8250000 0.0000000 -0.0000000 1.0000000 0.3750000 0.5000000 1 0 1
0 -0.6250000 -0.6000000 0.8250000 0.0000000 -0.0000000 1.0000000 0.3750000 0.5000000 1 0 1
0 0.6250000 -0.6000000 0.8250000 0.0000000 -0.0000000 1.0000000 0.3750000 0.5000000 1 0 1
assets/Turret.png
0 -0.6250000 0.6000000 0.8250000 0.0000000 -0.0000000 1.0000000 0.3750000 0.5000000 1 0 1
0 0.6250000 -0.6000000 0.8250000 0.0000000 -0.0000000 1.0000000 0.3750000 0.5000000 1 0 1
0 0.6250000 0.6000000 0.8250000 0.0000000 -0.0000000 1.0000000 0.3750000 0.5000000 1 0 1
assets/Turret.png
0 -0.6250000 0.6000000 0.8250000 0.0000000 1.0000000 0.0000000 0.3750000 0.5000000 1 0 1
0 0.6250000 0.6000000 0.8250000 0.0000000 1.0000000 0.0000000 0.3750000 0.5000000 1 0 1
0 0.6250000 0.6000000 0.4750000 0.0000000 1.0000000 0.0000000 0.3750000 0.5000000 1 0 1
assets/Turret.png
0 -0.6250000 0.6000000 0.8250000 0.0000000 1.0000000 0.0000000 0.3750000 0.5000000 1 0 1
0 0.6250000 0.6000000 0.4750000 0.0000000 1.0000000 0.0000000 0.3750000 0.5000000 1 0 1
0 -0.6250000 0.6000000 0.4750000 0.0000000 1.0000000 0.0000000 0.3750000 0.5000000 1 0 1
assets/Turret.png
0 -0.6250000 -0.6000000 0.4750000 0.0000000 -1.0000000 0.0000000 0.3750000 0.5000000 1 0 1
0 0.6250000 -0.6000000 0.4750000 0.0000000 -1.0000000 0.0000000 0.3750000 0.5000000 1 0 1
0 0.6250000 -0.6000000 0.8250000 0.0000000 -1.0000000 0.0000000 0.3750000 0.5000000 1 0 1
assets/Turret.png
0 -0.6250000 -0.6000000 0.4750000 0.0000000 -1.0000000 0.0000000 0.3750000 0.5000000 1 0 1
0 0.6250000 -0.6000000 0.8250000 0.0000000 -1.0000000 0.0000000 0.3750000 0.5000000 1 0 1
0 -0.6250000 -0.6000000 0.8250000 0.0000000 -1.0000000 0.0000000 0.3750000 0.5000000 1 0 1
assets/Turret.png
0 0.0000000 -0.0000000 1.7500000 0.0927485 -0.0192099 0.9955042 0.1250000 0.5000000 2 0 0.25 1 0.75
0 0.2498087 -0.0620695 1.7255283 0.0927485 -0.0192099 0.9955042 0.1250000 0.5000000 2 0 0.25 1 0.75
0 0.2626644 -0.0000000 1.7255283 0.0927485 -0.0192099 0.9955042 0.1250000 0.5000000 2 0 0.25 1 0.75
assets/Turret.png
0 0.0000000 -0.0000000 1.7500000 0.0836221 -0.0557176 0.9949386 0.1250000 0.5000000 2 0 0.25 1 0.75
0 0.2125000 -0.1180632 1.7255283 0.0836221 -0.0557176 0.9949386 0.1250000 0.5000000 2 0 0.25 1 0.75
0 0.2498087 -0.0620695 1.7255283 0.0836221 -0.0557176 0.9949386 0.1250000 0.5000000 2 0 0.25 1 0.75
assets/Turret.png
0 0.0000000 -0.0000000 1.7500000 0.0663019 -0.0867025 0.9940255 0.1250000 0.5000000 2 0 0.25 1 0.75
0 0.1543903 -0.1625000 1.7255283 0.0663019 -0.0867025 0.9940255 0.1250000 0.5000000 2 0 0.25 1 0.75
0 0.2125000 -0.1180632 1.7255283 0.0663019 -0.0867025 0.9940255 0.1250000 0.5000000 2 0 0.25 1 0.75
assets/Turret.png
0 0.0000000 -0.0000000 1.7500000 0.0425295 -0.1091515 0.9931149 0.1250000 0.5000000 2 0 0.25 1 0.75
0 0.0811678 -0.1910302 1.7255283 0.0425295 -0.1091515 0.9931149 0.1250000 0.5000000 2 0 0.25 1 0.75
0 0.1543903 -0.1625000 1.7255283 0.0425295 -0.1091515 0.9931149 0.1250000 0.5000000 2 0 0.25 1 0.75
assets/Turret.png
0 0.0000000 -0.0000000 1.7500000 0.0146464 -0.1209269 0.9925534 0.1250000 0.5000000 2 0 0.25 1 0.75
0 0.0000000 -0.2008610 1.7255283 0.0146464 -0.1209269 0.9925534 0.1250000 0.5000000 2 0 0.25 1 0.75
0 0.0811678 -0.1910302 1.7255283 0.0146464 -0.1209269 0.9925534 0.1250000 0.5000000 2 0 0.25 1 0.75
assets/Turret.png
0 0.0000000 -0.0000000 1.7500000 -0.0146464 -0.1209269 0.9925534 0.1250000 0.5000000 2 0 0.25 1 0.75
0 -0.0811678 -0.1910302 1.7255283 -0.0146464 -0.1209269 0.9925534 0.1250000 0.5000000 2 0 0.25 1 0.75
0 0.0000000 -0.2008610 1.7255283 -0.0146464 -0.1209269 0.9925534 0.1250000 0.5000000 2 0 0.25 1 0.75
assets/Turret.png
0 0.0000000 -0.0000000 1.7500000 -0.0425295 -0.1091515 0.9931149 0.1250000 0.5000000 2 0 0.25 1 0.75
0 -0.1543903 -0.1625000 1.7255283 -0.0425295 -0.1091515 0.9931149 0.1250000 0.5000000 2 0 0.25 1 0.75
0 -0.0811678 -0.1910302 1.7255283 -0.0425295 -0.1091515 0.9931149 0.1250000 0.5000000 2 0 0.25 1 0.75
assets/Turret.png
0 0.0000000 -0.0000000 1.7500000 -0.0663019 -0.0867025 0.9940255 0.1250000 0.5000000 2 0 0.25 1 0.75
0 -0.2125000 -0.1180632 1.7255283 -0.0663019 -0.0867025 0.9940255 0.1250000 0.5000000 2 0 0.25 1 0.75
0 -0.1543903 -0.1625000 1.7255283 -0.0663019 -0.0867025 0.9940255 0.1250000 0.5000000 2 0 0.25 1 0.75
assets/Turret.png
0 0.0000000 -0.0000000 1.7500000 -0.0836221 -0.0557176 0.9949386 0.1250000 0.5000000 2 0 0.25 1 0.75
0 -0.2498087 -0.0620695 1.7255283 -0.0836221 -0.0557176 0.9949386 0.1250000 0.5000000 2 0 0.25 1 0.75
0 -0.2125000 -0.1180632 1.7255283 -0.0836221 -0.0557176 0.9949386 0.1250000 0.5000000 2 0 0.25 1 0.75
assets/Turret.png
0 0.0000000 -0.0000000 1.7500000 -0.0927485 -0.0192099 0.9955042 0.1250000 0.5000000 2 0 0.25 1 0.75
0 -0.2626644 -0.0000000 1.7255283 -0.0927485 -0.0192099 0.9955042 0.1250000 0.5000000 2 0 0.25 1 0.75
0 -0.2498087 -0.0620695 1.7255283 -0.0927485 -0.0192099 0.9955042 0.1250000 0.5000000 2 0 0.25 1 0.75
assets/Turret.png
0 0.0000000 -0.0000000 1.7500000 -0.0927485 0.0192099 0.9955042 0.1250000 0.5000000 2 0 0.25 1 0.75
0 -0.2498087 0.0620695 1.7255283 -0.0927485 0.0192099 0.9955042 0.1250000 0.5000000 2 0 0.25 1 0.75
0 -0.2626644 -0.0000000 1.7255283 -0.0927485 0.0192099 0.9955042 0.1250000 0.5000000 2 0 0.25 1 0.75
assets/Turret.png
0 0.0000000 -0.0000000 1.7500000 -0.0836221 0.0557176 0.9949386 0.1250000 0.5000000 2 0 0.25 1 0.75
0 -0.2125000 0.1180632 1.7255283 -0.0836221 0.0557176 0.9949386 0.1250000 0.5000000 2 0 0.25 1 0.75
0 -0.2498087 0.0620695 1.7255283 -0.0836221 0.0557176 0.9949386 0.1250000 0.5000000 2 0 0.25 1 0.75
assets/Turret.png
0 0.0000000 -0.0000000 1.7500000 -0.0663019 0.0867025 0.9940255 0.1250000 0.5000000 2 0 0.25 1 0.75
0 -0.1543903 0.1625000 1.7255283 -0.0663019 0.0867025 0.9940255 0.1250000 0.5000000 2 0 0.25 1 0.75
0 -0.2125000 0.1180632 1.7255283 -0.0663019 0.0867025 0.9940255 0.1250000 0.5000000 2 0 0.25 1 0.75
assets/Turret.png
0 0.0000000 -0.0000000 1.7500000 -0.0425295 0.1091515 0.9931149 0.1250000 0.5000000 2 0 0.25 1 0.75
0 -0.0811678 0.1910302 1.7255283 -0.0425295 0.1091515 0.9931149 0.1250000 0.5000000 2 0 0.25 1 0.75
0 -0.1543903 0.1625000 1.7255283 -0.0425295 0.1091515 0.9931149 0.1250000 0.5000000 2 0 0.25 1 0.75
assets/Turret.png
0 0.0000000 -0.0000000 1.7500000 -0.0146464 0.1209269 0.9925534 0.1250000 0.5000000 2 0 0.25 1 0.75
0 -0.0000000 0.2008610 1.7255283 -0.0146464 0.1209269 0.9925534 0.1250000 0.5000000 2 0 0.25 1 0.75
0 -0.0811678 0.1910302 1.7255283 -0.0146464 0.1209269 0.9925534 0.1250000 0.5000000 2 0 0.25 1 0.75
assets/Turret.png
0 0.0000000 -0.0000000 1.7500000 0.0146464 0.1209269 0.9925534 0.1250000 0.5000000 2 0 0.25 1 0.75
0 0.0811678 0.1910302 1.7255283 0.0146464 0.1209269 0.9925534 0.1250000 0.5000000 2 0 0.25 1 0.75
0 -0.0000000 0.2008610 1.7255283 0.0146464 0.1209269 0.9925534 0.1250000 0.5000000 2 0 0.25 1 0.75
assets/Turret.png
0 0.0000000 -0.0000000 1.7500000 0.0425295 0.1091515 0.9931149 0.1250000 0.5000000 2 0 0.25 1 0.75
0 0.1543903 0.1625000 1.7255283 0.0425295 0.1091515 0.9931149 0.1250000 0.5000000 2 0 0.25 1 0.75
0 0.0811678 0.1910302 1.7255283 0.0425295 0.1091515 0.9931149 0.1250000 0.5000000 2 0 0.25 1 0.75
assets/Turret.png
0 0.0000000 -0.0000000 1.7500000 0.0663019 0.0867025 0.9940255 0.1250000 0.5000000 2 0 0.25 1 0.75
0 0.2125000 0.1180632 1.7255283 0.0663019 0.0867025 0.9940255 0.1250000 0.5000000 2 0 0.25 1 0.75
0 0.1543903 0.1625000 1.7255283 0.0663019 0.0867025 0.9940255 0.1250000 0.5000000 2 0 0.25 1 0.75
assets/Turret.png
0 0.0000000 -0.0000000 1.7500000 0.0836221 0.0557176 0.9949386 0.1250000 0.5000000 2 0 0.25 1 0.75
0 0.2498087 0.0620695 1.7255283 0.0836221 0.0557176 0.9949386 0.1250000 0.5000000 2 0 0.25 1 0.75
0 0.2125000 0.1180632 1.7255283 0.0836221 0.0557176 0.9949386 0.1250000 0.5000000 2 0 0.25 1 0.75
assets/Turret.png
0 0.0000000 -0.0000000 1.7500000 0.0927485 0.0192099 0.9955042 0.1250000 0.5000000 2 0 0.25 1 0.75
0 0.2626644 0.0000000 1.7255283 0.0927485 0.0192099 0.9955042 0.1250000 0.5000000 2 0 0.25 1 0.75
0 0.2498087 0.0620695 1.7255283 0.0927485 0.0192099 0.9955042 0.1250000 0.5000000 2 0 0.25 1 0.75
assets/Turret.png
0 0.2626644 -0.0000000 1.7255283 0.2865963 -0.0593593 0.9562108 0.1250000 0.5000000 2 0 0.25 1 0.75
0 0.2498087 -0.0620695 1.7255283 0.2865963 -0.0593593 0.9562108 0.1250000 0.5000000 2 0 0.25 1 0.75
0 0.4751644 -0.1180632 1.6545085 0.2865963 -0.0593593 0.9562108 0.1250000 0.5000000 2 0 0.25 1 0.75
assets/Turret.png
0 0.2626644 -0.0000000 1.7255283 0.2865963 -0.0593593 0.9562108 0.1250000 0.5000000 2 0 0.25 1 0.75
0 0.4751644 -0.1180632 1.6545085 0.2865963 -0.0593593 0.9562108 0.1250000 0.5000000 2 0 0.25 1 0.75
0 0.4996175 -0.0000000 1.6545085 0.2865963 -0.0593593 0.9562108 0.1250000 0.5000000 2 0 0.25 1 0.75
assets/Turret.png
0 0.2498087 -0.0620695 1.7255283 0.2571498 -0.1713396 0.9510608 0.1250000 0.5000000 2 0 0.25 1 0.75
0 0.2125000 -0.1180632 1.7255283 0.2571498 -0.1713396 0.9510608 0.1250000 0.5000000 2 0 0.25 1 0.75
0 0.4041990 -0.2245695 1.6545085 0.2571498 -0.1713396 0.9510608 0.1250000 0.5000000 2 0 0.25 1 0.75
assets/Turret.png
0 0.2498087 -0.0620695 1.7255283 0.2571498 -0.1713396 0.9510608 0.1250000 0.5000000 2 0 0.25 1 0.75
0 0.4041990 -0.2245695 1.6545085 0.2571498 -0.1713396 0.9510608 0.1250000 0.5000000 2 0 0.25 1 0.75
0 0.4751644 -0.1180632 1.6545085 0.2571498 -0.1713396 0.9510608 0.1250000 0.5000000 2 0 0.25 1 0.75
assets/Turret.png
0 0.2125000 -0.1180632 1.7255283 0.2023244 -0.2645781 0.9429015 0.1250000 0.5000000 2 0 0.25 1 0.75
0 0.1543903 -0.1625000 1.7255283 0.2023244 -0.2645781 0.9429015 0.1250000 0.5000000 2 0 0.25 1 0.75
0 0.2936678 -0.3090934 1.6545085 0.2023244 -0.2645781 0.9429015 0.1250000 0.5000000 2 0 0.25 1 0.75
assets/Turret.png
0 0.2125000 -0.1180632 1.7255283 0.2023244 -0.2645781 0.9429015 0.1250000 0.5000000 2 0 0.25 1 0.75
0 0.2936678 -0.3090934 1.6545085 0.2023244 -0.2645781 0.9429015 0.1250000 0.5000000 2 0 0.25 1 0.75
0 0.4041990 -0.2245695 1.6545085 0.2023244 -0.2645781 0.9429015 0.1250000 0.5000000 2 0 0.25 1 0.75
assets/Turret.png
0 0.1543903 -0.1625000 1.7255283 0.1288046 -0.3305759 0.9349486 0.1250000 0.5000000 2 0 0.25 1 0.75
0 0.0811678 -0.1910302 1.7255283 0.1288046 -0.3305759 0.9349486 0.1250000 0.5000000 2 0 0.25 1 0.75
0 0.1543903 -0.3633610 1.6545085 0.1288046 -0.3305759 0.9349486 0.1250000 0.5000000 2 0 0.25 1 0.75
assets/Turret.png
0 0.1543903 -0.1625000 1.7255283 0.1288046 -0.3305759 0.9349486 0.1250000 0.5000000 2 0 0.25 1 0.75
0 0.1543903 -0.3633610 1.6545085 0.1288046 -0.3305759 0.9349486 0.1250000 0.5000000 2 0 0.25 1 0.75
0 0.2936678 -0.3090934 1.6545085 0.1288046 -0.3305759 0.9349486 0.1250000 0.5000000 2 0 0.25 1 0.75
assets/Turret.png
0 0.0811678 -0.1910302 1.7255283 0.0441545 -0.3645588 0.9301329 0.1250000 0.5000000 2 0 0.25 1 0.75
0 0.0000000 -0.2008610 1.7255283 0.0441545 -0.3645588 0.9301329 0.1250000 0.5000000 2 0 0.25 1 0.75
0 0.0000000 -0.3820604 1.6545085 0.0441545 -0.3645588 0.9301329 0.1250000 0.5000000 2 0 0.25 1 0.75
assets/Turret.png
0 0.0811678 -0.1910302 1.7255283 0.0441545 -0.3645588 0.9301329 0.1250000 0.5000000 2 0 0.25 1 0.75
0 0.0000000 -0.3820604 1.6545085 0.0441545 -0.3645588 0.9301329 0.1250000 0.5000000 2 0 0.25 1 0.75
0 0.1543903 -0.3633610 1.6545085 0.0441545 -0.3645588 0.9301329 0.1250000 0.5000000 2 0 0.25 1 0.75
assets/Turret.png
0 0.0000000 -0.2008610 1.7255283 -0.0441545 -0.3645588 0.9301329 0.1250000 0.5000000 2 0 0.25 1 0.75
0 -0.0811678 -0.1910302 1.7255283 -0.0441545 -0.3645588 0.9301329 0.1250000 0.5000000 2 0 0.25 1 0.75
0 -0.1543903 -0.3633610 1.6545085 -0.0441545 -0.3645588 0.9301329 0.1250000 0.5000000 2 0 0.25 1 0.75
assets/Turret.png
0 0.0000000 -0.2008610 1.7255283 -0.0441545 -0.3645588 0.9301329 0.1250000 0.5000000 2 0 0.25 1 0.75
0 -0.1543903 -0.3633610 1.6545085 -0.0441545 -0.3645588 0.9301329 0.1250000 0.5000000 2 0 0.25 1 0.75
0 0.0000000 -0.3820604 1.6545085 -0.0441545 -0.3645588 0.9301329 0.1250000 0.5000000 2 0 0.25 1 0.75
assets/Turret.png
0 -0.0811678 -0.1910302 1.7255283 -0.1288046 -0.3305759 0.9349486 0.1250000 0.5000000 2 0 0.25 1 0.75
0 -0.1543903 -0.1625000 1.7255283 -0.1288046 -0.3305759 0.9349486 0.1250000 0.5000000 2 0 0.25 1 0.75
0 -0.2936678 -0.3090934 1.6545085 -0.1288046 -0.3305759 0.9349486 0.1250000 0.5000000 2 0 0.25 1 0.75
assets/Turret.png
0 -0.0811678 -0.1910302 1.7255283 -0.1288046 -0.3305759 0.9349486 0.1250000 0.5000000 2 0 0.25 1 0.75
0 -0.2936678 -0.3090934 1.6545085 -0.1288046 -0.3305759 0.9349486 0.1250000 0.5000000 2 0 0.25 1 0.75
0 -0.1543903 -0.3633610 1.6545085 -0.1288046 -0.3305759 0.9349486 0.1250000 0.5000000 2 0 0.25 1 0.75
assets/Turret.png
0 -0.1543903 -0.1625000 1.7255283 -0.2023244 -0.2645781 0.9429015 0.1250000 0.5000000 2 0 0.25 1 0.75
0 -0.2125000 -0.1180632 1.7255283 -0.2023244 -0.2645781 0.9429015 0.1250000 0.5000000 2 0 0.25 1 0.75
0 -0.4041990 -0.2245695 1.6545085 -0.2023244 -0.2645781 0.9429015 0.1250000 0.5000000 2 0 0.25 1 0.75
assets/Turret.png
0 -0.1543903 -0.1625000 1.7255283 -0.2023244 -0.2645781 0.9429015 0.1250000 0.5000000 2 0 0.25 1 0.75
0 -0.4041990 -0.2245695 1.6545085 -0.2023244 -0.2645781 0.9429015 0.1250000 0.5000000 2 0 0.25 1 0.75
0 -0.2936678 -0.3090934 1.6545085 -0.2023244 -0.2645781 0.9429015 0.1250000 0.5000000 2 0 0.25 1 0.75
assets/Turret.png
0 -0.2125000 -0.1180632 1.7255283 -0.2571498 -0.1713396 0.9510608 0.1250000 0.5000000 2 0 0.25 1 0.75
0 -0.2498087 -0.0620695 1.7255283 -0.2571498 -0.1713396 0.9510608 0.1250000 0.5000000 2 0 0.25 1 0.75
0 -0.4751644 -0.1180632 1.6545085 -0.2571498 -0.1713396 0.9510608 0.1250000 0.5000000 2 0 0.25 1 0.75
assets/Turret.png
0 -0.2125000 -0.1180632 1.7255283 -0.2571498 -0.1713396 0.9510608 0.1250000 0.5000000 2 0 0.25 1 0.75
0 -0.4751644 -0.1180632 1.6545085 -0.2571498 -0.1713396 0.9510608 0.1250000 0.5000000 2 0 0.25 1 0.75
0 -0.4041990 -0.2245695 1.6545085 -0.2571498 -0.1713396 0.9510608 0.1250000 0.5000000 2 0 0.25 1 0.75
assets/Turret.png
0 -0.2498087 -0.0620695 1.7255283 -0.2865963 -0.0593593 0.9562108 0.1250000 0.5000000 2 0 0.25 1 0.75
0 -0.2626644 -0.0000000 1.7255283 -0.2865963 -0.0593593 0.9562108 0.1250000 0.5000000 2 0 0.25 1 0.75
0 -0.4996175 -0.0000000 1.6545085 -0.2865963 -0.0593593 0.9562108 0.1250000 0.5000000 2 0 0.25 1 0.75
assets/Turret.png
0 -0.2498087 -0.0620695 1.7255283 -0.2865963 -0.0593593 0.9562108 0.1250000 0.5000000 2 0 0.25 1 0.75
0 -0.4996175 -0.0000000 1.6545085 -0.2865963 -0.0593593 0.9562108 0.1250000 0.5000000 2 0 0.25 1 0.75
0 -0.4751644 -0.1180632 1.6545085 -0.2865963 -0.0593593 0.9562108 0.1250000 0.5000000 2 0 0.25 1 0.75
assets/Turret.png
0 -0.2626644 -0.0000000 1.7255283 -0.2865963 0.0593593 0.9562108 0.1250000 0.5000000 2 0 0.25 1 0.75
0 -0.2498087 0.0620695 1.7255283 -0.2865963 0.0593593 0.9562108 0.1250000 0.5000000 2 0 0.25 1 0.75
0 -0.4751644 0.1180632 1.6545085 -0.2865963 0.0593593 0.9562108 0.1250000 0.5000000 2 0 0.25 1 0.75
assets/Turret.png
0 -0.2626644 -0.0000000 1.7255283 -0.2865963 0.0593593 0.9562108 0.1250000 0.5000000 2 0 0.25 1 0.75
0 -0.4751644 0.1180632 1.6545085 -0.2865963 0.0593593 0.9562108 0.1250000 0.5000000 2 0 0.25 1 0.75
0 -0.4996175 -0.0000000 1.6545085 -0.2865963 0.0593593 0.9562108 0.1250000 0.5000000 2 0 0.25 1 0.75
assets/Turret.png
0 -0.2498087 0.0620695 1.7255283 -0.2571498 0.1713396 0.9510608 0.1250000 0.5000000 2 0 0.25 1 0.75
0 -0.2125000 0.1180632 1.7255283 -0.2571498 0.1713396 0.9510608 0.1250000 0.5000000 2 0 0.25 1 0.75
0 -0.4041990 0.2245695 1.6545085 -0.2571498 0.1713396 0.9510608 0.1250000 0.5000000 2 0 0.25 1 0.75
assets/Turret.png
0 -0.2498087 0.0620695 1.7255283 -0.2571498 0.1713396 0.9510608 0.1250000 0.5000000 2 0 0.25 1 0.75
0 -0.4041990 0.2245695 1.6545085 -0.2571498 0.1713396 0.9510608 0.1250000 0.5000000 2 0 0.25 1 0.75
0 -0.4751644 0.1180632 1.6545085 -0.2571498 0.1713396 0.9510608 0.1250000 0.5000000 2 0 0.25 1 0.75
assets/Turret.png
0 -0.2125000 0.1180632 1.7255283 -0.2023244 0.2645781 0.9429015 0.1250000 0.5000000 2 0 0.25 1 0.75
0 -0.1543903 0.1625000 1.7255283 -0.2023244 0.2645781 0.9429015 0.1250000 0.5000000 2 0 0.25 1 0.75
0 -0.2936678 0.3090934 1.6545085 -0.2023244 0.2645781 0.9429015 0.1250000 0.5000000 2 0 0.25 1 0.75
assets/Turret.png
0 -0.2125000 0.1180632 1.7255283 -0.2023244 0.2645781 0.9429015 0.1250000 0.5000000 2 0 0.25 1 0.75
0 -0.2936678 0.3090934 1.6545085 -0.2023244 0.2645781 0.9429015 0.1250000 0.5000000 2 0 0.25 1 0.75
0 -0.4041990 0.2245695 1.6545085 -0.2023244 0.2645781 0.9429015 0.1250000 0.5000000 2 0 0.25 1 0.75
assets/Turret.png
0 -0.1543903 0.1625000 1.7255283 -0.1288046 0.3305759 0.9349486 0.1250000 0.5000000 2 0 0.25 1 0.75
0 -0.0811678 0.1910302 1.7255283 -0.1288046 0.3305759 0.9349486 0.1250000 0.5000000 2 0 0.25 1 0.75
0 -0.1543903 0.3633610 1.6545085 -0.1288046 0.3305759 0.9349486 0.1250000 0.5000000 2 0 0.25 1 0.75
assets/Turret.png
0 -0.1543903 0.1625000 1.7255283 -0.1288046 0.3305759 0.9349486 0.1250000 0.5000000 2 0 0.25 1 0.75
0 -0.1543903 0.3633610 1.6545085 -0.1288046 0.3305759 0.9349486 0.1250000 0.5000000 2 0 0.25 1 0.75
0 -0.2936678 0.3090934 1.6545085 -0.1288046 0.3305759 0.9349486 0.1250000 0.5000000 2 0 0.25 1 0.75
assets/Turret.png
0 -0.0811678 0.1910302 1.7255283 -0.0441545 0.3645588 0.9301329 0.1250000 0.5000000 2 0 0.25 1 0.75
0 -0.0000000 0.2008610 1.7255283 -0.0441545 0.3645588 0.9301329 0.1250000 0.5000000 2 0 0.25 1 0.75
0 -0.0000000 0.3820604 1.6545085 -0.0441545 0.3645588 0.9301329 0.1250000 0.5000000 2 0 0.25 1 0.75
assets/Turret.png
0 -0.0811678 0.1910302 1.7255283 -0.0441545 0.3645588 0.9301329 0.1250000 0.5000000 2 0 0.25 1 0.75
0 -0.0000000 0.3820604 1.6545085 -0.0441545 0.3645588 0.9301329 0.1250000 0.5000000 2 0 0.25 1 0.75
0 -0.1543903 0.3633610 1.6545085 -0.0441545 0.3645588 0.9301329 0.1250000 0.5000000 2 0 0.25 1 0.75
assets/Turret.png
0 -0.0000000 0.2008610 1.7255283 0.0441545 0.3645588 0.9301329 0.1250000 0.5000000 2 0 0.25 1 0.75
0 0.0811678 0.1910302 1.7255283 0.0441545 0.3645588 0.9301329 0.1250000 0.5000000 2 0 0.25 1 0.75
0 0.1543903 0.3633610 1.6545085 0.0441545 0.3645588 0.9301329 0.1250000 0.5000000 2 0 0.25 1 0.75
assets/Turret.png
0 -0.0000000 0.2008610 1.7255283 0.0441545 0.3645588 0.9301329 0.1250000 0.5000000 2 0 0.25 1 0.75
0 0.1543903 0.3633610 1.6545085 0.0441545 0.3645588 0.9301329 0.1250000 0.5000000 2 0 0.25 1 0.75
0 -0.0000000 0.3820604 1.6545085 0.0441545 0.3645588 0.9301329 0.1250000 0.5000000 2 0 0.25 1 0.75
assets/Turret.png
0 0.0811678 0.1910302 1.7255283 0.1288046 0.3305759 0.9349486 0.1250000 0.5000000 2 0 0.25 1 0.75
0 0.1543903 0.1625000 1.7255283 0.1288046 0.3305759 0.9349486 0.1250000 0.5000000 2 0 0.25 1 0.75
0 0.2936678 0.3090934 1.6545085 0.1288046 0.3305759 0.9349486 0.1250000 0.5000000 2 0 0.25 1 0.75
assets/Turret.png
0 0.0811678 0.1910302 1.7255283 0.1288046 0.3305759 0.9349486 0.1250000 0.5000000 2 0 0.25 1 0.75
0 0.2936678 0.3090934 1.6545085 0.1288046 0.3305759 0.9349486 0.1250000 0.5000000 2 0 0.25 1 0.75
0 0.1543903 0.3633610 1.6545085 0.1288046 0.3305759 0.9349486 0.1250000 0.5000000 2 0 0.25 1 0.75
assets/Turret.png
0 0.1543903 0.1625000 1.7255283 0.2023244 0.2645781 0.9429015 0.1250000 0.5000000 2 0 0.25 1 0.75
0 0.2125000 0.1180632 1.7255283 0.2023244 0.2645781 0.9429015 0.1250000 0.5000000 2 0 0.25 1 0.75
0 0.4041990 0.2245695 1.6545085 0.2023244 0.2645781 0.9429015 0.1250000 0.5000000 2 0 0.25 1 0.75
assets/Turret.png
0 0.1543903 0.1625000 1.7255283 0.2023244 0.2645781 0.9429015 0.1250000 0.5000000 2 0 0.25 1 0.75
0 0.4041990 0.2245695 1.6545085 0.2023244 0.2645781 0.9429015 0.1250000 0.5000000 2 0 0.25 1 0.75
0 0.2936678 0.3090934 1.6545085 0.2023244 0.2645781 0.9429015 0.1250000 0.5000000 2 0 0.25 1 0.75
assets/Turret.png
0 0.2125000 0.1180632 1.7255283 0.2571498 0.1713396 0.9510608 0.1250000 0.5000000 2 0 0.25 1 0.75
0 0.2498087 0.0620695 1.7255283 0.2571498 0.1713396 0.9510608 0.1250000 0.5000000 2 0 0.25 1 0.75
0 0.4751644 0.1180632 1.6545085 0.2571498 0.1713396 0.9510608 0.1250000 0.5000000 2 0 0.25 1 0.75
assets/Turret.png
0 0.2125000 0.1180632 1.7255283 0.2571498 0.1713396 0.9510608 0.1250000 0.5000000 2 0 0.25 1 0.75
0 0.4751644 0.1180632 1.6545085 0.2571498 0.1713396 0.9510608 0.1250000 0.5000000 2 0 0.25 1 0.75
0 0.4041990 0.2245695 1.6545085 0.2571498 0.1713396 0.9510608 0.1250000 0.5000000 2 0 0.25 1 0.75
assets/Turret.png
0 0.2498087 0.0620695 1.7255283 0.2865963 0.0593593 0.9562108 0.1250000 0.5000000 2 0 0.25 1 0.75
0 0.2626644 0.0000000 1.7255283 0.2865963 0.0593593 0.9562108 0.1250000 0.5000000 2 0 0.25 1 0.75
0 0.4996175 0.0000000 1.6545085 0.2865963 0.0593593 0.9562108 0.1250000 0.5000000 2 0 0.25 1 0.75
assets/Turret.png
0 0.2498087 0.0620695 1.7255283 0.2865963 0.0593593 0.9562108 0.1250000 0.5000000 2 0 0.25 1 0.75
0 0.4996175 0.0000000 1.6545085 0.2865963 0.0593593 0.9562108 0.1250000 0.5000000 2 0 0.25 1 0.75
0 0.4751644 0.1180632 1.6545085 0.2865963 0.0593593 0.9562108 0.1250000 0.5000000 2 0 0.25 1 0.75
assets/Turret.png
0 0.4996175 -0.0000000 1.6545085 0.5042474 -0.1044388 0.8572206 0.1250000 0.5000000 2 0 0.25 1 0.75
0 0.4751644 -0.1180632 1.6545085 0.5042474 -0.1044388 0.8572206 0.1250000 0.5000000 2 0 0.25 1 0.75
0 0.6540078 -0.1625000 1.5438926 0.5042474 -0.1044388 0.8572206 0.1250000 0.5000000 2 0 0.25 1 0.75
assets/Turret.png
0 0.4996175 -0.0000000 1.6545085 0.5042474 -0.1044388 0.8572206 0.1250000 0.5000000 2 0 0.25 1 0.75
0 0.6540078 -0.1625000 1.5438926 0.5042474 -0.1044388 0.8572206 0.1250000 0.5000000 2 0 0.25 1 0.75
0 0.6876644 -0.0000000 1.5438926 0.5042474 -0.1044388 0.8572206 0.1250000 0.5000000 2 0 0.25 1 0.75
assets/Turret.png
0 0.4751644 -0.1180632 1.6545085 0.4474300 -0.2981237 0.8431659 0.1250000 0.5000000 2 0 0.25 1 0.75
0 0.4041990 -0.2245695 1.6545085 0.4474300 -0.2981237 0.8431659 0.1250000 0.5000000 2 0 0.25 1 0.75
0 0.5563322 -0.3090934 1.5438926 0.4474300 -0.2981237 0.8431659 0.1250000 0.5000000 2 0 0.25 1 0.75
assets/Turret.png
0 0.4751644 -0.1180632 1.6545085 0.4474300 -0.2981237 0.8431659 0.1250000 0.5000000 2 0 0.25 1 0.75
0 0.5563322 -0.3090934 1.5438926 0.4474300 -0.2981237 0.8431659 0.1250000 0.5000000 2 0 0.25 1 0.75
0 0.6540078 -0.1625000 1.5438926 0.4474300 -0.2981237 0.8431659 0.1250000 0.5000000 2 0 0.25 1 0.75
assets/Turret.png
0 0.4041990 -0.2245695 1.6545085 0.3460930 -0.4525832 0.8218200 0.1250000 0.5000000 2 0 0.25 1 0.75
0 0.2936678 -0.3090934 1.6545085 0.3460930 -0.4525832 0.8218200 0.1250000 0.5000000 2 0 0.25 1 0.75
0 0.4041990 -0.4254305 1.5438926 0.3460930 -0.4525832 0.8218200 0.1250000 0.5000000 2 0 0.25 1 0.75
assets/Turret.png
0 0.4041990 -0.2245695 1.6545085 0.3460930 -0.4525832 0.8218200 0.1250000 0.5000000 2 0 0.25 1 0.75
0 0.4041990 -0.4254305 1.5438926 0.3460930 -0.4525832 0.8218200 0.1250000 0.5000000 2 0 0.25 1 0.75
0 0.5563322 -0.3090934 1.5438926 0.3460930 -0.4525832 0.8218200 0.1250000 0.5000000 2 0 0.25 1 0.75
assets/Turret.png
0 0.2936678 -0.3090934 1.6545085 0.2168511 -0.5565464 0.8020173 0.1250000 0.5000000 2 0 0.25 1 0.75
0 0.1543903 -0.3633610 1.6545085 0.2168511 -0.5565464 0.8020173 0.1250000 0.5000000 2 0 0.25 1 0.75
0 0.2125000 -0.5001236 1.5438926 0.2168511 -0.5565464 0.8020173 0.1250000 0.5000000 2 0 0.25 1 0.75
assets/Turret.png
0 0.2936678 -0.3090934 1.6545085 0.2168511 -0.5565464 0.8020173 0.1250000 0.5000000 2 0 0.25 1 0.75
0 0.2125000 -0.5001236 1.5438926 0.2168511 -0.5565464 0.8020173 0.1250000 0.5000000 2 0 0.25 1 0.75
0 0.4041990 -0.4254305 1.5438926 0.2168511 -0.5565464 0.8020173 0.1250000 0.5000000 2 0 0.25 1 0.75
assets/Turret.png
0 0.1543903 -0.3633610 1.6545085 0.0736461 -0.6080551 0.7904716 0.1250000 0.5000000 2 0 0.25 1 0.75
0 0.0000000 -0.3820604 1.6545085 0.0736461 -0.6080551 0.7904716 0.1250000 0.5000000 2 0 0.25 1 0.75
0 0.0000000 -0.5258610 1.5438926 0.0736461 -0.6080551 0.7904716 0.1250000 0.5000000 2 0 0.25 1 0.75
assets/Turret.png
0 0.1543903 -0.3633610 1.6545085 0.0736461 -0.6080551 0.7904716 0.1250000 0.5000000 2 0 0.25 1 0.75
0 0.0000000 -0.5258610 1.5438926 0.0736461 -0.6080551 0.7904716 0.1250000 0.5000000 2 0 0.25 1 0.75
0 0.2125000 -0.5001236 1.5438926 0.0736461 -0.6080551 0.7904716 0.1250000 0.5000000 2 0 0.25 1 0.75
assets/Turret.png
0 0.0000000 -0.3820604 1.6545085 -0.0736461 -0.6080551 0.7904716 0.1250000 0.5000000 2 0 0.25 1 0.75
0 -0.1543903 -0.3633610 1.6545085 -0.0736461 -0.6080551 0.7904716 0.1250000 0.5000000 2 0 0.25 1 0.75
0 -0.2125000 -0.5001236 1.5438926 -0.0736461 -0.6080551 0.7904716 0.1250000 0.5000000 2 0 0.25 1 0.75
assets/Turret.png
0 0.0000000 -0.3820604 1.6545085 -0.0736461 -0.6080551 0.7904716 0.1250000 0.5000000 2 0 0.25 1 0.75
0 -0.2125000 -0.5001236 1.5438926 -0.0736461 -0.6080551 0.7904716 0.1250000 0.5000000 2 0 0.25 1 0.75
0 0.0000000 -0.5258610 1.5438926 -0.0736461 -0.6080551 0.7904716 0.1250000 0.5000000 2 0 0.25 1 0.75
assets/Turret.png
0 -0.1543903 -0.3633610 1.6545085 -0.2168511 -0.5565464 0.8020173 0.1250000 0.5000000 2 0 0.25 1 0.75
0 -0.2936678 -0.3090934 1.6545085 -0.2168511 -0.5565464 0.8020173 0.1250000 0.5000000 2 0 0.25 1 0.75
0 -0.4041990 -0.4254305 1.5438926 -0.2168511 -0.5565464 0.8020173 0.1250000 0.5000000 2 0 0.25 1 0.75
assets/Turret.png
0 -0.1543903 -0.3633610 1.6545085 -0.2168511 -0.5565464 0.8020173 0.1250000 0.5000000 2 0 0.25 1 0.75
0 -0.4041990 -0.4254305 1.5438926 -0.2168511 -0.5565464 0.8020173 0.1250000 0.5000000 2 0 0.25 1 0.75
0 -0.2125000 -0.5001236 1.5438926 -0.2168511 -0.5565464 0.8020173 0.1250000 0.5000000 2 0 0.25 1 0.75
assets/Turret.png
0 -0.2936678 -0.3090934 1.6545085 -0.3460930 -0.4525832 0.8218200 0.1250000 0.5000000 2 0 0.25 1 0.75
0 -0.4041990 -0.2245695 1.6545085 -0.3460930 -0.4525832 0.8218200 0.1250000 0.5000000 2 0 0.25 1 0.75
0 -0.5563322 -0.3090934 1.5438926 -0.3460930 -0.4525832 0.8218200 0.1250000 0.5000000 2 0 0.25 1 0.75
assets/Turret.png
0 -0.2936678 -0.3090934 1.6545085 -0.3460930 -0.4525832 0.8218200 0.1250000 0.5000000 2 0 0.25 1 0.75
0 -0.5563322 -0.3090934 1.5438926 -0.3460930 -0.4525832 0.8218200 0.1250000 0.5000000 2 0 0.25 1 0.75
0 -0.4041990 -0.4254305 1.5438926 -0.3460930 -0.4525832 0.8218200 0.1250000 0.5000000 2 0 0.25 1 0.75
assets/Turret.png
0 -0.4041990 -0.2245695 1.6545085 -0.4474300 -0.2981237 0.8431659 0.1250000 0.5000000 2 0 0.25 1 0.75
0 -0.4751644 -0.1180632 1.6545085 -0.4474300 -0.2981237 0.8431659 0.1250000 0.5000000 2 0 0.25 1 0.75
0 -0.6540078 -0.1625000 1.5438926 -0.4474300 -0.2981237 0.8431659 0.1250000 0.5000000 2 0 0.25 1 0.75
assets/Turret.png
0 -0.4041990 -0.2245695 1.6545085 -0.4474300 -0.2981237 0.8431659 0.1250000 0.5000000 2 0 0.25 1 0.75
0 -0.6540078 -0.1625000 1.5438926 -0.4474300 -0.2981237 0.8431659 0.1250000 0.5000000 2 0 0.25 1 0.75
0 -0.5563322 -0.3090934 1.5438926 -0.4474300 -0.2981237 0.8431659 0.1250000 0.5000000 2 0 0.25 1 0.75
assets/Turret.png
0 -0.4751644 -0.1180632 1.6545085 -0.5042474 -0.1044388 0.8572206 0.1250000 0.5000000 2 0 0.25 1 0.75
0 -0.4996175 -0.0000000 1.6545085 -0.5042474 -0.1044388 0.8572206 0.1250000 0.5000000 2 0 0.25 1 0.75
0 -0.6876644 -0.0000000 1.5438926 -0.5042474 -0.1044388 0.8572206 0.1250000 0.5000000 2 0 0.25 1 0.75
assets/Turret.png
0 -0.4751644 -0.1180632 1.6545085 -0.5042474 -0.1044388 0.8572206 0.1250000 0.5000000 2 0 0.25 1 0.75
0 -0.6876644 -0.0000000 1.5438926 -0.5042474 -0.1044388 0.8572206 0.1250000 0.5000000 2 0 0.25 1 0.75
0 -0.6540078 -0.1625000 1.5438926 -0.5042474 -0.1044388 0.8572206 0.1250000 0.5000000 2 0 0.25 1 0.75
assets/Turret.png
0 -0.4996175 -0.0000000 1.6545085 -0.5042474 0.1044388 0.8572206 0.1250000 0.5000000 2 0 0.25 1 0.75
0 -0.4751644 0.1180632 1.6545085 -0.5042474 0.1044388 0.8572206 0.1250000 0.5000000 2 0 0.25 1 0.75
0 -0.6540078 0.1625000 1.5438926 -0.5042474 0.1044388 0.8572206 0.1250000 0.5000000 2 0 0.25 1 0.75
assets/Turret.png
0 -0.4996175 -0.0000000 1.6545085 -0.5042474 0.1044388 0.8572206 0.1250000 0.5000000 2 0 0.25 1 0.75
0 -0.6540078 0.1625000 1.5438926 -0.5042474 0.1044388 0.8572206 0.1250000 0.5000000 2 0 0.25 1 0.75
0 -0.6876644 -0.0000000 1.5438926 -0.5042474 0.1044388 0.8572206 0.1250000 0.5000000 2 0 0.25 1 0.75
assets/Turret.png
0 -0.4751644 0.1180632 1.6545085 -0.4474300 0.2981237 0.8431659 0.1250000 0.5000000 2 0 0.25 1 0.75
0 -0.4041990 0.2245695 1.6545085 -0.4474300 0.2981237 0.8431659 0.1250000 0.5000000 2 0 0.25 1 0.75
0 -0.5563322 0.3090934 1.5438926 -0.4474300 0.2981237 0.8431659 0.1250000 0.5000000 2 0 0.25 1 0.75
assets/Turret.png
0 -0.4751644 0.1180632 1.6545085 -0.4474300 0.2981237 0.8431659 0.1250000 0.5000000 2 0 0.25 1 0.75
0 -0.5563322 0.3090934 1.5438926 -0.4474300 0.2981237 0.8431659 0.1250000 0.5000000 2 0 0.25 1 0.75
0 -0.6540078 0.1625000 1.5438926 -0.4474300 0.2981237 0.8431659 0.1250000 0.5000000 2 0 0.25 1 0.75
assets/Turret.png
0 -0.4041990 0.2245695 1.6545085 -0.3460930 0.4525832 0.8218200 0.1250000 0.5000000 2 0 0.25 1 0.75
0 -0.2936678 0.3090934 1.6545085 -0.3460930 0.4525832 0.8218200 0.1250000 0.5000000 2 0 0.25 1 0.75
0 -0.4041990 0.4254305 1.5438926 -0.3460930 0.4525832 0.8218200 0.1250000 0.5000000 2 0 0.25 1 0.75
assets/Turret.png
0 -0.4041990 0.2245695 1.6545085 -0.3460930 0.4525832 0.8218200 0.1250000 0.5000000 2 0 0.25 1 0.75
0 -0.4041990 0.4254305 1.5438926 -0.3460930 0.4525832 0.8218200 0.1250000 0.5000000 2 0 0.25 1 0.75
0 -0.5563322 0.3090934 1.5438926 -0.3460930 0.4525832 0.8218200 0.1250000 0.5000000 2 0 0.25 1 0.75
assets/Turret.png
0 -0.2936678 0.3090934 1.6545085 -0.2168511 0.5565464 0.8020173 0.1250000 0.5000000 2 0 0.25 1 0.75
0 -0.1543903 0.3633610 1.6545085 -0.2168511 0.5565464 0.8020173 0.1250000 0.5000000 2 0 0.25 1 0.75
0 -0.2125000 0.5001236 1.5438926 -0.2168511 0.5565464 0.8020173 0.1250000 0.5000000 2 0 0.25 1 0.75
assets/Turret.png
0 -0.2936678 0.3090934 1.6545085 -0.2168511 0.5565464 0.8020173 0.1250000 0.5000000 2 0 0.25 1 0.75
0 -0.2125000 0.5001236 1.5438926 -0.2168511 0.5565464 0.8020173 0.1250000 0.5000000 2 0 0.25 1 0.75
0 -0.4041990 0.4254305 1.5438926 -0.2168511 0.5565464 0.8020173 0.1250000 0.5000000 2 0 0.25 1 0.75
assets/Turret.png
0 -0.1543903 0.3633610 1.6545085 -0.0736461 0.6080551 0.7904716 0.1250000 0.5000000 2 0 0.25 1 0.75
0 -0.0000000 0.3820604 1.6545085 -0.0736461 0.6080551 0.7904716 0.1250000 0.5000000 2 0 0.25 1 0.75
0 -0.0000000 0.5258610 1.5438926 -0.0736461 0.6080551 0.7904716 0.1250000 0.5000000 2 0 0.25 1 0.75
assets/Turret.png
0 -0.1543903 0.3633610 1.6545085 -0.0736461 0.6080551 0.7904716 0.1250000 0.5000000 2 0 0.25 1 0.75
0 -0.0000000 0.5258610 1.5438926 -0.0736461 0.6080551 0.7904716 0.1250000 0.5000000 2 0 0.25 1 0.75
0 -0.2125000 0.5001236 1.5438926 -0.0736461 0.6080551 0.7904716 0.1250000 0.5000000 2 0 0.25 1 0.75
assets/Turret.png
0 -0.0000000 0.3820604 1.6545085 0.0736461 0.6080551 0.7904716 0.1250000 0.5000000 2 0 0.25 1 0.75
0 0.1543903 0.3633610 1.6545085 0.0736461 0.6080551 0.7904716 0.1250000 0.5000000 2 0 0.25 1 0.75
0 0.2125000 0.5001236 1.5438926 0.0736461 0.6080551 0.7904716 0.1250000 0.5000000 2 0 0.25 1 0.75
assets/Turret.png
0 -0.0000000 0.3820604 1.6545085 0.0736461 0.6080551 0.7904716 0.1250000 0.5000000 2 0 0.25 1 0.75
0 0.2125000 0.5001236 1.5438926 0.0736461 0.6080551 0.7904716 0.1250000 0.5000000 2 0 0.25 1 0.75
0 -0.0000000 0.5258610 1.5438926 0.0736461 0.6080551 0.7904716 0.1250000 0.5000000 2 0 0.25 1 0.75
assets/Turret.png
0 0.1543903 0.3633610 1.6545085 0.2168511 0.5565464 0.8020173 0.1250000 0.5000000 2 0 0.25 1 0.75
0 0.2936678 0.3090934 1.6545085 0.2168511 0.5565464 0.8020173 0.1250000 0.5000000 2 0 0.25 1 0.75
0 0.4041990 0.4254305 1.5438926 0.2168511 0.5565464 0.8020173 0.1250000 0.5000000 2 0 0.25 1 0.75
assets/Turret.png
0 0.1543903 0.3633610 1.6545085 0.2168511 0.5565464 0.8020173 0.1250000 0.5000000 2 0 0.25 1 0.75
0 0.4041990 0.4254305 1.5438926 0.2168511 0.5565464 0.8020173 0.1250000 0.5000000 2 0 0.25 1 0.75
0 0.2125000 0.5001236 1.5438926 0.2168511 0.5565464 0.8020173 0.1250000 0.5000000 2 0 0.25 1 0.75
assets/Turret.png
0 0.2936678 0.3090934 1.6545085 0.3460930 0.4525832 0.8218200 0.1250000 0.5000000 2 0 0.25 1 0.75
0 0.4041990 0.2245695 1.6545085 0.3460930 0.4525832 0.8218200 0.1250000 0.5000000 2 0 0.25 1 0.75
0 0.5563322 0.3090934 1.5438926 0.3460930 0.4525832 0.8218200 0.1250000 0.5000000 2 0 0.25 1 0.75
assets/Turret.png
0 0.2936678 0.3090934 1.6545085 0.3460930 0.4525832 0.8218200 0.1250000 0.5000000 2 0 0.25 1 0.75
0 0.5563322 0.3090934 1.5438926 0.3460930 0.4525832 0.8218200 0.1250000 0.5000000 2 0 0.25 1 0.75
0 0.4041990 0.4254305 1.5438926 0.3460930 0.4525832 0.8218200 0.1250000 0.5000000 2 0 0.25 1 0.75
assets/Turret.png
0 0.4041990 0.2245695 1.6545085 0.4474300 0.2981237 0.8431659 0.1250000 0.5000000 2 0 0.25 1 0.75
0 0.4751644 0.1180632 1.6545085 0.4474300 0.2981237 0.8431659 0.1250000 0.5000000 2 0 0.25 1 0.75
0 0.6540078 0.1625000 1.5438926 0.4474300 0.2981237 0.8431659 0.1250000 0.5000000 2 0 0.25 1 0.75
assets/Turret.png
0 0.4041990 0.2245695 1.6545085 0.4474300 0.2981237 0.8431659 0.1250000 0.5000000 2 0 0.25 1 0.75
0 0.6540078 0.1625000 1.5438926 0.4474300 0.2981237 0.8431659 0.1250000 0.5000000 2 0 0.25 1 0.75
0 0.5563322 0.3090934 1.5438926 0.4474300 0.2981237 0.8431659 0.1250000 0.5000000 2 0 0.25 1 0.75
assets/Turret.png
0 0.4751644 0.1180632 1.6545085 0.5042474 0.1044388 0.8572206 0.1250000 0.5000000 2 0 0.25 1 0.75
0 0.4996175 0.0000000 1.6545085 0.5042474 0.1044388 0.8572206 0.1250000 0.5000000 2 0 0.25 1 0.75
0 0.6876644 0.0000000 1.5438926 0.5042474 0.1044388 0.8572206 0.1250000 0.5000000 2 0 0.25 1 0.75
assets/Turret.png
0 0.4751644 0.1180632 1.6545085 0.5042474 0.1044388 0.8572206 0.1250000 0.5000000 2 0 0.25 1 0.75
0 0.6876644 0.0000000 1.5438926 0.5042474 0.1044388 0.8572206 0.1250000 0.5000000 2 0 0.25 1 0.75
0 0.6540078 0.1625000 1.5438926 0.5042474 0.1044388 0.8572206 0.1250000 0.5000000 2 0 0.25 1 0.75
assets/Turret.png
0 0.6876644 -0.0000000 1.5438926 0.7467702 -0.1546696 0.6468474 0.1250000 0.5000000 2 0 0.25 1 0.75
0 0.6540078 -0.1625000 1.5438926 0.7467702 -0.1546696 0.6468474 0.1250000 0.5000000 2 0 0.25 1 0.75
0 0.7688322 -0.1910302 1.4045085 0.7467702 -0.1546696 0.6468474 0.1250000 0.5000000 1 0 1
assets/Turret.png
0 0.6876644 -0.0000000 1.5438926 0.7467702 -0.1546696 0.6468474 0.1250000 0.5000000 2 0 0.25 1 0.75
0 0.7688322 -0.1910302 1.4045085 0.7467702 -0.1546696 0.6468474 0.1250000 0.5000000 1 0 1
0 0.8083980 -0.0000000 1.4045085 0.7467702 -0.1546696 0.6468474 0.1250000 0.5000000 1 0 1
assets/Turret.png
0 0.6540078 -0.1625000 1.5438926 0.6501311 -0.4331840 0.6242446 0.1250000 0.5000000 2 0 0.25 1 0.75
0 0.5563322 -0.3090934 1.5438926 0.6501311 -0.4331840 0.6242446 0.1250000 0.5000000 2 0 0.25 1 0.75
0 0.6540078 -0.3633610 1.4045085 0.6501311 -0.4331840 0.6242446 0.1250000 0.5000000 1 0 1
assets/Turret.png
0 0.6540078 -0.1625000 1.5438926 0.6501311 -0.4331840 0.6242446 0.1250000 0.5000000 2 0 0.25 1 0.75
0 0.6540078 -0.3633610 1.4045085 0.6501311 -0.4331840 0.6242446 0.1250000 0.5000000 1 0 1
0 0.7688322 -0.1910302 1.4045085 0.6501311 -0.4331840 0.6242446 0.1250000 0.5000000 1 0 1
assets/Turret.png
0 0.5563322 -0.3090934 1.5438926 0.4894722 -0.6400790 0.5922127 0.1250000 0.5000000 2 0 0.25 1 0.75
0 0.4041990 -0.4254305 1.5438926 0.4894722 -0.6400790 0.5922127 0.1250000 0.5000000 2 0 0.25 1 0.75
0 0.4751644 -0.5001236 1.4045085 0.4894722 -0.6400790 0.5922127 0.1250000 0.5000000 1 0 1
assets/Turret.png
0 0.5563322 -0.3090934 1.5438926 0.4894722 -0.6400790 0.5922127 0.1250000 0.5000000 2 0 0.25 1 0.75
0 0.4751644 -0.5001236 1.4045085 0.4894722 -0.6400790 0.5922127 0.1250000 0.5000000 1 0 1
0 0.6540078 -0.3633610 1.4045085 0.4894722 -0.6400790 0.5922127 0.1250000 0.5000000 1 0 1
assets/Turret.png
0 0.4041990 -0.4254305 1.5438926 0.2996366 -0.7690145 0.5646545 0.1250000 0.5000000 2 0 0.25 1 0.75
0 0.2125000 -0.5001236 1.5438926 0.2996366 -0.7690145 0.5646545 0.1250000 0.5000000 2 0 0.25 1 0.75
0 0.2498087 -0.5879305 1.4045085 0.2996366 -0.7690145 0.5646545 0.1250000 0.5000000 1 0 1
assets/Turret.png
0 0.4041990 -0.4254305 1.5438926 0.2996366 -0.7690145 0.5646545 0.1250000 0.5000000 2 0 0.25 1 0.75
0 0.2498087 -0.5879305 1.4045085 0.2996366 -0.7690145 0.5646545 0.1250000 0.5000000 1 0 1
0 0.4751644 -0.5001236 1.4045085 0.2996366 -0.7690145 0.5646545 0.1250000 0.5000000 1 0 1
assets/Turret.png
0 0.2125000 -0.5001236 1.5438926 0.1004642 -0.8294769 0.5494315 0.1250000 0.5000000 2 0 0.25 1 0.75
0 0.0000000 -0.5258610 1.5438926 0.1004642 -0.8294769 0.5494315 0.1250000 0.5000000 2 0 0.25 1 0.75
0 0.0000000 -0.6181867 1.4045085 0.1004642 -0.8294769 0.5494315 0.1250000 0.5000000 1 0 1
assets/Turret.png
0 0.2125000 -0.5001236 1.5438926 0.1004642 -0.8294769 0.5494315 0.1250000 0.5000000 2 0 0.25 1 0.75
0 0.0000000 -0.6181867 1.4045085 0.1004642 -0.8294769 0.5494315 0.1250000 0.5000000 1 0 1
0 0.2498087 -0.5879305 1.4045085 0.1004642 -0.8294769 0.5494315 0.1250000 0.5000000 1 0 1
assets/Turret.png
0 0.0000000 -0.5258610 1.5438926 -0.1004642 -0.8294769 0.5494315 0.1250000 0.5000000 2 0 0.25 1 0.75
0 -0.2125000 -0.5001236 1.5438926 -0.1004642 -0.8294769 0.5494315 0.1250000 0.5000000 2 0 0.25 1 0.75
0 -0.2498087 -0.5879305 1.4045085 -0.1004642 -0.8294769 0.5494315 0.1250000 0.5000000 1 0 1
assets/Turret.png
0 0.0000000 -0.5258610 1.5438926 -0.1004642 -0.8294769 0.5494315 0.1250000 0.5000000 2 0 0.25 1 0.75
0 -0.2498087 -0.5879305 1.4045085 -0.1004642 -0.8294769 0.5494315 0.1250000 0.5000000 1 0 1
0 0.0000000 -0.6181867 1.4045085 -0.1004642 -0.8294769 0.5494315 0.1250000 0.5000000 1 0 1
assets/Turret.png
0 -0.2125000 -0.5001236 1.5438926 -0.2996366 -0.7690145 0.5646545 0.1250000 0.5000000 2 0 0.25 1 0.75
0 -0.4041990 -0.4254305 1.5438926 -0.2996366 -0.7690145 0.5646545 0.1250000 0.5000000 2 0 0.25 1 0.75
0 -0.4751644 -0.5001236 1.4045085 -0.2996366 -0.7690145 0.5646545 0.1250000 0.5000000 1 0 1
assets/Turret.png
0 -0.2125000 -0.5001236 1.5438926 -0.2996366 -0.7690145 0.5646545 0.1250000 0.5000000 2 0 0.25 1 0.75
0 -0.4751644 -0.5001236 1.4045085 -0.2996366 -0.7690145 0.5646545 0.1250000 0.5000000 1 0 1
0 -0.2498087 -0.5879305 1.4045085 -0.2996366 -0.7690145 0.5646545 0.1250000 0.5000000 1 0 1
assets/Turret.png
0 -0.4041990 -0.4254305 1.5438926 -0.4894722 -0.6400790 0.5922127 0.1250000 0.5000000 2 0 0.25 1 0.75
0 -0.5563322 -0.3090934 1.5438926 -0.4894722 -0.6400790 0.5922127 0.1250000 0.5000000 2 0 0.25 1 0.75
0 -0.6540078 -0.3633610 1.4045085 -0.4894722 -0.6400790 0.5922127 0.1250000 0.5000000 1 0 1
assets/Turret.png
0 -0.4041990 -0.4254305 1.5438926 -0.4894722 -0.6400790 0.5922127 0.1250000 0.5000000 2 0 0.25 1 0.75
0 -0.6540078 -0.3633610 1.4045085 -0.4894722 -0.6400790 0.5922127 0.1250000 0.5000000 1 0 1
0 -0.4751644 -0.5001236 1.4045085 -0.4894722 -0.6400790 0.5922127 0.1250000 0.5000000 1 0 1
assets/Turret.png
0 -0.5563322 -0.3090934 1.5438926 -0.6501311 -0.4331840 0.6242446 0.1250000 0.5000000 2 0 0.25 1 0.75
0 -0.6540078 -0.1625000 1.5438926 -0.6501311 -0.4331840 0.6242446 0.1250000 0.5000000 2 0 0.25 1 0.75
0 -0.7688322 -0.1910302 1.4045085 -0.6501311 -0.4331840 0.6242446 0.1250000 0.5000000 1 0 1
assets/Turret.png
0 -0.5563322 -0.3090934 1.5438926 -0.6501311 -0.4331840 0.6242446 0.1250000 0.5000000 2 0 0.25 1 0.75
0 -0.7688322 -0.1910302 1.4045085 -0.6501311 -0.4331840 0.6242446 0.1250000 0.5000000 1 0 1
0 -0.6540078 -0.3633610 1.4045085 -0.6501311 -0.4331840 0.6242446 0.1250000 0.5000000 1 0 1
assets/Turret.png
0 -0.6540078 -0.1625000 1.5438926 -0.7467702 -0.1546696 0.6468474 0.1250000 0.5000000 2 0 0.25 1 0.75
0 -0.6876644 -0.0000000 1.5438926 -0.7467702 -0.1546696 0.6468474 0.1250000 0.5000000 2 0 0.25 1 0.75
0 -0.8083980 -0.0000000 1.4045085 -0.7467702 -0.1546696 0.6468474 0.1250000 0.5000000 1 0 1
assets/Turret.png
0 -0.6540078 -0.1625000 1.5438926 -0.7467702 -0.1546696 0.6468474 0.1250000 0.5000000 2 0 0.25 1 0.75
0 -0.8083980 -0.0000000 1.4045085 -0.7467702 -0.1546696 0.6468474 0.1250000 0.5000000 1 0 1
0 -0.7688322 -0.1910302 1.4045085 -0.7467702 -0.1546696 0.6468474 0.1250000 0.5000000 1 0 1
assets/Turret.png
0 -0.6876644 -0.0000000 1.5438926 -0.7467702 0.1546696 0.6468474 0.1250000 0.5000000 2 0 0.25 1 0.75
0 -0.6540078 0.1625000 1.5438926 -0.7467702 0.1546696 0.6468474 0.1250000 0.5000000 2 0 0.25 1 0.75
0 -0.7688322 0.1910302 1.4045085 -0.7467702 0.1546696 0.6468474 0.1250000 0.5000000 1 0 1
assets/Turret.png
0 -0.6876644 -0.0000000 1.5438926 -0.7467702 0.1546696 0.6468474 0.1250000 0.5000000 2 0 0.25 1 0.75
0 -0.7688322 0.1910302 1.4045085 -0.7467702 0.1546696 0.6468474 0.1250000 0.5000000 1 0 1
0 -0.8083980 -0.0000000 1.4045085 -0.7467702 0.1546696 0.6468474 0.1250000 0.5000000 1 0 1
assets/Turret.png
0 -0.6540078 0.1625000 1.5438926 -0.6501311 0.4331840 0.6242446 0.1250000 0.5000000 2 0 0.25 1 0.75
0 -0.5563322 0.3090934 1.5438926 -0.6501311 0.4331840 0.6242446 0.1250000 0.5000000 2 0 0.25 1 0.75
0 -0.6540078 0.3633610 1.4045085 -0.6501311 0.4331840 0.6242446 0.1250000 0.5000000 1 0 1
assets/Turret.png
0 -0.6540078 0.1625000 1.5438926 -0.6501311 0.4331840 0.6242446 0.1250000 0.5000000 2 0 0.25 1 0.75
0 -0.6540078 0.3633610 1.4045085 -0.6501311 0.4331840 0.6242446 0.1250000 0.5000000 1 0 1
0 -0.7688322 0.1910302 1.4045085 -0.6501311 0.4331840 0.6242446 0.1250000 0.5000000 1 0 1
assets/Turret.png
0 -0.5563322 0.3090934 1.5438926 -0.4894722 0.6400790 0.5922127 0.1250000 0.5000000 2 0 0.25 1 0.75
0 -0.4041990 0.4254305 1.5438926 -0.4894722 0.6400790 0.5922127 0.1250000 0.5000000 2 0 0.25 1 0.75
0 -0.4751644 0.5001236 1.4045085 -0.4894722 0.6400790 0.5922127 0.1250000 0.5000000 1 0 1
assets/Turret.png
0 -0.5563322 0.3090934 1.5438926 -0.4894722 0.6400790 0.5922127 0.1250000 0.5000000 2 0 0.25 1 0.75
0 -0.4751644 0.5001236 1.4045085 -0.4894722 0.6400790 0.5922127 0.1250000 0.5000000 1 0 1
0 -0.6540078 0.3633610 1.4045085 -0.4894722 0.6400790 0.5922127 0.1250000 0.5000000 1 0 1
assets/Turret.png
0 -0.4041990 0.4254305 1.5438926 -0.2996366 0.7690145 0.5646545 0.1250000 0.5000000 2 0 0.25 1 0.75
0 -0.2125000 0.5001236 1.5438926 -0.2996366 0.7690145 0.5646545 0.1250000 0.5000000 2 0 0.25 1 0.75
0 -0.2498087 0.5879305 1.4045085 -0.2996366 0.7690145 0.5646545 0.1250000 0.5000000 1 0 1
assets/Turret.png
0 -0.4041990 0.4254305 1.5438926 -0.2996366 0.7690145 0.5646545 0.1250000 0.5000000 2 0 0.25 1 0.75
0 -0.2498087 0.5879305 1.4045085 -0.2996366 0.7690145 0.5646545 0.1250000 0.5000000 1 0 1
0 -0.4751644 0.5001236 1.4045085 -0.2996366 0.7690145 0.5646545 0.1250000 0.5000000 1 0 1
assets/Turret.png
0 -0.2125000 0.5001236 1.5438926 -0.1004642 0.8294769 0.5494315 0.1250000 0.5000000 2 0 0.25 1 0.75
0 -0.0000000 0.5258610 1.5438926 -0.1004642 0.8294769 0.5494315 0.1250000 0.5000000 2 0 0.25 1 0.75
0 -0.0000000 0.6181867 1.4045085 -0.1004642 0.8294769 0.5494315 0.1250000 0.5000000 1 0 1
assets/Turret.png
0 -0.2125000 0.5001236 1.5438926 -0.1004642 0.8294769 0.5494315 0.1250000 0.5000000 2 0 0.25 1 0.75
0 -0.0000000 0.6181867 1.4045085 -0.1004642 0.8294769 0.5494315 0.1250000 0.5000000 1 0 1
0 -0.2498087 0.5879305 1.4045085 -0.1004642 0.8294769 0.5494315 0.1250000 0.5000000 1 0 1
assets/Turret.png
0 -0.0000000 0.5258610 1.5438926 0.1004642 0.8294769 0.5494315 0.1250000 0.5000000 2 0 0.25 1 0.75
0 0.2125000 0.5001236 1.5438926 0.1004642 0.8294769 0.5494315 0.1250000 0.5000000 2 0 0.25 1 0.75
0 0.2498087 0.5879305 1.4045085 0.1004642 0.8294769 0.5494315 0.1250000 0.5000000 1 0 1
assets/Turret.png
0 -0.0000000 0.5258610 1.5438926 0.1004642 0.8294769 0.5494315 0.1250000 0.5000000 2 0 0.25 1 0.75
0 0.2498087 0.5879305 1.4045085 0.1004642 0.8294769 0.5494315 0.1250000 0.5000000 1 0 1
0 -0.0000000 0.6181867 1.4045085 0.1004642 0.8294769 0.5494315 0.1250000 0.5000000 1 0 1
assets/Turret.png
0 0.2125000 0.5001236 1.5438926 0.2996366 0.7690145 0.5646545 0.1250000 0.5000000 2 0 0.25 1 0.75
0 0.4041990 0.4254305 1.5438926 0.2996366 0.7690145 0.5646545 0.1250000 0.5000000 2 0 0.25 1 0.75
0 0.4751644 0.5001236 1.4045085 0.2996366 0.7690145 0.5646545 0.1250000 0.5000000 1 0 1
assets/Turret.png
0 0.2125000 0.5001236 1.5438926 0.2996366 0.7690145 0.5646545 0.1250000 0.5000000 2 0 0.25 1 0.75
0 0.4751644 0.5001236 1.4045085 0.2996366 0.7690145 0.5646545 0.1250000 0.5000000 1 0 1
0 0.2498087 0.5879305 1.4045085 0.2996366 0.7690145 0.5646545 0.1250000 0.5000000 1 0 1
assets/Turret.png
0 0.4041990 0.4254305 1.5438926 0.4894722 0.6400790 0.5922127 0.1250000 0.5000000 2 0 0.25 1 0.75
0 0.5563322 0.3090934 1.5438926 0.4894722 0.6400790 0.5922127 0.1250000 0.5000000 2 0 0.25 1 0.75
0 0.6540078 0.3633610 1.4045085 0.4894722 0.6400790 0.5922127 0.1250000 0.5000000 1 0 1
assets/Turret.png
0 0.4041990 0.4254305 1.5438926 0.4894722 0.6400790 0.5922127 0.1250000 0.5000000 2 0 0.25 1 0.75
0 0.6540078 0.3633610 1.4045085 0.4894722 0.6400790 0.5922127 0.1250000 0.5000000 1 0 1
0 0.4751644 0.5001236 1.4045085 0.4894722 0.6400790 0.5922127 0.1250000 0.5000000 1 0 1
assets/Turret.png
0 0.5563322 0.3090934 1.5438926 0.6501311 0.4331840 0.6242446 0.1250000 0.5000000 2 0 0.25 1 0.75
0 0.6540078 0.1625000 1.5438926 0.6501311 0.4331840 0.6242446 0.1250000 0.5000000 2 0 0.25 1 0.75
0 0.7688322 0.1910302 1.4045085 0.6501311 0.4331840 0.6242446 0.1250000 0.5000000 1 0 1
assets/Turret.png
0 0.5563322 0.3090934 1.5438926 0.6501311 0.4331840 0.6242446 0.1250000 0.5000000 2 0 0.25 1 0.75
0 0.7688322 0.1910302 1.4045085 0.6501311 0.4331840 0.6242446 0.1250000 0.5000000 1 0 1
0 0.6540078 0.3633610 1.4045085 0.6501311 0.4331840 0.6242446 0.1250000 0.5000000 1 0 1
assets/Turret.png
0 0.6540078 0.1625000 1.5438926 0.7467702 0.1546696 0.6468474 0.1250000 0.5000000 2 0 0.25 1 0.75
0 0.6876644 0.0000000 1.5438926 0.7467702 0.1546696 0.6468474 0.1250000 0.5000000 2 0 0.25 1 0.75
0 0.8083980 0.0000000 1.4045085 0.7467702 0.1546696 0.6468474 0.1250000 0.5000000 1 0 1
assets/Turret.png
0 0.6540078 0.1625000 1.5438926 0.7467702 0.1546696 0.6468474 0.1250000 0.5000000 2 0 0.25 1 0.75
0 0.8083980 0.0000000 1.4045085 0.7467702 0.1546696 0.6468474 0.1250000 0.5000000 1 0 1
0 0.7688322 0.1910302 1.4045085 0.7467702 0.1546696 0.6468474 0.1250000 0.5000000 1 0 1
assets/Turret.png
0 0.8083980 -0.0000000 1.4045085 0.9468596 -0.1961118 0.2549453 0.1250000 0.5000000 1 0 1
0 0.7688322 -0.1910302 1.4045085 0.9468596 -0.1961118 0.2549453 0.1250000 0.5000000 1 0 1
0 0.8083980 -0.2008610 1.2500000 0.9468596 -0.1961118 0.2549453 0.1250000 0.5000000 1 0 1
assets/Turret.png
0 0.8083980 -0.0000000 1.4045085 0.9468596 -0.1961118 0.2549453 0.1250000 0.5000000 1 0 1
0 0.8083980 -0.2008610 1.2500000 0.9468596 -0.1961118 0.2549453 0.1250000 0.5000000 1 0 1
0 0.8500000 -0.0000000 1.2500000 0.9468596 -0.1961118 0.2549453 0.1250000 0.5000000 1 0 1
assets/Turret.png
0 0.7688322 -0.1910302 1.4045085 0.8076492 -0.5381387 0.2410590 0.1250000 0.5000000 1 0 1
0 0.6540078 -0.3633610 1.4045085 0.8076492 -0.5381387 0.2410590 0.1250000 0.5000000 1 0 1
0 0.6876644 -0.3820604 1.2500000 0.8076492 -0.5381387 0.2410590 0.1250000 0.5000000 1 0 1
assets/Turret.png
0 0.7688322 -0.1910302 1.4045085 0.8076492 -0.5381387 0.2410590 0.1250000 0.5000000 1 0 1
0 0.6876644 -0.3820604 1.2500000 0.8076492 -0.5381387 0.2410590 0.1250000 0.5000000 1 0 1
0 0.8083980 -0.2008610 1.2500000 0.8076492 -0.5381387 0.2410590 0.1250000 0.5000000 1 0 1
assets/Turret.png
0 0.6540078 -0.3633610 1.4045085 0.5921925 -0.7744055 0.2227200 0.1250000 0.5000000 1 0 1
0 0.4751644 -0.5001236 1.4045085 0.5921925 -0.7744055 0.2227200 0.1250000 0.5000000 1 0 1
0 0.4996175 -0.5258610 1.2500000 0.5921925 -0.7744055 0.2227200 0.1250000 0.5000000 1 0 1
assets/Turret.png
0 0.6540078 -0.3633610 1.4045085 0.5921925 -0.7744055 0.2227200 0.1250000 0.5000000 1 0 1
0 0.4996175 -0.5258610 1.2500000 0.5921925 -0.7744055 0.2227200 0.1250000 0.5000000 1 0 1
0 0.6876644 -0.3820604 1.2500000 0.5921925 -0.7744055 0.2227200 0.1250000 0.5000000 1 0 1
assets/Turret.png
0 0.4751644 -0.5001236 1.4045085 0.3551101 -0.9113868 0.2080164 0.1250000 0.5000000 1 0 1
0 0.2498087 -0.5879305 1.4045085 0.3551101 -0.9113868 0.2080164 0.1250000 0.5000000 1 0 1
0 0.2626644 -0.6181867 1.2500000 0.3551101 -0.9113868 0.2080164 0.1250000 0.5000000 1 0 1
assets/Turret.png
0 0.4751644 -0.5001236 1.4045085 0.3551101 -0.9113868 0.2080164 0.1250000 0.5000000 1 0 1
0 0.2626644 -0.6181867 1.2500000 0.3551101 -0.9113868 0.2080164 0.1250000 0.5000000 1 0 1
0 0.4996175 -0.5258610 1.2500000 0.3551101 -0.9113868 0.2080164 0.1250000 0.5000000 1 0 1
assets/Turret.png
0 0.2498087 -0.5879305 1.4045085 0.1178030 -0.9726337 0.2002651 0.1250000 0.5000000 1 0 1
0 0.0000000 -0.6181867 1.4045085 0.1178030 -0.9726337 0.2002651 0.1250000 0.5000000 1 0 1
0 0.0000000 -0.6500000 1.2500000 0.1178030 -0.9726337 0.2002651 0.1250000 0.5000000 1 0 1
assets/Turret.png
0 0.2498087 -0.5879305 1.4045085 0.1178030 -0.9726337 0.2002651 0.1250000 0.5000000 1 0 1
0 0.0000000 -0.6500000 1.2500000 0.1178030 -0.9726337 0.2002651 0.1250000 0.5000000 1 0 1
0 0.2626644 -0.6181867 1.2500000 0.1178030 -0.9726337 0.2002651 0.1250000 0.5000000 1 0 1
assets/Turret.png
0 0.0000000 -0.6181867 1.4045085 -0.1178030 -0.9726337 0.2002651 0.1250000 0.5000000 1 0 1
0 -0.2498087 -0.5879305 1.4045085 -0.1178030 -0.9726337 0.2002651 0.1250000 0.5000000 1 0 1
0 -0.2626644 -0.6181867 1.2500000 -0.1178030 -0.9726337 0.2002651 0.1250000 0.5000000 1 0 1
assets/Turret.png
0 0.0000000 -0.6181867 1.4045085 -0.1178030 -0.9726337 0.2002651 0.1250000 0.5000000 1 0 1
0 -0.2626644 -0.6181867 1.2500000 -0.1178030 -0.9726337 0.2002651 0.1250000 0.5000000 1 0 1
0 0.0000000 -0.6500000 1.2500000 -0.1178030 -0.9726337 0.2002651 0.1250000 0.5000000 1 0 1
assets/Turret.png
0 -0.2498087 -0.5879305 1.4045085 -0.3551101 -0.9113868 0.2080164 0.1250000 0.5000000 1 0 1
0 -0.4751644 -0.5001236 1.4045085 -0.3551101 -0.9113868 0.2080164 0.1250000 0.5000000 1 0 1
0 -0.4996175 -0.5258610 1.2500000 -0.3551101 -0.9113868 0.2080164 0.1250000 0.5000000 1 0 1
assets/Turret.png
0 -0.2498087 -0.5879305 1.4045085 -0.3551101 -0.9113868 0.2080164 0.1250000 0.5000000 1 0 1
0 -0.4996175 -0.5258610 1.2500000 -0.3551101 -0.9113868 0.2080164 0.1250000 0.5000000 1 0 1
0 -0.2626644 -0.6181867 1.2500000 -0.3551101 -0.9113868 0.2080164 0.1250000 0.5000000 1 0 1
assets/Turret.png
0 -0.4751644 -0.5001236 1.4045085 -0.5921925 -0.7744055 0.2227200 0.1250000 0.5000000 1 0 1
0 -0.6540078 -0.3633610 1.4045085 -0.5921925 -0.7744055 0.2227200 0.1250000 0.5000000 1 0 1
0 -0.6876644 -0.3820604 1.2500000 -0.5921925 -0.7744055 0.2227200 0.1250000 0.5000000 1 0 1
assets/Turret.png
0 -0.4751644 -0.5001236 1.4045085 -0.5921925 -0.7744055 0.2227200 0.1250000 0.5000000 1 0 1
0 -0.6876644 -0.3820604 1.2500000 -0.5921925 -0.7744055 0.2227200 0.1250000 0.5000000 1 0 1
0 -0.4996175 -0.5258610 1.2500000 -0.5921925 -0.7744055 0.2227200 0.1250000 0.5000000 1 0 1
assets/Turret.png
0 -0.6540078 -0.3633610 1.4045085 -0.8076492 -0.5381387 0.2410590 0.1250000 0.5000000 1 0 1
0 -0.7688322 -0.1910302 1.4045085 -0.8076492 -0.5381387 0.2410590 0.1250000 0.5000000 1 0 1
0 -0.8083980 -0.2008610 1.2500000 -0.8076492 -0.5381387 0.2410590 0.1250000 0.5000000 1 0 1
assets/Turret.png
0 -0.6540078 -0.3633610 1.4045085 -0.8076492 -0.5381387 0.2410590 0.1250000 0.5000000 1 0 1
0 -0.8083980 -0.2008610 1.2500000 -0.8076492 -0.5381387 0.2410590 0.1250000 0.5000000 1 0 1
0 -0.6876644 -0.3820604 1.2500000 -0.8076492 -0.5381387 0.2410590 0.1250000 0.5000000 1 0 1
assets/Turret.png
0 -0.7688322 -0.1910302 1.4045085 -0.9468596 -0.1961118 0.2549453 0.1250000 0.5000000 1 0 1
0 -0.8083980 -0.0000000 1.4045085 -0.9468596 -0.1961118 0.2549453 0.1250000 0.5000000 1 0 1
0 -0.8500000 -0.0000000 1.2500000 -0.9468596 -0.1961118 0.2549453 0.1250000 0.5000000 1 0 1
assets/Turret.png
0 -0.7688322 -0.1910302 1.4045085 -0.9468596 -0.1961118 0.2549453 0.1250000 0.5000000 1 0 1
0 -0.8500000 -0.0000000 1.2500000 -0.9468596 -0.1961118 0.2549453 0.1250000 0.5000000 1 0 1
0 -0.8083980 -0.2008610 1.2500000 -0.9468596 -0.1961118 0.2549453 0.1250000 0.5000000 1 0 1
assets/Turret.png
0 -0.8083980 -0.0000000 1.4045085 -0.9468596 0.1961118 0.2549453 0.1250000 0.5000000 1 0 1
0 -0.7688322 0.1910302 1.4045085 -0.9468596 0.1961118 0.2549453 0.1250000 0.5000000 1 0 1
0 -0.8083980 0.2008610 1.2500000 -0.9468596 0.1961118 0.2549453 0.1250000 0.5000000 1 0 1
assets/Turret.png
0 -0.8083980 -0.0000000 1.4045085 -0.9468596 0.1961118 0.2549453 0.1250000 0.5000000 1 0 1
0 -0.8083980 0.2008610 1.2500000 -0.9468596 0.1961118 0.2549453 0.1250000 0.5000000 1 0 1
0 -0.8500000 -0.0000000 1.2500000 -0.9468596 0.1961118 0.2549453 0.1250000 0.5000000 1 0 1
assets/Turret.png
0 -0.7688322 0.1910302 1.4045085 -0.8076492 0.5381387 0.2410590 0.1250000 0.5000000 1 0 1
0 -0.6540078 0.3633610 1.4045085 -0.8076492 0.5381387 0.2410590 0.1250000 0.5000000 1 0 1
0 -0.6876644 0.3820604 1.2500000 -0.8076492 0.5381387 0.2410590 0.1250000 0.5000000 1 0 1
assets/Turret.png
0 -0.7688322 0.1910302 1.4045085 -0.8076492 0.5381387 0.2410590 0.1250000 0.5000000 1 0 1
0 -0.6876644 0.3820604 1.2500000 -0.8076492 0.5381387 0.2410590 0.1250000 0.5000000 1 0 1
0 -0.8083980 0.2008610 1.2500000 -0.8076492 0.5381387 0.2410590 0.1250000 0.5000000 1 0 1
assets/Turret.png
0 -0.6540078 0.3633610 1.4045085 -0.5921925 0.7744055 0.2227200 0.1250000 0.5000000 1 0 1
0 -0.4751644 0.5001236 1.4045085 -0.5921925 0.7744055 0.2227200 0.1250000 0.5000000 1 0 1
0 -0.4996175 0.5258610 1.2500000 -0.5921925 0.7744055 0.2227200 0.1250000 0.5000000 1 0 1
assets/Turret.png
0 -0.6540078 0.3633610 1.4045085 -0.5921925 0.7744055 0.2227200 0.1250000 0.5000000 1 0 1
0 -0.4996175 0.5258610 1.2500000 -0.5921925 0.7744055 0.2227200 0.1250000 0.5000000 1 0 1
0 -0.6876644 0.3820604 1.2500000 -0.5921925 0.7744055 0.2227200 0.1250000 0.5000000 1 0 1
assets/Turret.png
0 -0.4751644 0.5001236 1.4045085 -0.3551101 0.9113868 0.2080164 0.1250000 0.5000000 1 0 1
0 -0.2498087 0.5879305 1.4045085 -0.3551101 0.9113868 0.2080164 0.1250000 0.5000000 1 0 1
0 -0.2626644 0.6181867 1.2500000 -0.3551101 0.9113868 0.2080164 0.1250000 0.5000000 1 0 1
assets/Turret.png
0 -0.4751644 0.5001236 1.4045085 -0.3551101 0.9113868 0.2080164 0.1250000 0.5000000 1 0 1
0 -0.2626644 0.6181867 1.2500000 -0.3551101 0.9113868 0.2080164 0.1250000 0.5000000 1 0 1
0 -0.4996175 0.5258610 1.2500000 -0.3551101 0.9113868 0.2080164 0.1250000 0.5000000 1 0 1
assets/Turret.png
0 -0.2498087 0.5879305 1.4045085 -0.1178030 0.9726337 0.2002651 0.1250000 0.5000000 1 0 1
0 -0.0000000 0.6181867 1.4045085 -0.1178030 0.9726337 0.2002651 0.1250000 0.5000000 1 0 1
0 -0.0000000 0.6500000 1.2500000 -0.1178030 0.9726337 0.2002651 0.1250000 0.5000000 1 0 1
assets/Turret.png
0 -0.2498087 0.5879305 1.4045085 -0.1178030 0.9726337 0.2002651 0.1250000 0.5000000 1 0 1
0 -0.0000000 0.6500000 1.2500000 -0.1178030 0.9726337 0.2002651 0.1250000 0.5000000 1 0 1
0 -0.2626644 0.6181867 1.2500000 -0.1178030 0.9726337 0.2002651 0.1250000 0.5000000 1 0 1
assets/Turret.png
0 -0.0000000 0.6181867 1.4045085 0.1178030 0.9726337 0.2002651 0.1250000 0.5000000 1 0 1
0 0.2498087 0.5879305 1.4045085 0.1178030 0.9726337 0.2002651 0.1250000 0.5000000 1 0 1
0 0.2626644 0.6181867 1.2500000 0.1178030 0.9726337 0.2002651 0.1250000 0.5000000 1 0 1
assets/Turret.png
0 -0.0000000 0.6181867 1.4045085 0.1178030 0.9726337 0.2002651 0.1250000 0.5000000 1 0 1
0 0.2626644 0.6181867 1.2500000 0.1178030 0.9726337 0.2002651 0.1250000 0.5000000 1 0 1
0 -0.0000000 0.6500000 1.2500000 0.1178030 0.9726337 0.2002651 0.1250000 0.5000000 1 0 1
assets/Turret.png
0 0.2498087 0.5879305 1.4045085 0.3551101 0.9113868 0.2080164 0.1250000 0.5000000 1 0 1
0 0.4751644 0.5001236 1.4045085 0.3551101 0.9113868 0.2080164 0.1250000 0.5000000 1 0 1
0 0.4996175 0.5258610 1.2500000 0.3551101 0.9113868 0.2080164 0.1250000 0.5000000 1 0 1
assets/Turret.png
0 0.2498087 0.5879305 1.4045085 0.3551101 0.9113868 0.2080164 0.1250000 0.5000000 1 0 1
0 0.4996175 0.5258610 1.2500000 0.3551101 0.9113868 0.2080164 0.1250000 0.5000000 1 0 1
0 0.2626644 0.6181867 1.2500000 0.3551101 0.9113868 0.2080164 0.1250000 0.5000000 1 0 1
assets/Turret.png
0 0.4751644 0.5001236 1.4045085 0.5921925 0.7744055 0.2227200 0.1250000 0.5000000 1 0 1
0 0.6540078 0.3633610 1.4045085 0.5921925 0.7744055 0.2227200 0.1250000 0.5000000 1 0 1
0 0.6876644 0.3820604 1.2500000 0.5921925 0.7744055 0.2227200 0.1250000 0.5000000 1 0 1
assets/Turret.png
0 0.4751644 0.5001236 1.4045085 0.5921925 0.7744055 0.2227200 0.1250000 0.5000000 1 0 1
0 0.6876644 0.3820604 1.2500000 0.5921925 0.7744055 0.2227200 0.1250000 0.5000000 1 0 1
0 0.4996175 0.5258610 1.2500000 0.5921925 0.7744055 0.2227200 0.1250000 0.5000000 1 0 1
assets/Turret.png
0 0.6540078 0.3633610 1.4045085 0.8076492 0.5381387 0.2410590 0.1250000 0.5000000 1 0 1
0 0.7688322 0.1910302 1.4045085 0.8076492 0.5381387 0.2410590 0.1250000 0.5000000 1 0 1
0 0.8083980 0.2008610 1.2500000 0.8076492 0.5381387 0.2410590 0.1250000 0.5000000 1 0 1
assets/Turret.png
0 0.6540078 0.3633610 1.4045085 0.8076492 0.5381387 0.2410590 0.1250000 0.5000000 1 0 1
0 0.8083980 0.2008610 1.2500000 0.8076492 0.5381387 0.2410590 0.1250000 0.5000000 1 0 1
0 0.6876644 0.3820604 1.2500000 0.8076492 0.5381387 0.2410590 0.1250000 0.5000000 1 0 1
assets/Turret.png
0 0.7688322 0.1910302 1.4045085 0.9468596 0.1961118 0.2549453 0.1250000 0.5000000 1 0 1
0 0.8083980 0.0000000 1.4045085 0.9468596 0.1961118 0.2549453 0.1250000 0.5000000 1 0 1
0 0.8500000 0.0000000 1.2500000 0.9468596 0.1961118 0.2549453 0.1250000 0.5000000 1 0 1
assets/Turret.png
0 0.7688322 0.1910302 1.4045085 0.9468596 0.1961118 0.2549453 0.1250000 0.5000000 1 0 1
0 0.8500000 0.0000000 1.2500000 0.9468596 0.1961118 0.2549453 0.1250000 0.5000000 1 0 1
0 0.8083980 0.2008610 1.2500000 0.9468596 0.1961118 0.2549453 0.1250000 0.5000000 1 0 1
assets/Turret.png
0 0.8500000 -0.0000000 1.2500000 0.9468596 -0.1961118 -0.2549453 0.1250000 0.5000000 1 0 1
0 0.8083980 -0.2008610 1.2500000 0.9468596 -0.1961118 -0.2549453 0.1250000 0.5000000 1 0 1
0 0.7688322 -0.1910302 1.0954915 0.9468596 -0.1961118 -0.2549453 0.1250000 0.5000000 1 0 1
assets/Turret.png
0 0.8500000 -0.0000000 1.2500000 0.9468596 -0.1961118 -0.2549453 0.1250000 0.5000000 1 0 1
0 0.7688322 -0.1910302 1.0954915 0.9468596 -0.1961118 -0.2549453 0.1250000 0.5000000 1 0 1
0 0.8083980 -0.0000000 1.0954915 0.9468596 -0.1961118 -0.2549453 0.1250000 0.5000000 1 0 1
assets/Turret.png
0 0.8083980 -0.2008610 1.2500000 0.8076492 -0.5381387 -0.2410590 0.1250000 0.5000000 1 0 1
0 0.6876644 -0.3820604 1.2500000 0.8076492 -0.5381387 -0.2410590 0.1250000 0.5000000 1 0 1
0 0.6540078 -0.3633610 1.0954915 0.8076492 -0.5381387 -0.2410590 0.1250000 0.5000000 1 0 1
assets/Turret.png
0 0.8083980 -0.2008610 1.2500000 0.8076492 -0.5381387 -0.2410590 0.1250000 0.5000000 1 0 1
0 0.6540078 -0.3633610 1.0954915 0.8076492 -0.5381387 -0.2410590 0.1250000 0.5000000 1 0 1
0 0.7688322 -0.1910302 1.0954915 0.8076492 -0.5381387 -0.2410590 0.1250000 0.5000000 1 0 1
assets/Turret.png
0 0.6876644 -0.3820604 1.2500000 0.5921925 -0.7744055 -0.2227200 0.1250000 0.5000000 1 0 1
0 0.4996175 -0.5258610 1.2500000 0.5921925 -0.7744055 -0.2227200 0.1250000 0.5000000 1 0 1
0 0.4751644 -0.5001236 1.0954915 0.5921925 -0.7744055 -0.2227200 0.1250000 0.5000000 1 0 1
assets/Turret.png
0 0.6876644 -0.3820604 1.2500000 0.5921925 -0.7744055 -0.2227200 0.1250000 0.5000000 1 0 1
0 0.4751644 -0.5001236 1.0954915 0.5921925 -0.7744055 -0.2227200 0.1250000 0.5000000 1 0 1
0 0.6540078 -0.3633610 1.0954915 0.5921925 -0.7744055 -0.2227200 0.1250000 0.5000000 1 0 1
assets/Turret.png
0 0.4996175 -0.5258610 1.2500000 0.3551101 -0.9113868 -0.2080164 0.1250000 0.5000000 1 0 1
0 0.2626644 -0.6181867 1.2500000 0.3551101 -0.9113868 -0.2080164 0.1250000 0.5000000 1 0 1
0 0.2498087 -0.5879305 1.0954915 0.3551101 -0.9113868 -0.2080164 0.1250000 0.5000000 1 0 1
assets/Turret.png
0 0.4996175 -0.5258610 1.2500000 0.3551101 -0.9113868 -0.2080164 0.1250000 0.5000000 1 0 1
0 0.2498087 -0.5879305 1.0954915 0.3551101 -0.9113868 -0.2080164 0.1250000 0.5000000 1 0 1
0 0.4751644 -0.5001236 1.0954915 0.3551101 -0.9113868 -0.2080164 0.1250000 0.5000000 1 0 1
assets/Turret.png
0 0.2626644 -0.6181867 1.2500000 0.1178030 -0.9726337 -0.2002651 0.1250000 0.5000000 1 0 1
0 0.0000000 -0.6500000 1.2500000 0.1178030 -0.9726337 -0.2002651 0.1250000 0.5000000 1 0 1
0 0.0000000 -0.6181867 1.0954915 0.1178030 -0.9726337 -0.2002651 0.1250000 0.5000000 1 0 1
assets/Turret.png
0 0.2626644 -0.6181867 1.2500000 0.1178030 -0.9726337 -0.2002651 0.1250000 0.5000000 1 0 1
0 0.0000000 -0.6181867 1.0954915 0.1178030 -0.9726337 -0.2002651 0.1250000 0.5000000 1 0 1
0 0.2498087 -0.5879305 1.0954915 0.1178030 -0.9726337 -0.2002651 0.1250000 0.5000000 1 0 1
assets/Turret.png
0 0.0000000 -0.6500000 1.2500000 -0.1178030 -0.9726337 -0.2002651 0.1250000 0.5000000 1 0 1
0 -0.2626644 -0.6181867 1.2500000 -0.1178030 -0.9726337 -0.2002651 0.1250000 0.5000000 1 0 1
0 -0.2498087 -0.5879305 1.0954915 -0.1178030 -0.9726337 -0.2002651 0.1250000 0.5000000 1 0 1
assets/Turret.png
0 0.0000000 -0.6500000 1.2500000 -0.1178030 -0.9726337 -0.2002651 0.1250000 0.5000000 1 0 1
0 -0.2498087 -0.5879305 1.0954915 -0.1178030 -0.9726337 -0.2002651 0.1250000 0.5000000 1 0 1
0 0.0000000 -0.6181867 1.0954915 -0.1178030 -0.9726337 -0.2002651 0.1250000 0.5000000 1 0 1
assets/Turret.png
0 -0.2626644 -0.6181867 1.2500000 -0.3551101 -0.9113868 -0.2080164 0.1250000 0.5000000 1 0 1
0 -0.4996175 -0.5258610 1.2500000 -0.3551101 -0.9113868 -0.2080164 0.1250000 0.5000000 1 0 1
0 -0.4751644 -0.5001236 1.0954915 -0.3551101 -0.9113868 -0.2080164 0.1250000 0.5000000 1 0 1
assets/Turret.png
0 -0.2626644 -0.6181867 1.2500000 -0.3551101 -0.9113868 -0.2080164 0.1250000 0.5000000 1 0 1
0 -0.4751644 -0.5001236 1.0954915 -0.3551101 -0.9113868 -0.2080164 0.1250000 0.5000000 1 0 1
0 -0.2498087 -0.5879305 1.0954915 -0.3551101 -0.9113868 -0.2080164 0.1250000 0.5000000 1 0 1
assets/Turret.png
0 -0.4996175 -0.5258610 1.2500000 -0.5921925 -0.7744055 -0.2227200 0.1250000 0.5000000 1 0 1
0 -0.6876644 -0.3820604 1.2500000 -0.5921925 -0.7744055 -0.2227200 0.1250000 0.5000000 1 0 1
0 -0.6540078 -0.3633610 1.0954915 -0.5921925 -0.7744055 -0.2227200 0.1250000 0.5000000 1 0 1
assets/Turret.png
0 -0.4996175 -0.5258610 1.2500000 -0.5921925 -0.7744055 -0.2227200 0.1250000 0.5000000 1 0 1
0 -0.6540078 -0.3633610 1.0954915 -0.5921925 -0.7744055 -0.2227200 0.1250000 0.5000000 1 0 1
0 -0.4751644 -0.5001236 1.0954915 -0.5921925 -0.7744055 -0.2227200 0.1250000 0.5000000 1 0 1
assets/Turret.png
0 -0.6876644 -0.3820604 1.2500000 -0.8076492 -0.5381387 -0.2410590 0.1250000 0.5000000 1 0 1
0 -0.8083980 -0.2008610 1.2500000 -0.8076492 -0.5381387 -0.2410590 0.1250000 0.5000000 1 0 1
0 -0.7688322 -0.1910302 1.0954915 -0.8076492 -0.5381387 -0.2410590 0.1250000 0.5000000 1 0 1
assets/Turret.png
0 -0.6876644 -0.3820604 1.2500000 -0.8076492 -0.5381387 -0.2410590 0.1250000 0.5000000 1 0 1
0 -0.7688322 -0.1910302 1.0954915 -0.8076492 -0.5381387 -0.2410590 0.1250000 0.5000000 1 0 1
0 -0.6540078 -0.3633610 1.0954915 -0.8076492 -0.5381387 -0.2410590 0.1250000 0.5000000 1 0 1
assets/Turret.png
0 -0.8083980 -0.2008610 1.2500000 -0.9468596 -0.1961118 -0.2549453 0.1250000 0.5000000 1 0 1
0 -0.8500000 -0.0000000 1.2500000 -0.9468596 -0.1961118 -0.2549453 0.1250000 0.5000000 1 0 1
0 -0.8083980 -0.0000000 1.0954915 -0.9468596 -0.1961118 -0.2549453 0.1250000 0.5000000 1 0 1
assets/Turret.png
0 -0.8083980 -0.2008610 1.2500000 -0.9468596 -0.1961118 -0.2549453 0.1250000 0.5000000 1 0 1
0 -0.8083980 -0.0000000 1.0954915 -0.9468596 -0.1961118 -0.2549453 0.1250000 0.5000000 1 0 1
0 -0.7688322 -0.1910302 1.0954915 -0.9468596 -0.1961118 -0.2549453 0.1250000 0.5000000 1 0 1
assets/Turret.png
0 -0.8500000 -0.0000000 1.2500000 -0.9468596 0.1961118 -0.2549453 0.1250000 0.5000000 1 0 1
0 -0.8083980 0.2008610 1.2500000 -0.9468596 0.1961118 -0.2549453 0.1250000 0.5000000 1 0 1
0 -0.7688322 0.1910302 1.0954915 -0.9468596 0.1961118 -0.2549453 0.1250000 0.5000000 1 0 1
assets/Turret.png
0 -0.8500000 -0.0000000 1.2500000 -0.9468596 0.1961118 -0.2549453 0.1250000 0.5000000 1 0 1
0 -0.7688322 0.1910302 1.0954915 -0.9468596 0.1961118 -0.2549453 0.1250000 0.5000000 1 0 1
0 -0.8083980 -0.0000000 1.0954915 -0.9468596 0.1961118 -0.2549453 0.1250000 0.5000000 1 0 1
assets/Turret.png
0 -0.8083980 0.2008610 1.2500000 -0.8076492 0.5381387 -0.2410590 0.1250000 0.5000000 1 0 1
0 -0.6876644 0.3820604 1.2500000 -0.8076492 0.5381387 -0.2410590 0.1250000 0.5000000 1 0 1
0 -0.6540078 0.3633610 1.0954915 -0.8076492 0.5381387 -0.2410590 0.1250000 0.5000000 1 0 1
assets/Turret.png
0 -0.8083980 0.2008610 1.2500000 -0.8076492 0.5381387 -0.2410590 0.1250000 0.5000000 1 0 1
0 -0.6540078 0.3633610 1.0954915 -0.8076492 0.5381387 -0.2410590 0.1250000 0.5000000 1 0 1
0 -0.7688322 0.1910302 1.0954915 -0.8076492 0.5381387 -0.2410590 0.1250000 0.5000000 1 0 1
assets/Turret.png
0 -0.6876644 0.3820604 1.2500000 -0.5921925 0.7744055 -0.2227200 0.1250000 0.5000000 1 0 1
0 -0.4996175 0.5258610 1.2500000 -0.5921925 0.7744055 -0.2227200 0.1250000 0.5000000 1 0 1
0 -0.4751644 0.5001236 1.0954915 -0.5921925 0.7744055 -0.2227200 0.1250000 0.5000000 1 0 1
assets/Turret.png
0 -0.6876644 0.3820604 1.2500000 -0.5921925 0.7744055 -0.2227200 0.1250000 0.5000000 1 0 1
0 -0.4751644 0.5001236 1.0954915 -0.5921925 0.7744055 -0.2227200 0.1250000 0.5000000 1 0 1
0 -0.6540078 0.3633610 1.0954915 -0.5921925 0.7744055 -0.2227200 0.1250000 0.5000000 1 0 1
assets/Turret.png
0 -0.4996175 0.5258610 1.2500000 -0.3551101 0.9113868 -0.2080164 0.1250000 0.5000000 1 0 1
0 -0.2626644 0.6181867 1.2500000 -0.3551101 0.9113868 -0.2080164 0.1250000 0.5000000 1 0 1
0 -0.2498087 0.5879305 1.0954915 -0.3551101 0.9113868 -0.2080164 0.1250000 0.5000000 1 0 1
assets/Turret.png
0 -0.4996175 0.5258610 1.2500000 -0.3551101 0.9113868 -0.2080164 0.1250000 0.5000000 1 0 1
0 -0.2498087 0.5879305 1.0954915 -0.3551101 0.9113868 -0.2080164 0.1250000 0.5000000 1 0 1
0 -0.4751644 0.5001236 1.0954915 -0.3551101 0.9113868 -0.2080164 0.1250000 0.5000000 1 0 1
assets/Turret.png
0 -0.2626644 0.6181867 1.2500000 -0.1178030 0.9726337 -0.2002651 0.1250000 0.5000000 1 0 1
0 -0.0000000 0.6500000 1.2500000 -0.1178030 0.9726337 -0.2002651 0.1250000 0.5000000 1 0 1
0 -0.0000000 0.6181867 1.0954915 -0.1178030 0.9726337 -0.2002651 0.1250000 0.5000000 1 0 1
assets/Turret.png
0 -0.2626644 0.6181867 1.2500000 -0.1178030 0.9726337 -0.2002651 0.1250000 0.5000000 1 0 1
0 -0.0000000 0.6181867 1.0954915 -0.1178030 0.9726337 -0.2002651 0.1250000 0.5000000 1 0 1
0 -0.2498087 0.5879305 1.0954915 -0.1178030 0.9726337 -0.2002651 0.1250000 0.5000000 1 0 1
assets/Turret.png
0 -0.0000000 0.6500000 1.2500000 0.1178030 0.9726337 -0.2002651 0.1250000 0.5000000 1 0 1
0 0.2626644 0.6181867 1.2500000 0.1178030 0.9726337 -0.2002651 0.1250000 0.5000000 1 0 1
0 0.2498087 0.5879305 1.0954915 0.1178030 0.9726337 -0.2002651 0.1250000 0.5000000 1 0 1
assets/Turret.png
0 -0.0000000 0.6500000 1.2500000 0.1178030 0.9726337 -0.2002651 0.1250000 0.5000000 1 0 1
0 0.2498087 0.5879305 1.0954915 0.1178030 0.9726337 -0.2002651 0.1250000 0.5000000 1 0 1
0 -0.0000000 0.6181867 1.0954915 0.1178030 0.9726337 -0.2002651 0.1250000 0.5000000 1 0 1
assets/Turret.png
0 0.2626644 0.6181867 1.2500000 0.3551101 0.9113868 -0.2080164 0.1250000 0.5000000 1 0 1
0 0.4996175 0.5258610 1.2500000 0.3551101 0.9113868 -0.2080164 0.1250000 0.5000000 1 0 1
0 0.4751644 0.5001236 1.0954915 0.3551101 0.9113868 -0.2080164 0.1250000 0.5000000 1 0 1
assets/Turret.png
0 0.2626644 0.6181867 1.2500000 0.3551101 0.9113868 -0.2080164 0.1250000 0.5000000 1 0 1
0 0.4751644 0.5001236 1.0954915 0.3551101 0.9113868 -0.2080164 0.1250000 0.5000000 1 0 1
0 0.2498087 0.5879305 1.0954915 0.3551101 0.9113868 -0.2080164 0.1250000 0.5000000 1 0 1
assets/Turret.png
0 0.4996175 0.5258610 1.2500000 0.5921925 0.7744055 -0.2227200 0.1250000 0.5000000 1 0 1
0 0.6876644 0.3820604 1.2500000 0.5921925 0.7744055 -0.2227200 0.1250000 0.5000000 1 0 1
0 0.6540078 0.3633610 1.0954915 0.5921925 0.7744055 -0.2227200 0.1250000 0.5000000 1 0 1
assets/Turret.png
0 0.4996175 0.5258610 1.2500000 0.5921925 0.7744055 -0.2227200 0.1250000 0.5000000 1 0 1
0 0.6540078 0.3633610 1.0954915 0.5921925 0.7744055 -0.2227200 0.1250000 0.5000000 1 0 1
0 0.4751644 0.5001236 1.0954915 0.5921925 0.7744055 -0.2227200 0.1250000 0.5000000 1 0 1
assets/Turret.png
0 0.6876644 0.3820604 1.2500000 0.8076492 0.5381387 -0.2410590 0.1250000 0.5000000 1 0 1
0 0.8083980 0.2008610 1.2500000 0.8076492 0.5381387 -0.2410590 0.1250000 0.5000000 1 0 1
0 0.7688322 0.1910302 1.0954915 0.8076492 0.5381387 -0.2410590 0.1250000 0.5000000 1 0 1
assets/Turret.png
0 0.6876644 0.3820604 1.2500000 0.8076492 0.5381387 -0.2410590 0.1250000 0.5000000 1 0 1
0 0.7688322 0.1910302 1.0954915 0.8076492 0.5381387 -0.2410590 0.1250000 0.5000000 1 0 1
0 0.6540078 0.3633610 1.0954915 0.8076492 0.5381387 -0.2410590 0.1250000 0.5000000 1 0 1
assets/Turret.png
0 0.8083980 0.2008610 1.2500000 0.9468596 0.1961118 -0.2549453 0.1250000 0.5000000 1 0 1
0 0.8500000 0.0000000 1.2500000 0.9468596 0.1961118 -0.2549453 0.1250000 0.5000000 1 0 1
0 0.8083980 0.0000000 1.0954915 0.9468596 0.1961118 -0.2549453 0.1250000 0.5000000 1 0 1
assets/Turret.png
0 0.8083980 0.2008610 1.2500000 0.9468596 0.1961118 -0.2549453 0.1250000 0.5000000 1 0 1
0 0.8083980 0.0000000 1.0954915 0.9468596 0.1961118 -0.2549453 0.1250000 0.5000000 1 0 1
0 0.7688322 0.1910302 1.0954915 0.9468596 0.1961118 -0.2549453 0.1250000 0.5000000 1 0 1
assets/Turret.png
0 0.8083980 -0.0000000 1.0954915 0.7467702 -0.1546696 -0.6468474 0.1250000 0.5000000 1 0 1
0 0.7688322 -0.1910302 1.0954915 0.7467702 -0.1546696 -0.6468474 0.1250000 0.5000000 1 0 1
0 0.6540078 -0.1625000 0.9561074 0.7467702 -0.1546696 -0.6468474 0.1250000 0.5000000 1 0 1
assets/Turret.png
0 0.8083980 -0.0000000 1.0954915 0.7467702 -0.1546696 -0.6468474 0.1250000 0.5000000 1 0 1
0 0.6540078 -0.1625000 0.9561074 0.7467702 -0.1546696 -0.6468474 0.1250000 0.5000000 1 0 1
0 0.6876644 -0.0000000 0.9561074 0.7467702 -0.1546696 -0.6468474 0.1250000 0.5000000 1 0 1
assets/Turret.png
0 0.7688322 -0.1910302 1.0954915 0.6501311 -0.4331840 -0.6242446 0.1250000 0.5000000 1 0 1
0 0.6540078 -0.3633610 1.0954915 0.6501311 -0.4331840 -0.6242446 0.1250000 0.5000000 1 0 1
0 0.5563322 -0.3090934 0.9561074 0.6501311 -0.4331840 -0.6242446 0.1250000 0.5000000 1 0 1
assets/Turret.png
0 0.7688322 -0.1910302 1.0954915 0.6501311 -0.4331840 -0.6242446 0.1250000 0.5000000 1 0 1
0 0.5563322 -0.3090934 0.9561074 0.6501311 -0.4331840 -0.6242446 0.1250000 0.5000000 1 0 1
0 0.6540078 -0.1625000 0.9561074 0.6501311 -0.4331840 -0.6242446 0.1250000 0.5000000 1 0 1
assets/Turret.png
0 0.6540078 -0.3633610 1.0954915 0.4894722 -0.6400790 -0.5922127 0.1250000 0.5000000 1 0 1
0 0.4751644 -0.5001236 1.0954915 0.4894722 -0.6400790 -0.5922127 0.1250000 0.5000000 1 0 1
0 0.4041990 -0.4254305 0.9561074 0.4894722 -0.6400790 -0.5922127 0.1250000 0.5000000 1 0 1
assets/Turret.png
0 0.6540078 -0.3633610 1.0954915 0.4894722 -0.6400790 -0.5922127 0.1250000 0.5000000 1 0 1
0 0.4041990 -0.4254305 0.9561074 0.4894722 -0.6400790 -0.5922127 0.1250000 0.5000000 1 0 1
0 0.5563322 -0.3090934 0.9561074 0.4894722 -0.6400790 -0.5922127 0.1250000 0.5000000 1 0 1
assets/Turret.png
0 0.4751644 -0.5001236 1.0954915 0.2996366 -0.7690145 -0.5646545 0.1250000 0.5000000 1 0 1
0 0.2498087 -0.5879305 1.0954915 0.2996366 -0.7690145 -0.5646545 0.1250000 0.5000000 1 0 1
0 0.2125000 -0.5001236 0.9561074 0.2996366 -0.7690145 -0.5646545 0.1250000 0.5000000 1 0 1
assets/Turret.png
0 0.4751644 -0.5001236 1.0954915 0.2996366 -0.7690145 -0.5646545 0.1250000 0.5000000 1 0 1
0 0.2125000 -0.5001236 0.9561074 0.2996366 -0.7690145 -0.5646545 0.1250000 0.5000000 1 0 1
0 0.4041990 -0.4254305 0.9561074 0.2996366 -0.7690145 -0.5646545 0.1250000 0.5000000 1 0 1
assets/Turret.png
0 0.2498087 -0.5879305 1.0954915 0.1004642 -0.8294769 -0.5494315 0.1250000 0.5000000 1 0 1
0 0.0000000 -0.6181867 1.0954915 0.1004642 -0.8294769 -0.5494315 0.1250000 0.5000000 1 0 1
0 0.0000000 -0.5258610 0.9561074 0.1004642 -0.8294769 -0.5494315 0.1250000 0.5000000 1 0 1
assets/Turret.png
0 0.2498087 -0.5879305 1.0954915 0.1004642 -0.8294769 -0.5494315 0.1250000 0.5000000 1 0 1
0 0.0000000 -0.5258610 0.9561074 0.1004642 -0.8294769 -0.5494315 0.1250000 0.5000000 1 0 1
0 0.2125000 -0.5001236 0.9561074 0.1004642 -0.8294769 -0.5494315 0.1250000 0.5000000 1 0 1
assets/Turret.png
0 0.0000000 -0.6181867 1.0954915 -0.1004642 -0.8294769 -0.5494315 0.1250000 0.5000000 1 0 1
0 -0.2498087 -0.5879305 1.0954915 -0.1004642 -0.8294769 -0.5494315 0.1250000 0.5000000 1 0 1
0 -0.2125000 -0.5001236 0.9561074 -0.1004642 -0.8294769 -0.5494315 0.1250000 0.5000000 1 0 1
assets/Turret.png
0 0.0000000 -0.6181867 1.0954915 -0.1004642 -0.8294769 -0.5494315 0.1250000 0.5000000 1 0 1
0 -0.2125000 -0.5001236 0.9561074 -0.1004642 -0.8294769 -0.5494315 0.1250000 0.5000000 1 0 1
0 0.0000000 -0.5258610 0.9561074 -0.1004642 -0.8294769 -0.5494315 0.1250000 0.5000000 1 0 1
assets/Turret.png
0 -0.2498087 -0.5879305 1.0954915 -0.2996366 -0.7690145 -0.5646545 0.1250000 0.5000000 1 0 1
0 -0.4751644 -0.5001236 1.0954915 -0.2996366 -0.7690145 -0.5646545 0.1250000 0.5000000 1 0 1
0 -0.4041990 -0.4254305 0.9561074 -0.2996366 -0.7690145 -0.5646545 0.1250000 0.5000000 1 0 1
assets/Turret.png
0 -0.2498087 -0.5879305 1.0954915 -0.2996366 -0.7690145 -0.5646545 0.1250000 0.5000000 1 0 1
0 -0.4041990 -0.4254305 0.9561074 -0.2996366 -0.7690145 -0.5646545 0.1250000 0.5000000 1 0 1
0 -0.2125000 -0.5001236 0.9561074 -0.2996366 -0.7690145 -0.5646545 0.1250000 0.5000000 1 0 1
assets/Turret.png
0 -0.4751644 -0.5001236 1.0954915 -0.4894722 -0.6400790 -0.5922127 0.1250000 0.5000000 1 0 1
0 -0.6540078 -0.3633610 1.0954915 -0.4894722 -0.6400790 -0.5922127 0.1250000 0.5000000 1 0 1
0 -0.5563322 -0.3090934 0.9561074 -0.4894722 -0.6400790 -0.5922127 0.1250000 0.5000000 1 0 1
assets/Turret.png
0 -0.4751644 -0.5001236 1.0954915 -0.4894722 -0.6400790 -0.5922127 0.1250000 0.5000000 1 0 1
0 -0.5563322 -0.3090934 0.9561074 -0.4894722 -0.6400790 -0.5922127 0.1250000 0.5000000 1 0 1
0 -0.4041990 -0.4254305 0.9561074 -0.4894722 -0.6400790 -0.5922127 0.1250000 0.5000000 1 0 1
assets/Turret.png
0 -0.6540078 -0.3633610 1.0954915 -0.6501311 -0.4331840 -0.6242446 0.1250000 0.5000000 1 0 1
0 -0.7688322 -0.1910302 1.0954915 -0.6501311 -0.4331840 -0.6242446 0.1250000 0.5000000 1 0 1
0 -0.6540078 -0.1625000 0.9561074 -0.6501311 -0.4331840 -0.6242446 0.1250000 0.5000000 1 0 1
assets/Turret.png
0 -0.6540078 -0.3633610 1.0954915 -0.6501311 -0.4331840 -0.6242446 0.1250000 0.5000000 1 0 1
0 -0.6540078 -0.1625000 0.9561074 -0.6501311 -0.4331840 -0.6242446 0.1250000 0.5000000 1 0 1
0 -0.5563322 -0.3090934 0.9561074 -0.6501311 -0.4331840 -0.6242446 0.1250000 0.5000000 1 0 1
assets/Turret.png
0 -0.7688322 -0.1910302 1.0954915 -0.7467702 -0.1546696 -0.6468474 0.1250000 0.5000000 1 0 1
0 -0.8083980 -0.0000000 1.0954915 -0.7467702 -0.1546696 -0.6468474 0.1250000 0.5000000 1 0 1
0 -0.6876644 -0.0000000 0.9561074 -0.7467702 -0.1546696 -0.6468474 0.1250000 0.5000000 1 0 1
assets/Turret.png
0 -0.7688322 -0.1910302 1.0954915 -0.7467702 -0.1546696 -0.6468474 0.1250000 0.5000000 1 0 1
0 -0.6876644 -0.0000000 0.9561074 -0.7467702 -0.1546696 -0.6468474 0.1250000 0.5000000 1 0 1
0 -0.6540078 -0.1625000 0.9561074 -0.7467702 -0.1546696 -0.6468474 0.1250000 0.5000000 1 0 1
assets/Turret.png
0 -0.8083980 -0.0000000 1.0954915 -0.7467702 0.1546696 -0.6468474 0.1250000 0.5000000 1 0 1
0 -0.7688322 0.1910302 1.0954915 -0.7467702 0.1546696 -0.6468474 0.1250000 0.5000000 1 0 1
0 -0.6540078 0.1625000 0.9561074 -0.7467702 0.1546696 -0.6468474 0.1250000 0.5000000 1 0 1
assets/Turret.png
0 -0.8083980 -0.0000000 1.0954915 -0.7467702 0.1546696 -0.6468474 0.1250000 0.5000000 1 0 1
0 -0.6540078 0.1625000 0.9561074 -0.7467702 0.1546696 -0.6468474 0.1250000 0.5000000 1 0 1
0 -0.6876644 -0.0000000 0.9561074 -0.7467702 0.1546696 -0.6468474 0.1250000 0.5000000 1 0 1
assets/Turret.png
0 -0.7688322 0.1910302 1.0954915 -0.6501311 0.4331840 -0.6242446 0.1250000 0.5000000 1 0 1
0 -0.6540078 0.3633610 1.0954915 -0.6501311 0.4331840 -0.6242446 0.1250000 0.5000000 1 0 1
0 -0.5563322 0.3090934 0.9561074 -0.6501311 0.4331840 -0.6242446 0.1250000 0.5000000 1 0 1
assets/Turret.png
0 -0.7688322 0.1910302 1.0954915 -0.6501311 0.4331840 -0.6242446 0.1250000 0.5000000 1 0 1
0 -0.5563322 0.3090934 0.9561074 -0.6501311 0.4331840 -0.6242446 0.1250000 0.5000000 1 0 1
0 -0.6540078 0.1625000 0.9561074 -0.6501311 0.4331840 -0.6242446 0.1250000 0.5000000 1 0 1
assets/Turret.png
0 -0.6540078 0.3633610 1.0954915 -0.4894722 0.6400790 -0.5922127 0.1250000 0.5000000 1 0 1
0 -0.4751644 0.5001236 1.0954915 -0.4894722 0.6400790 -0.5922127 0.1250000 0.5000000 1 0 1
0 -0.4041990 0.4254305 0.9561074 -0.4894722 0.6400790 -0.5922127 0.1250000 0.5000000 1 0 1
assets/Turret.png
0 -0.6540078 0.3633610 1.0954915 -0.4894722 0.6400790 -0.5922127 0.1250000 0.5000000 1 0 1
0 -0.4041990 0.4254305 0.9561074 -0.4894722 0.6400790 -0.5922127 0.1250000 0.5000000 1 0 1
0 -0.5563322 0.3090934 0.9561074 -0.4894722 0.6400790 -0.5922127 0.1250000 0.5000000 1 0 1
assets/Turret.png
0 -0.4751644 0.5001236 1.0954915 -0.2996366 0.7690145 -0.5646545 0.1250000 0.5000000 1 0 1
0 -0.2498087 0.5879305 1.0954915 -0.2996366 0.7690145 -0.5646545 0.1250000 0.5000000 1 0 1
0 -0.2125000 0.5001236 0.9561074 -0.2996366 0.7690145 -0.5646545 0.1250000 0.5000000 1 0 1
assets/Turret.png
0 -0.4751644 0.5001236 1.0954915 -0.2996366 0.7690145 -0.5646545 0.1250000 0.5000000 1 0 1
0 -0.2125000 0.5001236 0.9561074 -0.2996366 0.7690145 -0.5646545 0.1250000 0.5000000 1 0 1
0 -0.4041990 0.4254305 0.9561074 -0.2996366 0.7690145 -0.5646545 0.1250000 0.5000000 1 0 1
assets/Turret.png
0 -0.2498087 0.5879305 1.0954915 -0.1004642 0.8294769 -0.5494315 0.1250000 0.5000000 1 0 1
0 -0.0000000 0.6181867 1.0954915 -0.1004642 0.8294769 -0.5494315 0.1250000 0.5000000 1 0 1
0 -0.0000000 0.5258610 0.9561074 -0.1004642 0.8294769 -0.5494315 0.1250000 0.5000000 1 0 1
assets/Turret.png
0 -0.2498087 0.5879305 1.0954915 -0.1004642 0.8294769 -0.5494315 0.1250000 0.5000000 1 0 1
0 -0.0000000 0.5258610 0.9561074 -0.1004642 0.8294769 -0.5494315 0.1250000 0.5000000 1 0 1
0 -0.2125000 0.5001236 0.9561074 -0.1004642 0.8294769 -0.5494315 0.1250000 0.5000000 1 0 1
assets/Turret.png
0 -0.0000000 0.6181867 1.0954915 0.1004642 0.8294769 -0.5494315 0.1250000 0.5000000 1 0 1
0 0.2498087 0.5879305 1.0954915 0.1004642 0.8294769 -0.5494315 0.1250000 0.5000000 1 0 1
0 0.2125000 0.5001236 0.9561074 0.1004642 0.8294769 -0.5494315 0.1250000 0.5000000 1 0 1
assets/Turret.png
0 -0.0000000 0.6181867 1.0954915 0.1004642 0.8294769 -0.5494315 0.1250000 0.5000000 1 0 1
0 0.2125000 0.5001236 0.9561074 0.1004642 0.8294769 -0.5494315 0.1250000 0.5000000 1 0 1
0 -0.0000000 0.5258610 0.9561074 0.1004642 0.8294769 -0.5494315 0.1250000 0.5000000 1 0 1
assets/Turret.png
0 0.2498087 0.5879305 1.0954915 0.2996366 0.7690145 -0.5646545 0.1250000 0.5000000 1 0 1
0 0.4751644 0.5001236 1.0954915 0.2996366 0.7690145 -0.5646545 0.1250000 0.5000000 1 0 1
0 0.4041990 0.4254305 0.9561074 0.2996366 0.7690145 -0.5646545 0.1250000 0.5000000 1 0 1
assets/Turret.png
0 0.2498087 0.5879305 1.0954915 0.2996366 0.7690145 -0.5646545 0.1250000 0.5000000 1 0 1
0 0.4041990 0.4254305 0.9561074 0.2996366 0.7690145 -0.5646545 0.1250000 0.5000000 1 0 1
0 0.2125000 0.5001236 0.9561074 0.2996366 0.7690145 -0.5646545 0.1250000 0.5000000 1 0 1
assets/Turret.png
0 0.4751644 0.5001236 1.0954915 0.4894722 0.6400790 -0.5922127 0.1250000 0.5000000 1 0 1
0 0.6540078 0.3633610 1.0954915 0.4894722 0.6400790 -0.5922127 0.1250000 0.5000000 1 0 1
0 0.5563322 0.3090934 0.9561074 0.4894722 0.6400790 -0.5922127 0.1250000 0.5000000 1 0 1
assets/Turret.png
0 0.4751644 0.5001236 1.0954915 0.4894722 0.6400790 -0.5922127 0.1250000 0.5000000 1 0 1
0 0.5563322 0.3090934 0.9561074 0.4894722 0.6400790 -0.5922127 0.1250000 0.5000000 1 0 1
0 0.4041990 0.4254305 0.9561074 0.4894722 0.6400790 -0.5922127 0.1250000 0.5000000 1 0 1
assets/Turret.png
0 0.6540078 0.3633610 1.0954915 0.6501311 0.4331840 -0.6242446 0.1250000 0.5000000 1 0 1
0 0.7688322 0.1910302 1.0954915 0.6501311 0.4331840 -0.6242446 0.1250000 0.5000000 1 0 1
0 0.6540078 0.1625000 0.9561074 0.6501311 0.4331840 -0.6242446 0.1250000 0.5000000 1 0 1
assets/Turret.png
0 0.6540078 0.3633610 1.0954915 0.6501311 0.4331840 -0.6242446 0.1250000 0.5000000 1 0 1
0 0.6540078 0.1625000 0.9561074 0.6501311 0.4331840 -0.6242446 0.1250000 0.5000000 1 0 1
0 0.5563322 0.3090934 0.9561074 0.6501311 0.4331840 -0.6242446 0.1250000 0.5000000 1 0 1
assets/Turret.png
0 0.7688322 0.1910302 1.0954915 0.7467702 0.1546696 -0.6468474 0.1250000 0.5000000 1 0 1
0 0.8083980 0.0000000 1.0954915 0.7467702 0.1546696 -0.6468474 0.1250000 0.5000000 1 0 1
0 0.6876644 0.0000000 0.9561074 0.7467702 0.1546696 -0.6468474 0.1250000 0.5000000 1 0 1
assets/Turret.png
0 0.7688322 0.1910302 1.0954915 0.7467702 0.1546696 -0.6468474 0.1250000 0.5000000 1 0 1
0 0.6876644 0.0000000 0.9561074 0.7467702 0.1546696 -0.6468474 0.1250000 0.5000000 1 0 1
0 0.6540078 0.1625000 0.9561074 0.7467702 0.1546696 -0.6468474 0.1250000 0.5000000 1 0 1
assets/Turret.png
0 0.6876644 -0.0000000 0.9561074 0.5042474 -0.1044388 -0.8572206 0.1250000 0.5000000 1 0 1
0 0.6540078 -0.1625000 0.9561074 0.5042474 -0.1044388 -0.8572206 0.1250000 0.5000000 1 0 1
0 0.4751644 -0.1180632 0.8454915 0.5042474 -0.1044388 -0.8572206 0.1250000 0.5000000 1 0 1
assets/Turret.png
0 0.6876644 -0.0000000 0.9561074 0.5042474 -0.1044388 -0.8572206 0.1250000 0.5000000 1 0 1
0 0.4751644 -0.1180632 0.8454915 0.5042474 -0.1044388 -0.8572206 0.1250000 0.5000000 1 0 1
0 0.4996175 -0.0000000 0.8454915 0.5042474 -0.1044388 -0.8572206 0.1250000 0.5000000 1 0 1
assets/Turret.png
0 0.6540078 -0.1625000 0.9561074 0.4474300 -0.2981237 -0.8431659 0.1250000 0.5000000 1 0 1
0 0.5563322 -0.3090934 0.9561074 0.4474300 -0.2981237 -0.8431659 0.1250000 0.5000000 1 0 1
0 0.4041990 -0.2245695 0.8454915 0.4474300 -0.2981237 -0.8431659 0.1250000 0.5000000 1 0 1
assets/Turret.png
0 0.6540078 -0.1625000 0.9561074 0.4474300 -0.2981237 -0.8431659 0.1250000 0.5000000 1 0 1
0 0.4041990 -0.2245695 0.8454915 0.4474300 -0.2981237 -0.8431659 0.1250000 0.5000000 1 0 1
0 0.4751644 -0.1180632 0.8454915 0.4474300 -0.2981237 -0.8431659 0.1250000 0.5000000 1 0 1
assets/Turret.png
0 0.5563322 -0.3090934 0.9561074 0.3460930 -0.4525832 -0.8218200 0.1250000 0.5000000 1 0 1
0 0.4041990 -0.4254305 0.9561074 0.3460930 -0.4525832 -0.8218200 0.1250000 0.5000000 1 0 1
0 0.2936678 -0.3090934 0.8454915 0.3460930 -0.4525832 -0.8218200 0.1250000 0.5000000 1 0 1
assets/Turret.png
0 0.5563322 -0.3090934 0.9561074 0.3460930 -0.4525832 -0.8218200 0.1250000 0.5000000 1 0 1
0 0.2936678 -0.3090934 0.8454915 0.3460930 -0.4525832 -0.8218200 0.1250000 0.5000000 1 0 1
0 0.4041990 -0.2245695 0.8454915 0.3460930 -0.4525832 -0.8218200 0.1250000 0.5000000 1 0 1
assets/Turret.png
0 0.4041990 -0.4254305 0.9561074 0.2168511 -0.5565464 -0.8020173 0.1250000 0.5000000 1 0 1
0 0.2125000 -0.5001236 0.9561074 0.2168511 -0.5565464 -0.8020173 0.1250000 0.5000000 1 0 1
0 0.1543903 -0.3633610 0.8454915 0.2168511 -0.5565464 -0.8020173 0.1250000 0.5000000 1 0 1
assets/Turret.png
0 0.4041990 -0.4254305 0.9561074 0.2168511 -0.5565464 -0.8020173 0.1250000 0.5000000 1 0 1
0 0.1543903 -0.3633610 0.8454915 0.2168511 -0.5565464 -0.8020173 0.1250000 0.5000000 1 0 1
0 0.2936678 -0.3090934 0.8454915 0.2168511 -0.5565464 -0.8020173 0.1250000 0.5000000 1 0 1
assets/Turret.png
0 0.2125000 -0.5001236 0.9561074 0.0736461 -0.6080551 -0.7904716 0.1250000 0.5000000 1 0 1
0 0.0000000 -0.5258610 0.9561074 0.0736461 -0.6080551 -0.7904716 0.1250000 0.5000000 1 0 1
0 0.0000000 -0.3820604 0.8454915 0.0736461 -0.6080551 -0.7904716 0.1250000 0.5000000 1 0 1
assets/Turret.png
0 0.2125000 -0.5001236 0.9561074 0.0736461 -0.6080551 -0.7904716 0.1250000 0.5000000 1 0 1
0 0.0000000 -0.3820604 0.8454915 0.0736461 -0.6080551 -0.7904716 0.1250000 0.5000000 1 0 1
0 0.1543903 -0.3633610 0.8454915 0.0736461 -0.6080551 -0.7904716 0.1250000 0.5000000 1 0 1
assets/Turret.png
0 0.0000000 -0.5258610 0.9561074 -0.0736461 -0.6080551 -0.7904716 0.1250000 0.5000000 1 0 1
0 -0.2125000 -0.5001236 0.9561074 -0.0736461 -0.6080551 -0.7904716 0.1250000 0.5000000 1 0 1
0 -0.1543903 -0.3633610 0.8454915 -0.0736461 -0.6080551 -0.7904716 0.1250000 0.5000000 1 0 1
assets/Turret.png
0 0.0000000 -0.5258610 0.9561074 -0.0736461 -0.6080551 -0.7904716 0.1250000 0.5000000 1 0 1
0 -0.1543903 -0.3633610 0.8454915 -0.0736461 -0.6080551 -0.7904716 0.1250000 0.5000000 1 0 1
0 0.0000000 -0.3820604 0.8454915 -0.0736461 -0.6080551 -0.7904716 0.1250000 0.5000000 1 0 1
assets/Turret.png
0 -0.2125000 -0.5001236 0.9561074 -0.2168511 -0.5565464 -0.8020173 0.1250000 0.5000000 1 0 1
0 -0.4041990 -0.4254305 0.9561074 -0.2168511 -0.5565464 -0.8020173 0.1250000 0.5000000 1 0 1
0 -0.2936678 -0.3090934 0.8454915 -0.2168511 -0.5565464 -0.8020173 0.1250000 0.5000000 1 0 1
assets/Turret.png
0 -0.2125000 -0.5001236 0.9561074 -0.2168511 -0.5565464 -0.8020173 0.1250000 0.5000000 1 0 1
0 -0.2936678 -0.3090934 0.8454915 -0.2168511 -0.5565464 -0.8020173 0.1250000 0.5000000 1 0 1
0 -0.1543903 -0.3633610 0.8454915 -0.2168511 -0.5565464 -0.8020173 0.1250000 0.5000000 1 0 1
assets/Turret.png
0 -0.4041990 -0.4254305 0.9561074 -0.3460930 -0.4525832 -0.8218200 0.1250000 0.5000000 1 0 1
0 -0.5563322 -0.3090934 0.9561074 -0.3460930 -0.4525832 -0.8218200 0.1250000 0.5000000 1 0 1
0 -0.4041990 -0.2245695 0.8454915 -0.3460930 -0.4525832 -0.8218200 0.1250000 0.5000000 1 0 1
assets/Turret.png
0 -0.4041990 -0.4254305 0.9561074 -0.3460930 -0.4525832 -0.8218200 0.1250000 0.5000000 1 0 1
0 -0.4041990 -0.2245695 0.8454915 -0.3460930 -0.4525832 -0.8218200 0.1250000 0.5000000 1 0 1
0 -0.2936678 -0.3090934 0.8454915 -0.3460930 -0.4525832 -0.8218200 0.1250000 0.5000000 1 0 1
assets/Turret.png
0 -0.5563322 -0.3090934 0.9561074 -0.4474300 -0.2981237 -0.8431659 0.1250000 0.5000000 1 0 1
0 -0.6540078 -0.1625000 0.9561074 -0.4474300 -0.2981237 -0.8431659 0.1250000 0.5000000 1 0 1
0 -0.4751644 -0.1180632 0.8454915 -0.4474300 -0.2981237 -0.8431659 0.1250000 0.5000000 1 0 1
assets/Turret.png
0 -0.5563322 -0.3090934 0.9561074 -0.4474300 -0.2981237 -0.8431659 0.1250000 0.5000000 1 0 1
0 -0.4751644 -0.1180632 0.8454915 -0.4474300 -0.2981237 -0.8431659 0.1250000 0.5000000 1 0 1
0 -0.4041990 -0.2245695 0.8454915 -0.4474300 -0.2981237 -0.8431659 0.1250000 0.5000000 1 0 1
assets/Turret.png
0 -0.6540078 -0.1625000 0.9561074 -0.5042474 -0.1044388 -0.8572206 0.1250000 0.5000000 1 0 1
0 -0.6876644 -0.0000000 0.9561074 -0.5042474 -0.1044388 -0.8572206 0.1250000 0.5000000 1 0 1
0 -0.4996175 -0.0000000 0.8454915 -0.5042474 -0.1044388 -0.8572206 0.1250000 0.5000000 1 0 1
assets/Turret.png
0 -0.6540078 -0.1625000 0.9561074 -0.5042474 -0.1044388 -0.8572206 0.1250000 0.5000000 1 0 1
0 -0.4996175 -0.0000000 0.8454915 -0.5042474 -0.1044388 -0.8572206 0.1250000 0.5000000 1 0 1
0 -0.4751644 -0.1180632 0.8454915 -0.5042474 -0.1044388 -0.8572206 0.1250000 0.5000000 1 0 1
assets/Turret.png
0 -0.6876644 -0.0000000 0.9561074 -0.5042474 0.1044388 -0.8572206 0.1250000 0.5000000 1 0 1
0 -0.6540078 0.1625000 0.9561074 -0.5042474 0.1044388 -0.8572206 0.1250000 0.5000000 1 0 1
0 -0.4751644 0.1180632 0.8454915 -0.5042474 0.1044388 -0.8572206 0.1250000 0.5000000 1 0 1
assets/Turret.png
0 -0.6876644 -0.0000000 0.9561074 -0.5042474 0.1044388 -0.8572206 0.1250000 0.5000000 1 0 1
0 -0.4751644 0.1180632 0.8454915 -0.5042474 0.1044388 -0.8572206 0.1250000 0.5000000 1 0 1
0 -0.4996175 -0.0000000 0.8454915 -0.5042474 0.1044388 -0.8572206 0.1250000 0.5000000 1 0 1
assets/Turret.png
0 -0.6540078 0.1625000 0.9561074 -0.4474300 0.2981237 -0.8431659 0.1250000 0.5000000 1 0 1
0 -0.5563322 0.3090934 0.9561074 -0.4474300 0.2981237 -0.8431659 0.1250000 0.5000000 1 0 1
0 -0.4041990 0.2245695 0.8454915 -0.4474300 0.2981237 -0.8431659 0.1250000 0.5000000 1 0 1
assets/Turret.png
0 -0.6540078 0.1625000 0.9561074 -0.4474300 0.2981237 -0.8431659 0.1250000 0.5000000 1 0 1
0 -0.4041990 0.2245695 0.8454915 -0.4474300 0.2981237 -0.8431659 0.1250000 0.5000000 1 0 1
0 -0.4751644 0.1180632 0.8454915 -0.4474300 0.2981237 -0.8431659 0.1250000 0.5000000 1 0 1
assets/Turret.png
0 -0.5563322 0.3090934 0.9561074 -0.3460930 0.4525832 -0.8218200 0.1250000 0.5000000 1 0 1
0 -0.4041990 0.4254305 0.9561074 -0.3460930 0.4525832 -0.8218200 0.1250000 0.5000000 1 0 1
0 -0.2936678 0.3090934 0.8454915 -0.3460930 0.4525832 -0.8218200 0.1250000 0.5000000 1 0 1
assets/Turret.png
0 -0.5563322 0.3090934 0.9561074 -0.3460930 0.4525832 -0.8218200 0.1250000 0.5000000 1 0 1
0 -0.2936678 0.3090934 0.8454915 -0.3460930 0.4525832 -0.8218200 0.1250000 0.5000000 1 0 1
0 -0.4041990 0.2245695 0.8454915 -0.3460930 0.4525832 -0.8218200 0.1250000 0.5000000 1 0 1
assets/Turret.png
0 -0.4041990 0.4254305 0.9561074 -0.2168511 0.5565464 -0.8020173 0.1250000 0.5000000 1 0 1
0 -0.2125000 0.5001236 0.9561074 -0.2168511 0.5565464 -0.8020173 0.1250000 0.5000000 1 0 1
0 -0.1543903 0.3633610 0.8454915 -0.2168511 0.5565464 -0.8020173 0.1250000 0.5000000 1 0 1
assets/Turret.png
0 -0.4041990 0.4254305 0.9561074 -0.2168511 0.5565464 -0.8020173 0.1250000 0.5000000 1 0 1
0 -0.1543903 0.3633610 0.8454915 -0.2168511 0.5565464 -0.8020173 0.1250000 0.5000000 1 0 1
0 -0.2936678 0.3090934 0.8454915 -0.2168511 0.5565464 -0.8020173 0.1250000 0.5000000 1 0 1
assets/Turret.png
0 -0.2125000 0.5001236 0.9561074 -0.0736461 0.6080551 -0.7904716 0.1250000 0.5000000 1 0 1
0 -0.0000000 0.5258610 0.9561074 -0.0736461 0.6080551 -0.7904716 0.1250000 0.5000000 1 0 1
0 -0.0000000 0.3820604 0.8454915 -0.0736461 0.6080551 -0.7904716 0.1250000 0.5000000 1 0 1
assets/Turret.png
0 -0.2125000 0.5001236 0.9561074 -0.0736461 0.6080551 -0.7904716 0.1250000 0.5000000 1 0 1
0 -0.0000000 0.3820604 0.8454915 -0.0736461 0.6080551 -0.7904716 0.1250000 0.5000000 1 0 1
0 -0.1543903 0.3633610 0.8454915 -0.0736461 0.6080551 -0.7904716 0.1250000 0.5000000 1 0 1
assets/Turret.png
0 -0.0000000 0.5258610 0.9561074 0.0736461 0.6080551 -0.7904716 0.1250000 0.5000000 1 0 1
0 0.2125000 0.5001236 0.9561074 0.0736461 0.6080551 -0.7904716 0.1250000 0.5000000 1 0 1
0 0.1543903 0.3633610 0.8454915 0.0736461 0.6080551 -0.7904716 0.1250000 0.5000000 1 0 1
assets/Turret.png
0 -0.0000000 0.5258610 0.9561074 0.0736461 0.6080551 -0.7904716 0.1250000 0.5000000 1 0 1
0 0.1543903 0.3633610 0.8454915 0.0736461 0.6080551 -0.7904716 0.1250000 0.5000000 1 0 1
0 -0.0000000 0.3820604 0.8454915 0.0736461 0.6080551 -0.7904716 0.1250000 0.5000000 1 0 1
assets/Turret.png
0 0.2125000 0.5001236 0.9561074 0.2168511 0.5565464 -0.8020173 0.1250000 0.5000000 1 0 1
0 0.4041990 0.4254305 0.9561074 0.2168511 0.5565464 -0.8020173 0.1250000 0.5000000 1 0 1
0 0.2936678 0.3090934 0.8454915 0.2168511 0.5565464 -0.8020173 0.1250000 0.5000000 1 0 1
assets/Turret.png
0 0.2125000 0.5001236 0.9561074 0.2168511 0.5565464 -0.8020173 0.1250000 0.5000000 1 0 1
0 0.2936678 0.3090934 0.8454915 0.2168511 0.5565464 -0.8020173 0.1250000 0.5000000 1 0 1
0 0.1543903 0.3633610 0.8454915 0.2168511 0.5565464 -0.8020173 0.1250000 0.5000000 1 0 1
assets/Turret.png
0 0.4041990 0.4254305 0.9561074 0.3460930 0.4525832 -0.8218200 0.1250000 0.5000000 1 0 1
0 0.5563322 0.3090934 0.9561074 0.3460930 0.4525832 -0.8218200 0.1250000 0.5000000 1 0 1
0 0.4041990 0.2245695 0.8454915 0.3460930 0.4525832 -0.8218200 0.1250000 0.5000000 1 0 1
assets/Turret.png
0 0.4041990 0.4254305 0.9561074 0.3460930 0.4525832 -0.8218200 0.1250000 0.5000000 1 0 1
0 0.4041990 0.2245695 0.8454915 0.3460930 0.4525832 -0.8218200 0.1250000 0.5000000 1 0 1
0 0.2936678 0.3090934 0.8454915 0.3460930 0.4525832 -0.8218200 0.1250000 0.5000000 1 0 1
assets/Turret.png
0 0.5563322 0.3090934 0.9561074 0.4474300 0.2981237 -0.8431659 0.1250000 0.5000000 1 0 1
0 0.6540078 0.1625000 0.9561074 0.4474300 0.2981237 -0.8431659 0.1250000 0.5000000 1 0 1
0 0.4751644 0.1180632 0.8454915 0.4474300 0.2981237 -0.8431659 0.1250000 0.5000000 1 0 1
assets/Turret.png
0 0.5563322 0.3090934 0.9561074 0.4474300 0.2981237 -0.8431659 0.1250000 0.5000000 1 0 1
0 0.4751644 0.1180632 0.8454915 0.4474300 0.2981237 -0.8431659 0.1250000 0.5000000 1 0 1
0 0.4041990 0.2245695 0.8454915 0.4474300 0.2981237 -0.8431659 0.1250000 0.5000000 1 0 1
assets/Turret.png
0 0.6540078 0.1625000 0.9561074 0.5042474 0.1044388 -0.8572206 0.1250000 0.5000000 1 0 1
0 0.6876644 0.0000000 0.9561074 0.5042474 0.1044388 -0.8572206 0.1250000 0.5000000 1 0 1
0 0.4996175 0.0000000 0.8454915 0.5042474 0.1044388 -0.8572206 0.1250000 0.5000000 1 0 1
assets/Turret.png
0 0.6540078 0.1625000 0.9561074 0.5042474 0.1044388 -0.8572206 0.1250000 0.5000000 1 0 1
0 0.4996175 0.0000000 0.8454915 0.5042474 0.1044388 -0.8572206 0.1250000 0.5000000 1 0 1
0 0.4751644 0.1180632 0.8454915 0.5042474 0.1044388 -0.8572206 0.1250000 0.5000000 1 0 1
assets/Turret.png
0 0.4996175 -0.0000000 0.8454915 0.2865963 -0.0593593 -0.9562108 0.1250000 0.5000000 1 0 1
0 0.4751644 -0.1180632 0.8454915 0.2865963 -0.0593593 -0.9562108 0.1250000 0.5000000 1 0 1
0 0.2498087 -0.0620695 0.7744717 0.2865963 -0.0593593 -0.9562108 0.1250000 0.5000000 1 0 1
assets/Turret.png
0 0.4996175 -0.0000000 0.8454915 0.2865963 -0.0593593 -0.9562108 0.1250000 0.5000000 1 0 1
0 0.2498087 -0.0620695 0.7744717 0.2865963 -0.0593593 -0.9562108 0.1250000 0.5000000 1 0 1
0 0.2626644 -0.0000000 0.7744717 0.2865963 -0.0593593 -0.9562108 0.1250000 0.5000000 1 0 1
assets/Turret.png
0 0.4751644 -0.1180632 0.8454915 0.2571498 -0.1713396 -0.9510608 0.1250000 0.5000000 1 0 1
0 0.4041990 -0.2245695 0.8454915 0.2571498 -0.1713396 -0.9510608 0.1250000 0.5000000 1 0 1
0 0.2125000 -0.1180632 0.7744717 0.2571498 -0.1713396 -0.9510608 0.1250000 0.5000000 1 0 1
assets/Turret.png
0 0.4751644 -0.1180632 0.8454915 0.2571498 -0.1713396 -0.9510608 0.1250000 0.5000000 1 0 1
0 0.2125000 -0.1180632 0.7744717 0.2571498 -0.1713396 -0.9510608 0.1250000 0.5000000 1 0 1
0 0.2498087 -0.0620695 0.7744717 0.2571498 -0.1713396 -0.9510608 0.1250000 0.5000000 1 0 1
assets/Turret.png
0 0.4041990 -0.2245695 0.8454915 0.2023244 -0.2645781 -0.9429015 0.1250000 0.5000000 1 0 1
0 0.2936678 -0.3090934 0.8454915 0.2023244 -0.2645781 -0.9429015 0.1250000 0.5000000 1 0 1
0 0.1543903 -0.1625000 0.7744717 0.2023244 -0.2645781 -0.9429015 0.1250000 0.5000000 1 0 1
assets/Turret.png
0 0.4041990 -0.2245695 0.8454915 0.2023244 -0.2645781 -0.9429015 0.1250000 0.5000000 1 0 1
0 0.1543903 -0.1625000 0.7744717 0.2023244 -0.2645781 -0.9429015 0.1250000 0.5000000 1 0 1
0 0.2125000 -0.1180632 0.7744717 0.2023244 -0.2645781 -0.9429015 0.1250000 0.5000000 1 0 1
assets/Turret.png
0 0.2936678 -0.3090934 0.8454915 0.1288046 -0.3305759 -0.9349486 0.1250000 0.5000000 1 0 1
0 0.1543903 -0.3633610 0.8454915 0.1288046 -0.3305759 -0.9349486 0.1250000 0.5000000 1 0 1
0 0.0811678 -0.1910302 0.7744717 0.1288046 -0.3305759 -0.9349486 0.1250000 0.5000000 1 0 1
assets/Turret.png
0 0.2936678 -0.3090934 0.8454915 0.1288046 -0.3305759 -0.9349486 0.1250000 0.5000000 1 0 1
0 0.0811678 -0.1910302 0.7744717 0.1288046 -0.3305759 -0.9349486 0.1250000 0.5000000 1 0 1
0 0.1543903 -0.1625000 0.7744717 0.1288046 -0.3305759 -0.9349486 0.1250000 0.5000000 1 0 1
assets/Turret.png
0 0.1543903 -0.3633610 0.8454915 0.0441545 -0.3645588 -0.9301329 0.1250000 0.5000000 1 0 1
0 0.0000000 -0.3820604 0.8454915 0.0441545 -0.3645588 -0.9301329 0.1250000 0.5000000 1 0 1
0 0.0000000 -0.2008610 0.7744717 0.0441545 -0.3645588 -0.9301329 0.1250000 0.5000000 1 0 1
assets/Turret.png
0 0.1543903 -0.3633610 0.8454915 0.0441545 -0.3645588 -0.9301329 0.1250000 0.5000000 1 0 1
0 0.0000000 -0.2008610 0.7744717 0.0441545 -0.3645588 -0.9301329 0.1250000 0.5000000 1 0 1
0 0.0811678 -0.1910302 0.7744717 0.0441545 -0.3645588 -0.9301329 0.1250000 0.5000000 1 0 1
assets/Turret.png
0 0.0000000 -0.3820604 0.8454915 -0.0441545 -0.3645588 -0.9301329 0.1250000 0.5000000 1 0 1
0 -0.1543903 -0.3633610 0.8454915 -0.0441545 -0.3645588 -0.9301329 0.1250000 0.5000000 1 0 1
0 -0.0811678 -0.1910302 0.7744717 -0.0441545 -0.3645588 -0.9301329 0.1250000 0.5000000 1 0 1
assets/Turret.png
0 0.0000000 -0.3820604 0.8454915 -0.0441545 -0.3645588 -0.9301329 0.1250000 0.5000000 1 0 1
0 -0.0811678 -0.1910302 0.7744717 -0.0441545 -0.3645588 -0.9301329 0.1250000 0.5000000 1 0 1
0 0.0000000 -0.2008610 0.7744717 -0.0441545 -0.3645588 -0.9301329 0.1250000 0.5000000 1 0 1
assets/Turret.png
0 -0.1543903 -0.3633610 0.8454915 -0.1288046 -0.3305759 -0.9349486 0.1250000 0.5000000 1 0 1
0 -0.2936678 -0.3090934 0.8454915 -0.1288046 -0.3305759 -0.9349486 0.1250000 0.5000000 1 0 1
0 -0.1543903 -0.1625000 0.7744717 -0.1288046 -0.3305759 -0.9349486 0.1250000 0.5000000 1 0 1
assets/Turret.png
0 -0.1543903 -0.3633610 0.8454915 -0.1288046 -0.3305759 -0.9349486 0.1250000 0.5000000 1 0 1
0 -0.1543903 -0.1625000 0.7744717 -0.1288046 -0.3305759 -0.9349486 0.1250000 0.5000000 1 0 1
0 -0.0811678 -0.1910302 0.7744717 -0.1288046 -0.3305759 -0.9349486 0.1250000 0.5000000 1 0 1
assets/Turret.png
0 -0.2936678 -0.3090934 0.8454915 -0.2023244 -0.2645781 -0.9429015 0.1250000 0.5000000 1 0 1
0 -0.4041990 -0.2245695 0.8454915 -0.2023244 -0.2645781 -0.9429015 0.1250000 0.5000000 1 0 1
0 -0.2125000 -0.1180632 0.7744717 -0.2023244 -0.2645781 -0.9429015 0.1250000 0.5000000 1 0 1
assets/Turret.png
0 -0.2936678 -0.3090934 0.8454915 -0.2023244 -0.2645781 -0.9429015 0.1250000 0.5000000 1 0 1
0 -0.2125000 -0.1180632 0.7744717 -0.2023244 -0.2645781 -0.9429015 0.1250000 0.5000000 1 0 1
0 -0.1543903 -0.1625000 0.7744717 -0.2023244 -0.2645781 -0.9429015 0.1250000 0.5000000 1 0 1
assets/Turret.png
0 -0.4041990 -0.2245695 0.8454915 -0.2571498 -0.1713396 -0.9510608 0.1250000 0.5000000 1 0 1
0 -0.4751644 -0.1180632 0.8454915 -0.2571498 -0.1713396 -0.9510608 0.1250000 0.5000000 1 0 1
0 -0.2498087 -0.0620695 0.7744717 -0.2571498 -0.1713396 -0.9510608 0.1250000 0.5000000 1 0 1
assets/Turret.png
0 -0.4041990 -0.2245695 0.8454915 -0.2571498 -0.1713396 -0.9510608 0.1250000 0.5000000 1 0 1
0 -0.2498087 -0.0620695 0.7744717 -0.2571498 -0.1713396 -0.9510608 0.1250000 0.5000000 1 0 1
0 -0.2125000 -0.1180632 0.7744717 -0.2571498 -0.1713396 -0.9510608 0.1250000 0.5000000 1 0 1
assets/Turret.png
0 -0.4751644 -0.1180632 0.8454915 -0.2865963 -0.0593593 -0.9562108 0.1250000 0.5000000 1 0 1
0 -0.4996175 -0.0000000 0.8454915 -0.2865963 -0.0593593 -0.9562108 0.1250000 0.5000000 1 0 1
0 -0.2626644 -0.0000000 0.7744717 -0.2865963 -0.0593593 -0.9562108 0.1250000 0.5000000 1 0 1
assets/Turret.png
0 -0.4751644 -0.1180632 0.8454915 -0.2865963 -0.0593593 -0.9562108 0.1250000 0.5000000 1 0 1
0 -0.2626644 -0.0000000 0.7744717 -0.2865963 -0.0593593 -0.9562108 0.1250000 0.5000000 1 0 1
0 -0.2498087 -0.0620695 0.7744717 -0.2865963 -0.0593593 -0.9562108 0.1250000 0.5000000 1 0 1
assets/Turret.png
0 -0.4996175 -0.0000000 0.8454915 -0.2865963 0.0593593 -0.9562108 0.1250000 0.5000000 1 0 1
0 -0.4751644 0.1180632 0.8454915 -0.2865963 0.0593593 -0.9562108 0.1250000 0.5000000 1 0 1
0 -0.2498087 0.0620695 0.7744717 -0.2865963 0.0593593 -0.9562108 0.1250000 0.5000000 1 0 1
assets/Turret.png
0 -0.4996175 -0.0000000 0.8454915 -0.2865963 0.0593593 -0.9562108 0.1250000 0.5000000 1 0 1
0 -0.2498087 0.0620695 0.7744717 -0.2865963 0.0593593 -0.9562108 0.1250000 0.5000000 1 0 1
0 -0.2626644 -0.0000000 0.7744717 -0.2865963 0.0593593 -0.9562108 0.1250000 0.5000000 1 0 1
assets/Turret.png
0 -0.4751644 0.1180632 0.8454915 -0.2571498 0.1713396 -0.9510608 0.1250000 0.5000000 1 0 1
0 -0.4041990 0.2245695 0.8454915 -0.2571498 0.1713396 -0.9510608 0.1250000 0.5000000 1 0 1
0 -0.2125000 0.1180632 0.7744717 -0.2571498 0.1713396 -0.9510608 0.1250000 0.5000000 1 0 1
assets/Turret.png
0 -0.4751644 0.1180632 0.8454915 -0.2571498 0.1713396 -0.9510608 0.1250000 0.5000000 1 0 1
0 -0.2125000 0.1180632 0.7744717 -0.2571498 0.1713396 -0.9510608 0.1250000 0.5000000 1 0 1
0 -0.2498087 0.0620695 0.7744717 -0.2571498 0.1713396 -0.9510608 0.1250000 0.5000000 1 0 1
assets/Turret.png
0 -0.4041990 0.2245695 0.8454915 -0.2023244 0.2645781 -0.9429015 0.1250000 0.5000000 1 0 1
0 -0.2936678 0.3090934 0.8454915 -0.2023244 0.2645781 -0.9429015 0.1250000 0.5000000 1 0 1
0 -0.1543903 0.1625000 0.7744717 -0.2023244 0.2645781 -0.9429015 0.1250000 0.5000000 1 0 1
assets/Turret.png
0 -0.4041990 0.2245695 0.8454915 -0.2023244 0.2645781 -0.9429015 0.1250000 0.5000000 1 0 1
0 -0.1543903 0.1625000 0.7744717 -0.2023244 0.2645781 -0.9429015 0.1250000 0.5000000 1 0 1
0 -0.2125000 0.1180632 0.7744717 -0.2023244 0.2645781 -0.9429015 0.1250000 0.5000000 1 0 1
assets/Turret.png
0 -0.2936678 0.3090934 0.8454915 -0.1288046 0.3305759 -0.9349486 0.1250000 0.5000000 1 0 1
0 -0.1543903 0.3633610 0.8454915 -0.1288046 0.3305759 -0.9349486 0.1250000 0.5000000 1 0 1
0 -0.0811678 0.1910302 0.7744717 -0.1288046 0.3305759 -0.9349486 0.1250000 0.5000000 1 0 1
assets/Turret.png
0 -0.2936678 0.3090934 0.8454915 -0.1288046 0.3305759 -0.9349486 0.1250000 0.5000000 1 0 1
0 -0.0811678 0.1910302 0.7744717 -0.1288046 0.3305759 -0.9349486 0.1250000 0.5000000 1 0 1
0 -0.1543903 0.1625000 0.7744717 -0.1288046 0.3305759 -0.9349486 0.1250000 0.5000000 1 0 1
assets/Turret.png
0 -0.1543903 0.3633610 0.8454915 -0.0441545 0.3645588 -0.9301329 0.1250000 0.5000000 1 0 1
0 -0.0000000 0.3820604 0.8454915 -0.0441545 0.3645588 -0.9301329 0.1250000 0.5000000 1 0 1
0 -0.0000000 0.2008610 0.7744717 -0.0441545 0.3645588 -0.9301329 0.1250000 0.5000000 1 0 1
assets/Turret.png
0 -0.1543903 0.3633610 0.8454915 -0.0441545 0.3645588 -0.9301329 0.1250000 0.5000000 1 0 1
0 -0.0000000 0.2008610 0.7744717 -0.0441545 0.3645588 -0.9301329 0.1250000 0.5000000 1 0 1
0 -0.0811678 0.1910302 0.7744717 -0.0441545 0.3645588 -0.9301329 0.1250000 0.5000000 1 0 1
assets/Turret.png
0 -0.0000000 0.3820604 0.8454915 0.0441545 0.3645588 -0.9301329 0.1250000 0.5000000 1 0 1
0 0.1543903 0.3633610 0.8454915 0.0441545 0.3645588 -0.9301329 0.1250000 0.5000000 1 0 1
0 0.0811678 0.1910302 0.7744717 0.0441545 0.3645588 -0.9301329 0.1250000 0.5000000 1 0 1
assets/Turret.png
0 -0.0000000 0.3820604 0.8454915 0.0441545 0.3645588 -0.9301329 0.1250000 0.5000000 1 0 1
0 0.0811678 0.1910302 0.7744717 0.0441545 0.3645588 -0.9301329 0.1250000 0.5000000 1 0 1
0 -0.0000000 0.2008610 0.7744717 0.0441545 0.3645588 -0.9301329 0.1250000 0.5000000 1 0 1
assets/Turret.png
0 0.1543903 0.3633610 0.8454915 0.1288046 0.3305759 -0.9349486 0.1250000 0.5000000 1 0 1
0 0.2936678 0.3090934 0.8454915 0.1288046 0.3305759 -0.9349486 0.1250000 0.5000000 1 0 1
0 0.1543903 0.1625000 0.7744717 0.1288046 0.3305759 -0.9349486 0.1250000 0.5000000 1 0 1
assets/Turret.png
0 0.1543903 0.3633610 0.8454915 0.1288046 0.3305759 -0.9349486 0.1250000 0.5000000 1 0 1
0 0.1543903 0.1625000 0.7744717 0.1288046 0.3305759 -0.9349486 0.1250000 0.5000000 1 0 1
0 0.0811678 0.1910302 0.7744717 0.1288046 0.3305759 -0.9349486 0.1250000 0.5000000 1 0 1
assets/Turret.png
0 0.2936678 0.3090934 0.8454915 0.2023244 0.2645781 -0.9429015 0.1250000 0.5000000 1 0 1
0 0.4041990 0.2245695 0.8454915 0.2023244 0.2645781 -0.9429015 0.1250000 0.5000000 1 0 1
0 0.2125000 0.1180632 0.7744717 0.2023244 0.2645781 -0.9429015 0.1250000 0.5000000 1 0 1
assets/Turret.png
0 0.2936678 0.3090934 0.8454915 0.2023244 0.2645781 -0.9429015 0.1250000 0.5000000 1 0 1
0 0.2125000 0.1180632 0.7744717 0.2023244 0.2645781 -0.9429015 0.1250000 0.5000000 1 0 1
0 0.1543903 0.1625000 0.7744717 0.2023244 0.2645781 -0.9429015 0.1250000 0.5000000 1 0 1
assets/Turret.png
0 0.4041990 0.2245695 0.8454915 0.2571498 0.1713396 -0.9510608 0.1250000 0.5000000 1 0 1
0 0.4751644 0.1180632 0.8454915 0.2571498 0.1713396 -0.9510608 0.1250000 0.5000000 1 0 1
0 0.2498087 0.0620695 0.7744717 0.2571498 0.1713396 -0.9510608 0.1250000 0.5000000 1 0 1
assets/Turret.png
0 0.4041990 0.2245695 0.8454915 0.2571498 0.1713396 -0.9510608 0.1250000 0.5000000 1 0 1
0 0.2498087 0.0620695 0.7744717 0.2571498 0.1713396 -0.9510608 0.1250000 0.5000000 1 0 1
0 0.2125000 0.1180632 0.7744717 0.2571498 0.1713396 -0.9510608 0.1250000 0.5000000 1 0 1
assets/Turret.png
0 0.4751644 0.1180632 0.8454915 0.2865963 0.0593593 -0.9562108 0.1250000 0.5000000 1 0 1
0 0.4996175 0.0000000 0.8454915 0.2865963 0.0593593 -0.9562108 0.1250000 0.5000000 1 0 1
0 0.2626644 0.0000000 0.7744717 0.2865963 0.0593593 -0.9562108 0.1250000 0.5000000 1 0 1
assets/Turret.png
0 0.4751644 0.1180632 0.8454915 0.2865963 0.0593593 -0.9562108 0.1250000 0.5000000 1 0 1
0 0.2626644 0.0000000 0.7744717 0.2865963 0.0593593 -0.9562108 0.1250000 0.5000000 1 0 1
0 0.2498087 0.0620695 0.7744717 0.2865963 0.0593593 -0.9562108 0.1250000 0.5000000 1 0 1
assets/Turret.png
0 0.2626644 -0.0000000 0.7744717 0.0927485 -0.0192099 -0.9955042 0.1250000 0.5000000 1 0 1
0 0.2498087 -0.0620695 0.7744717 0.0927485 -0.0192099 -0.9955042 0.1250000 0.5000000 1 0 1
0 0.0000000 -0.0000000 0.7500000 0.0927485 -0.0192099 -0.9955042 0.1250000 0.5000000 1 0 1
assets/Turret.png
0 0.2498087 -0.0620695 0.7744717 0.0836221 -0.0557176 -0.9949386 0.1250000 0.5000000 1 0 1
0 0.2125000 -0.1180632 0.7744717 0.0836221 -0.0557176 -0.9949386 0.1250000 0.5000000 1 0 1
0 0.0000000 -0.0000000 0.7500000 0.0836221 -0.0557176 -0.9949386 0.1250000 0.5000000 1 0 1
assets/Turret.png
0 0.2125000 -0.1180632 0.7744717 0.0663019 -0.0867025 -0.9940255 0.1250000 0.5000000 1 0 1
0 0.1543903 -0.1625000 0.7744717 0.0663019 -0.0867025 -0.9940255 0.1250000 0.5000000 1 0 1
0 0.0000000 -0.0000000 0.7500000 0.0663019 -0.0867025 -0.9940255 0.1250000 0.5000000 1 0 1
assets/Turret.png
0 0.1543903 -0.1625000 0.7744717 0.0425295 -0.1091515 -0.9931149 0.1250000 0.5000000 1 0 1
0 0.0811678 -0.1910302 0.7744717 0.0425295 -0.1091515 -0.9931149 0.1250000 0.5000000 1 0 1
0 0.0000000 -0.0000000 0.7500000 0.0425295 -0.1091515 -0.9931149 0.1250000 0.5000000 1 0 1
assets/Turret.png
0 0.0811678 -0.1910302 0.7744717 0.0146464 -0.1209269 -0.9925534 0.1250000 0.5000000 1 0 1
0 0.0000000 -0.2008610 0.7744717 0.0146464 -0.1209269 -0.9925534 0.1250000 0.5000000 1 0 1
0 0.0000000 -0.0000000 0.7500000 0.0146464 -0.1209269 -0.9925534 0.1250000 0.5000000 1 0 1
assets/Turret.png
0 0.0000000 -0.2008610 0.7744717 -0.0146464 -0.1209269 -0.9925534 0.1250000 0.5000000 1 0 1
0 -0.0811678 -0.1910302 0.7744717 -0.0146464 -0.1209269 -0.9925534 0.1250000 0.5000000 1 0 1
0 -0.0000000 -0.0000000 0.7500000 -0.0146464 -0.1209269 -0.9925534 0.1250000 0.5000000 1 0 1
assets/Turret.png
0 -0.0811678 -0.1910302 0.7744717 -0.0425295 -0.1091515 -0.9931149 0.1250000 0.5000000 1 0 1
0 -0.1543903 -0.1625000 0.7744717 -0.0425295 -0.1091515 -0.9931149 0.1250000 0.5000000 1 0 1
0 -0.0000000 -0.0000000 0.7500000 -0.0425295 -0.1091515 -0.9931149 0.1250000 0.5000000 1 0 1
assets/Turret.png
0 -0.1543903 -0.1625000 0.7744717 -0.0663019 -0.0867025 -0.9940255 0.1250000 0.5000000 1 0 1
0 -0.2125000 -0.1180632 0.7744717 -0.0663019 -0.0867025 -0.9940255 0.1250000 0.5000000 1 0 1
0 -0.0000000 -0.0000000 0.7500000 -0.0663019 -0.0867025 -0.9940255 0.1250000 0.5000000 1 0 1
assets/Turret.png
0 -0.2125000 -0.1180632 0.7744717 -0.0836221 -0.0557176 -0.9949386 0.1250000 0.5000000 1 0 1
0 -0.2498087 -0.0620695 0.7744717 -0.0836221 -0.0557176 -0.9949386 0.1250000 0.5000000 1 0 1
0 -0.0000000 -0.0000000 0.7500000 -0.0836221 -0.0557176 -0.9949386 0.1250000 0.5000000 1 0 1
assets/Turret.png
0 -0.2498087 -0.0620695 0.7744717 -0.0927485 -0.0192099 -0.9955042 0.1250000 0.5000000 1 0 1
0 -0.2626644 -0.0000000 0.7744717 -0.0927485 -0.0192099 -0.9955042 0.1250000 0.5000000 1 0 1
0 -0.0000000 -0.0000000 0.7500000 -0.0927485 -0.0192099 -0.9955042 0.1250000 0.5000000 1 0 1
assets/Turret.png
0 -0.2626644 -0.0000000 0.7744717 -0.0927485 0.0192099 -0.9955042 0.1250000 0.5000000 1 0 1
0 -0.2498087 0.0620695 0.7744717 -0.0927485 0.0192099 -0.9955042 0.1250000 0.5000000 1 0 1
0 -0.0000000 0.0000000 0.7500000 -0.0927485 0.0192099 -0.9955042 0.1250000 0.5000000 1 0 1
assets/Turret.png
0 -0.2498087 0.0620695 0.7744717 -0.0836221 0.0557176 -0.9949386 0.1250000 0.5000000 1 0 1
0 -0.2125000 0.1180632 0.7744717 -0.0836221 0.0557176 -0.9949386 0.1250000 0.5000000 1 0 1
0 -0.0000000 0.0000000 0.7500000 -0.0836221 0.0557176 -0.9949386 0.1250000 0.5000000 1 0 1
assets/Turret.png
0 -0.2125000 0.1180632 0.7744717 -0.0663019 0.0867025 -0.9940255 0.1250000 0.5000000 1 0 1
0 -0.1543903 0.1625000 0.7744717 -0.0663019 0.0867025 -0.9940255 0.1250000 0.5000000 1 0 1
0 -0.0000000 0.0000000 0.7500000 -0.0663019 0.0867025 -0.9940255 0.1250000 0.5000000 1 0 1
assets/Turret.png
0 -0.1543903 0.1625000 0.7744717 -0.0425295 0.1091515 -0.9931149 0.1250000 0.5000000 1 0 1
0 -0.0811678 0.1910302 0.7744717 -0.0425295 0.1091515 -0.9931149 0.1250000 0.5000000 1 0 1
0 -0.0000000 0.0000000 0.7500000 -0.0425295 0.1091515 -0.9931149 0.1250000 0.5000000 1 0 1
assets/Turret.png
0 -0.0811678 0.1910302 0.7744717 -0.0146464 0.1209269 -0.9925534 0.1250000 0.5000000 1 0 1
0 -0.0000000 0.2008610 0.7744717 -0.0146464 0.1209269 -0.9925534 0.1250000 0.5000000 1 0 1
0 -0.0000000 0.0000000 0.7500000 -0.0146464 0.1209269 -0.9925534 0.1250000 0.5000000 1 0 1
assets/Turret.png
0 -0.0000000 0.2008610 0.7744717 0.0146464 0.1209269 -0.9925534 0.1250000 0.5000000 1 0 1
0 0.0811678 0.1910302 0.7744717 0.0146464 0.1209269 -0.9925534 0.1250000 0.5000000 1 0 1
0 0.0000000 0.0000000 0.7500000 0.0146464 0.1209269 -0.9925534 0.1250000 0.5000000 1 0 1
assets/Turret.png
0 0.0811678 0.1910302 0.7744717 0.0425295 0.1091515 -0.9931149 0.1250000 0.5000000 1 0 1
0 0.1543903 0.1625000 0.7744717 0.0425295 0.1091515 -0.9931149 0.1250000 0.5000000 1 0 1
0 0.0000000 0.0000000 0.7500000 0.0425295 0.1091515 -0.9931149 0.1250000 0.5000000 1 0 1
assets/Turret.png
0 0.1543903 0.1625000 0.7744717 0.0663019 0.0867025 -0.9940255 0.1250000 0.5000000 1 0 1
0 0.2125000 0.1180632 0.7744717 0.0663019 0.0867025 -0.9940255 0.1250000 0.5000000 1 0 1
0 0.0000000 0.0000000 0.7500000 0.0663019 0.0867025 -0.9940255 0.1250000 0.5000000 1 0 1
assets/Turret.png
0 0.2125000 0.1180632 0.7744717 0.0836221 0.0557176 -0.9949386 0.1250000 0.5000000 1 0 1
0 0.2498087 0.0620695 0.7744717 0.0836221 0.0557176 -0.9949386 0.1250000 0.5000000 1 0 1
0 0.0000000 0.0000000 0.7500000 0.0836221 0.0557176 -0.9949386 0.1250000 0.5000000 1 0 1
assets/Turret.png
0 0.2498087 0.0620695 0.7744717 0.0927485 0.0192099 -0.9955042 0.1250000 0.5000000 1 0 1
0 0.2626644 0.0000000 0.7744717 0.0927485 0.0192099 -0.9955042 0.1250000 0.5000000 1 0 1
0 0.0000000 0.0000000 0.7500000 0.0927485 0.0192099 -0.9955042 0.1250000 0.5000000 1 0 1
assets/Turret.png
0 -0.4250000 -0.8000000 1.3500000 -1.0000000 -0.0000000 0.0000000 0.6250000 0.5000000 1 0 1
0 -0.4250000 -0.8000000 1.8500000 -1.0000000 -0.0000000 0.0000000 0.6250000 0.5000000 2 0 0.25 1 0.75
0 -0.4250000 0.2000000 1.8500000 -1.0000000 -0.0000000 0.0000000 0.6250000 0.5000000 2 0 0.25 1 0.75
assets/Turret.png
0 -0.4250000 -0.8000000 1.3500000 -1.0000000 -0.0000000 0.0000000 0.6250000 0.5000000 1 0 1
0 -0.4250000 0.2000000 1.8500000 -1.0000000 -0.0000000 0.0000000 0.6250000 0.5000000 2 0 0.25 1 0.75
0 -0.4250000 0.2000000 1.3500000 -1.0000000 -0.0000000 0.0000000 0.6250000 0.5000000 1 0 1
assets/Turret.png
0 0.4250000 0.2000000 1.3500000 1.0000000 -0.0000000 0.0000000 0.6250000 0.5000000 1 0 1
0 0.4250000 0.2000000 1.8500000 1.0000000 -0.0000000 0.0000000 0.6250000 0.5000000 2 0 0.25 1 0.75
0 0.4250000 -0.8000000 1.8500000 1.0000000 -0.0000000 0.0000000 0.6250000 0.5000000 2 0 0.25 1 0.75
assets/Turret.png
0 0.4250000 0.2000000 1.3500000 1.0000000 -0.0000000 0.0000000 0.6250000 0.5000000 1 0 1
0 0.4250000 -0.8000000 1.8500000 1.0000000 -0.0000000 0.0000000 0.6250000 0.5000000 2 0 0.25 1 0.75
0 0.4250000 -0.8000000 1.3500000 1.0000000 -0.0000000 0.0000000 0.6250000 0.5000000 1 0 1
assets/Turret.png
0 0.4250000 0.2000000 1.3500000 0.0000000 -0.0000000 -1.0000000 0.6250000 0.5000000 1 0 1
0 0.4250000 -0.8000000 1.3500000 0.0000000 -0.0000000 -1.0000000 0.6250000 0.5000000 1 0 1
0 -0.4250000 -0.8000000 1.3500000 0.0000000 -0.0000000 -1.0000000 0.6250000 0.5000000 1 0 1
assets/Turret.png
0 0.4250000 0.2000000 1.3500000 0.0000000 -0.0000000 -1.0000000 0.6250000 0.5000000 1 0 1
0 -0.4250000 -0.8000000 1.3500000 0.0000000 -0.0000000 -1.0000000 0.6250000 0.5000000 1 0 1
0 -0.4250000 0.2000000 1.3500000 0.0000000 -0.0000000 -1.0000000 0.6250000 0.5000000 1 0 1
assets/Turret.png
0 -0.4250000 0.2000000 1.8500000 0.0000000 -0.0000000 1.0000000 0.6250000 0.5000000 2 0 0.25 1 0.75
0 -0.4250000 -0.8000000 1.8500000 0.0000000 -0.0000000 1.0000000 0.6250000 0.5000000 2 0 0.25 1 0.75
0 0.4250000 -0.8000000 1.8500000 0.0000000 -0.0000000 1.0000000 0.6250000 0.5000000 2 0 0.25 1 0.75
assets/Turret.png
0 -0.4250000 0.2000000 1.8500000 0.0000000 -0.0000000 1.0000000 0.6250000 0.5000000 2 0 0.25 1 0.75
0 0.4250000 -0.8000000 1.8500000 0.0000000 -0.0000000 1.0000000 0.6250000 0.5000000 2 0 0.25 1 0.75
0 0.4250000 0.2000000 1.8500000 0.0000000 -0.0000000 1.0000000 0.6250000 0.5000000 2 0 0.25 1 0.75
assets/Turret.png
0 -0.4250000 0.2000000 1.8500000 0.0000000 1.0000000 0.0000000 0.6250000 0.5000000 2 0 0.25 1 0.75
0 0.4250000 0.2000000 1.8500000 0.0000000 1.0000000 0.0000000 0.6250000 0.5000000 2 0 0.25 1 0.75
0 0.4250000 0.2000000 1.3500000 0.0000000 1.0000000 0.0000000 0.6250000 0.5000000 1 0 1
assets/Turret.png
0 -0.4250000 0.2000000 1.8500000 0.0000000 1.0000000 0.0000000 0.6250000 0.5000000 2 0 0.25 1 0.75
0 0.4250000 0.2000000 1.3500000 0.0000000 1.0000000 0.0000000 0.6250000 0.5000000 1 0 1
0 -0.4250000 0.2000000 1.3500000 0.0000000 1.0000000 0.0000000 0.6250000 0.5000000 1 0 1
assets/Turret.png
0 -0.4250000 -0.8000000 1.3500000 0.0000000 -1.0000000 0.0000000 0.6250000 0.5000000 1 0 1
0 0.4250000 -0.8000000 1.3500000 0.0000000 -1.0000000 0.0000000 0.6250000 0.5000000 1 0 1
0 0.4250000 -0.8000000 1.8500000 0.0000000 -1.0000000 0.0000000 0.6250000 0.5000000 2 0 0.25 1 0.75
assets/Turret.png
0 -0.4250000 -0.8000000 1.3500000 0.0000000 -1.0000000 0.0000000 0.6250000 0.5000000 1 0 1
0 0.4250000 -0.8000000 1.8500000 0.0000000 -1.0000000 0.0000000 0.6250000 0.5000000 2 0 0.25 1 0.75
0 -0.4250000 -0.8000000 1.8500000 0.0000000 -1.0000000 0.0000000 0.6250000 0.5000000 2 0 0.25 1 0.75
assets/Turret.png
0 -0.3400000 -1.6000000 1.5200000 -1.0000000 -0.0000000 0.0000000 0.3750000 0.5000000 2 0 0.25 1 0.75
0 -0.3400000 -1.6000000 1.6800000 -1.0000000 -0.0000000 0.0000000 0.3750000 0.5000000 2 0 0.25 1 0.75
0 -0.3400000 -0.5000000 1.6800000 -1.0000000 -0.0000000 0.0000000 0.3750000 0.5000000 2 0 0.25 1 0.75
assets/Turret.png
0 -0.3400000 -1.6000000 1.5200000 -1.0000000 -0.0000000 0.0000000 0.3750000 0.5000000 2 0 0.25 1 0.75
0 -0.3400000 -0.5000000 1.6800000 -1.0000000 -0.0000000 0.0000000 0.3750000 0.5000000 2 0 0.25 1 0.75
0 -0.3400000 -0.5000000 1.5200000 -1.0000000 -0.0000000 0.0000000 0.3750000 0.5000000 2 0 0.25 1 0.75
assets/Turret.png
0 -0.1800000 -0.5000000 1.5200000 1.0000000 -0.0000000 0.0000000 0.3750000 0.5000000 2 0 0.25 1 0.75
0 -0.1800000 -0.5000000 1.6800000 1.0000000 -0.0000000 0.0000000 0.3750000 0.5000000 2 0 0.25 1 0.75
0 -0.1800000 -1.6000000 1.6800000 1.0000000 -0.0000000 0.0000000 0.3750000 0.5000000 2 0 0.25 1 0.75
assets/Turret.png
0 -0.1800000 -0.5000000 1.5200000 1.0000000 -0.0000000 0.0000000 0.3750000 0.5000000 2 0 0.25 1 0.75
0 -0.1800000 -1.6000000 1.6800000 1.0000000 -0.0000000 0.0000000 0.3750000 0.5000000 2 0 0.25 1 0.75
0 -0.1800000 -1.6000000 1.5200000 1.0000000 -0.0000000 0.0000000 0.3750000 0.5000000 2 0 0.25 1 0.75
assets/Turret.png
0 -0.1800000 -0.5000000 1.5200000 0.0000000 -0.0000000 -1.0000000 0.3750000 0.5000000 2 0 0.25 1 0.75
0 -0.1800000 -1.6000000 1.5200000 0.0000000 -0.0000000 -1.0000000 0.3750000 0.5000000 2 0 0.25 1 0.75
0 -0.3400000 -1.6000000 1.5200000 0.0000000 -0.0000000 -1.0000000 0.3750000 0.5000000 2 0 0.25 1 0.75
assets/Turret.png
0 -0.1800000 -0.5000000 1.5200000 0.0000000 -0.0000000 -1.0000000 0.3750000 0.5000000 2 0 0.25 1 0.75
0 -0.3400000 -1.6000000 1.5200000 0.0000000 -0.0000000 -1.0000000 0.3750000 0.5000000 2 0 0.25 1 0.75
0 -0.3400000 -0.5000000 1.5200000 0.0000000 -0.0000000 -1.0000000 0.3750000 0.5000000 2 0 0.25 1 0.75
assets/Turret.png
0 -0.3400000 -0.5000000 1.6800000 0.0000000 -0.0000000 1.0000000 0.3750000 0.5000000 2 0 0.25 1 0.75
0 -0.3400000 -1.6000000 1.6800000 0.0000000 -0.0000000 1.0000000 0.3750000 0.5000000 2 0 0.25 1 0.75
0 -0.1800000 -1.6000000 1.6800000 0.0000000 -0.0000000 1.0000000 0.3750000 0.5000000 2 0 0.25 1 0.75
assets/Turret.png
0 -0.3400000 -0.5000000 1.6800000 0.0000000 -0.0000000 1.0000000 0.3750000 0.5000000 2 0 0.25 1 0.75
0 -0.1800000 -1.6000000 1.6800000 0.0000000 -0.0000000 1.0000000 0.3750000 0.5000000 2 0 0.25 1 0.75
0 -0.1800000 -0.5000000 1.6800000 0.0000000 -0.0000000 1.0000000 0.3750000 0.5000000 2 0 0.25 1 0.75
assets/Turret.png
0 -0.3400000 -0.5000000 1.6800000 0.0000000 1.0000000 0.0000000 0.3750000 0.5000000 2 0 0.25 1 0.75
0 -0.1800000 -0.5000000 1.6800000 0.0000000 1.0000000 0.0000000 0.3750000 0.5000000 2 0 0.25 1 0.75
0 -0.1800000 -0.5000000 1.5200000 0.0000000 1.0000000 0.0000000 0.3750000 0.5000000 2 0 0.25 1 0.75
assets/Turret.png
0 -0.3400000 -0.5000000 1.6800000 0.0000000 1.0000000 0.0000000 0.3750000 0.5000000 2 0 0.25 1 0.75
0 -0.1800000 -0.5000000 1.5200000 0.0000000 1.0000000 0.0000000 0.3750000 0.5000000 2 0 0.25 1 0.75
0 -0.3400000 -0.5000000 1.5200000 0.0000000 1.0000000 0.0000000 0.3750000 0.5000000 2 0 0.25 1 0.75
assets/Turret.png
0 -0.3400000 -1.6000000 1.5200000 0.0000000 -1.0000000 0.0000000 0.3750000 0.5000000 2 0 0.25 1 0.75
0 -0.1800000 -1.6000000 1.5200000 0.0000000 -1.0000000 0.0000000 0.3750000 0.5000000 2 0 0.25 1 0.75
0 -0.1800000 -1.6000000 1.6800000 0.0000000 -1.0000000 0.0000000 0.3750000 0.5000000 2 0 0.25 1 0.75
assets/Turret.png
0 -0.3400000 -1.6000000 1.5200000 0.0000000 -1.0000000 0.0000000 0.3750000 0.5000000 2 0 0.25 1 0.75
0 -0.1800000 -1.6000000 1.6800000 0.0000000 -1.0000000 0.0000000 0.3750000 0.5000000 2 0 0.25 1 0.75
0 -0.3400000 -1.6000000 1.6800000 0.0000000 -1.0000000 0.0000000 0.3750000 0.5000000 2 0 0.25 1 0.75
assets/Turret.png
0 -0.3750000 -1.7000000 1.4850000 -1.0000000 -0.0000000 0.0000000 0.6250000 0.5000000 1 0 1
0 -0.3750000 -1.7000000 1.7150000 -1.0000000 -0.0000000 0.0000000 0.6250000 0.5000000 2 0 0.25 1 0.75
0 -0.3750000 -1.5800000 1.7150000 -1.0000000 -0.0000000 0.0000000 0.6250000 0.5000000 2 0 0.25 1 0.75
assets/Turret.png
0 -0.3750000 -1.7000000 1.4850000 -1.0000000 -0.0000000 0.0000000 0.6250000 0.5000000 1 0 1
0 -0.3750000 -1.5800000 1.7150000 -1.0000000 -0.0000000 0.0000000 0.6250000 0.5000000 2 0 0.25 1 0.75
0 -0.3750000 -1.5800000 1.4850000 -1.0000000 -0.0000000 0.0000000 0.6250000 0.5000000 1 0 1
assets/Turret.png
0 -0.1450000 -1.5800000 1.4850000 1.0000000 -0.0000000 0.0000000 0.6250000 0.5000000 1 0 1
0 -0.1450000 -1.5800000 1.7150000 1.0000000 -0.0000000 0.0000000 0.6250000 0.5000000 2 0 0.25 1 0.75
0 -0.1450000 -1.7000000 1.7150000 1.0000000 -0.0000000 0.0000000 0.6250000 0.5000000 2 0 0.25 1 0.75
assets/Turret.png
0 -0.1450000 -1.5800000 1.4850000 1.0000000 -0.0000000 0.0000000 0.6250000 0.5000000 1 0 1
0 -0.1450000 -1.7000000 1.7150000 1.0000000 -0.0000000 0.0000000 0.6250000 0.5000000 2 0 0.25 1 0.75
0 -0.1450000 -1.7000000 1.4850000 1.0000000 -0.0000000 0.0000000 0.6250000 0.5000000 1 0 1
assets/Turret.png
0 -0.1450000 -1.5800000 1.4850000 0.0000000 -0.0000000 -1.0000000 0.6250000 0.5000000 1 0 1
0 -0.1450000 -1.7000000 1.4850000 0.0000000 -0.0000000 -1.0000000 0.6250000 0.5000000 1 0 1
0 -0.3750000 -1.7000000 1.4850000 0.0000000 -0.0000000 -1.0000000 0.6250000 0.5000000 1 0 1
assets/Turret.png
0 -0.1450000 -1.5800000 1.4850000 0.0000000 -0.0000000 -1.0000000 0.6250000 0.5000000 1 0 1
0 -0.3750000 -1.7000000 1.4850000 0.0000000 -0.0000000 -1.0000000 0.6250000 0.5000000 1 0 1
0 -0.3750000 -1.5800000 1.4850000 0.0000000 -0.0000000 -1.0000000 0.6250000 0.5000000 1 0 1
assets/Turret.png
0 -0.3750000 -1.5800000 1.7150000 0.0000000 -0.0000000 1.0000000 0.6250000 0.5000000 2 0 0.25 1 0.75
0 -0.3750000 -1.7000000 1.7150000 0.0000000 -0.0000000 1.0000000 0.6250000 0.5000000 2 0 0.25 1 0.75
0 -0.1450000 -1.7000000 1.7150000 0.0000000 -0.0000000 1.0000000 0.6250000 0.5000000 2 0 0.25 1 0.75
assets/Turret.png
0 -0.3750000 -1.5800000 1.7150000 0.0000000 -0.0000000 1.0000000 0.6250000 0.5000000 2 0 0.25 1 0.75
0 -0.1450000 -1.7000000 1.7150000 0.0000000 -0.0000000 1.0000000 0.6250000 0.5000000 2 0 0.25 1 0.75
0 -0.1450000 -1.5800000 1.7150000 0.0000000 -0.0000000 1.0000000 0.6250000 0.5000000 2 0 0.25 1 0.75
assets/Turret.png
0 -0.3750000 -1.5800000 1.7150000 0.0000000 1.0000000 0.0000000 0.6250000 0.5000000 2 0 0.25 1 0.75
0 -0.1450000 -1.5800000 1.7150000 0.0000000 1.0000000 0.0000000 0.6250000 0.5000000 2 0 0.25 1 0.75
0 -0.1450000 -1.5800000 1.4850000 0.0000000 1.0000000 0.0000000 0.6250000 0.5000000 1 0 1
assets/Turret.png
0 -0.3750000 -1.5800000 1.7150000 0.0000000 1.0000000 0.0000000 0.6250000 0.5000000 2 0 0.25 1 0.75
0 -0.1450000 -1.5800000 1.4850000 0.0000000 1.0000000 0.0000000 0.6250000 0.5000000 1 0 1
0 -0.3750000 -1.5800000 1.4850000 0.0000000 1.0000000 0.0000000 0.6250000 0.5000000 1 0 1
assets/Turret.png
0 -0.3750000 -1.7000000 1.4850000 0.0000000 -1.0000000 0.0000000 0.6250000 0.5000000 1 0 1
0 -0.1450000 -1.7000000 1.4850000 0.0000000 -1.0000000 0.0000000 0.6250000 0.5000000 1 0 1
0 -0.1450000 -1.7000000 1.7150000 0.0000000 -1.0000000 0.0000000 0.6250000 0.5000000 2 0 0.25 1 0.75
assets/Turret.png
0 -0.3750000 -1.7000000 1.4850000 0.0000000 -1.0000000 0.0000000 0.6250000 0.5000000 1 0 1
0 -0.1450000 -1.7000000 1.7150000 0.0000000 -1.0000000 0.0000000 0.6250000 0.5000000 2 0 0.25 1 0.75
0 -0.3750000 -1.7000000 1.7150000 0.0000000 -1.0000000 0.0000000 0.6250000 0.5000000 2 0 0.25 1 0.75
assets/Turret.png
0 0.1800000 -1.6000000 1.5200000 -1.0000000 -0.0000000 0.0000000 0.3750000 0.5000000 2 0 0.25 1 0.75
0 0.1800000 -1.6000000 1.6800000 -1.0000000 -0.0000000 0.0000000 0.3750000 0.5000000 2 0 0.25 1 0.75
0 0.1800000 -0.5000000 1.6800000 -1.0000000 -0.0000000 0.0000000 0.3750000 0.5000000 2 0 0.25 1 0.75
assets/Turret.png
0 0.1800000 -1.6000000 1.5200000 -1.0000000 -0.0000000 0.0000000 0.3750000 0.5000000 2 0 0.25 1 0.75
0 0.1800000 -0.5000000 1.6800000 -1.0000000 -0.0000000 0.0000000 0.3750000 0.5000000 2 0 0.25 1 0.75
0 0.1800000 -0.5000000 1.5200000 -1.0000000 -0.0000000 0.0000000 0.3750000 0.5000000 2 0 0.25 1 0.75
assets/Turret.png
0 0.3400000 -0.5000000 1.5200000 1.0000000 -0.0000000 0.0000000 0.3750000 0.5000000 2 0 0.25 1 0.75
0 0.3400000 -0.5000000 1.6800000 1.0000000 -0.0000000 0.0000000 0.3750000 0.5000000 2 0 0.25 1 0.75
0 0.3400000 -1.6000000 1.6800000 1.0000000 -0.0000000 0.0000000 0.3750000 0.5000000 2 0 0.25 1 0.75
assets/Turret.png
0 0.3400000 -0.5000000 1.5200000 1.0000000 -0.0000000 0.0000000 0.3750000 0.5000000 2 0 0.25 1 0.75
0 0.3400000 -1.6000000 1.6800000 1.0000000 -0.0000000 0.0000000 0.3750000 0.5000000 2 0 0.25 1 0.75
0 0.3400000 -1.6000000 1.5200000 1.0000000 -0.0000000 0.0000000 0.3750000 0.5000000 2 0 0.25 1 0.75
assets/Turret.png
0 0.3400000 -0.5000000 1.5200000 0.0000000 -0.0000000 -1.0000000 0.3750000 0.5000000 2 0 0.25 1 0.75
0 0.3400000 -1.6000000 1.5200000 0.0000000 -0.0000000 -1.0000000 0.3750000 0.5000000 2 0 0.25 1 0.75
0 0.1800000 -1.6000000 1.5200000 0.0000000 -0.0000000 -1.0000000 0.3750000 0.5000000 2 0 0.25 1 0.75
assets/Turret.png
0 0.3400000 -0.5000000 1.5200000 0.0000000 -0.0000000 -1.0000000 0.3750000 0.5000000 2 0 0.25 1 0.75
0 0.1800000 -1.6000000 1.5200000 0.0000000 -0.0000000 -1.0000000 0.3750000 0.5000000 2 0 0.25 1 0.75
0 0.1800000 -0.5000000 1.5200000 0.0000000 -0.0000000 -1.0000000 0.3750000 0.5000000 2 0 0.25 1 0.75
assets/Turret.png
0 0.1800000 -0.5000000 1.6800000 0.0000000 -0.0000000 1.0000000 0.3750000 0.5000000 2 0 0.25 1 0.75
0 0.1800000 -1.6000000 1.6800000 0.0000000 -0.0000000 1.0000000 0.3750000 0.5000000 2 0 0.25 1 0.75
0 0.3400000 -1.6000000 1.6800000 0.0000000 -0.0000000 1.0000000 0.3750000 0.5000000 2 0 0.25 1 0.75
assets/Turret.png
0 0.1800000 -0.5000000 1.6800000 0.0000000 -0.0000000 1.0000000 0.3750000 0.5000000 2 0 0.25 1 0.75
0 0.3400000 -1.6000000 1.6800000 0.0000000 -0.0000000 1.0000000 0.3750000 0.5000000 2 0 0.25 1 0.75
0 0.3400000 -0.5000000 1.6800000 0.0000000 -0.0000000 1.0000000 0.3750000 0.5000000 2 0 0.25 1 0.75
assets/Turret.png
0 0.1800000 -0.5000000 1.6800000 0.0000000 1.0000000 0.0000000 0.3750000 0.5000000 2 0 0.25 1 0.75
0 0.3400000 -0.5000000 1.6800000 0.0000000 1.0000000 0.0000000 0.3750000 0.5000000 2 0 0.25 1 0.75
0 0.3400000 -0.5000000 1.5200000 0.0000000 1.0000000 0.0000000 0.3750000 0.5000000 2 0 0.25 1 0.75
assets/Turret.png
0 0.1800000 -0.5000000 1.6800000 0.0000000 1.0000000 0.0000000 0.3750000 0.5000000 2 0 0.25 1 0.75
0 0.3400000 -0.5000000 1.5200000 0.0000000 1.0000000 0.0000000 0.3750000 0.5000000 2 0 0.25 1 0.75
0 0.1800000 -0.5000000 1.5200000 0.0000000 1.0000000 0.0000000 0.3750000 0.5000000 2 0 0.25 1 0.75
assets/Turret.png
0 0.1800000 -1.6000000 1.5200000 0.0000000 -1.0000000 0.0000000 0.3750000 0.5000000 2 0 0.25 1 0.75
0 0.3400000 -1.6000000 1.5200000 0.0000000 -1.0000000 0.0000000 0.3750000 0.5000000 2 0 0.25 1 0.75
0 0.3400000 -1.6000000 1.6800000 0.0000000 -1.0000000 0.0000000 0.3750000 0.5000000 2 0 0.25 1 0.75
assets/Turret.png
0 0.1800000 -1.6000000 1.5200000 0.0000000 -1.0000000 0.0000000 0.3750000 0.5000000 2 0 0.25 1 0.75
0 0.3400000 -1.6000000 1.6800000 0.0000000 -1.0000000 0.0000000 0.3750000 0.5000000 2 0 0.25 1 0.75
0 0.1800000 -1.6000000 1.6800000 0.0000000 -1.0000000 0.0000000 0.3750000 0.5000000 2 0 0.25 1 0.75
assets/Turret.png
0 0.1450000 -1.7000000 1.4850000 -1.0000000 -0.0000000 0.0000000 0.6250000 0.5000000 1 0 1
0 0.1450000 -1.7000000 1.7150000 -1.0000000 -0.0000000 0.0000000 0.6250000 0.5000000 2 0 0.25 1 0.75
0 0.1450000 -1.5800000 1.7150000 -1.0000000 -0.0000000 0.0000000 0.6250000 0.5000000 2 0 0.25 1 0.75
assets/Turret.png
0 0.1450000 -1.7000000 1.4850000 -1.0000000 -0.0000000 0.0000000 0.6250000 0.5000000 1 0 1
0 0.1450000 -1.5800000 1.7150000 -1.0000000 -0.0000000 0.0000000 0.6250000 0.5000000 2 0 0.25 1 0.75
0 0.1450000 -1.5800000 1.4850000 -1.0000000 -0.0000000 0.0000000 0.6250000 0.5000000 1 0 1
assets/Turret.png
0 0.3750000 -1.5800000 1.4850000 1.0000000 -0.0000000 0.0000000 0.6250000 0.5000000 1 0 1
0 0.3750000 -1.5800000 1.7150000 1.0000000 -0.0000000 0.0000000 0.6250000 0.5000000 2 0 0.25 1 0.75
0 0.3750000 -1.7000000 1.7150000 1.0000000 -0.0000000 0.0000000 0.6250000 0.5000000 2 0 0.25 1 0.75
assets/Turret.png
0 0.3750000 -1.5800000 1.4850000 1.0000000 -0.0000000 0.0000000 0.6250000 0.5000000 1 0 1
0 0.3750000 -1.7000000 1.7150000 1.0000000 -0.0000000 0.0000000 0.6250000 0.5000000 2 0 0.25 1 0.75
0 0.3750000 -1.7000000 1.4850000 1.0000000 -0.0000000 0.0000000 0.6250000 0.5000000 1 0 1
assets/Turret.png
0 0.3750000 -1.5800000 1.4850000 0.0000000 -0.0000000 -1.0000000 0.6250000 0.5000000 1 0 1
0 0.3750000 -1.7000000 1.4850000 0.0000000 -0.0000000 -1.0000000 0.6250000 0.5000000 1 0 1
0 0.1450000 -1.7000000 1.4850000 0.0000000 -0.0000000 -1.0000000 0.6250000 0.5000000 1 0 1
assets/Turret.png
0 0.3750000 -1.5800000 1.4850000 0.0000000 -0.0000000 -1.0000000 0.6250000 0.5000000 1 0 1
0 0.1450000 -1.7000000 1.4850000 0.0000000 -0.0000000 -1.0000000 0.6250000 0.5000000 1 0 1
0 0.1450000 -1.5800000 1.4850000 0.0000000 -0.0000000 -1.0000000 0.6250000 0.5000000 1 0 1
assets/Turret.png
0 0.1450000 -1.5800000 1.7150000 0.0000000 -0.0000000 1.0000000 0.6250000 0.5000000 2 0 0.25 1 0.75
0 0.1450000 -1.7000000 1.7150000 0.0000000 -0.0000000 1.0000000 0.6250000 0.5000000 2 0 0.25 1 0.75
0 0.3750000 -1.7000000 1.7150000 0.0000000 -0.0000000 1.0000000 0.6250000 0.5000000 2 0 0.25 1 0.75
assets/Turret.png
0 0.1450000 -1.5800000 1.7150000 0.0000000 -0.0000000 1.0000000 0.6250000 0.5000000 2 0 0.25 1 0.75
0 0.3750000 -1.7000000 1.7150000 0.0000000 -0.0000000 1.0000000 0.6250000 0.5000000 2 0 0.25 1 0.75
0 0.3750000 -1.5800000 1.7150000 0.0000000 -0.0000000 1.0000000 0.6250000 0.5000000 2 0 0.25 1 0.75
assets/Turret.png
0 0.1450000 -1.5800000 1.7150000 0.0000000 1.0000000 0.0000000 0.6250000 0.5000000 2 0 0.25 1 0.75
0 0.3750000 -1.5800000 1.7150000 0.0000000 1.0000000 0.0000000 0.6250000 0.5000000 2 0 0.25 1 0.75
0 0.3750000 -1.5800000 1.4850000 0.0000000 1.0000000 0.0000000 0.6250000 0.5000000 1 0 1
assets/Turret.png
0 0.1450000 -1.5800000 1.7150000 0.0000000 1.0000000 0.0000000 0.6250000 0.5000000 2 0 0.25 1 0.75
0 0.3750000 -1.5800000 1.4850000 0.0000000 1.0000000 0.0000000 0.6250000 0.5000000 1 0 1
0 0.1450000 -1.5800000 1.4850000 0.0000000 1.0000000 0.0000000 0.6250000 0.5000000 1 0 1
assets/Turret.png
0 0.1450000 -1.7000000 1.4850000 0.0000000 -1.0000000 0.0000000 0.6250000 0.5000000 1 0 1
0 0.3750000 -1.7000000 1.4850000 0.0000000 -1.0000000 0.0000000 0.6250000 0.5000000 1 0 1
0 0.3750000 -1.7000000 1.7150000 0.0000000 -1.0000000 0.0000000 0.6250000 0.5000000 2 0 0.25 1 0.75
assets/Turret.png
0 0.1450000 -1.7000000 1.4850000 0.0000000 -1.0000000 0.0000000 0.6250000 0.5000000 1 0 1
0 0.3750000 -1.7000000 1.7150000 0.0000000 -1.0000000 0.0000000 0.6250000 0.5000000 2 0 0.25 1 0.75
0 0.1450000 -1.7000000 1.7150000 0.0000000 -1.0000000 0.0000000 0.6250000 0.5000000 2 0 0.25 1 0.75
assets/Turret.png
0 0.4700000 -0.5500000 1.4250000 -1.0000000 -0.0000000 0.0000000 0.8750000 0.5000000 1 0 1
0 0.4700000 -0.5500000 1.6750000 -1.0000000 -0.0000000 0.0000000 0.8750000 0.5000000 2 0 0.25 1 0.75
0 0.4700000 -0.4900000 1.6750000 -1.0000000 -0.0000000 0.0000000 0.8750000 0.5000000 2 0 0.25 1 0.75
assets/Turret.png
0 0.4700000 -0.5500000 1.4250000 -1.0000000 -0.0000000 0.0000000 0.8750000 0.5000000 1 0 1
0 0.4700000 -0.4900000 1.6750000 -1.0000000 -0.0000000 0.0000000 0.8750000 0.5000000 2 0 0.25 1 0.75
0 0.4700000 -0.4900000 1.4250000 -1.0000000 -0.0000000 0.0000000 0.8750000 0.5000000 1 0 1
assets/Turret.png
0 0.6300000 -0.4900000 1.4250000 1.0000000 -0.0000000 0.0000000 0.8750000 0.5000000 1 0 1
0 0.6300000 -0.4900000 1.6750000 1.0000000 -0.0000000 0.0000000 0.8750000 0.5000000 2 0 0.25 1 0.75
0 0.6300000 -0.5500000 1.6750000 1.0000000 -0.0000000 0.0000000 0.8750000 0.5000000 2 0 0.25 1 0.75
assets/Turret.png
0 0.6300000 -0.4900000 1.4250000 1.0000000 -0.0000000 0.0000000 0.8750000 0.5000000 1 0 1
0 0.6300000 -0.5500000 1.6750000 1.0000000 -0.0000000 0.0000000 0.8750000 0.5000000 2 0 0.25 1 0.75
0 0.6300000 -0.5500000 1.4250000 1.0000000 -0.0000000 0.0000000 0.8750000 0.5000000 1 0 1
assets/Turret.png
0 0.6300000 -0.4900000 1.4250000 0.0000000 -0.0000000 -1.0000000 0.8750000 0.5000000 1 0 1
0 0.6300000 -0.5500000 1.4250000 0.0000000 -0.0000000 -1.0000000 0.8750000 0.5000000 1 0 1
0 0.4700000 -0.5500000 1.4250000 0.0000000 -0.0000000 -1.0000000 0.8750000 0.5000000 1 0 1
assets/Turret.png
0 0.6300000 -0.4900000 1.4250000 0.0000000 -0.0000000 -1.0000000 0.8750000 0.5000000 1 0 1
0 0.4700000 -0.5500000 1.4250000 0.0000000 -0.0000000 -1.0000000 0.8750000 0.5000000 1 0 1
0 0.4700000 -0.4900000 1.4250000 0.0000000 -0.0000000 -1.0000000 0.8750000 0.5000000 1 0 1
assets/Turret.png
0 0.4700000 -0.4900000 1.6750000 0.0000000 -0.0000000 1.0000000 0.8750000 0.5000000 2 0 0.25 1 0.75
0 0.4700000 -0.5500000 1.6750000 0.0000000 -0.0000000 1.0000000 0.8750000 0.5000000 2 0 0.25 1 0.75
0 0.6300000 -0.5500000 1.6750000 0.0000000 -0.0000000 1.0000000 0.8750000 0.5000000 2 0 0.25 1 0.75
assets/Turret.png
0 0.4700000 -0.4900000 1.6750000 0.0000000 -0.0000000 1.0000000 0.8750000 0.5000000 2 0 0.25 1 0.75
0 0.6300000 -0.5500000 1.6750000 0.0000000 -0.0000000 1.0000000 0.8750000 0.5000000 2 0 0.25 1 0.75
0 0.6300000 -0.4900000 1.6750000 0.0000000 -0.0000000 1.0000000 0.8750000 0.5000000 2 0 0.25 1 0.75
assets/Turret.png
0 0.4700000 -0.4900000 1.6750000 0.0000000 1.0000000 0.0000000 0.8750000 0.5000000 2 0 0.25 1 0.75
0 0.6300000 -0.4900000 1.6750000 0.0000000 1.0000000 0.0000000 0.8750000 0.5000000 2 0 0.25 1 0.75
0 0.6300000 -0.4900000 1.4250000 0.0000000 1.0000000 0.0000000 0.8750000 0.5000000 1 0 1
assets/Turret.png
0 0.4700000 -0.4900000 1.6750000 0.0000000 1.0000000 0.0000000 0.8750000 0.5000000 2 0 0.25 1 0.75
0 0.6300000 -0.4900000 1.4250000 0.0000000 1.0000000 0.0000000 0.8750000 0.5000000 1 0 1
0 0.4700000 -0.4900000 1.4250000 0.0000000 1.0000000 0.0000000 0.8750000 0.5000000 1 0 1
assets/Turret.png
0 0.4700000 -0.5500000 1.4250000 0.0000000 -1.0000000 0.0000000 0.8750000 0.5000000 1 0 1
0 0.6300000 -0.5500000 1.4250000 0.0000000 -1.0000000 0.0000000 0.8750000 0.5000000 1 0 1
0 0.6300000 -0.5500000 1.6750000 0.0000000 -1.0000000 0.0000000 0.8750000 0.5000000 2 0 0.25 1 0.75
assets/Turret.png
0 0.4700000 -0.5500000 1.4250000 0.0000000 -1.0000000 0.0000000 0.8750000 0.5000000 1 0 1
0 0.6300000 -0.5500000 1.6750000 0.0000000 -1.0000000 0.0000000 0.8750000 0.5000000 2 0 0.25 1 0.75
0 0.4700000 -0.5500000 1.6750000 0.0000000 -1.0000000 0.0000000 0.8750000 0.5000000 2 0 0.25 1 0.75
end
